{"type":"FeatureCollection","features":[
{"type":"Feature","properties":{"r":0,"c":225,"name":"Western Australia","code":"WA"},"geometry":{"type":"MultiPolygon","coordinates":[[[[113.13,-25.95],[113.13,-25.88],[112.98,-25.52],[112.95,-25.53],[112.91,-25.57],[112.96,-25.78],[113.16,-26.09],[113.18,-26.05],[113.13,-25.95]]],[[[115.35,-20.75],[115.31,-20.81],[115.32,-20.85],[115.39,-20.87],[115.45,-20.79],[115.46,-20.72],[115.43,-20.67],[115.35,-20.75]]],[[[124.55,-15.27],[124.52,-15.27],[124.48,-15.34],[124.52,-15.38],[124.52,-15.42],[124.56,-15.43],[124.6,-15.4],[124.61,-15.36],[124.56,-15.31],[124.55,-15.27]]],[[[125.2,-14.47],[125.16,-14.46],[125.12,-14.49],[125.09,-14.59],[125.13,-14.64],[125.2,-14.58],[125.2,-14.47]]],[[[129,-26],[129,-14.87],[128.64,-14.78],[128.58,-14.77],[128.48,-14.79],[128.41,-14.83],[128.4,-14.87],[128.22,-15],[128.18,-15.04],[128.17,-15.1],[128.26,-15.25],[128.25,-15.3],[128.2,-15.24],[128.16,-15.23],[128.11,-15.31],[128.07,-15.33],[128.08,-15.09],[128.12,-14.92],[128.2,-14.75],[128.18,-14.71],[127.89,-14.49],[127.76,-14.3],[127.67,-14.2],[127.46,-14.03],[127.29,-13.93],[127.1,-13.87],[127.01,-13.78],[126.9,-13.74],[126.78,-13.79],[126.76,-13.87],[126.78,-13.96],[126.68,-14.09],[126.57,-14.16],[126.4,-14.02],[126.32,-14.06],[126.3,-14.14],[126.26,-14.16],[126.18,-14],[126.12,-13.96],[126.05,-13.98],[126.07,-14.07],[126.11,-14.11],[126.1,-14.18],[126.05,-14.22],[126.02,-14.37],[126.02,-14.49],[125.95,-14.52],[125.89,-14.62],[125.85,-14.6],[125.82,-14.47],[125.74,-14.44],[125.69,-14.53],[125.66,-14.53],[125.68,-14.48],[125.7,-14.29],[125.63,-14.26],[125.6,-14.28],[125.58,-14.48],[125.5,-14.5],[125.44,-14.56],[125.34,-14.56],[125.28,-14.58],[125.27,-14.65],[125.18,-14.71],[125.18,-14.79],[125.24,-14.87],[125.24,-14.94],[125.38,-15.02],[125.38,-15.09],[125.36,-15.12],[125.3,-15.11],[125.19,-15.05],[125.07,-15.03],[125.04,-15],[125.02,-15.02],[125.02,-15.07],[124.98,-15.11],[124.91,-15.11],[124.84,-15.16],[124.89,-15.24],[124.88,-15.27],[124.91,-15.31],[125.07,-15.31],[125.08,-15.37],[125.06,-15.44],[125.02,-15.47],[124.97,-15.4],[124.69,-15.27],[124.69,-15.36],[124.56,-15.5],[124.51,-15.48],[124.44,-15.49],[124.38,-15.76],[124.46,-15.85],[124.5,-15.97],[124.61,-15.82],[124.65,-15.81],[124.65,-15.87],[124.58,-16.02],[124.58,-16.11],[124.51,-16.12],[124.43,-16.1],[124.39,-16.2],[124.4,-16.3],[124.45,-16.34],[124.57,-16.33],[124.67,-16.34],[124.76,-16.37],[124.77,-16.4],[124.53,-16.4],[124.45,-16.38],[124.3,-16.39],[124.13,-16.28],[124.04,-16.26],[123.96,-16.29],[123.92,-16.36],[123.86,-16.38],[123.73,-16.19],[123.65,-16.18],[123.61,-16.22],[123.65,-16.34],[123.63,-16.42],[123.58,-16.47],[123.53,-16.47],[123.49,-16.49],[123.61,-16.67],[123.68,-16.72],[123.75,-16.8],[123.78,-16.87],[123.86,-16.86],[123.87,-16.92],[123.83,-17],[123.83,-17.12],[123.8,-17.13],[123.66,-17.02],[123.62,-17.01],[123.59,-17.03],[123.61,-17.22],[123.56,-17.42],[123.56,-17.52],[123.38,-17.29],[123.27,-17.04],[123.14,-16.86],[123.07,-16.72],[122.97,-16.44],[122.92,-16.43],[122.72,-16.79],[122.6,-16.86],[122.52,-16.94],[122.43,-16.97],[122.33,-17.06],[122.26,-17.14],[122.16,-17.31],[122.14,-17.43],[122.15,-17.55],[122.24,-17.97],[122.31,-17.99],[122.36,-18.04],[122.35,-18.11],[122.26,-18.16],[122.01,-18.39],[121.83,-18.48],[121.78,-18.54],[121.49,-19.11],[121.34,-19.32],[121.18,-19.48],[121,-19.6],[120.88,-19.67],[120.43,-19.84],[120.2,-19.91],[119.77,-19.96],[119.59,-20.04],[119.36,-20.01],[119.1,-20],[118.75,-20.26],[118.2,-20.38],[118.09,-20.42],[117.68,-20.64],[117.41,-20.72],[117.29,-20.71],[117.14,-20.64],[117,-20.66],[116.71,-20.65],[116.01,-21.03],[115.46,-21.49],[115.16,-21.63],[114.86,-21.74],[114.71,-21.82],[114.6,-21.94],[114.38,-22.34],[114.3,-22.43],[114.21,-22.46],[114.14,-22.48],[114.16,-22.32],[114.09,-22.18],[114.14,-21.91],[114.12,-21.83],[114.02,-21.88],[113.96,-21.94],[113.68,-22.64],[113.77,-22.81],[113.8,-22.91],[113.76,-23.18],[113.76,-23.42],[113.55,-23.73],[113.49,-23.87],[113.42,-24.13],[113.42,-24.44],[113.57,-24.69],[113.67,-24.98],[113.99,-25.54],[114.21,-25.85],[114.23,-25.97],[114.2,-26.13],[114.22,-26.29],[114.18,-26.34],[114.09,-26.39],[113.99,-26.32],[113.94,-26.26],[113.88,-26.03],[113.85,-26.01],[113.81,-26.12],[113.77,-26.16],[113.72,-26.13],[113.68,-26.05],[113.7,-26],[113.71,-25.83],[113.54,-25.63],[113.45,-25.6],[113.4,-25.65],[113.4,-25.71],[113.51,-25.9],[113.59,-26.1],[113.85,-26.33],[113.84,-26.5],[113.73,-26.6],[113.58,-26.56],[113.55,-26.44],[113.39,-26.11],[113.36,-26.08],[113.34,-26.13],[113.35,-26.21],[113.32,-26.24],[113.3,-26.24],[113.21,-26.17],[113.18,-26.18],[113.33,-26.42],[113.71,-26.85],[114.03,-27.35],[114.1,-27.54],[114.13,-27.98],[114.17,-28.08],[114.54,-28.54],[114.59,-28.67],[114.59,-28.77],[114.63,-28.87],[114.86,-29.14],[114.96,-29.43],[114.97,-29.54],[114.94,-29.72],[114.97,-30.04],[114.99,-30.22],[115.08,-30.56],[115.18,-30.81],[115.29,-30.96],[115.45,-31.3],[115.7,-31.69],[115.74,-31.89],[115.73,-32.4],[115.71,-32.57],[115.65,-32.6],[115.62,-32.67],[115.68,-33.19],[115.52,-33.53],[115.36,-33.64],[115.18,-33.64],[114.99,-33.52],[114.97,-34.05],[115.01,-34.15],[115.01,-34.26],[115.13,-34.34],[115.19,-34.31],[115.28,-34.3],[115.56,-34.43],[115.73,-34.53],[115.99,-34.79],[116.52,-34.99],[116.87,-35.03],[117.14,-35.03],[117.58,-35.1],[117.68,-35.07],[117.86,-35.06],[118.01,-35.01],[118.14,-34.99],[118.9,-34.48],[119.25,-34.46],[119.45,-34.37],[119.64,-34.1],[119.85,-33.97],[120.21,-33.94],[120.42,-33.96],[120.53,-33.92],[120.81,-33.87],[121.41,-33.83],[121.73,-33.86],[122.06,-33.87],[122.15,-33.99],[122.78,-33.89],[122.96,-33.88],[123.07,-33.9],[123.21,-33.99],[123.37,-33.91],[123.51,-33.92],[123.65,-33.84],[123.87,-33.6],[123.97,-33.45],[124.13,-33.13],[124.24,-33.02],[124.37,-32.96],[124.52,-32.94],[124.76,-32.88],[125.27,-32.61],[125.46,-32.56],[125.57,-32.51],[125.92,-32.3],[126.14,-32.26],[126.78,-32.31],[127.08,-32.3],[127.32,-32.26],[127.68,-32.15],[128.07,-32.07],[128.55,-31.89],[128.95,-31.7],[129,-31.69],[129,-26]]]]}},
{"type":"Feature","properties":{"r":1,"c":225,"name":"Northern Territory","code":"NT"},"geometry":{"type":"MultiPolygon","coordinates":[[[[129,-26],[138,-26],[138,-16.56],[137.91,-16.48],[137.7,-16.23],[137.3,-16.07],[137,-15.88],[136.78,-15.89],[136.7,-15.83],[136.7,-15.69],[136.64,-15.68],[136.58,-15.71],[136.29,-15.57],[136.21,-15.4],[135.97,-15.27],[135.83,-15.16],[135.53,-15],[135.45,-14.92],[135.43,-14.86],[135.41,-14.76],[135.74,-14.29],[135.88,-14.15],[135.99,-13.81],[135.93,-13.62],[135.93,-13.3],[136.17,-13.18],[136.29,-13.14],[136.36,-13.18],[136.41,-13.24],[136.46,-13.23],[136.59,-13],[136.57,-12.91],[136.52,-12.83],[136.54,-12.78],[136.95,-12.35],[136.9,-12.24],[136.84,-12.22],[136.72,-12.23],[136.61,-12.13],[136.54,-11.96],[136.44,-11.95],[136.27,-12.13],[136.25,-12.17],[136.29,-12.2],[136.33,-12.31],[136.26,-12.43],[136.19,-12.44],[136.08,-12.42],[136.03,-12.33],[136.01,-12.19],[135.94,-12.15],[135.86,-12.18],[135.79,-12.23],[135.74,-12.24],[135.7,-12.21],[135.7,-12.15],[135.9,-11.97],[135.83,-11.95],[135.84,-11.91],[135.92,-11.83],[135.89,-11.82],[135.79,-11.91],[135.69,-11.96],[135.55,-12.06],[135.35,-12.13],[135.22,-12.22],[135.03,-12.19],[134.85,-12.1],[134.82,-12.05],[134.73,-11.98],[134.54,-12.06],[134.42,-12.05],[134.24,-12.01],[134.14,-11.94],[133.9,-11.83],[133.65,-11.81],[133.53,-11.82],[133.44,-11.76],[133.36,-11.73],[133.19,-11.71],[133.11,-11.62],[133.02,-11.45],[132.96,-11.41],[132.86,-11.39],[132.68,-11.51],[132.56,-11.37],[132.33,-11.22],[132.26,-11.2],[132.2,-11.3],[132.16,-11.31],[132.02,-11.2],[131.96,-11.18],[131.81,-11.27],[131.82,-11.3],[131.94,-11.35],[132.07,-11.47],[132.13,-11.5],[132.28,-11.47],[132.48,-11.49],[132.67,-11.65],[132.64,-11.73],[132.63,-12.04],[132.71,-12.12],[132.68,-12.13],[132.58,-12.11],[132.51,-12.13],[132.44,-12.18],[132.41,-12.3],[132.37,-12.24],[132.25,-12.19],[132.06,-12.28],[131.89,-12.23],[131.73,-12.28],[131.44,-12.28],[131.34,-12.21],[131.29,-12.07],[131.22,-12.18],[131.05,-12.19],[131.02,-12.21],[131.02,-12.34],[130.87,-12.37],[130.9,-12.52],[130.87,-12.56],[130.78,-12.5],[130.74,-12.43],[130.67,-12.41],[130.62,-12.43],[130.62,-12.65],[130.45,-12.66],[130.4,-12.69],[130.32,-12.88],[130.17,-12.96],[130.14,-13.15],[130.26,-13.3],[130.14,-13.45],[130.07,-13.48],[129.94,-13.5],[129.84,-13.57],[129.8,-13.65],[129.71,-13.98],[129.62,-14.04],[129.46,-14.21],[129.38,-14.39],[129.48,-14.49],[129.61,-14.56],[129.7,-14.56],[129.7,-14.58],[129.6,-14.65],[129.66,-14.72],[129.75,-14.79],[129.81,-14.8],[129.85,-14.83],[129.76,-14.85],[129.64,-14.85],[129.61,-14.93],[129.65,-15.09],[129.63,-15.14],[129.46,-14.93],[129.27,-14.87],[129.23,-14.91],[129.24,-15.08],[129.22,-15.16],[129.18,-15.12],[129.17,-14.99],[129.06,-14.88],[129,-14.87],[129,-26]]],[[[137.06,-15.66],[137.01,-15.59],[136.99,-15.65],[136.96,-15.67],[136.94,-15.71],[136.98,-15.73],[137,-15.78],[137.05,-15.82],[137.09,-15.78],[137.06,-15.66]]],[[[136.59,-15.53],[136.52,-15.54],[136.5,-15.58],[136.51,-15.63],[136.59,-15.63],[136.61,-15.54],[136.59,-15.53]]],[[[136.85,-15.54],[136.85,-15.63],[136.89,-15.59],[136.88,-15.5],[136.85,-15.54]]],[[[136.93,-14.18],[136.89,-14.2],[136.79,-14.16],[136.75,-14.12],[136.75,-14.07],[136.81,-13.91],[136.84,-13.9],[136.91,-13.83],[136.87,-13.76],[136.85,-13.75],[136.8,-13.84],[136.76,-13.85],[136.71,-13.8],[136.7,-13.68],[136.66,-13.68],[136.58,-13.72],[136.53,-13.79],[136.42,-13.86],[136.41,-14.01],[136.43,-14.13],[136.39,-14.18],[136.34,-14.21],[136.36,-14.23],[136.46,-14.23],[136.65,-14.28],[136.76,-14.27],[136.89,-14.29],[136.93,-14.25],[136.95,-14.18],[136.93,-14.18]]],[[[136.22,-13.66],[136.16,-13.74],[136.13,-13.75],[136.12,-13.82],[136.21,-13.84],[136.28,-13.79],[136.26,-13.71],[136.22,-13.66]]],[[[136.45,-11.49],[136.27,-11.58],[136.18,-11.68],[136.38,-11.58],[136.47,-11.51],[136.48,-11.47],[136.45,-11.49]]],[[[130.58,-11.74],[130.54,-11.7],[130.46,-11.68],[130.39,-11.51],[130.38,-11.42],[130.34,-11.34],[130.29,-11.34],[130.25,-11.36],[130.15,-11.48],[130.19,-11.54],[130.2,-11.66],[130.14,-11.7],[130.07,-11.68],[130.04,-11.79],[130.08,-11.83],[130.32,-11.77],[130.5,-11.84],[130.61,-11.82],[130.58,-11.74]]],[[[131.47,-11.38],[131.44,-11.31],[131.32,-11.25],[131.27,-11.19],[131.22,-11.24],[131.14,-11.26],[131.02,-11.33],[130.99,-11.34],[130.91,-11.31],[130.75,-11.38],[130.62,-11.38],[130.43,-11.18],[130.38,-11.19],[130.37,-11.21],[130.4,-11.3],[130.42,-11.45],[130.51,-11.62],[130.64,-11.74],[130.95,-11.93],[131.29,-11.71],[131.38,-11.58],[131.46,-11.59],[131.47,-11.51],[131.54,-11.44],[131.47,-11.38]]],[[[136.73,-11.02],[136.73,-11.1],[136.71,-11.16],[136.65,-11.21],[136.56,-11.36],[136.52,-11.39],[136.53,-11.44],[136.6,-11.38],[136.74,-11.19],[136.78,-11.01],[136.73,-11.02]]],[[[132.59,-11],[132.58,-10.97],[132.54,-11.03],[132.48,-11.04],[132.52,-11.12],[132.49,-11.16],[132.57,-11.32],[132.59,-11.3],[132.63,-11.17],[132.6,-11.11],[132.59,-11]]]]}},
{"type":"Feature","properties":{"r":2,"c":225,"name":"South Australia","code":"SA"},"geometry":{"type":"MultiPolygon","coordinates":[[[[129,-31.69],[129.19,-31.66],[130.13,-31.58],[130.78,-31.6],[130.95,-31.57],[131.14,-31.5],[131.39,-31.55],[131.72,-31.7],[132.21,-32.01],[132.32,-32.02],[132.65,-31.95],[132.76,-31.96],[133.21,-32.18],[133.55,-32.18],[133.67,-32.21],[133.79,-32.27],[133.93,-32.41],[134.23,-32.55],[134.25,-32.66],[134.23,-32.73],[134.16,-32.73],[134.1,-32.75],[134.17,-32.98],[134.3,-33.17],[134.61,-33.19],[134.72,-33.26],[134.79,-33.33],[134.85,-33.44],[134.89,-33.63],[135.19,-33.91],[135.45,-34.58],[135.43,-34.6],[135.38,-34.6],[135.22,-34.49],[135.18,-34.5],[135.13,-34.54],[135.12,-34.59],[135.19,-34.57],[135.23,-34.58],[135.48,-34.76],[135.65,-34.94],[135.79,-34.86],[135.92,-34.96],[135.97,-34.98],[136,-34.94],[135.95,-34.77],[135.9,-34.72],[135.89,-34.66],[135.95,-34.62],[135.98,-34.56],[136.12,-34.43],[136.43,-34.03],[136.64,-33.9],[136.94,-33.75],[137.13,-33.7],[137.24,-33.63],[137.35,-33.43],[137.44,-33.19],[137.68,-32.98],[137.79,-32.82],[137.78,-32.58],[137.86,-32.67],[137.91,-32.77],[137.99,-33.09],[137.92,-33.17],[137.85,-33.2],[137.93,-33.58],[137.78,-33.7],[137.65,-33.86],[137.49,-34.16],[137.46,-34.38],[137.49,-34.6],[137.39,-34.91],[137.01,-34.92],[136.88,-35.24],[137.14,-35.24],[137.27,-35.18],[137.46,-35.13],[137.57,-35.15],[137.69,-35.14],[137.87,-34.73],[137.92,-34.46],[138.01,-34.33],[138.09,-34.17],[138.26,-34.44],[138.44,-34.66],[138.49,-34.76],[138.51,-35.02],[138.4,-35.33],[138.25,-35.49],[138.18,-35.61],[138.39,-35.64],[138.52,-35.64],[138.73,-35.55],[138.88,-35.54],[138.92,-35.49],[139.19,-35.35],[139.28,-35.38],[139.33,-35.43],[139.29,-35.49],[139.29,-35.61],[139.23,-35.6],[139.18,-35.52],[139.11,-35.54],[139.07,-35.6],[138.97,-35.58],[138.98,-35.62],[139.04,-35.69],[139.47,-36.01],[139.55,-36.1],[139.73,-36.37],[139.86,-36.66],[139.85,-36.75],[139.78,-36.9],[139.74,-37.06],[139.74,-37.14],[139.78,-37.25],[139.87,-37.35],[140.21,-37.64],[140.39,-37.9],[140.63,-38.03],[140.97,-38.07],[140.97,-34.01],[141,-34.02],[141.03,-34.04],[141,-29],[141,-26],[138,-26],[129,-26],[129,-31.69]]],[[[137.93,-35.73],[137.84,-35.76],[137.6,-35.74],[137.64,-35.66],[137.59,-35.62],[137.33,-35.59],[137.09,-35.66],[136.64,-35.75],[136.58,-35.81],[136.54,-35.89],[136.59,-35.94],[136.76,-36.03],[136.91,-36.05],[137.03,-36.02],[137.15,-36.04],[137.21,-35.98],[137.38,-36.02],[137.45,-36.07],[137.59,-36.03],[137.62,-35.94],[137.67,-35.9],[137.84,-35.87],[138.01,-35.91],[138.07,-35.9],[138.12,-35.85],[138.05,-35.76],[137.93,-35.73]]]]}},
{"type":"Feature","properties":{"r":3,"c":225,"name":"Queensland","code":"QL"},"geometry":{"type":"MultiPolygon","coordinates":[[[[138,-26],[141,-26],[141,-29],[148.97,-29],[149.06,-28.93],[149.08,-28.87],[149.43,-28.66],[149.51,-28.58],[149.6,-28.57],[149.68,-28.61],[150.15,-28.56],[150.34,-28.56],[150.47,-28.65],[150.71,-28.64],[150.86,-28.66],[150.98,-28.71],[151.05,-28.76],[151.06,-28.8],[151.12,-28.85],[151.23,-28.9],[151.3,-28.98],[151.33,-29.1],[151.39,-29.14],[151.48,-29.09],[151.53,-29.03],[151.55,-28.96],[151.73,-28.89],[151.76,-28.95],[151.82,-28.97],[151.85,-28.92],[151.94,-28.92],[152.02,-28.87],[152.07,-28.7],[152.01,-28.64],[151.97,-28.53],[152.16,-28.44],[152.22,-28.44],[152.29,-28.39],[152.41,-28.34],[152.49,-28.26],[152.57,-28.32],[152.61,-28.29],[152.75,-28.36],[152.85,-28.32],[153.12,-28.35],[153.19,-28.26],[153.38,-28.24],[153.52,-28.14],[153.45,-28.05],[153.43,-27.9],[153.39,-27.77],[153.2,-27.4],[153.12,-27.19],[153.16,-26.98],[153.08,-26.3],[153.16,-25.96],[153.13,-25.92],[153.03,-25.87],[152.98,-25.82],[152.92,-25.69],[152.91,-25.43],[152.79,-25.27],[152.65,-25.2],[152.5,-24.96],[152.46,-24.8],[152.13,-24.6],[151.9,-24.2],[151.83,-24.12],[151.69,-24.04],[151.5,-24.01],[151.15,-23.78],[150.93,-23.53],[150.84,-23.46],[150.78,-23.18],[150.76,-22.58],[150.67,-22.42],[150.62,-22.37],[150.57,-22.38],[150.56,-22.49],[150.58,-22.56],[150.54,-22.56],[150.23,-22.37],[150.14,-22.27],[150.08,-22.16],[149.98,-22.18],[149.94,-22.31],[150.01,-22.52],[149.97,-22.55],[149.82,-22.39],[149.77,-22.43],[149.7,-22.44],[149.6,-22.26],[149.52,-22.02],[149.46,-21.77],[149.45,-21.58],[149.33,-21.48],[149.28,-21.3],[149.24,-21.25],[149.2,-21.13],[149.06,-20.96],[148.79,-20.74],[148.68,-20.58],[148.73,-20.47],[148.81,-20.49],[148.88,-20.48],[148.76,-20.29],[148.6,-20.15],[148.53,-20.11],[148.37,-20.09],[148.08,-19.9],[147.92,-19.87],[147.85,-19.79],[147.74,-19.77],[147.59,-19.62],[147.51,-19.47],[147.42,-19.38],[147.28,-19.41],[147.14,-19.39],[147,-19.26],[146.83,-19.24],[146.69,-19.19],[146.48,-19.08],[146.38,-18.98],[146.3,-18.84],[146.33,-18.55],[146.22,-18.51],[146.03,-18.27],[146.02,-18.18],[146.13,-17.64],[146.05,-17.38],[145.9,-17.07],[145.91,-16.91],[145.84,-16.91],[145.75,-16.88],[145.55,-16.63],[145.43,-16.41],[145.46,-16.06],[145.38,-15.88],[145.35,-15.7],[145.27,-15.48],[145.29,-15.33],[145.28,-15.2],[145.25,-15.1],[145.28,-15.03],[145.29,-14.94],[144.65,-14.49],[144.59,-14.35],[144.47,-14.23],[144.21,-14.3],[144.11,-14.39],[143.96,-14.46],[143.82,-14.4],[143.76,-14.35],[143.71,-14.16],[143.55,-13.74],[143.59,-13.44],[143.53,-13.3],[143.51,-13.09],[143.46,-12.86],[143.4,-12.74],[143.4,-12.64],[143.29,-12.5],[143.25,-12.4],[143.11,-12.3],[143.1,-12.17],[143.15,-12.08],[143.18,-11.95],[143.07,-11.92],[142.99,-11.92],[142.87,-11.82],[142.84,-11.31],[142.78,-11.12],[142.72,-11.01],[142.55,-10.87],[142.61,-10.75],[142.54,-10.71],[142.46,-10.71],[142.41,-10.8],[142.33,-10.88],[142.17,-10.95],[142.14,-11.27],[141.95,-11.9],[141.97,-11.98],[141.96,-12.05],[141.87,-11.98],[141.81,-12.08],[141.69,-12.35],[141.68,-12.49],[141.79,-12.57],[141.85,-12.58],[141.88,-12.61],[141.89,-12.68],[141.93,-12.74],[141.92,-12.8],[141.88,-12.78],[141.78,-12.78],[141.61,-12.94],[141.65,-13.26],[141.53,-13.55],[141.47,-13.8],[141.48,-13.93],[141.54,-14.02],[141.59,-14.15],[141.56,-14.34],[141.52,-14.47],[141.63,-15.06],[141.45,-15.61],[141.39,-15.9],[141.41,-16.07],[141.29,-16.46],[141.22,-16.65],[140.97,-17.01],[140.92,-17.19],[140.83,-17.41],[140.51,-17.62],[140.21,-17.7],[140.04,-17.7],[139.89,-17.61],[139.69,-17.54],[139.44,-17.38],[139.25,-17.33],[139.15,-17.17],[139.11,-17.01],[139.01,-16.9],[138.82,-16.86],[138.63,-16.78],[138.51,-16.79],[138.24,-16.72],[138.07,-16.62],[138,-16.56],[138,-26]]],[[[153.54,-27.44],[153.52,-27.42],[153.44,-27.41],[153.4,-27.51],[153.4,-27.67],[153.43,-27.71],[153.45,-27.71],[153.54,-27.44]]],[[[153.43,-27.03],[153.38,-27.05],[153.36,-27.14],[153.42,-27.33],[153.44,-27.32],[153.43,-27.2],[153.47,-27.04],[153.43,-27.03]]],[[[153.28,-24.74],[153.22,-24.74],[153.18,-24.76],[153.14,-24.81],[153.19,-24.83],[153.24,-24.92],[153.23,-25.01],[153.19,-25.07],[153.04,-25.19],[153.06,-25.3],[153,-25.45],[152.98,-25.55],[153.01,-25.73],[153.05,-25.78],[153.08,-25.75],[153.08,-25.68],[153.14,-25.51],[153.35,-25.06],[153.36,-24.98],[153.3,-24.92],[153.28,-24.74]]],[[[151.23,-23.59],[151.24,-23.53],[151.21,-23.51],[151.18,-23.52],[151.15,-23.49],[151.06,-23.46],[151.03,-23.53],[151.18,-23.74],[151.24,-23.78],[151.3,-23.72],[151.23,-23.59]]],[[[150.49,-22.21],[150.46,-22.31],[150.52,-22.32],[150.55,-22.31],[150.52,-22.23],[150.49,-22.21]]],[[[149.91,-22.05],[149.88,-22.07],[149.87,-22.15],[149.89,-22.22],[149.93,-22.19],[149.91,-22.05]]],[[[148.98,-20.15],[148.94,-20.28],[149.02,-20.3],[149.05,-20.28],[149,-20.22],[148.98,-20.15]]],[[[148.93,-20.07],[148.89,-20.14],[148.91,-20.15],[148.94,-20.15],[148.96,-20.13],[148.97,-20.04],[148.93,-20.07]]],[[[146.28,-18.23],[146.19,-18.26],[146.1,-18.25],[146.19,-18.36],[146.24,-18.45],[146.3,-18.48],[146.33,-18.45],[146.34,-18.4],[146.3,-18.33],[146.28,-18.23]]],[[[139.49,-16.99],[139.46,-17.05],[139.41,-17.09],[139.42,-17.13],[139.57,-17.09],[139.56,-17.04],[139.49,-16.99]]],[[[139.59,-16.4],[139.29,-16.47],[139.16,-16.63],[139.16,-16.74],[139.35,-16.7],[139.39,-16.65],[139.43,-16.66],[139.56,-16.53],[139.7,-16.51],[139.59,-16.4]]],[[[142.13,-10.64],[142.14,-10.73],[142.19,-10.76],[142.27,-10.7],[142.2,-10.59],[142.13,-10.64]]],[[[142.22,-10.15],[142.2,-10.2],[142.22,-10.24],[142.28,-10.25],[142.34,-10.19],[142.3,-10.14],[142.22,-10.15]]],[[[142.15,-10.05],[142.1,-10.12],[142.14,-10.18],[142.17,-10.15],[142.19,-10.09],[142.15,-10.05]]]]}},
{"type":"Feature","properties":{"r":4,"c":225,"name":"Tasmania","code":"TS"},"geometry":{"type":"MultiPolygon","coordinates":[[[[147.31,-43.28],[147.28,-43.28],[147.23,-43.33],[147.22,-43.37],[147.16,-43.43],[147.1,-43.41],[147.15,-43.5],[147.23,-43.48],[147.31,-43.5],[147.36,-43.4],[147.31,-43.28]]],[[[147.35,-43.08],[147.3,-43.16],[147.34,-43.18],[147.35,-43.23],[147.43,-43.24],[147.4,-43.12],[147.35,-43.08]]],[[[148.07,-42.59],[148.02,-42.64],[148.03,-42.71],[148.05,-42.72],[148.1,-42.71],[148.1,-42.68],[148.17,-42.65],[148.07,-42.59]]],[[[148.34,-42.11],[148.3,-42.04],[148.32,-41.93],[148.29,-41.82],[148.31,-41.23],[148.29,-41.17],[148.29,-40.95],[148.22,-40.85],[148.03,-40.78],[147.97,-40.78],[147.87,-40.87],[147.62,-40.84],[147.45,-41],[147.32,-40.96],[147.11,-40.99],[146.99,-40.99],[146.86,-41.06],[146.84,-41.11],[146.85,-41.17],[146.79,-41.11],[146.72,-41.08],[146.65,-41.12],[146.57,-41.14],[146.32,-41.16],[146.11,-41.12],[145.82,-41.02],[145.69,-40.94],[145.58,-40.9],[145.53,-40.86],[145.43,-40.86],[145.35,-40.83],[145.28,-40.77],[145.04,-40.79],[144.82,-40.72],[144.72,-40.67],[144.71,-40.78],[144.65,-40.98],[144.66,-41.08],[144.78,-41.42],[145.06,-41.83],[145.24,-42.02],[145.26,-42.11],[145.23,-42.2],[145.29,-42.19],[145.33,-42.15],[145.36,-42.23],[145.52,-42.35],[145.53,-42.39],[145.47,-42.49],[145.37,-42.34],[145.2,-42.23],[145.27,-42.54],[145.49,-42.93],[145.61,-43],[145.8,-43.24],[145.87,-43.29],[145.98,-43.28],[146.13,-43.31],[146.18,-43.3],[146.21,-43.32],[146.23,-43.36],[146.11,-43.35],[145.99,-43.38],[145.98,-43.41],[146.01,-43.44],[146.04,-43.55],[146.19,-43.51],[146.41,-43.52],[146.55,-43.51],[146.7,-43.6],[146.83,-43.62],[146.87,-43.61],[146.95,-43.5],[147,-43.37],[147.08,-43.28],[146.99,-43.22],[146.98,-43.19],[147,-43.16],[147.17,-43.26],[147.24,-43.22],[147.26,-43.07],[147.28,-43.03],[147.33,-43.01],[147.35,-42.93],[147.3,-42.84],[147.3,-42.79],[147.41,-42.89],[147.45,-43.03],[147.54,-43],[147.54,-42.88],[147.57,-42.85],[147.69,-42.87],[147.8,-42.93],[147.8,-42.98],[147.77,-43],[147.69,-42.98],[147.65,-43.02],[147.7,-43.12],[147.79,-43.22],[147.95,-43.18],[147.98,-43.16],[147.91,-42.66],[147.92,-42.57],[148.01,-42.44],[148,-42.35],[148.02,-42.26],[148.07,-42.17],[148.13,-42.1],[148.16,-42.09],[148.14,-42.07],[148.21,-41.97],[148.24,-42.02],[148.18,-42.06],[148.26,-42.1],[148.29,-42.26],[148.33,-42.26],[148.34,-42.11]]],[[[148.22,-40.5],[148.12,-40.52],[148.19,-40.59],[148.24,-40.52],[148.22,-40.5]]],[[[144.78,-40.43],[144.71,-40.49],[144.75,-40.59],[144.78,-40.51],[144.78,-40.43]]],[[[148.42,-40.37],[148.33,-40.31],[148.2,-40.36],[148.06,-40.36],[148.01,-40.38],[148.1,-40.45],[148.21,-40.46],[148.32,-40.43],[148.35,-40.5],[148.4,-40.49],[148.47,-40.43],[148.42,-40.37]]],[[[148.25,-40.1],[148.29,-40.07],[148.3,-39.99],[148.18,-39.94],[148,-39.76],[147.93,-39.73],[147.84,-39.83],[147.77,-39.87],[147.81,-39.91],[147.88,-39.91],[147.91,-39.97],[147.89,-40.01],[148.07,-40.24],[148.11,-40.26],[148.21,-40.23],[148.31,-40.17],[148.32,-40.14],[148.25,-40.1]]],[[[144.12,-39.79],[144.09,-39.64],[144,-39.58],[143.95,-39.58],[143.94,-39.66],[143.88,-39.7],[143.86,-39.74],[143.87,-39.82],[143.84,-39.9],[143.89,-39.98],[143.88,-40.06],[143.9,-40.12],[144.04,-40.08],[144.11,-40.02],[144.14,-39.95],[144.11,-39.87],[144.12,-39.79]]]]}},
{"type":"Feature","properties":{"r":5,"c":225,"name":"Victoria","code":"VI"},"geometry":{"type":"MultiPolygon","coordinates":[[[[140.97,-38.07],[141.01,-38.08],[141.21,-38.17],[141.42,-38.36],[141.59,-38.39],[141.73,-38.27],[141.92,-38.28],[142.19,-38.4],[142.34,-38.37],[142.46,-38.39],[142.61,-38.45],[142.84,-38.58],[143.08,-38.65],[143.23,-38.74],[143.54,-38.82],[143.69,-38.77],[143.81,-38.7],[144.1,-38.46],[144.45,-38.3],[144.54,-38.28],[144.67,-38.21],[144.59,-38.16],[144.52,-38.17],[144.4,-38.14],[144.89,-37.9],[144.98,-37.95],[145.12,-38.09],[145.07,-38.2],[145.02,-38.26],[144.91,-38.34],[144.72,-38.34],[144.85,-38.44],[144.96,-38.5],[145.19,-38.38],[145.29,-38.24],[145.37,-38.23],[145.48,-38.24],[145.54,-38.39],[145.46,-38.42],[145.4,-38.54],[145.61,-38.66],[145.79,-38.67],[145.94,-38.9],[146.02,-38.87],[146.07,-38.83],[146.16,-38.87],[146.25,-38.96],[146.34,-39.12],[146.4,-39.15],[146.46,-39.11],[146.48,-39.06],[146.47,-38.84],[146.43,-38.82],[146.34,-38.89],[146.22,-38.78],[146.22,-38.73],[146.29,-38.7],[146.44,-38.71],[146.86,-38.66],[147.4,-38.22],[147.63,-38.06],[147.88,-37.93],[148.26,-37.83],[148.94,-37.79],[149.3,-37.8],[149.48,-37.77],[149.57,-37.73],[149.81,-37.55],[149.93,-37.53],[149.94,-37.5],[148.22,-36.8],[148.13,-36.78],[148.2,-36.63],[148.15,-36.55],[148.03,-36.18],[147.97,-36.05],[147.93,-36.02],[147.76,-35.96],[147.67,-35.95],[147.59,-35.98],[147.54,-35.98],[147.46,-35.95],[147.37,-36],[147.35,-36.05],[147.32,-36.07],[147.27,-36.05],[147.16,-36.04],[147.1,-36.05],[147.05,-36.11],[146.9,-36.1],[146.59,-36],[146.47,-35.99],[146.4,-36.03],[146.22,-36.06],[145.82,-35.98],[145.69,-35.93],[145.59,-35.86],[145.43,-35.83],[145.08,-35.86],[145.01,-35.88],[144.96,-35.92],[144.94,-35.98],[144.96,-36.07],[144.92,-36.11],[144.8,-36.13],[144.67,-36.09],[144.52,-35.99],[144.29,-35.73],[144.16,-35.63],[143.71,-35.41],[143.58,-35.33],[143.58,-35.28],[143.54,-35.23],[143.4,-35.17],[143.36,-35.03],[143.36,-34.88],[143.33,-34.79],[143.22,-34.73],[142.97,-34.69],[142.86,-34.65],[142.77,-34.59],[142.74,-34.6],[142.7,-34.65],[142.66,-34.74],[142.62,-34.78],[142.57,-34.78],[142.43,-34.59],[142.39,-34.48],[142.37,-34.33],[142.29,-34.29],[142.25,-34.22],[142.16,-34.17],[141.93,-34.12],[141.76,-34.11],[141.67,-34.14],[141.59,-34.19],[141.47,-34.18],[141.32,-34.11],[141.19,-34.07],[141.09,-34.07],[141.03,-34.04],[141,-34.02],[140.97,-34.01],[140.97,-38.07]]],[[[145.31,-38.49],[145.29,-38.47],[145.22,-38.46],[145.13,-38.53],[145.27,-38.52],[145.36,-38.56],[145.31,-38.49]]],[[[145.43,-38.31],[145.3,-38.32],[145.28,-38.39],[145.34,-38.42],[145.49,-38.35],[145.43,-38.31]]]]}},
{"type":"Feature","properties":{"r":6,"c":225,"name":"Australian Capital Territory","code":"CT"},"geometry":{"type":"Polygon","coordinates":[[[149.4,-35.33],[149.26,-35.27],[149.19,-35.22],[149.19,-35.18],[149.1,-35.15],[148.83,-35.31],[148.77,-35.49],[148.77,-35.64],[148.79,-35.71],[148.85,-35.75],[148.89,-35.74],[148.9,-35.82],[148.95,-35.89],[149.05,-35.91],[149.1,-35.83],[149.09,-35.61],[149.13,-35.58],[149.15,-35.51],[149.14,-35.44],[149.19,-35.38],[149.28,-35.35],[149.37,-35.36],[149.4,-35.33]]]}},
{"type":"Feature","properties":{"r":7,"c":225,"name":"Jervis Bay Territory","code":"JB"},"geometry":{"type":"Polygon","coordinates":[[[150.61,-35.19],[150.63,-35.18],[150.69,-35.18],[150.72,-35.13],[150.71,-35.12],[150.64,-35.15],[150.61,-35.19]]]}},
{"type":"Feature","properties":{"r":8,"c":225,"name":"New South Wales","code":"NS"},"geometry":{"type":"Polygon","coordinates":[[[141.03,-34.04],[141.09,-34.07],[141.19,-34.07],[141.32,-34.11],[141.47,-34.18],[141.59,-34.19],[141.67,-34.14],[141.76,-34.11],[141.93,-34.12],[142.16,-34.17],[142.25,-34.22],[142.29,-34.29],[142.37,-34.33],[142.39,-34.48],[142.43,-34.59],[142.57,-34.78],[142.62,-34.78],[142.66,-34.74],[142.7,-34.65],[142.74,-34.6],[142.77,-34.59],[142.86,-34.65],[142.97,-34.69],[143.22,-34.73],[143.33,-34.79],[143.36,-34.88],[143.36,-35.03],[143.4,-35.17],[143.54,-35.23],[143.58,-35.28],[143.58,-35.33],[143.71,-35.41],[144.16,-35.63],[144.38,-35.82],[144.43,-35.9],[144.52,-35.99],[144.67,-36.09],[144.8,-36.13],[144.92,-36.11],[144.96,-36.07],[144.94,-35.98],[144.96,-35.92],[145.01,-35.88],[145.08,-35.86],[145.43,-35.83],[145.59,-35.86],[145.69,-35.93],[145.82,-35.98],[146.22,-36.06],[146.4,-36.03],[146.47,-35.99],[146.59,-36],[146.9,-36.1],[147.05,-36.11],[147.1,-36.05],[147.16,-36.04],[147.27,-36.05],[147.32,-36.07],[147.35,-36.05],[147.37,-36],[147.46,-35.95],[147.54,-35.98],[147.59,-35.98],[147.67,-35.95],[147.76,-35.96],[147.93,-36.02],[147.97,-36.05],[148.03,-36.18],[148.15,-36.55],[148.2,-36.63],[148.13,-36.78],[148.22,-36.8],[149.94,-37.5],[149.96,-37.44],[149.96,-37.35],[149.99,-37.26],[149.95,-37.08],[149.96,-36.85],[149.99,-36.72],[150.06,-36.55],[150.16,-35.97],[150.2,-35.83],[150.37,-35.58],[150.57,-35.21],[150.61,-35.19],[150.64,-35.15],[150.71,-35.12],[150.68,-35.08],[150.7,-35.04],[150.76,-35.01],[150.77,-35.02],[150.8,-35.01],[150.81,-34.99],[150.78,-34.89],[150.87,-34.5],[150.96,-34.3],[151.23,-34.03],[151.12,-34.01],[151.2,-33.96],[151.24,-33.99],[151.28,-33.93],[151.32,-33.7],[151.29,-33.58],[151.43,-33.52],[151.48,-33.35],[151.61,-33.2],[151.81,-32.9],[151.95,-32.82],[152.16,-32.76],[152.19,-32.72],[152.13,-32.7],[152.14,-32.68],[152.22,-32.68],[152.25,-32.61],[152.47,-32.44],[152.55,-32.24],[152.56,-32.05],[152.79,-31.79],[152.94,-31.43],[153.02,-31.09],[153.05,-30.91],[153.02,-30.72],[153.03,-30.56],[153.19,-30.16],[153.22,-30],[153.27,-29.89],[153.35,-29.5],[153.35,-29.29],[153.46,-29.05],[153.6,-28.85],[153.62,-28.67],[153.57,-28.53],[153.58,-28.24],[153.52,-28.14],[153.38,-28.24],[153.19,-28.26],[153.12,-28.35],[152.85,-28.32],[152.75,-28.36],[152.61,-28.29],[152.57,-28.32],[152.49,-28.26],[152.41,-28.34],[152.29,-28.39],[152.22,-28.44],[152.16,-28.44],[151.97,-28.53],[152.01,-28.64],[152.07,-28.7],[152.02,-28.87],[151.94,-28.92],[151.85,-28.92],[151.82,-28.97],[151.76,-28.95],[151.73,-28.89],[151.55,-28.96],[151.53,-29.03],[151.48,-29.09],[151.39,-29.14],[151.33,-29.1],[151.3,-28.98],[151.23,-28.9],[151.12,-28.85],[151.06,-28.8],[151.05,-28.76],[150.98,-28.71],[150.86,-28.66],[150.71,-28.64],[150.47,-28.65],[150.34,-28.56],[150.15,-28.56],[149.68,-28.61],[149.6,-28.57],[149.51,-28.58],[149.43,-28.66],[149.08,-28.87],[149.06,-28.93],[148.97,-29],[141,-29],[141.03,-34.04]],[[149.4,-35.33],[149.37,-35.36],[149.28,-35.35],[149.19,-35.38],[149.14,-35.44],[149.15,-35.51],[149.13,-35.58],[149.09,-35.61],[149.1,-35.83],[149.05,-35.91],[148.95,-35.89],[148.9,-35.82],[148.89,-35.74],[148.85,-35.75],[148.79,-35.71],[148.77,-35.64],[148.77,-35.49],[148.83,-35.31],[149.1,-35.15],[149.19,-35.18],[149.19,-35.22],[149.26,-35.27],[149.4,-35.33]]]}},
{"type":"Feature","properties":{"r":9,"c":210,"name":"Acre","code":"AC"},"geometry":{"type":"Polygon","coordinates":[[[-66.63,-9.93],[-66.83,-9.84],[-69.81,-8.45],[-70.37,-8.16],[-72.66,-7.59],[-73.8,-7.12],[-73.79,-7.14],[-73.76,-7.17],[-73.72,-7.26],[-73.72,-7.31],[-73.75,-7.34],[-73.96,-7.38],[-73.96,-7.51],[-74,-7.56],[-73.98,-7.59],[-73.89,-7.65],[-73.82,-7.74],[-73.72,-7.78],[-73.71,-7.83],[-73.73,-7.88],[-73.77,-7.9],[-73.78,-7.94],[-73.64,-8.07],[-73.61,-8.19],[-73.55,-8.3],[-73.55,-8.35],[-73.36,-8.48],[-73.36,-8.57],[-73.3,-8.65],[-73.2,-8.72],[-72.97,-8.99],[-72.97,-9.12],[-73.21,-9.41],[-72.81,-9.41],[-72.38,-9.51],[-72.32,-9.56],[-72.27,-9.69],[-72.26,-9.77],[-72.17,-9.84],[-72.18,-10],[-72.14,-10.01],[-71.61,-10.01],[-71.24,-9.97],[-71.12,-9.85],[-71.04,-9.82],[-70.97,-9.77],[-70.88,-9.67],[-70.76,-9.57],[-70.67,-9.52],[-70.61,-9.46],[-70.54,-9.44],[-70.59,-9.54],[-70.6,-9.62],[-70.57,-9.7],[-70.59,-9.77],[-70.64,-9.82],[-70.64,-11.01],[-70.53,-10.95],[-70.39,-11.06],[-70.34,-11.07],[-70.22,-11.05],[-69.96,-10.93],[-69.23,-10.96],[-68.85,-11.01],[-68.78,-11.04],[-68.77,-11.1],[-68.73,-11.12],[-68.62,-11.11],[-68.31,-10.98],[-68.16,-10.78],[-68.07,-10.7],[-67.99,-10.67],[-67.84,-10.66],[-67.79,-10.69],[-67.72,-10.68],[-67.67,-10.6],[-67.58,-10.51],[-67.42,-10.39],[-67.33,-10.36],[-67.28,-10.32],[-67.19,-10.31],[-67.11,-10.27],[-66.73,-9.98],[-66.63,-9.93]]]}},
{"type":"Feature","properties":{"r":10,"c":210,"name":"Rondônia","code":"RO"},"geometry":{"type":"Polygon","coordinates":[[[-66.63,-9.93],[-66.58,-9.9],[-66.48,-9.89],[-66.26,-9.83],[-65.92,-9.79],[-65.71,-9.77],[-65.64,-9.81],[-65.56,-9.8],[-65.49,-9.73],[-65.4,-9.71],[-65.34,-9.79],[-65.31,-9.87],[-65.33,-9.94],[-65.3,-10.15],[-65.31,-10.25],[-65.44,-10.45],[-65.45,-10.51],[-65.44,-10.59],[-65.33,-10.89],[-65.32,-11.02],[-65.37,-11.11],[-65.39,-11.25],[-65.34,-11.32],[-65.32,-11.44],[-65.28,-11.51],[-65.21,-11.58],[-65.18,-11.65],[-65.19,-11.75],[-65.16,-11.77],[-65.12,-11.74],[-65.09,-11.74],[-65,-11.92],[-64.99,-11.98],[-64.83,-12.03],[-64.69,-12.15],[-64.51,-12.25],[-64.42,-12.44],[-63.94,-12.53],[-63.79,-12.47],[-63.69,-12.48],[-63.59,-12.52],[-63.35,-12.68],[-63.25,-12.71],[-63.12,-12.65],[-63.07,-12.67],[-63.02,-12.81],[-62.77,-13],[-62.69,-12.99],[-62.35,-13.13],[-62.18,-13.13],[-62.12,-13.16],[-62.09,-13.24],[-61.94,-13.41],[-61.79,-13.53],[-61.58,-13.52],[-61.51,-13.54],[-61.08,-13.49],[-60.91,-13.56],[-60.72,-13.66],[-60.66,-13.6],[-60.38,-13.42],[-60.35,-13.27],[-60.28,-13.14],[-60.27,-13.07],[-60.19,-12.97],[-60.08,-12.93],[-60.04,-12.87],[-60,-12.73],[-59.91,-12.62],[-59.82,-12.39],[-59.89,-12.24],[-59.89,-12.13],[-59.98,-11.92],[-60.06,-11.91],[-60.1,-11.74],[-60.1,-11.6],[-59.91,-11.38],[-60,-11.15],[-60.07,-11.12],[-60.18,-11.12],[-60.28,-11.08],[-60.38,-11.1],[-60.44,-11.04],[-60.44,-11],[-61.47,-11],[-61.52,-10.95],[-61.52,-10.79],[-61.47,-10.76],[-61.5,-10.69],[-61.47,-10.44],[-61.57,-10.26],[-61.57,-10.06],[-61.53,-9.99],[-61.52,-9.86],[-61.57,-9.73],[-61.52,-9.7],[-61.48,-9.64],[-61.55,-9.46],[-61.55,-9.41],[-61.61,-9.32],[-61.59,-9.24],[-61.53,-9.23],[-61.56,-9.13],[-61.53,-9],[-61.48,-8.91],[-61.51,-8.85],[-61.61,-8.77],[-61.61,-8.72],[-61.72,-8.69],[-61.76,-8.73],[-61.84,-8.74],[-61.87,-8.86],[-61.92,-8.87],[-62,-8.81],[-62.13,-8.77],[-62.17,-8.61],[-62.31,-8.57],[-62.37,-8.38],[-62.45,-8.35],[-62.54,-8.36],[-62.56,-8.29],[-62.64,-8.22],[-62.68,-8.11],[-62.72,-8.06],[-62.9,-8.01],[-63.54,-8],[-63.59,-8.08],[-63.59,-8.16],[-63.73,-8.19],[-63.75,-8.28],[-63.92,-8.33],[-63.99,-8.44],[-63.92,-8.53],[-64,-8.68],[-64.07,-8.71],[-64.13,-8.69],[-64.12,-8.94],[-64.38,-8.94],[-64.42,-8.97],[-64.48,-8.95],[-64.6,-9.03],[-64.78,-8.99],[-64.89,-9.06],[-64.93,-9.12],[-64.9,-9.21],[-65.04,-9.4],[-65.09,-9.44],[-65.17,-9.37],[-65.2,-9.27],[-65.22,-9.26],[-65.42,-9.39],[-65.44,-9.45],[-65.53,-9.41],[-65.63,-9.45],[-65.68,-9.53],[-65.77,-9.57],[-65.93,-9.41],[-66.4,-9.41],[-66.4,-9.53],[-66.5,-9.63],[-66.6,-9.66],[-66.69,-9.75],[-66.74,-9.75],[-66.83,-9.84],[-66.63,-9.93]]]}},
{"type":"Feature","properties":{"r":11,"c":210,"name":"Roraima","code":"RR"},"geometry":{"type":"Polygon","coordinates":[[[-58.87,0.22],[-58.97,1.3],[-59.1,1.34],[-59.23,1.38],[-59.32,1.46],[-59.34,1.51],[-59.38,1.53],[-59.54,1.7],[-59.67,1.75],[-59.67,1.84],[-59.74,1.87],[-59.76,1.9],[-59.74,2.12],[-59.76,2.27],[-59.89,2.36],[-59.99,2.69],[-60,2.77],[-59.95,3.09],[-59.83,3.35],[-59.85,3.59],[-59.68,3.7],[-59.67,3.75],[-59.6,3.82],[-59.55,3.93],[-59.56,3.96],[-59.62,4.02],[-59.74,4.23],[-59.7,4.38],[-59.83,4.48],[-60.05,4.5],[-60.15,4.53],[-60.14,4.57],[-60.03,4.74],[-59.99,5.08],[-60.08,5.14],[-60.14,5.24],[-60.24,5.26],[-60.34,5.2],[-60.41,5.21],[-60.46,5.19],[-60.58,5.19],[-60.65,5.22],[-60.74,5.2],[-60.67,5.16],[-60.6,4.99],[-60.6,4.95],[-60.63,4.89],[-60.74,4.77],[-60.91,4.69],[-60.97,4.57],[-61.04,4.52],[-61.1,4.5],[-61.28,4.52],[-61.37,4.43],[-61.48,4.4],[-61.55,4.29],[-62.15,4.1],[-62.41,4.16],[-62.47,4.14],[-62.61,4.04],[-62.67,4.04],[-62.71,4.02],[-62.74,3.94],[-62.76,3.67],[-62.86,3.59],[-62.97,3.59],[-63.05,3.69],[-63.14,3.76],[-63.29,3.92],[-63.34,3.94],[-63.38,3.94],[-63.53,3.89],[-63.65,3.94],[-64.02,3.93],[-64.07,3.97],[-64.12,4.07],[-64.19,4.13],[-64.58,4.14],[-64.67,4.24],[-64.72,4.27],[-64.79,4.28],[-64.82,4.23],[-64.7,4.09],[-64.67,4.01],[-64.57,3.9],[-64.28,3.66],[-64.22,3.59],[-64.22,3.2],[-64.04,2.8],[-64.01,2.67],[-64.05,2.5],[-63.92,2.45],[-63.39,2.41],[-63.37,2.34],[-63.39,2.22],[-63.31,2.17],[-63.15,2.18],[-63.12,2.11],[-63,2.02],[-62.85,2.02],[-62.71,1.95],[-62.69,1.91],[-62.73,1.83],[-62.71,1.74],[-62.79,1.6],[-62.72,1.5],[-62.62,1.42],[-62.52,1.06],[-62.51,0.96],[-62.44,0.8],[-62.53,0.73],[-62.54,0.68],[-62.48,0.54],[-62.49,0.49],[-62.53,0.43],[-62.53,0.31],[-62.57,0.25],[-62.57,0.18],[-62.53,0.09],[-62.58,0.02],[-62.57,-0.05],[-62.51,-0.12],[-62.48,-0.22],[-62.4,-0.27],[-62.37,-0.34],[-62.37,-0.47],[-62.32,-0.52],[-62.31,-0.64],[-62.38,-0.72],[-62.48,-0.7],[-62.51,-0.77],[-62.42,-0.83],[-62.32,-0.95],[-62.24,-0.98],[-62.2,-1.04],[-62.03,-1.15],[-61.94,-1.24],[-61.88,-1.39],[-61.72,-1.4],[-61.62,-1.45],[-61.62,-1.28],[-61.57,-1.14],[-61.56,-1.02],[-61.58,-0.95],[-61.53,-0.73],[-61.46,-0.64],[-61.24,-0.55],[-61.22,-0.5],[-61.11,-0.49],[-61.06,-0.53],[-60.93,-0.56],[-60.82,-0.69],[-60.73,-0.85],[-60.64,-0.86],[-60.52,-0.83],[-60.47,-0.74],[-60.34,-0.7],[-60.31,-0.67],[-60.32,-0.62],[-60.39,-0.52],[-60.39,-0.46],[-60.32,-0.31],[-60.31,-0.24],[-60.25,-0.15],[-60.22,-0.04],[-60.17,0.01],[-60.13,0.13],[-60.03,0.22],[-59.77,0.23],[-58.87,0.22]]]}},
{"type":"Feature","properties":{"r":12,"c":210,"name":"Amazonas","code":"AM"},"geometry":{"type":"Polygon","coordinates":[[[-66.83,-9.84],[-66.74,-9.75],[-66.69,-9.75],[-66.6,-9.66],[-66.5,-9.63],[-66.4,-9.53],[-66.4,-9.41],[-65.93,-9.41],[-65.77,-9.57],[-65.68,-9.53],[-65.63,-9.45],[-65.53,-9.41],[-65.44,-9.45],[-65.42,-9.39],[-65.22,-9.26],[-65.2,-9.27],[-65.17,-9.37],[-65.09,-9.44],[-65.04,-9.4],[-64.9,-9.21],[-64.93,-9.12],[-64.89,-9.06],[-64.78,-8.99],[-64.6,-9.03],[-64.48,-8.95],[-64.42,-8.97],[-64.38,-8.94],[-64.12,-8.94],[-64.13,-8.69],[-64.07,-8.71],[-64,-8.68],[-63.92,-8.53],[-63.99,-8.44],[-63.92,-8.33],[-63.75,-8.28],[-63.73,-8.19],[-63.59,-8.16],[-63.59,-8.08],[-63.54,-8],[-62.9,-8.01],[-62.72,-8.06],[-62.68,-8.11],[-62.64,-8.22],[-62.56,-8.29],[-62.54,-8.36],[-62.45,-8.35],[-62.37,-8.38],[-62.31,-8.57],[-62.17,-8.61],[-62.13,-8.77],[-62,-8.81],[-61.92,-8.87],[-61.87,-8.86],[-61.84,-8.74],[-61.76,-8.73],[-61.72,-8.69],[-61.61,-8.72],[-61.61,-8.77],[-58.55,-8.75],[-58.47,-8.69],[-58.35,-8.28],[-58.33,-8.05],[-58.35,-7.91],[-58.33,-7.78],[-58.26,-7.67],[-58.22,-7.57],[-58.22,-7.48],[-58.2,-7.41],[-58.14,-7.34],[-58.15,-7.26],[-58.23,-7.14],[-58.39,-6.95],[-58.46,-6.79],[-58.44,-6.68],[-58.37,-6.57],[-58.29,-6.5],[-56.39,-2.39],[-56.4,-2.34],[-56.48,-2.25],[-56.5,-2.16],[-56.64,-2.22],[-56.75,-2.18],[-56.74,-2.05],[-56.82,-2.03],[-57.01,-1.94],[-57.09,-1.81],[-57.17,-1.77],[-57.25,-1.76],[-57.28,-1.71],[-57.34,-1.73],[-57.65,-1.59],[-57.83,-1.45],[-57.9,-1.42],[-57.98,-1.35],[-58.16,-1.24],[-58.25,-1.13],[-58.32,-1.12],[-58.39,-1.05],[-58.44,-0.86],[-58.57,-0.76],[-58.63,-0.77],[-58.7,-0.7],[-58.75,-0.62],[-58.74,-0.43],[-58.86,-0.35],[-58.85,-0.08],[-58.87,0.22],[-59.77,0.23],[-60.03,0.22],[-60.13,0.13],[-60.17,0.01],[-60.22,-0.04],[-60.25,-0.15],[-60.31,-0.24],[-60.32,-0.31],[-60.39,-0.46],[-60.39,-0.52],[-60.32,-0.62],[-60.31,-0.67],[-60.34,-0.7],[-60.47,-0.74],[-60.52,-0.83],[-60.64,-0.86],[-60.73,-0.85],[-60.82,-0.69],[-60.93,-0.56],[-61.06,-0.53],[-61.11,-0.49],[-61.22,-0.5],[-61.24,-0.55],[-61.46,-0.64],[-61.53,-0.73],[-61.58,-0.95],[-61.56,-1.02],[-61.57,-1.14],[-61.62,-1.28],[-61.62,-1.45],[-61.72,-1.4],[-61.88,-1.39],[-61.94,-1.24],[-62.03,-1.15],[-62.2,-1.04],[-62.24,-0.98],[-62.32,-0.95],[-62.42,-0.83],[-62.51,-0.77],[-62.48,-0.7],[-62.38,-0.72],[-62.31,-0.64],[-62.32,-0.52],[-62.37,-0.47],[-62.37,-0.34],[-62.4,-0.27],[-62.48,-0.22],[-62.51,-0.12],[-62.57,-0.05],[-62.58,0.02],[-62.53,0.09],[-62.57,0.18],[-62.57,0.25],[-62.53,0.31],[-62.53,0.43],[-62.49,0.49],[-62.48,0.54],[-62.54,0.68],[-62.53,0.73],[-62.44,0.8],[-62.51,0.96],[-62.52,1.06],[-62.62,1.42],[-62.72,1.5],[-62.79,1.6],[-62.71,1.74],[-62.73,1.83],[-62.69,1.91],[-62.71,1.95],[-62.85,2.02],[-63,2.02],[-63.12,2.11],[-63.15,2.18],[-63.31,2.17],[-63.39,2.22],[-63.43,2.16],[-63.46,2.14],[-63.57,2.12],[-63.68,2.05],[-63.84,1.98],[-63.94,1.97],[-64.01,1.93],[-64.04,1.9],[-64.11,1.62],[-64.21,1.53],[-64.3,1.46],[-64.49,1.45],[-64.53,1.43],[-64.58,1.37],[-64.73,1.25],[-64.82,1.26],[-65.03,1.16],[-65.1,1.11],[-65.26,0.93],[-65.36,0.87],[-65.47,0.69],[-65.56,0.69],[-65.56,0.75],[-65.52,0.84],[-65.57,0.93],[-65.64,0.97],[-65.72,0.98],[-65.81,0.94],[-66,0.81],[-66.06,0.79],[-66.3,0.75],[-66.43,0.82],[-66.88,1.22],[-67.07,1.18],[-67.09,1.21],[-67.09,1.62],[-67.12,1.7],[-67.35,2.09],[-67.4,2.12],[-67.5,2.11],[-67.61,2.04],[-67.81,1.79],[-67.88,1.76],[-67.99,1.75],[-68.08,1.86],[-68.13,1.96],[-68.19,1.99],[-68.22,1.96],[-68.26,1.85],[-68.18,1.72],[-69.32,1.72],[-69.47,1.76],[-69.58,1.77],[-69.65,1.74],[-69.85,1.71],[-69.85,1.06],[-69.75,1.08],[-69.72,1.06],[-69.57,1.07],[-69.47,1.06],[-69.44,1.04],[-69.36,1.06],[-69.31,1.05],[-69.26,1.02],[-69.16,0.86],[-69.18,0.71],[-69.15,0.66],[-69.16,0.64],[-69.28,0.63],[-69.33,0.66],[-69.36,0.65],[-69.47,0.73],[-69.53,0.72],[-69.64,0.66],[-69.67,0.67],[-69.81,0.61],[-70.05,0.58],[-70.07,-0.14],[-70.04,-0.2],[-69.92,-0.32],[-69.75,-0.45],[-69.63,-0.51],[-69.59,-0.64],[-69.62,-0.72],[-69.61,-0.76],[-69.58,-0.8],[-69.54,-0.92],[-69.45,-1],[-69.45,-1.09],[-69.41,-1.15],[-69.4,-1.2],[-69.42,-1.25],[-69.43,-1.42],[-69.51,-1.77],[-69.91,-4],[-69.97,-4.24],[-69.97,-4.3],[-70,-4.33],[-70.05,-4.33],[-70.13,-4.29],[-70.24,-4.3],[-70.32,-4.25],[-70.34,-4.19],[-70.4,-4.15],[-70.53,-4.17],[-70.8,-4.17],[-70.97,-4.35],[-71.14,-4.39],[-71.23,-4.39],[-71.52,-4.47],[-71.84,-4.5],[-72.35,-4.79],[-72.47,-4.9],[-72.7,-5.07],[-72.83,-5.09],[-72.89,-5.12],[-72.91,-5.16],[-72.9,-5.2],[-72.98,-5.63],[-73.16,-5.93],[-73.24,-6.1],[-73.14,-6.34],[-73.14,-6.47],[-73.18,-6.53],[-73.24,-6.56],[-73.33,-6.57],[-73.5,-6.68],[-73.69,-6.83],[-73.76,-6.91],[-73.8,-7.08],[-73.8,-7.12],[-72.66,-7.59],[-70.37,-8.16],[-69.81,-8.45],[-66.83,-9.84]]]}},
{"type":"Feature","properties":{"r":13,"c":210,"name":"Pará","code":"PA"},"geometry":{"type":"MultiPolygon","coordinates":[[[[-58.87,0.22],[-58.85,-0.08],[-58.86,-0.35],[-58.74,-0.43],[-58.75,-0.62],[-58.7,-0.7],[-58.63,-0.77],[-58.57,-0.76],[-58.44,-0.86],[-58.39,-1.05],[-58.32,-1.12],[-58.25,-1.13],[-58.16,-1.24],[-57.98,-1.35],[-57.9,-1.42],[-57.83,-1.45],[-57.65,-1.59],[-57.34,-1.73],[-57.28,-1.71],[-57.25,-1.76],[-57.17,-1.77],[-57.09,-1.81],[-57.01,-1.94],[-56.82,-2.03],[-56.74,-2.05],[-56.75,-2.18],[-56.64,-2.22],[-56.5,-2.16],[-56.48,-2.25],[-56.4,-2.34],[-56.39,-2.39],[-58.29,-6.5],[-58.37,-6.57],[-58.44,-6.68],[-58.46,-6.79],[-58.39,-6.95],[-58.23,-7.14],[-58.15,-7.26],[-58.14,-7.34],[-58.06,-7.41],[-57.9,-7.69],[-57.78,-8.05],[-57.64,-8.23],[-57.68,-8.44],[-57.65,-8.5],[-57.64,-8.62],[-57.58,-8.76],[-57.48,-8.79],[-57.3,-8.96],[-57.1,-9.05],[-57.08,-9.08],[-57.07,-9.19],[-57.05,-9.23],[-56.93,-9.24],[-56.84,-9.27],[-56.77,-9.4],[-56.68,-9.38],[-56.49,-9.47],[-55.09,-9.57],[-51.3,-9.79],[-50.23,-9.84],[-50.18,-9.73],[-50.08,-9.42],[-49.98,-9.22],[-49.83,-9.02],[-49.71,-8.89],[-49.61,-8.84],[-49.5,-8.71],[-49.28,-8.3],[-49.19,-7.99],[-49.17,-7.87],[-49.22,-7.75],[-49.33,-7.65],[-49.34,-7.51],[-49.24,-7.33],[-49.2,-7.17],[-49.21,-7.01],[-49.08,-6.86],[-48.81,-6.72],[-48.65,-6.6],[-48.58,-6.41],[-48.53,-6.37],[-48.47,-6.35],[-48.41,-6.36],[-48.39,-6.31],[-48.41,-6.21],[-48.39,-6.14],[-48.32,-6.11],[-48.3,-6.07],[-48.32,-6.01],[-48.31,-5.97],[-48.25,-5.95],[-48.25,-5.89],[-48.28,-5.8],[-48.26,-5.72],[-48.18,-5.67],[-48.16,-5.62],[-48.19,-5.57],[-48.23,-5.53],[-48.28,-5.52],[-48.32,-5.49],[-48.36,-5.42],[-48.42,-5.4],[-48.6,-5.4],[-48.72,-5.36],[-48.73,-5.34],[-47.8,-4.6],[-47.65,-4.61],[-47.58,-4.55],[-47.49,-4.42],[-47.46,-4.34],[-47.38,-4.28],[-47.31,-4.07],[-47.29,-4.08],[-47.07,-3.84],[-47.02,-3.6],[-47.03,-3.57],[-46.97,-3.53],[-46.94,-3.4],[-46.86,-3.33],[-46.82,-3.33],[-46.67,-3.09],[-46.64,-2.99],[-46.65,-2.91],[-46.57,-2.85],[-46.67,-2.74],[-46.6,-2.66],[-46.51,-2.61],[-46.48,-2.55],[-46.43,-2.51],[-46.44,-2.41],[-46.41,-2.39],[-46.41,-2.24],[-46.38,-2.25],[-46.28,-2.14],[-46.21,-1.93],[-46.22,-1.81],[-46.3,-1.8],[-46.32,-1.73],[-46.24,-1.72],[-46.2,-1.68],[-46.18,-1.57],[-46.2,-1.49],[-46.12,-1.35],[-46.16,-1.32],[-46.14,-1.24],[-46.01,-1.15],[-46.04,-1.1],[-46.14,-1.12],[-46.21,-1.1],[-46.22,-1.03],[-46.32,-1.04],[-46.42,-1.03],[-46.62,-0.97],[-46.64,-0.92],[-46.77,-0.84],[-46.81,-0.78],[-46.89,-0.78],[-46.94,-0.74],[-47.13,-0.75],[-47.2,-0.68],[-47.27,-0.65],[-47.4,-0.63],[-47.44,-0.65],[-47.46,-0.68],[-47.43,-0.72],[-47.42,-0.77],[-47.47,-0.75],[-47.56,-0.67],[-47.65,-0.72],[-47.69,-0.72],[-47.81,-0.66],[-47.88,-0.69],[-47.96,-0.77],[-48.03,-0.7],[-48.07,-0.71],[-48.12,-0.74],[-48.13,-0.8],[-48.2,-0.83],[-48.32,-0.96],[-48.31,-1.04],[-48.45,-1.15],[-48.41,-1.23],[-48.48,-1.32],[-48.47,-1.39],[-48.45,-1.44],[-48.35,-1.48],[-48.45,-1.52],[-48.46,-1.61],[-48.53,-1.57],[-48.6,-1.49],[-48.71,-1.49],[-48.99,-1.83],[-49.15,-1.88],[-49.21,-1.92],[-49.41,-2.34],[-49.46,-2.5],[-49.52,-2.6],[-49.64,-2.66],[-49.55,-2.52],[-49.51,-2.28],[-49.46,-2.19],[-49.4,-1.97],[-49.31,-1.73],[-49.72,-1.93],[-50,-1.83],[-50.12,-1.86],[-50.17,-1.9],[-50.26,-1.92],[-50.4,-2.02],[-50.64,-1.82],[-50.69,-1.76],[-50.68,-1.64],[-50.79,-1.49],[-50.84,-1.23],[-50.92,-1.12],[-50.84,-1.04],[-50.84,-1],[-50.89,-0.94],[-50.99,-0.99],[-51.3,-1.22],[-51.53,-1.35],[-51.65,-1.39],[-51.95,-1.59],[-52.2,-1.64],[-52.31,-1.56],[-52.66,-1.55],[-52.23,-1.36],[-52.02,-1.4],[-51.93,-1.32],[-51.92,-1.18],[-51.89,-1.16],[-51.98,-1.14],[-52.05,-1.18],[-52.13,-1.15],[-52.24,-1.15],[-52.36,-1.07],[-52.39,-0.95],[-52.37,-0.92],[-52.4,-0.87],[-52.52,-0.87],[-52.51,-0.73],[-52.53,-0.65],[-52.61,-0.61],[-52.63,-0.56],[-52.63,-0.4],[-52.7,-0.3],[-52.83,-0.18],[-52.91,-0.19],[-53.02,0.05],[-53.01,0.13],[-53.04,0.25],[-53.13,0.38],[-53.14,0.54],[-53.11,0.72],[-53.13,0.75],[-53.27,0.78],[-53.42,0.94],[-53.47,1.15],[-53.41,1.18],[-53.44,1.26],[-53.54,1.24],[-53.56,1.37],[-53.65,1.36],[-53.66,1.42],[-53.74,1.43],[-53.76,1.39],[-53.89,1.41],[-53.92,1.46],[-54.01,1.52],[-54.08,1.51],[-54.08,1.54],[-54.17,1.66],[-54.2,1.66],[-54.36,1.76],[-54.5,1.75],[-54.58,1.78],[-54.73,1.77],[-54.77,1.9],[-54.76,1.97],[-54.79,2.01],[-54.75,2.08],[-54.79,2.13],[-54.72,2.26],[-54.73,2.42],[-54.71,2.43],[-54.72,2.44],[-54.88,2.45],[-54.97,2.55],[-54.98,2.6],[-55.11,2.54],[-55.19,2.55],[-55.34,2.49],[-55.39,2.44],[-55.73,2.41],[-55.94,2.52],[-55.98,2.52],[-56.02,2.39],[-56.13,2.3],[-56.14,2.26],[-56.07,2.24],[-55.92,2.04],[-55.93,1.89],[-55.96,1.86],[-56.02,1.84],[-56.48,1.94],[-56.56,1.91],[-56.62,1.92],[-56.84,1.88],[-57.01,1.92],[-57.09,2.01],[-57.12,2.01],[-57.19,1.98],[-57.37,1.94],[-57.41,1.91],[-57.5,1.77],[-57.59,1.7],[-57.8,1.7],[-57.87,1.67],[-57.98,1.65],[-58.01,1.54],[-58.03,1.52],[-58.09,1.51],[-58.14,1.52],[-58.17,1.55],[-58.34,1.59],[-58.4,1.48],[-58.47,1.47],[-58.51,1.44],[-58.49,1.35],[-58.51,1.28],[-58.68,1.28],[-58.82,1.2],[-58.86,1.2],[-58.92,1.25],[-58.97,1.3],[-58.87,0.22]]],[[[-51.42,-0.57],[-51.55,-0.65],[-51.68,-0.86],[-51.68,-1.09],[-51.8,-1.2],[-51.94,-1.45],[-51.83,-1.43],[-51.64,-1.34],[-51.47,-1.21],[-51.31,-1.02],[-51.28,-1.02],[-51.16,-0.67],[-51.25,-0.54],[-51.42,-0.57]]],[[[-48.44,-0.27],[-48.59,-0.23],[-48.79,-0.22],[-49.12,-0.16],[-49.31,-0.17],[-49.4,-0.21],[-49.63,-0.23],[-50.25,-0.12],[-50.46,-0.16],[-50.65,-0.27],[-50.72,-0.47],[-50.7,-0.53],[-50.78,-0.69],[-50.8,-0.91],[-50.78,-1.01],[-50.71,-1.08],[-50.59,-1.07],[-50.58,-1.1],[-50.58,-1.14],[-50.6,-1.15],[-50.73,-1.13],[-50.76,-1.24],[-50.6,-1.7],[-50.51,-1.79],[-50.44,-1.8],[-50.34,-1.76],[-50.11,-1.75],[-50.07,-1.7],[-50.01,-1.71],[-49.81,-1.79],[-49.59,-1.71],[-49.53,-1.63],[-49.51,-1.51],[-49.34,-1.6],[-49.23,-1.6],[-49.2,-1.56],[-49.17,-1.41],[-49.09,-1.51],[-48.93,-1.48],[-48.83,-1.39],[-48.8,-1.33],[-48.84,-1.23],[-48.79,-1.17],[-48.7,-1.11],[-48.55,-0.85],[-48.54,-0.8],[-48.57,-0.68],[-48.52,-0.69],[-48.5,-0.66],[-48.43,-0.44],[-48.38,-0.35],[-48.39,-0.3],[-48.44,-0.27]]],[[[-50.77,-0.04],[-50.84,-0.05],[-51,-0.11],[-51.04,-0.23],[-51.02,-0.26],[-50.93,-0.33],[-50.65,-0.13],[-50.67,-0.06],[-50.77,-0.04]]],[[[-49.5,0.08],[-49.71,0.02],[-49.83,-0.09],[-49.71,-0.14],[-49.44,-0.11],[-49.38,-0.06],[-49.37,0],[-49.4,0.06],[-49.5,0.08]]],[[[-49.88,0.3],[-50.13,0.23],[-50.27,0.23],[-50.35,0.13],[-50.34,0.04],[-50.11,0.03],[-50,-0.03],[-49.84,0.01],[-49.7,0.22],[-49.74,0.27],[-49.88,0.3]]],[[[-50.35,0.58],[-50.37,0.59],[-50.42,0.56],[-50.45,0.33],[-50.53,0.25],[-50.61,0.2],[-50.62,0.05],[-50.44,-0.01],[-50.43,0.14],[-50.33,0.26],[-50.35,0.58]]],[[[-50.1,0.63],[-50.11,0.6],[-50.25,0.59],[-50.28,0.52],[-50.28,0.39],[-50.26,0.36],[-50.15,0.39],[-50.04,0.52],[-50.04,0.59],[-50.06,0.64],[-50.1,0.63]]]]}},
{"type":"Feature","properties":{"r":14,"c":210,"name":"Mato Grosso do Sul","code":"MS"},"geometry":{"type":"Polygon","coordinates":[[[-50.96,-19.51],[-51.03,-19.37],[-51.14,-19.28],[-51.31,-19.25],[-51.4,-19.17],[-51.64,-19.13],[-51.84,-19.05],[-51.91,-18.99],[-52.06,-18.95],[-52.1,-18.9],[-52.27,-18.81],[-52.34,-18.82],[-52.5,-18.7],[-52.61,-18.72],[-52.76,-18.71],[-52.87,-18.68],[-52.89,-18.64],[-52.85,-18.53],[-52.79,-18.46],[-52.78,-18.39],[-52.91,-18.35],[-52.99,-18.39],[-53.03,-18.36],[-53.06,-18.29],[-53.04,-18.1],[-53.05,-18.02],[-53.07,-18.02],[-53.15,-18.03],[-53.31,-18],[-53.49,-18.01],[-53.61,-17.99],[-53.73,-18.01],[-53.87,-17.95],[-53.98,-17.93],[-53.99,-17.9],[-53.86,-17.69],[-53.75,-17.64],[-53.68,-17.26],[-53.74,-17.25],[-53.82,-17.31],[-53.95,-17.46],[-54.04,-17.51],[-54.08,-17.59],[-54.15,-17.63],[-54.32,-17.67],[-54.39,-17.67],[-54.42,-17.58],[-54.53,-17.51],[-54.7,-17.52],[-54.9,-17.65],[-55.18,-17.69],[-55.34,-17.58],[-55.53,-17.5],[-55.61,-17.39],[-55.79,-17.35],[-55.83,-17.31],[-55.98,-17.27],[-56.02,-17.21],[-56.1,-17.19],[-56.25,-17.22],[-56.33,-17.28],[-56.44,-17.32],[-56.49,-17.3],[-56.75,-17.32],[-56.89,-17.52],[-56.98,-17.59],[-57.08,-17.73],[-57.2,-17.81],[-57.37,-17.88],[-57.47,-17.9],[-57.49,-17.87],[-57.6,-17.82],[-57.63,-17.74],[-57.75,-17.73],[-57.66,-17.95],[-57.59,-18.12],[-57.55,-18.18],[-57.5,-18.21],[-57.51,-18.24],[-57.55,-18.25],[-57.57,-18.28],[-57.78,-18.91],[-57.73,-18.92],[-57.72,-19.04],[-57.78,-19.05],[-57.8,-19.08],[-58.13,-19.74],[-57.86,-19.98],[-57.89,-20.02],[-58.02,-20.06],[-58.09,-20.15],[-58.16,-20.16],[-58.12,-20.29],[-58,-20.47],[-58.01,-20.52],[-57.98,-20.66],[-57.92,-20.69],[-57.89,-20.75],[-57.91,-20.78],[-57.88,-20.84],[-57.9,-20.87],[-57.89,-20.9],[-57.86,-20.92],[-57.83,-21],[-57.83,-21.13],[-57.89,-21.27],[-57.87,-21.36],[-57.95,-21.49],[-57.92,-21.7],[-57.95,-21.85],[-57.93,-21.91],[-57.99,-22.05],[-57.96,-22.11],[-57.88,-22.14],[-57.82,-22.14],[-57.72,-22.1],[-57.64,-22.13],[-57.57,-22.18],[-57.33,-22.21],[-57.24,-22.2],[-57.14,-22.21],[-56.94,-22.27],[-56.78,-22.26],[-56.7,-22.23],[-56.63,-22.23],[-56.52,-22.1],[-56.45,-22.08],[-56.39,-22.09],[-56.35,-22.18],[-56.25,-22.26],[-56.19,-22.28],[-55.99,-22.28],[-55.91,-22.31],[-55.85,-22.31],[-55.75,-22.41],[-55.75,-22.51],[-55.7,-22.59],[-55.65,-22.62],[-55.62,-22.67],[-55.65,-22.89],[-55.62,-22.96],[-55.6,-23.09],[-55.56,-23.15],[-55.55,-23.32],[-55.52,-23.42],[-55.54,-23.58],[-55.52,-23.63],[-55.46,-23.69],[-55.42,-23.95],[-55.37,-23.99],[-55.19,-24.02],[-54.98,-23.97],[-54.63,-23.81],[-54.44,-23.9],[-54.37,-23.97],[-54.24,-24.05],[-54.12,-23.98],[-54.05,-23.82],[-54,-23.57],[-53.91,-23.41],[-53.77,-23.32],[-53.68,-23.17],[-53.62,-23],[-53.48,-22.85],[-53.27,-22.75],[-53.12,-22.64],[-52.96,-22.45],[-52.57,-22.21],[-52.4,-22.07],[-52.25,-21.84],[-52.12,-21.72],[-52.06,-21.62],[-52.07,-21.55],[-52.05,-21.51],[-51.95,-21.47],[-51.94,-21.42],[-51.87,-21.33],[-51.87,-21.18],[-51.81,-21.08],[-51.69,-20.94],[-51.62,-20.81],[-51.59,-20.67],[-51.53,-20.56],[-51.4,-20.44],[-51.16,-20.31],[-51.06,-20.22],[-50.99,-20.1],[-51,-19.66],[-50.96,-19.51]]]}},
{"type":"Feature","properties":{"r":15,"c":210,"name":"Amapá","code":"AP"},"geometry":{"type":"MultiPolygon","coordinates":[[[[-51.89,-1.16],[-51.82,-1.12],[-51.72,-1.02],[-51.72,-0.86],[-51.7,-0.76],[-51.55,-0.55],[-51.4,-0.39],[-51.3,-0.18],[-51.28,-0.09],[-51.1,-0.03],[-50.97,0.13],[-50.91,0.16],[-50.82,0.17],[-50.76,0.22],[-50.58,0.42],[-50.46,0.64],[-50.34,0.75],[-50.29,0.84],[-50.05,1.05],[-49.9,1.16],[-49.91,1.27],[-49.88,1.42],[-49.96,1.66],[-50.05,1.73],[-50.19,1.79],[-50.46,1.83],[-50.58,2],[-50.61,2.1],[-50.66,2.13],[-50.71,2.13],[-50.68,2.18],[-50.68,2.21],[-50.79,2.48],[-50.83,2.65],[-51.05,3.28],[-51.08,3.67],[-51.22,4.09],[-51.33,4.22],[-51.46,4.31],[-51.55,4.31],[-51.56,4.23],[-51.65,4.06],[-51.77,3.99],[-51.83,3.87],[-51.93,3.78],[-51.94,3.74],[-51.99,3.7],[-52,3.65],[-52.16,3.36],[-52.23,3.27],[-52.33,3.18],[-52.36,3.12],[-52.36,3.05],[-52.42,2.9],[-52.46,2.86],[-52.55,2.65],[-52.58,2.53],[-52.7,2.36],[-52.87,2.27],[-52.9,2.21],[-52.96,2.18],[-53.18,2.21],[-53.23,2.2],[-53.33,2.34],[-53.51,2.25],[-53.68,2.29],[-53.73,2.31],[-53.75,2.34],[-53.79,2.35],[-53.83,2.31],[-54.13,2.12],[-54.17,2.14],[-54.29,2.15],[-54.52,2.25],[-54.55,2.29],[-54.62,2.33],[-54.66,2.33],[-54.7,2.36],[-54.7,2.4],[-54.71,2.43],[-54.73,2.42],[-54.72,2.26],[-54.79,2.13],[-54.75,2.08],[-54.79,2.01],[-54.76,1.97],[-54.77,1.9],[-54.73,1.77],[-54.58,1.78],[-54.5,1.75],[-54.36,1.76],[-54.2,1.66],[-54.17,1.66],[-54.08,1.54],[-54.08,1.51],[-54.01,1.52],[-53.92,1.46],[-53.89,1.41],[-53.76,1.39],[-53.74,1.43],[-53.66,1.42],[-53.65,1.36],[-53.56,1.37],[-53.54,1.24],[-53.44,1.26],[-53.41,1.18],[-53.47,1.15],[-53.42,0.94],[-53.27,0.78],[-53.13,0.75],[-53.11,0.72],[-53.14,0.54],[-53.13,0.38],[-53.04,0.25],[-53.01,0.13],[-53.02,0.05],[-52.91,-0.19],[-52.83,-0.18],[-52.7,-0.3],[-52.63,-0.4],[-52.63,-0.56],[-52.61,-0.61],[-52.53,-0.65],[-52.51,-0.73],[-52.52,-0.87],[-52.4,-0.87],[-52.37,-0.92],[-52.39,-0.95],[-52.36,-1.07],[-52.24,-1.15],[-52.13,-1.15],[-52.05,-1.18],[-51.98,-1.14],[-51.89,-1.16]]],[[[-50.36,2.15],[-50.42,2.16],[-50.49,2.13],[-50.51,2.03],[-50.46,1.91],[-50.4,1.89],[-50.3,1.94],[-50.29,1.98],[-50.34,2.14],[-50.36,2.15]]]]}},
{"type":"Feature","properties":{"r":16,"c":210,"name":"Mato Grosso","code":"MT"},"geometry":{"type":"Polygon","coordinates":[[[-60.72,-13.66],[-60.6,-13.75],[-60.51,-13.79],[-60.42,-13.94],[-60.41,-14.02],[-60.47,-14.18],[-60.46,-14.26],[-60.4,-14.33],[-60.34,-14.57],[-60.3,-14.62],[-60.27,-15.09],[-60.58,-15.1],[-60.53,-15.14],[-60.24,-15.48],[-60.18,-16.27],[-58.54,-16.33],[-58.42,-16.31],[-58.38,-16.28],[-58.35,-16.28],[-58.35,-16.49],[-58.47,-16.65],[-58.48,-16.7],[-58.46,-16.91],[-58.4,-17.23],[-58.35,-17.28],[-57.99,-17.51],[-57.91,-17.53],[-57.83,-17.51],[-57.79,-17.57],[-57.78,-17.67],[-57.75,-17.73],[-57.63,-17.74],[-57.6,-17.82],[-57.49,-17.87],[-57.47,-17.9],[-57.37,-17.88],[-57.2,-17.81],[-57.08,-17.73],[-56.98,-17.59],[-56.89,-17.52],[-56.75,-17.32],[-56.49,-17.3],[-56.44,-17.32],[-56.33,-17.28],[-56.25,-17.22],[-56.1,-17.19],[-56.02,-17.21],[-55.98,-17.27],[-55.83,-17.31],[-55.79,-17.35],[-55.61,-17.39],[-55.53,-17.5],[-55.34,-17.58],[-55.18,-17.69],[-54.9,-17.65],[-54.7,-17.52],[-54.53,-17.51],[-54.42,-17.58],[-54.39,-17.67],[-54.32,-17.67],[-54.15,-17.63],[-54.08,-17.59],[-54.04,-17.51],[-53.95,-17.46],[-53.82,-17.31],[-53.74,-17.25],[-53.68,-17.26],[-53.75,-17.64],[-53.86,-17.69],[-53.99,-17.9],[-53.98,-17.93],[-53.87,-17.95],[-53.73,-18.01],[-53.61,-17.99],[-53.49,-18.01],[-53.31,-18],[-53.15,-18.03],[-53.07,-18.02],[-53.05,-18.02],[-53.12,-17.85],[-53.21,-17.41],[-53.2,-17.3],[-53.03,-17],[-53.02,-16.91],[-52.94,-16.81],[-52.79,-16.7],[-52.68,-16.58],[-52.61,-16.43],[-52.68,-16.36],[-52.67,-16.29],[-52.53,-16.23],[-52.54,-16.17],[-52.42,-16.08],[-52.36,-16.06],[-52.26,-15.94],[-52.14,-15.87],[-51.96,-15.82],[-51.85,-15.75],[-51.8,-15.66],[-51.78,-15.59],[-51.79,-15.56],[-51.77,-15.52],[-51.73,-15.49],[-51.66,-15.26],[-51.59,-15.14],[-51.47,-15.04],[-51.19,-14.98],[-51.11,-14.84],[-50.98,-14.46],[-50.94,-14.2],[-50.91,-14.11],[-50.87,-14.1],[-50.85,-14],[-50.86,-13.81],[-50.8,-13.61],[-50.67,-13.41],[-50.6,-13.25],[-50.6,-13.13],[-50.57,-13.01],[-50.48,-12.84],[-50.57,-12.82],[-50.66,-12.67],[-50.66,-12.56],[-50.63,-12.44],[-50.63,-12.29],[-50.67,-12.11],[-50.67,-11.99],[-50.65,-11.92],[-50.66,-11.85],[-50.72,-11.75],[-50.67,-11.65],[-50.67,-11.57],[-50.72,-11.48],[-50.71,-11.35],[-50.61,-11],[-50.6,-10.69],[-50.45,-10.39],[-50.4,-10.26],[-50.4,-10.18],[-50.34,-10.03],[-50.23,-9.84],[-51.3,-9.79],[-55.09,-9.57],[-56.49,-9.47],[-56.68,-9.38],[-56.77,-9.4],[-56.84,-9.27],[-56.93,-9.24],[-57.05,-9.23],[-57.07,-9.19],[-57.08,-9.08],[-57.1,-9.05],[-57.3,-8.96],[-57.48,-8.79],[-57.58,-8.76],[-57.64,-8.62],[-57.65,-8.5],[-57.68,-8.44],[-57.64,-8.23],[-57.78,-8.05],[-57.9,-7.69],[-58.06,-7.41],[-58.14,-7.34],[-58.2,-7.41],[-58.22,-7.48],[-58.22,-7.57],[-58.26,-7.67],[-58.33,-7.78],[-58.35,-7.91],[-58.33,-8.05],[-58.35,-8.28],[-58.47,-8.69],[-58.55,-8.75],[-61.61,-8.77],[-61.51,-8.85],[-61.48,-8.91],[-61.53,-9],[-61.56,-9.13],[-61.53,-9.23],[-61.59,-9.24],[-61.61,-9.32],[-61.55,-9.41],[-61.55,-9.46],[-61.48,-9.64],[-61.52,-9.7],[-61.57,-9.73],[-61.52,-9.86],[-61.53,-9.99],[-61.57,-10.06],[-61.57,-10.26],[-61.47,-10.44],[-61.5,-10.69],[-61.47,-10.76],[-61.52,-10.79],[-61.52,-10.95],[-61.47,-11],[-60.44,-11],[-60.44,-11.04],[-60.38,-11.1],[-60.28,-11.08],[-60.18,-11.12],[-60.07,-11.12],[-60,-11.15],[-59.91,-11.38],[-60.1,-11.6],[-60.1,-11.74],[-60.06,-11.91],[-59.98,-11.92],[-59.89,-12.13],[-59.89,-12.24],[-59.82,-12.39],[-59.91,-12.62],[-60,-12.73],[-60.04,-12.87],[-60.08,-12.93],[-60.19,-12.97],[-60.27,-13.07],[-60.28,-13.14],[-60.35,-13.27],[-60.38,-13.42],[-60.66,-13.6],[-60.72,-13.66]]]}},
{"type":"Feature","properties":{"r":17,"c":210,"name":"Paraná","code":"PR"},"geometry":{"type":"Polygon","coordinates":[[[-54.24,-24.05],[-54.27,-24.07],[-54.32,-24.13],[-54.32,-24.2],[-54.28,-24.31],[-54.31,-24.53],[-54.41,-24.87],[-54.45,-25.07],[-54.44,-25.12],[-54.47,-25.22],[-54.61,-25.43],[-54.62,-25.58],[-54.54,-25.58],[-54.44,-25.63],[-54.33,-25.57],[-54.25,-25.57],[-54.21,-25.53],[-54.15,-25.52],[-54.09,-25.57],[-54.01,-25.58],[-53.95,-25.65],[-53.89,-25.67],[-53.82,-25.96],[-53.67,-26.23],[-53.67,-26.26],[-53.46,-26.29],[-53.36,-26.24],[-53.28,-26.26],[-53.12,-26.37],[-52.99,-26.35],[-52.91,-26.37],[-52.82,-26.34],[-52.64,-26.4],[-52.54,-26.4],[-52.46,-26.43],[-52.2,-26.45],[-52.01,-26.58],[-51.87,-26.6],[-51.5,-26.6],[-51.42,-26.7],[-51.28,-26.65],[-51.24,-26.61],[-51.29,-26.42],[-51.25,-26.35],[-51.07,-26.24],[-50.94,-26.24],[-50.9,-26.28],[-50.77,-26.22],[-50.74,-26.23],[-50.65,-26.07],[-50.54,-26.03],[-50.46,-26.03],[-50.37,-26.09],[-50.32,-26.05],[-50.19,-26.05],[-49.95,-26.01],[-49.6,-26.22],[-49.49,-26.22],[-49.45,-26.17],[-49.3,-26.11],[-49.21,-26.03],[-49.11,-25.99],[-48.94,-26.01],[-48.92,-25.98],[-48.65,-25.97],[-48.59,-25.99],[-48.58,-25.94],[-48.61,-25.88],[-48.68,-25.88],[-48.67,-25.84],[-48.55,-25.82],[-48.4,-25.6],[-48.43,-25.55],[-48.51,-25.52],[-48.69,-25.49],[-48.73,-25.37],[-48.64,-25.44],[-48.48,-25.44],[-48.43,-25.4],[-48.46,-25.31],[-48.4,-25.27],[-48.27,-25.31],[-48.19,-25.31],[-48.24,-25.4],[-48.2,-25.42],[-48.08,-25.29],[-48.09,-25.24],[-48.19,-25.19],[-48.23,-25.01],[-48.27,-25.03],[-48.41,-24.96],[-48.51,-25.08],[-48.57,-25.06],[-48.54,-24.81],[-48.49,-24.74],[-48.61,-24.68],[-48.78,-24.7],[-48.83,-24.66],[-49.22,-24.69],[-49.3,-24.66],[-49.31,-24.53],[-49.24,-24.42],[-49.23,-24.34],[-49.27,-24.32],[-49.34,-24.21],[-49.33,-24.14],[-49.41,-24.08],[-49.6,-23.86],[-49.57,-23.83],[-49.55,-23.71],[-49.61,-23.64],[-49.65,-23.51],[-49.61,-23.41],[-49.64,-23.26],[-49.73,-23.11],[-49.91,-23.03],[-49.91,-22.99],[-49.96,-22.96],[-49.97,-22.91],[-50.12,-22.94],[-50.29,-22.95],[-50.37,-22.91],[-50.43,-22.95],[-50.63,-22.92],[-50.78,-22.95],[-50.88,-22.82],[-51.18,-22.74],[-51.36,-22.65],[-51.55,-22.69],[-51.64,-22.65],[-51.69,-22.66],[-51.74,-22.62],[-51.87,-22.61],[-52.07,-22.52],[-52.14,-22.54],[-52.16,-22.6],[-52.22,-22.64],[-52.26,-22.6],[-52.32,-22.62],[-52.44,-22.6],[-52.52,-22.62],[-52.61,-22.57],[-52.69,-22.6],[-52.95,-22.57],[-53.04,-22.64],[-53.12,-22.64],[-53.27,-22.75],[-53.48,-22.85],[-53.62,-23],[-53.68,-23.17],[-53.77,-23.32],[-53.91,-23.41],[-54,-23.57],[-54.05,-23.82],[-54.12,-23.98],[-54.24,-24.05]]]}},
{"type":"Feature","properties":{"r":18,"c":210,"name":"Distrito Federal","code":"DF"},"geometry":{"type":"Polygon","coordinates":[[[-47.3,-16.04],[-47.36,-15.99],[-47.35,-15.83],[-47.31,-15.71],[-47.31,-15.59],[-47.41,-15.53],[-47.42,-15.5],[-48.18,-15.49],[-48.24,-15.69],[-48.2,-15.74],[-48.28,-15.84],[-48.23,-15.96],[-48.25,-16.03],[-47.86,-16.04],[-47.3,-16.04]]]}},
{"type":"Feature","properties":{"r":19,"c":210,"name":"Goiás","code":"GO"},"geometry":{"type":"Polygon","coordinates":[[[-50.96,-19.51],[-50.92,-19.46],[-50.88,-19.46],[-50.86,-19.44],[-50.87,-19.38],[-50.84,-19.31],[-50.71,-19.16],[-50.64,-19.12],[-50.53,-19.09],[-50.49,-19.02],[-50.5,-18.95],[-50.46,-18.88],[-50.37,-18.77],[-50.25,-18.69],[-50.09,-18.64],[-49.68,-18.6],[-49.61,-18.57],[-49.55,-18.51],[-49.49,-18.52],[-49.42,-18.6],[-49.34,-18.58],[-49.18,-18.4],[-49.11,-18.39],[-48.95,-18.33],[-48.23,-18.34],[-48.02,-18.43],[-47.93,-18.45],[-47.79,-18.38],[-47.28,-18.06],[-47.36,-17.82],[-47.33,-17.74],[-47.27,-17.67],[-47.29,-17.55],[-47.41,-17.5],[-47.46,-17.53],[-47.53,-17.45],[-47.5,-17.33],[-47.45,-17.35],[-47.42,-17.27],[-47.31,-17.14],[-47.21,-17.07],[-47.23,-17.03],[-47.15,-16.98],[-47.16,-16.92],[-47.27,-16.66],[-47.4,-16.57],[-47.45,-16.49],[-47.43,-16.41],[-47.35,-16.3],[-47.32,-16.23],[-47.34,-16.15],[-47.3,-16.04],[-47.86,-16.04],[-48.25,-16.03],[-48.23,-15.96],[-48.28,-15.84],[-48.2,-15.74],[-48.24,-15.69],[-48.18,-15.49],[-47.42,-15.5],[-47.41,-15.53],[-47.31,-15.59],[-47.31,-15.71],[-47.35,-15.83],[-47.36,-15.99],[-47.3,-16.04],[-47.23,-16.03],[-47.13,-15.92],[-47.08,-15.94],[-46.86,-15.88],[-46.83,-15.84],[-46.87,-15.59],[-46.93,-15.54],[-46.94,-15.43],[-46.86,-15.32],[-46.89,-15.24],[-46.93,-15.23],[-46.89,-15.05],[-46.83,-15.01],[-46.73,-15.02],[-46.64,-15.07],[-46.55,-15.04],[-46.58,-14.91],[-46.56,-14.87],[-46.58,-14.79],[-46.52,-14.71],[-46.39,-14.77],[-46.32,-14.85],[-46.3,-14.91],[-46.19,-14.94],[-46.08,-14.92],[-46.03,-14.87],[-45.93,-14.75],[-45.91,-14.69],[-45.96,-14.53],[-45.96,-14.47],[-45.92,-14.35],[-46.01,-14.3],[-46.04,-14.25],[-46.13,-14.18],[-46.17,-14.07],[-46.22,-14],[-46.26,-13.87],[-46.27,-13.66],[-46.19,-13.41],[-46.1,-13.35],[-46.08,-13.25],[-46.18,-13.22],[-46.15,-13.03],[-46.07,-12.98],[-46.09,-12.91],[-46.23,-12.8],[-46.3,-12.83],[-46.59,-12.89],[-46.65,-12.92],[-46.75,-13.03],[-46.83,-13.07],[-46.97,-13.07],[-47.09,-13.1],[-47.29,-13.2],[-47.44,-13.25],[-47.56,-13.24],[-47.64,-13.12],[-47.72,-13.15],[-47.66,-13.32],[-47.68,-13.36],[-47.86,-13.29],[-47.94,-13.24],[-48,-13.25],[-48.07,-13.2],[-48.17,-13.18],[-48.16,-13.1],[-48.23,-13.09],[-48.37,-13.19],[-48.48,-13.2],[-48.59,-13.16],[-48.65,-13.18],[-48.69,-13.34],[-48.74,-13.38],[-48.78,-13.35],[-48.76,-13.21],[-48.82,-12.87],[-48.93,-12.78],[-49,-12.75],[-49.02,-12.66],[-49.14,-12.74],[-49.3,-13],[-49.36,-13.13],[-49.38,-13.25],[-49.52,-13.2],[-49.69,-13.18],[-49.97,-13.03],[-50.05,-13.02],[-50.24,-12.93],[-50.27,-12.89],[-50.28,-12.79],[-50.2,-12.66],[-50.2,-12.57],[-50.14,-12.48],[-50.16,-12.39],[-50.3,-12.49],[-50.39,-12.62],[-50.48,-12.84],[-50.57,-13.01],[-50.6,-13.13],[-50.6,-13.25],[-50.67,-13.41],[-50.8,-13.61],[-50.86,-13.81],[-50.85,-14],[-50.87,-14.1],[-50.91,-14.11],[-50.94,-14.2],[-50.98,-14.46],[-51.11,-14.84],[-51.19,-14.98],[-51.47,-15.04],[-51.59,-15.14],[-51.66,-15.26],[-51.73,-15.49],[-51.77,-15.52],[-51.79,-15.56],[-51.78,-15.59],[-51.8,-15.66],[-51.85,-15.75],[-51.96,-15.82],[-52.14,-15.87],[-52.26,-15.94],[-52.36,-16.06],[-52.42,-16.08],[-52.54,-16.17],[-52.53,-16.23],[-52.67,-16.29],[-52.68,-16.36],[-52.61,-16.43],[-52.68,-16.58],[-52.79,-16.7],[-52.94,-16.81],[-53.02,-16.91],[-53.03,-17],[-53.2,-17.3],[-53.21,-17.41],[-53.12,-17.85],[-53.05,-18.02],[-53.04,-18.1],[-53.06,-18.29],[-53.03,-18.36],[-52.99,-18.39],[-52.91,-18.35],[-52.78,-18.39],[-52.79,-18.46],[-52.85,-18.53],[-52.89,-18.64],[-52.87,-18.68],[-52.76,-18.71],[-52.61,-18.72],[-52.5,-18.7],[-52.34,-18.82],[-52.27,-18.81],[-52.1,-18.9],[-52.06,-18.95],[-51.91,-18.99],[-51.84,-19.05],[-51.64,-19.13],[-51.4,-19.17],[-51.31,-19.25],[-51.14,-19.28],[-51.03,-19.37],[-50.96,-19.51]]]}},
{"type":"Feature","properties":{"r":20,"c":210,"name":"Tocantins","code":"TO"},"geometry":{"type":"Polygon","coordinates":[[[-50.23,-9.84],[-50.34,-10.03],[-50.4,-10.18],[-50.4,-10.26],[-50.45,-10.39],[-50.6,-10.69],[-50.61,-11],[-50.71,-11.35],[-50.72,-11.48],[-50.67,-11.57],[-50.67,-11.65],[-50.72,-11.75],[-50.66,-11.85],[-50.65,-11.92],[-50.67,-11.99],[-50.67,-12.11],[-50.63,-12.29],[-50.63,-12.44],[-50.66,-12.56],[-50.66,-12.67],[-50.57,-12.82],[-50.48,-12.84],[-50.39,-12.62],[-50.3,-12.49],[-50.16,-12.39],[-50.14,-12.48],[-50.2,-12.57],[-50.2,-12.66],[-50.28,-12.79],[-50.27,-12.89],[-50.24,-12.93],[-50.05,-13.02],[-49.97,-13.03],[-49.69,-13.18],[-49.52,-13.2],[-49.38,-13.25],[-49.36,-13.13],[-49.3,-13],[-49.14,-12.74],[-49.02,-12.66],[-49,-12.75],[-48.93,-12.78],[-48.82,-12.87],[-48.76,-13.21],[-48.78,-13.35],[-48.74,-13.38],[-48.69,-13.34],[-48.65,-13.18],[-48.59,-13.16],[-48.48,-13.2],[-48.37,-13.19],[-48.23,-13.09],[-48.16,-13.1],[-48.17,-13.18],[-48.07,-13.2],[-48,-13.25],[-47.94,-13.24],[-47.86,-13.29],[-47.68,-13.36],[-47.66,-13.32],[-47.72,-13.15],[-47.64,-13.12],[-47.56,-13.24],[-47.44,-13.25],[-47.29,-13.2],[-47.09,-13.1],[-46.97,-13.07],[-46.83,-13.07],[-46.75,-13.03],[-46.65,-12.92],[-46.59,-12.89],[-46.3,-12.83],[-46.23,-12.8],[-46.23,-12.71],[-46.16,-12.6],[-46.16,-12.5],[-46.32,-12.42],[-46.35,-12.34],[-46.34,-12.13],[-46.32,-12.09],[-46.25,-12.05],[-46.21,-12],[-46.08,-11.93],[-46.1,-11.86],[-46.16,-11.83],[-46.25,-11.84],[-46.28,-11.77],[-46.24,-11.73],[-46.11,-11.66],[-46.08,-11.6],[-46.19,-11.54],[-46.43,-11.5],[-46.49,-11.41],[-46.55,-11.38],[-46.57,-11.32],[-46.53,-11.24],[-46.46,-11.18],[-46.37,-10.97],[-46.25,-10.91],[-46.23,-10.88],[-46.3,-10.76],[-46.09,-10.58],[-46.04,-10.57],[-45.86,-10.47],[-45.76,-10.33],[-45.94,-10.32],[-46.03,-10.27],[-46.09,-10.21],[-46.19,-10.18],[-46.28,-10.19],[-46.35,-10.17],[-46.47,-10],[-46.46,-9.95],[-46.51,-9.86],[-46.67,-9.74],[-46.65,-9.66],[-46.6,-9.65],[-46.53,-9.56],[-46.56,-9.5],[-46.75,-9.41],[-46.83,-9.31],[-46.85,-9.17],[-46.94,-9.07],[-47.04,-9.07],[-47.08,-9.03],[-47.07,-8.98],[-46.9,-8.83],[-46.92,-8.74],[-46.88,-8.58],[-46.84,-8.49],[-46.79,-8.44],[-46.66,-8.4],[-46.5,-8.4],[-46.54,-8.32],[-46.51,-8.28],[-46.5,-8.17],[-46.47,-8.07],[-46.49,-7.96],[-46.57,-7.91],[-46.74,-7.92],[-46.87,-7.96],[-46.98,-8.04],[-47.02,-8.04],[-47.08,-7.98],[-47.15,-7.86],[-47.28,-7.73],[-47.3,-7.66],[-47.35,-7.66],[-47.41,-7.53],[-47.46,-7.53],[-47.5,-7.45],[-47.51,-7.31],[-47.55,-7.29],[-47.61,-7.3],[-47.67,-7.28],[-47.72,-7.22],[-47.72,-7.18],[-47.67,-7.17],[-47.54,-7.03],[-47.47,-6.8],[-47.41,-6.42],[-47.4,-6.07],[-47.44,-5.75],[-47.49,-5.56],[-47.52,-5.51],[-47.61,-5.45],[-47.76,-5.41],[-47.85,-5.35],[-47.88,-5.29],[-47.95,-5.26],[-48.17,-5.24],[-48.28,-5.19],[-48.38,-5.17],[-48.46,-5.18],[-48.63,-5.33],[-48.72,-5.36],[-48.6,-5.4],[-48.42,-5.4],[-48.36,-5.42],[-48.32,-5.49],[-48.28,-5.52],[-48.23,-5.53],[-48.19,-5.57],[-48.16,-5.62],[-48.18,-5.67],[-48.26,-5.72],[-48.28,-5.8],[-48.25,-5.89],[-48.25,-5.95],[-48.31,-5.97],[-48.32,-6.01],[-48.3,-6.07],[-48.32,-6.11],[-48.39,-6.14],[-48.41,-6.21],[-48.39,-6.31],[-48.41,-6.36],[-48.47,-6.35],[-48.53,-6.37],[-48.58,-6.41],[-48.65,-6.6],[-48.81,-6.72],[-49.08,-6.86],[-49.21,-7.01],[-49.2,-7.17],[-49.24,-7.33],[-49.34,-7.51],[-49.33,-7.65],[-49.22,-7.75],[-49.17,-7.87],[-49.19,-7.99],[-49.28,-8.3],[-49.5,-8.71],[-49.61,-8.84],[-49.71,-8.89],[-49.83,-9.02],[-49.98,-9.22],[-50.08,-9.42],[-50.18,-9.73],[-50.23,-9.84]]]}},
{"type":"Feature","properties":{"r":21,"c":210,"name":"São Paulo","code":"SP"},"geometry":{"type":"MultiPolygon","coordinates":[[[[-53.12,-22.64],[-53.04,-22.64],[-52.95,-22.57],[-52.69,-22.6],[-52.61,-22.57],[-52.52,-22.62],[-52.44,-22.6],[-52.32,-22.62],[-52.26,-22.6],[-52.22,-22.64],[-52.16,-22.6],[-52.14,-22.54],[-52.07,-22.52],[-51.87,-22.61],[-51.74,-22.62],[-51.69,-22.66],[-51.64,-22.65],[-51.55,-22.69],[-51.36,-22.65],[-51.18,-22.74],[-50.88,-22.82],[-50.78,-22.95],[-50.63,-22.92],[-50.43,-22.95],[-50.37,-22.91],[-50.29,-22.95],[-50.12,-22.94],[-49.97,-22.91],[-49.96,-22.96],[-49.91,-22.99],[-49.91,-23.03],[-49.73,-23.11],[-49.64,-23.26],[-49.61,-23.41],[-49.65,-23.51],[-49.61,-23.64],[-49.55,-23.71],[-49.57,-23.83],[-49.6,-23.86],[-49.41,-24.08],[-49.33,-24.14],[-49.34,-24.21],[-49.27,-24.32],[-49.23,-24.34],[-49.24,-24.42],[-49.31,-24.53],[-49.3,-24.66],[-49.22,-24.69],[-48.83,-24.66],[-48.78,-24.7],[-48.61,-24.68],[-48.49,-24.74],[-48.54,-24.81],[-48.57,-25.06],[-48.51,-25.08],[-48.41,-24.96],[-48.27,-25.03],[-48.23,-25.01],[-48.19,-25.19],[-48.09,-25.24],[-48.08,-25.29],[-48.02,-25.24],[-47.93,-25.17],[-47.91,-25.07],[-47.96,-25.07],[-47.99,-25.04],[-47.91,-25],[-47.88,-25],[-47.59,-24.78],[-47.14,-24.49],[-46.87,-24.24],[-46.63,-24.11],[-45.97,-23.8],[-45.84,-23.76],[-45.66,-23.76],[-45.53,-23.8],[-45.46,-23.8],[-45.43,-23.76],[-45.42,-23.69],[-45.33,-23.6],[-45.22,-23.58],[-44.95,-23.38],[-44.78,-23.35],[-44.86,-23.2],[-44.81,-23.14],[-44.8,-22.99],[-44.73,-22.94],[-44.59,-22.88],[-44.47,-22.85],[-44.36,-22.86],[-44.28,-22.82],[-44.25,-22.75],[-44.17,-22.7],[-44.22,-22.59],[-44.54,-22.62],[-44.64,-22.6],[-44.65,-22.56],[-44.77,-22.42],[-44.83,-22.41],[-44.92,-22.45],[-45.06,-22.47],[-45.24,-22.56],[-45.27,-22.61],[-45.41,-22.65],[-45.47,-22.61],[-45.53,-22.65],[-45.58,-22.62],[-45.67,-22.62],[-45.8,-22.7],[-45.74,-22.73],[-45.74,-22.8],[-45.79,-22.85],[-45.86,-22.86],[-45.91,-22.82],[-46.02,-22.87],[-46.15,-22.89],[-46.15,-22.85],[-46.29,-22.88],[-46.36,-22.84],[-46.37,-22.75],[-46.47,-22.68],[-46.4,-22.62],[-46.45,-22.52],[-46.54,-22.47],[-46.55,-22.44],[-46.64,-22.41],[-46.7,-22.32],[-46.66,-22.2],[-46.6,-22.13],[-46.66,-22.05],[-46.62,-21.99],[-46.66,-21.91],[-46.67,-21.81],[-46.63,-21.77],[-46.61,-21.68],[-46.56,-21.67],[-46.49,-21.53],[-46.51,-21.46],[-46.61,-21.43],[-46.65,-21.37],[-46.69,-21.4],[-46.82,-21.36],[-46.9,-21.41],[-47,-21.4],[-46.99,-21.34],[-47.06,-21.2],[-47.12,-21.13],[-47.15,-20.98],[-47.22,-20.91],[-47.21,-20.81],[-47.11,-20.63],[-47.15,-20.53],[-47.25,-20.48],[-47.29,-20.42],[-47.27,-20.28],[-47.23,-20.2],[-47.24,-20.17],[-47.33,-20.12],[-47.46,-20],[-47.52,-19.99],[-47.59,-20.02],[-47.66,-20.02],[-47.7,-19.99],[-47.82,-19.98],[-47.86,-20.01],[-47.86,-20.06],[-47.91,-20.08],[-47.99,-20.08],[-48.05,-20.12],[-48.11,-20.12],[-48.18,-20.08],[-48.25,-20.09],[-48.36,-20.14],[-48.72,-20.14],[-48.81,-20.16],[-48.86,-20.23],[-48.89,-20.37],[-48.92,-20.43],[-48.95,-20.41],[-48.98,-20.34],[-48.99,-20.21],[-49.04,-20.19],[-49.17,-20.3],[-49.24,-20.25],[-49.28,-20.15],[-49.29,-20.07],[-49.26,-20.02],[-49.28,-19.99],[-50.36,-19.86],[-50.43,-19.8],[-50.49,-19.79],[-50.58,-19.82],[-50.99,-20.1],[-51.06,-20.22],[-51.16,-20.31],[-51.4,-20.44],[-51.53,-20.56],[-51.59,-20.67],[-51.62,-20.81],[-51.69,-20.94],[-51.81,-21.08],[-51.87,-21.18],[-51.87,-21.33],[-51.94,-21.42],[-51.95,-21.47],[-52.05,-21.51],[-52.07,-21.55],[-52.06,-21.62],[-52.12,-21.72],[-52.25,-21.84],[-52.4,-22.07],[-52.57,-22.21],[-52.96,-22.45],[-53.12,-22.64]]],[[[-45.25,-23.78],[-45.3,-23.73],[-45.45,-23.9],[-45.41,-23.93],[-45.3,-23.91],[-45.26,-23.94],[-45.25,-23.85],[-45.23,-23.83],[-45.25,-23.78]]]]}},
{"type":"Feature","properties":{"r":22,"c":210,"name":"Maranhão","code":"MA"},"geometry":{"type":"MultiPolygon","coordinates":[[[[-48.72,-5.36],[-48.63,-5.33],[-48.46,-5.18],[-48.38,-5.17],[-48.28,-5.19],[-48.17,-5.24],[-47.95,-5.26],[-47.88,-5.29],[-47.85,-5.35],[-47.76,-5.41],[-47.61,-5.45],[-47.52,-5.51],[-47.49,-5.56],[-47.44,-5.75],[-47.4,-6.07],[-47.41,-6.42],[-47.47,-6.8],[-47.54,-7.03],[-47.67,-7.17],[-47.72,-7.18],[-47.72,-7.22],[-47.67,-7.28],[-47.61,-7.3],[-47.55,-7.29],[-47.51,-7.31],[-47.5,-7.45],[-47.46,-7.53],[-47.41,-7.53],[-47.35,-7.66],[-47.3,-7.66],[-47.28,-7.73],[-47.15,-7.86],[-47.08,-7.98],[-47.02,-8.04],[-46.98,-8.04],[-46.87,-7.96],[-46.74,-7.92],[-46.57,-7.91],[-46.49,-7.96],[-46.47,-8.07],[-46.5,-8.17],[-46.51,-8.28],[-46.54,-8.32],[-46.5,-8.4],[-46.66,-8.4],[-46.79,-8.44],[-46.84,-8.49],[-46.88,-8.58],[-46.92,-8.74],[-46.9,-8.83],[-47.07,-8.98],[-47.08,-9.03],[-47.04,-9.07],[-46.94,-9.07],[-46.85,-9.17],[-46.83,-9.31],[-46.75,-9.41],[-46.56,-9.5],[-46.53,-9.56],[-46.6,-9.65],[-46.65,-9.66],[-46.67,-9.74],[-46.51,-9.86],[-46.46,-9.95],[-46.47,-10],[-46.35,-10.17],[-46.28,-10.19],[-46.19,-10.18],[-46.09,-10.21],[-46.03,-10.27],[-45.94,-10.32],[-45.94,-10.21],[-45.95,-10.18],[-45.9,-10.08],[-45.9,-10.03],[-45.86,-10],[-45.84,-9.53],[-45.8,-9.46],[-45.83,-9.37],[-45.9,-9.33],[-45.9,-9.18],[-45.94,-9.12],[-45.94,-9.01],[-45.98,-8.93],[-45.93,-8.79],[-45.82,-8.7],[-45.75,-8.56],[-45.73,-8.43],[-45.66,-8.31],[-45.65,-8.25],[-45.58,-8.15],[-45.54,-7.87],[-45.47,-7.67],[-45.3,-7.56],[-44.91,-7.45],[-44.82,-7.36],[-44.71,-7.4],[-44.58,-7.25],[-44.45,-7.15],[-44.31,-7.11],[-44.26,-7.01],[-44.17,-6.92],[-44.09,-6.81],[-44.06,-6.83],[-44.04,-6.77],[-43.95,-6.76],[-43.82,-6.71],[-43.68,-6.7],[-43.56,-6.75],[-43.46,-6.84],[-43.3,-6.8],[-43.2,-6.75],[-43.13,-6.78],[-42.98,-6.74],[-42.92,-6.67],[-42.86,-6.48],[-42.87,-6.44],[-42.85,-6.25],[-42.96,-6.19],[-43,-6.12],[-43.07,-6.06],[-43.11,-5.77],[-43.08,-5.71],[-43.1,-5.62],[-43.05,-5.6],[-42.91,-5.39],[-42.83,-5.31],[-42.81,-5.16],[-42.9,-4.83],[-42.95,-4.78],[-42.93,-4.73],[-42.95,-4.66],[-42.91,-4.64],[-42.86,-4.5],[-42.9,-4.41],[-42.95,-4.39],[-42.99,-4.24],[-42.89,-4.14],[-42.85,-4.04],[-42.73,-3.92],[-42.66,-3.79],[-42.68,-3.7],[-42.63,-3.61],[-42.57,-3.57],[-42.5,-3.45],[-42.45,-3.48],[-42.36,-3.45],[-42.22,-3.43],[-42.1,-3.3],[-42.11,-3.26],[-42,-3.23],[-41.92,-3.11],[-41.84,-3.03],[-41.82,-2.94],[-41.87,-2.85],[-41.85,-2.76],[-41.88,-2.75],[-42,-2.81],[-42.25,-2.79],[-42.59,-2.66],[-42.68,-2.59],[-42.94,-2.47],[-43.23,-2.39],[-43.38,-2.38],[-43.43,-2.41],[-43.46,-2.5],[-43.73,-2.52],[-43.86,-2.6],[-43.93,-2.58],[-44.19,-2.81],[-44.23,-2.75],[-44.11,-2.6],[-44.1,-2.56],[-44.11,-2.49],[-44.23,-2.47],[-44.31,-2.54],[-44.44,-2.94],[-44.62,-3.14],[-44.72,-3.2],[-44.72,-3.14],[-44.59,-2.57],[-44.52,-2.48],[-44.52,-2.41],[-44.38,-2.37],[-44.39,-2.27],[-44.44,-2.17],[-44.52,-2.19],[-44.58,-2.23],[-44.66,-2.37],[-44.76,-2.27],[-44.66,-2.23],[-44.62,-2.15],[-44.54,-2.05],[-44.55,-1.95],[-44.59,-1.84],[-44.65,-1.75],[-44.72,-1.79],[-44.78,-1.8],[-44.72,-1.73],[-44.79,-1.72],[-44.92,-1.59],[-45.08,-1.47],[-45.18,-1.51],[-45.28,-1.7],[-45.33,-1.72],[-45.35,-1.57],[-45.46,-1.36],[-45.56,-1.33],[-45.64,-1.35],[-45.78,-1.25],[-45.97,-1.19],[-46.01,-1.15],[-46.14,-1.24],[-46.16,-1.32],[-46.12,-1.35],[-46.2,-1.49],[-46.18,-1.57],[-46.2,-1.68],[-46.24,-1.72],[-46.32,-1.73],[-46.3,-1.8],[-46.22,-1.81],[-46.21,-1.93],[-46.28,-2.14],[-46.38,-2.25],[-46.41,-2.24],[-46.41,-2.39],[-46.44,-2.41],[-46.43,-2.51],[-46.48,-2.55],[-46.51,-2.61],[-46.6,-2.66],[-46.67,-2.74],[-46.57,-2.85],[-46.65,-2.91],[-46.64,-2.99],[-46.67,-3.09],[-46.82,-3.33],[-46.86,-3.33],[-46.94,-3.4],[-46.97,-3.53],[-47.03,-3.57],[-47.02,-3.6],[-47.07,-3.84],[-47.29,-4.08],[-47.31,-4.07],[-47.38,-4.28],[-47.46,-4.34],[-47.49,-4.42],[-47.58,-4.55],[-47.65,-4.61],[-47.8,-4.6],[-48.73,-5.34],[-48.72,-5.36]]],[[[-44.57,-2.92],[-44.6,-3.04],[-44.5,-2.94],[-44.48,-2.72],[-44.57,-2.78],[-44.57,-2.92]]],[[[-45.01,-1.34],[-45.02,-1.37],[-44.97,-1.39],[-44.88,-1.32],[-44.89,-1.28],[-44.98,-1.27],[-45,-1.35],[-45.01,-1.34]]]]}},
{"type":"Feature","properties":{"r":23,"c":210,"name":"Rio de Janeiro","code":"RJ"},"geometry":{"type":"MultiPolygon","coordinates":[[[[-44.78,-23.35],[-44.67,-23.34],[-44.62,-23.32],[-44.57,-23.27],[-44.67,-23.21],[-44.68,-23.11],[-44.64,-23.06],[-44.37,-23],[-44.15,-23.01],[-44.05,-22.94],[-43.87,-22.91],[-43.7,-22.97],[-43.68,-23.01],[-43.79,-23.05],[-43.9,-23.04],[-43.97,-23.06],[-43.9,-23.1],[-43.53,-23.05],[-43.37,-23],[-43.22,-22.99],[-43.19,-22.94],[-43.24,-22.83],[-43.23,-22.75],[-43.09,-22.72],[-43.07,-22.77],[-43.1,-22.85],[-43.08,-22.9],[-42.96,-22.97],[-42.83,-22.97],[-42.58,-22.94],[-42.04,-22.95],[-41.94,-22.79],[-41.99,-22.74],[-42,-22.64],[-41.98,-22.58],[-41.71,-22.31],[-41.58,-22.24],[-41.12,-22.08],[-41,-22],[-40.99,-21.92],[-41.02,-21.6],[-41.05,-21.51],[-40.97,-21.28],[-41.07,-21.21],[-41.27,-21.23],[-41.39,-21.19],[-41.44,-21.2],[-41.71,-21.11],[-41.73,-21.04],[-41.71,-20.98],[-41.74,-20.82],[-41.86,-20.78],[-41.93,-20.83],[-41.96,-20.91],[-42,-20.93],[-42.1,-20.92],[-42.14,-20.96],[-42.1,-21],[-42.18,-21.16],[-42.22,-21.34],[-42.3,-21.41],[-42.3,-21.49],[-42.37,-21.63],[-42.28,-21.64],[-42.28,-21.71],[-43.06,-22.06],[-43.13,-22.03],[-43.34,-22],[-43.46,-22.06],[-43.82,-22.07],[-44.09,-22.17],[-44.22,-22.25],[-44.29,-22.24],[-44.44,-22.25],[-44.6,-22.32],[-44.66,-22.37],[-44.73,-22.36],[-44.83,-22.41],[-44.77,-22.42],[-44.65,-22.56],[-44.64,-22.6],[-44.54,-22.62],[-44.22,-22.59],[-44.17,-22.7],[-44.25,-22.75],[-44.28,-22.82],[-44.36,-22.86],[-44.47,-22.85],[-44.59,-22.88],[-44.73,-22.94],[-44.8,-22.99],[-44.81,-23.14],[-44.86,-23.2],[-44.78,-23.35]]],[[[-44.16,-23.17],[-44.1,-23.17],[-44.24,-23.07],[-44.27,-23.12],[-44.36,-23.17],[-44.32,-23.21],[-44.16,-23.17]]]]}},
{"type":"Feature","properties":{"r":24,"c":210,"name":"Piauí","code":"PI"},"geometry":{"type":"Polygon","coordinates":[[[-45.76,-10.33],[-45.61,-10.33],[-45.52,-10.41],[-45.47,-10.49],[-45.44,-10.62],[-45.32,-10.78],[-45.04,-10.9],[-44.93,-10.86],[-44.85,-10.88],[-44.78,-10.86],[-44.75,-10.78],[-44.65,-10.74],[-44.62,-10.69],[-44.54,-10.63],[-44.42,-10.59],[-44.31,-10.6],[-44.22,-10.63],[-44.12,-10.59],[-43.99,-10.45],[-43.91,-10.43],[-43.8,-10.2],[-43.76,-10.17],[-43.75,-10.11],[-43.7,-10.03],[-43.71,-9.95],[-43.68,-9.8],[-43.73,-9.75],[-43.78,-9.57],[-43.83,-9.5],[-43.81,-9.43],[-43.69,-9.45],[-43.66,-9.36],[-43.61,-9.34],[-43.54,-9.36],[-43.45,-9.3],[-43.41,-9.34],[-43.38,-9.41],[-43.19,-9.42],[-43.13,-9.37],[-43.04,-9.4],[-43.03,-9.44],[-42.94,-9.47],[-42.93,-9.52],[-42.85,-9.55],[-42.75,-9.52],[-42.62,-9.57],[-42.57,-9.49],[-42.49,-9.5],[-42.43,-9.41],[-42.31,-9.31],[-42.15,-9.29],[-42.04,-9.21],[-41.92,-9.21],[-41.85,-9.25],[-41.8,-9.17],[-41.73,-9.13],[-41.73,-8.98],[-41.61,-8.96],[-41.56,-8.97],[-41.5,-8.94],[-41.47,-8.87],[-41.4,-8.78],[-41.37,-8.71],[-41.21,-8.63],[-41.16,-8.55],[-41.08,-8.53],[-41.02,-8.42],[-40.92,-8.43],[-40.89,-8.35],[-40.83,-8.36],[-40.75,-8.24],[-40.59,-8.12],[-40.54,-8.03],[-40.53,-7.91],[-40.55,-7.83],[-40.66,-7.76],[-40.62,-7.64],[-40.69,-7.51],[-40.69,-7.43],[-40.65,-7.4],[-40.54,-7.39],[-40.53,-7.32],[-40.58,-7.2],[-40.51,-7],[-40.44,-6.91],[-40.42,-6.81],[-40.48,-6.74],[-40.61,-6.71],[-40.71,-6.66],[-40.72,-6.57],[-40.77,-6.49],[-40.8,-6.38],[-40.81,-6.25],[-40.89,-6.01],[-40.92,-5.6],[-40.95,-5.42],[-41.07,-5.31],[-41.06,-5.17],[-41.11,-5.07],[-41.12,-5.01],[-41.19,-4.91],[-41.18,-4.81],[-41.23,-4.73],[-41.23,-4.54],[-41.07,-4.32],[-41.12,-4.18],[-41.18,-4.12],[-41.23,-4.04],[-41.28,-3.81],[-41.36,-3.71],[-41.38,-3.59],[-41.45,-3.44],[-41.43,-3.32],[-41.38,-3.27],[-41.26,-3.08],[-41.27,-2.92],[-41.32,-2.94],[-41.64,-2.88],[-41.72,-2.81],[-41.85,-2.76],[-41.87,-2.85],[-41.82,-2.94],[-41.84,-3.03],[-41.92,-3.11],[-42,-3.23],[-42.11,-3.26],[-42.1,-3.3],[-42.22,-3.43],[-42.36,-3.45],[-42.45,-3.48],[-42.5,-3.45],[-42.57,-3.57],[-42.63,-3.61],[-42.68,-3.7],[-42.66,-3.79],[-42.73,-3.92],[-42.85,-4.04],[-42.89,-4.14],[-42.99,-4.24],[-42.95,-4.39],[-42.9,-4.41],[-42.86,-4.5],[-42.91,-4.64],[-42.95,-4.66],[-42.93,-4.73],[-42.95,-4.78],[-42.9,-4.83],[-42.81,-5.16],[-42.83,-5.31],[-42.91,-5.39],[-43.05,-5.6],[-43.1,-5.62],[-43.08,-5.71],[-43.11,-5.77],[-43.07,-6.06],[-43,-6.12],[-42.96,-6.19],[-42.85,-6.25],[-42.87,-6.44],[-42.86,-6.48],[-42.92,-6.67],[-42.98,-6.74],[-43.13,-6.78],[-43.2,-6.75],[-43.3,-6.8],[-43.46,-6.84],[-43.56,-6.75],[-43.68,-6.7],[-43.82,-6.71],[-43.95,-6.76],[-44.04,-6.77],[-44.06,-6.83],[-44.09,-6.81],[-44.17,-6.92],[-44.26,-7.01],[-44.31,-7.11],[-44.45,-7.15],[-44.58,-7.25],[-44.71,-7.4],[-44.82,-7.36],[-44.91,-7.45],[-45.3,-7.56],[-45.47,-7.67],[-45.54,-7.87],[-45.58,-8.15],[-45.65,-8.25],[-45.66,-8.31],[-45.73,-8.43],[-45.75,-8.56],[-45.82,-8.7],[-45.93,-8.79],[-45.98,-8.93],[-45.94,-9.01],[-45.94,-9.12],[-45.9,-9.18],[-45.9,-9.33],[-45.83,-9.37],[-45.8,-9.46],[-45.84,-9.53],[-45.86,-10],[-45.9,-10.03],[-45.9,-10.08],[-45.95,-10.18],[-45.94,-10.21],[-45.94,-10.32],[-45.76,-10.33]]]}},
{"type":"Feature","properties":{"r":25,"c":210,"name":"Minas Gerais","code":"MG"},"geometry":{"type":"Polygon","coordinates":[[[-50.99,-20.1],[-50.58,-19.82],[-50.49,-19.79],[-50.43,-19.8],[-50.36,-19.86],[-49.28,-19.99],[-49.26,-20.02],[-49.29,-20.07],[-49.28,-20.15],[-49.24,-20.25],[-49.17,-20.3],[-49.04,-20.19],[-48.99,-20.21],[-48.98,-20.34],[-48.95,-20.41],[-48.92,-20.43],[-48.89,-20.37],[-48.86,-20.23],[-48.81,-20.16],[-48.72,-20.14],[-48.36,-20.14],[-48.25,-20.09],[-48.18,-20.08],[-48.11,-20.12],[-48.05,-20.12],[-47.99,-20.08],[-47.91,-20.08],[-47.86,-20.06],[-47.86,-20.01],[-47.82,-19.98],[-47.7,-19.99],[-47.66,-20.02],[-47.59,-20.02],[-47.52,-19.99],[-47.46,-20],[-47.33,-20.12],[-47.24,-20.17],[-47.23,-20.2],[-47.27,-20.28],[-47.29,-20.42],[-47.25,-20.48],[-47.15,-20.53],[-47.11,-20.63],[-47.21,-20.81],[-47.22,-20.91],[-47.15,-20.98],[-47.12,-21.13],[-47.06,-21.2],[-46.99,-21.34],[-47,-21.4],[-46.9,-21.41],[-46.82,-21.36],[-46.69,-21.4],[-46.65,-21.37],[-46.61,-21.43],[-46.51,-21.46],[-46.49,-21.53],[-46.56,-21.67],[-46.61,-21.68],[-46.63,-21.77],[-46.67,-21.81],[-46.66,-21.91],[-46.62,-21.99],[-46.66,-22.05],[-46.6,-22.13],[-46.66,-22.2],[-46.7,-22.32],[-46.64,-22.41],[-46.55,-22.44],[-46.54,-22.47],[-46.45,-22.52],[-46.4,-22.62],[-46.47,-22.68],[-46.37,-22.75],[-46.36,-22.84],[-46.29,-22.88],[-46.15,-22.85],[-46.15,-22.89],[-46.02,-22.87],[-45.91,-22.82],[-45.86,-22.86],[-45.79,-22.85],[-45.74,-22.8],[-45.74,-22.73],[-45.8,-22.7],[-45.67,-22.62],[-45.58,-22.62],[-45.53,-22.65],[-45.47,-22.61],[-45.41,-22.65],[-45.27,-22.61],[-45.24,-22.56],[-45.06,-22.47],[-44.92,-22.45],[-44.83,-22.41],[-44.73,-22.36],[-44.66,-22.37],[-44.6,-22.32],[-44.44,-22.25],[-44.29,-22.24],[-44.22,-22.25],[-44.09,-22.17],[-43.82,-22.07],[-43.46,-22.06],[-43.34,-22],[-43.13,-22.03],[-43.06,-22.06],[-42.28,-21.71],[-42.28,-21.64],[-42.37,-21.63],[-42.3,-21.49],[-42.3,-21.41],[-42.22,-21.34],[-42.18,-21.16],[-42.1,-21],[-42.14,-20.96],[-42.1,-20.92],[-42,-20.93],[-41.96,-20.91],[-41.93,-20.83],[-41.86,-20.78],[-41.88,-20.76],[-41.81,-20.65],[-41.85,-20.62],[-41.8,-20.53],[-41.8,-20.43],[-41.86,-20.37],[-41.72,-20.21],[-41.4,-20.21],[-41.36,-20.19],[-41.31,-19.95],[-41.19,-19.87],[-41.16,-19.66],[-41.03,-19.55],[-41.05,-19.49],[-40.96,-19.47],[-40.93,-19.29],[-40.94,-19.15],[-41.05,-19.03],[-41.03,-18.98],[-41.11,-18.89],[-41.16,-18.91],[-41.23,-18.85],[-41.19,-18.81],[-41.09,-18.83],[-40.93,-18.81],[-40.93,-18.7],[-41.03,-18.64],[-41,-18.45],[-41.13,-18.33],[-41.14,-18.3],[-41.06,-18.18],[-40.91,-18.1],[-40.84,-18.15],[-40.77,-18.14],[-40.78,-18.09],[-40.91,-17.97],[-40.67,-17.95],[-40.53,-17.9],[-40.48,-17.93],[-40.43,-17.89],[-40.22,-17.97],[-40.21,-17.98],[-40.23,-17.92],[-40.19,-17.82],[-40.21,-17.77],[-40.38,-17.62],[-40.41,-17.56],[-40.48,-17.56],[-40.5,-17.42],[-40.61,-17.39],[-40.61,-17.31],[-40.57,-17.26],[-40.57,-17.13],[-40.52,-16.93],[-40.47,-16.87],[-40.3,-16.88],[-40.24,-16.83],[-40.28,-16.74],[-40.27,-16.61],[-40.25,-16.57],[-40.14,-16.54],[-40.13,-16.5],[-40.06,-16.4],[-39.94,-16.31],[-39.86,-16.11],[-39.94,-16],[-40,-15.99],[-40.13,-15.89],[-40.17,-15.9],[-40.23,-15.82],[-40.33,-15.82],[-40.48,-15.78],[-40.53,-15.8],[-40.57,-15.76],[-40.67,-15.72],[-40.76,-15.74],[-40.83,-15.68],[-40.89,-15.7],[-40.94,-15.67],[-41.03,-15.74],[-41.16,-15.78],[-41.33,-15.72],[-41.36,-15.49],[-41.8,-15.11],[-41.94,-15.17],[-42.09,-15.18],[-42.18,-15.11],[-42.26,-15.11],[-42.43,-15.03],[-42.58,-14.93],[-42.63,-14.94],[-42.89,-14.75],[-42.95,-14.68],[-43.23,-14.64],[-43.39,-14.7],[-43.45,-14.78],[-43.49,-14.79],[-43.82,-14.7],[-43.88,-14.62],[-43.86,-14.53],[-43.78,-14.34],[-44.16,-14.27],[-44.21,-14.24],[-44.32,-14.24],[-44.36,-14.27],[-44.56,-14.35],[-44.84,-14.52],[-44.88,-14.6],[-45.1,-14.72],[-45.23,-14.74],[-45.32,-14.86],[-45.46,-14.94],[-45.55,-14.94],[-45.71,-15.12],[-45.77,-15.15],[-45.93,-15.13],[-45.97,-15.19],[-46.07,-15.25],[-45.98,-14.99],[-46.03,-14.87],[-46.08,-14.92],[-46.19,-14.94],[-46.3,-14.91],[-46.32,-14.85],[-46.39,-14.77],[-46.52,-14.71],[-46.58,-14.79],[-46.56,-14.87],[-46.58,-14.91],[-46.55,-15.04],[-46.64,-15.07],[-46.73,-15.02],[-46.83,-15.01],[-46.89,-15.05],[-46.93,-15.23],[-46.89,-15.24],[-46.86,-15.32],[-46.94,-15.43],[-46.93,-15.54],[-46.87,-15.59],[-46.83,-15.84],[-46.86,-15.88],[-47.08,-15.94],[-47.13,-15.92],[-47.23,-16.03],[-47.3,-16.04],[-47.34,-16.15],[-47.32,-16.23],[-47.35,-16.3],[-47.43,-16.41],[-47.45,-16.49],[-47.4,-16.57],[-47.27,-16.66],[-47.16,-16.92],[-47.15,-16.98],[-47.23,-17.03],[-47.21,-17.07],[-47.31,-17.14],[-47.42,-17.27],[-47.45,-17.35],[-47.5,-17.33],[-47.53,-17.45],[-47.46,-17.53],[-47.41,-17.5],[-47.29,-17.55],[-47.27,-17.67],[-47.33,-17.74],[-47.36,-17.82],[-47.28,-18.06],[-47.79,-18.38],[-47.93,-18.45],[-48.02,-18.43],[-48.23,-18.34],[-48.95,-18.33],[-49.11,-18.39],[-49.18,-18.4],[-49.34,-18.58],[-49.42,-18.6],[-49.49,-18.52],[-49.55,-18.51],[-49.61,-18.57],[-49.68,-18.6],[-50.09,-18.64],[-50.25,-18.69],[-50.37,-18.77],[-50.46,-18.88],[-50.5,-18.95],[-50.49,-19.02],[-50.53,-19.09],[-50.64,-19.12],[-50.71,-19.16],[-50.84,-19.31],[-50.87,-19.38],[-50.86,-19.44],[-50.88,-19.46],[-50.92,-19.46],[-50.96,-19.51],[-51,-19.66],[-50.99,-20.1]]]}},
{"type":"Feature","properties":{"r":26,"c":210,"name":"Espírito Santo","code":"ES"},"geometry":{"type":"Polygon","coordinates":[[[-40.97,-21.28],[-40.95,-21.24],[-40.83,-21.03],[-40.79,-20.91],[-40.73,-20.85],[-40.6,-20.78],[-40.4,-20.57],[-40.32,-20.43],[-40.3,-20.29],[-40.2,-20.21],[-40.14,-19.97],[-40,-19.74],[-39.84,-19.65],[-39.78,-19.57],[-39.73,-19.45],[-39.7,-19.28],[-39.74,-18.85],[-39.74,-18.64],[-39.67,-18.33],[-40.19,-18.01],[-40.21,-17.98],[-40.22,-17.97],[-40.43,-17.89],[-40.48,-17.93],[-40.53,-17.9],[-40.67,-17.95],[-40.91,-17.97],[-40.78,-18.09],[-40.77,-18.14],[-40.84,-18.15],[-40.91,-18.1],[-41.06,-18.18],[-41.14,-18.3],[-41.13,-18.33],[-41,-18.45],[-41.03,-18.64],[-40.93,-18.7],[-40.93,-18.81],[-41.09,-18.83],[-41.19,-18.81],[-41.23,-18.85],[-41.16,-18.91],[-41.11,-18.89],[-41.03,-18.98],[-41.05,-19.03],[-40.94,-19.15],[-40.93,-19.29],[-40.96,-19.47],[-41.05,-19.49],[-41.03,-19.55],[-41.16,-19.66],[-41.19,-19.87],[-41.31,-19.95],[-41.36,-20.19],[-41.4,-20.21],[-41.72,-20.21],[-41.86,-20.37],[-41.8,-20.43],[-41.8,-20.53],[-41.85,-20.62],[-41.81,-20.65],[-41.88,-20.76],[-41.86,-20.78],[-41.74,-20.82],[-41.71,-20.98],[-41.73,-21.04],[-41.71,-21.11],[-41.44,-21.2],[-41.39,-21.19],[-41.27,-21.23],[-41.07,-21.21],[-40.97,-21.28]]]}},
{"type":"Feature","properties":{"r":27,"c":210,"name":"Bahia","code":"BA"},"geometry":{"type":"MultiPolygon","coordinates":[[[[-46.03,-14.87],[-45.98,-14.99],[-46.07,-15.25],[-45.97,-15.19],[-45.93,-15.13],[-45.77,-15.15],[-45.71,-15.12],[-45.55,-14.94],[-45.46,-14.94],[-45.32,-14.86],[-45.23,-14.74],[-45.1,-14.72],[-44.88,-14.6],[-44.84,-14.52],[-44.56,-14.35],[-44.36,-14.27],[-44.32,-14.24],[-44.21,-14.24],[-44.16,-14.27],[-43.78,-14.34],[-43.86,-14.53],[-43.88,-14.62],[-43.82,-14.7],[-43.71,-14.74],[-43.49,-14.79],[-43.45,-14.78],[-43.39,-14.7],[-43.23,-14.64],[-42.95,-14.68],[-42.89,-14.75],[-42.63,-14.94],[-42.58,-14.93],[-42.43,-15.03],[-42.26,-15.11],[-42.18,-15.11],[-42.09,-15.18],[-41.94,-15.17],[-41.8,-15.11],[-41.36,-15.49],[-41.33,-15.72],[-41.16,-15.78],[-41.03,-15.74],[-40.94,-15.67],[-40.89,-15.7],[-40.83,-15.68],[-40.76,-15.74],[-40.67,-15.72],[-40.57,-15.76],[-40.53,-15.8],[-40.48,-15.78],[-40.33,-15.82],[-40.23,-15.82],[-40.17,-15.9],[-40.13,-15.89],[-40,-15.99],[-39.94,-16],[-39.86,-16.11],[-39.94,-16.31],[-40.06,-16.4],[-40.13,-16.5],[-40.14,-16.54],[-40.25,-16.57],[-40.27,-16.61],[-40.28,-16.74],[-40.24,-16.83],[-40.3,-16.88],[-40.47,-16.87],[-40.52,-16.93],[-40.57,-17.13],[-40.57,-17.26],[-40.61,-17.31],[-40.61,-17.39],[-40.5,-17.42],[-40.48,-17.56],[-40.41,-17.56],[-40.38,-17.62],[-40.21,-17.77],[-40.19,-17.82],[-40.23,-17.92],[-40.21,-17.98],[-40.19,-18.01],[-39.67,-18.33],[-39.65,-18.25],[-39.49,-17.99],[-39.41,-17.92],[-39.28,-17.85],[-39.15,-17.7],[-39.22,-17.32],[-39.2,-17.18],[-39.16,-17.04],[-39.13,-16.76],[-38.96,-16.19],[-38.88,-15.86],[-39,-15.25],[-39.01,-14.94],[-39.06,-14.65],[-38.94,-14.03],[-38.97,-14],[-39.01,-14.1],[-39.05,-14.04],[-39.04,-13.76],[-38.99,-13.62],[-39.01,-13.58],[-39.04,-13.56],[-39.09,-13.59],[-39.03,-13.37],[-38.96,-13.27],[-38.84,-13.15],[-38.83,-13.03],[-38.76,-12.91],[-38.78,-12.84],[-38.85,-12.79],[-38.79,-12.78],[-38.74,-12.75],[-38.69,-12.62],[-38.52,-12.76],[-38.5,-12.96],[-38.4,-12.97],[-38.24,-12.84],[-38.02,-12.59],[-37.96,-12.48],[-37.69,-12.1],[-37.47,-11.65],[-37.41,-11.5],[-37.57,-11.54],[-37.63,-11.52],[-37.66,-11.56],[-37.8,-11.53],[-37.85,-11.44],[-37.97,-11.4],[-38.01,-11.36],[-37.98,-11.24],[-38.06,-11.17],[-38.11,-11.03],[-38.18,-10.98],[-38.23,-10.9],[-38.24,-10.82],[-38.19,-10.72],[-38.11,-10.71],[-38.01,-10.75],[-37.97,-10.75],[-37.82,-10.68],[-37.78,-10.63],[-37.82,-10.55],[-37.84,-10.42],[-37.78,-10.31],[-37.78,-10.08],[-37.9,-9.95],[-37.9,-9.91],[-37.96,-9.87],[-38.03,-9.73],[-37.99,-9.65],[-38.04,-9.61],[-37.98,-9.51],[-38.22,-9.35],[-38.28,-9.2],[-38.31,-9.1],[-38.29,-9.04],[-38.34,-9.01],[-38.43,-9],[-38.48,-8.96],[-38.48,-8.88],[-38.5,-8.83],[-38.54,-8.83],[-38.62,-8.9],[-38.67,-8.9],[-38.83,-8.8],[-39.26,-8.64],[-39.33,-8.57],[-39.44,-8.56],[-39.6,-8.62],[-39.68,-8.68],[-39.69,-8.75],[-39.74,-8.79],[-39.83,-8.81],[-39.88,-8.85],[-39.91,-8.98],[-40,-9.06],[-40.08,-9.09],[-40.21,-9.1],[-40.27,-9.14],[-40.32,-9.29],[-40.41,-9.4],[-40.56,-9.46],[-40.69,-9.47],[-40.74,-9.42],[-40.69,-9.34],[-40.7,-9.22],[-40.85,-9.15],[-40.89,-9.03],[-40.89,-8.86],[-40.98,-8.82],[-41,-8.78],[-41.1,-8.78],[-41.11,-8.72],[-41.16,-8.71],[-41.32,-8.74],[-41.37,-8.71],[-41.4,-8.78],[-41.47,-8.87],[-41.5,-8.94],[-41.56,-8.97],[-41.61,-8.96],[-41.73,-8.98],[-41.73,-9.13],[-41.8,-9.17],[-41.85,-9.25],[-41.92,-9.21],[-42.04,-9.21],[-42.15,-9.29],[-42.31,-9.31],[-42.43,-9.41],[-42.49,-9.5],[-42.57,-9.49],[-42.62,-9.57],[-42.75,-9.52],[-42.85,-9.55],[-42.93,-9.52],[-42.94,-9.47],[-43.03,-9.44],[-43.04,-9.4],[-43.13,-9.37],[-43.19,-9.42],[-43.38,-9.41],[-43.41,-9.34],[-43.45,-9.3],[-43.54,-9.36],[-43.61,-9.34],[-43.66,-9.36],[-43.69,-9.45],[-43.81,-9.43],[-43.83,-9.5],[-43.78,-9.57],[-43.73,-9.75],[-43.68,-9.8],[-43.71,-9.95],[-43.7,-10.03],[-43.75,-10.11],[-43.76,-10.17],[-43.8,-10.2],[-43.91,-10.43],[-43.99,-10.45],[-44.12,-10.59],[-44.22,-10.63],[-44.31,-10.6],[-44.42,-10.59],[-44.54,-10.63],[-44.62,-10.69],[-44.65,-10.74],[-44.75,-10.78],[-44.78,-10.86],[-44.85,-10.88],[-44.93,-10.86],[-45.04,-10.9],[-45.32,-10.78],[-45.44,-10.62],[-45.47,-10.49],[-45.52,-10.41],[-45.61,-10.33],[-45.76,-10.33],[-45.86,-10.47],[-46.04,-10.57],[-46.09,-10.58],[-46.3,-10.76],[-46.23,-10.88],[-46.25,-10.91],[-46.37,-10.97],[-46.46,-11.18],[-46.53,-11.24],[-46.57,-11.32],[-46.55,-11.38],[-46.49,-11.41],[-46.43,-11.5],[-46.19,-11.54],[-46.08,-11.6],[-46.11,-11.66],[-46.24,-11.73],[-46.28,-11.77],[-46.25,-11.84],[-46.16,-11.83],[-46.1,-11.86],[-46.08,-11.93],[-46.21,-12],[-46.25,-12.05],[-46.32,-12.09],[-46.34,-12.13],[-46.35,-12.34],[-46.32,-12.42],[-46.16,-12.5],[-46.16,-12.6],[-46.23,-12.71],[-46.23,-12.8],[-46.09,-12.91],[-46.07,-12.98],[-46.15,-13.03],[-46.18,-13.22],[-46.08,-13.25],[-46.1,-13.35],[-46.19,-13.41],[-46.27,-13.66],[-46.26,-13.87],[-46.22,-14],[-46.17,-14.07],[-46.13,-14.18],[-46.04,-14.25],[-46.01,-14.3],[-45.92,-14.35],[-45.96,-14.47],[-45.96,-14.53],[-45.91,-14.69],[-45.93,-14.75],[-46.03,-14.87]]],[[[-38.91,-13.4],[-38.98,-13.4],[-39.01,-13.42],[-39.02,-13.45],[-38.99,-13.48],[-38.98,-13.52],[-38.94,-13.53],[-38.9,-13.47],[-38.91,-13.4]]],[[[-38.6,-12.99],[-38.61,-12.92],[-38.67,-12.88],[-38.68,-12.97],[-38.79,-13.05],[-38.78,-13.12],[-38.6,-12.99]]]]}},
{"type":"Feature","properties":{"r":28,"c":210,"name":"Ceará","code":"CE"},"geometry":{"type":"Polygon","coordinates":[[[-40.54,-7.39],[-40.26,-7.39],[-40.17,-7.42],[-40.07,-7.41],[-39.95,-7.36],[-39.85,-7.35],[-39.65,-7.37],[-39.53,-7.48],[-39.35,-7.55],[-39.31,-7.62],[-39.24,-7.68],[-39.11,-7.75],[-39.07,-7.86],[-39,-7.82],[-38.97,-7.85],[-38.82,-7.66],[-38.7,-7.62],[-38.64,-7.53],[-38.63,-7.46],[-38.58,-7.43],[-38.53,-7.29],[-38.55,-7.24],[-38.68,-7.16],[-38.69,-7.03],[-38.73,-7],[-38.73,-6.89],[-38.65,-6.84],[-38.62,-6.76],[-38.65,-6.69],[-38.58,-6.48],[-38.53,-6.38],[-38.61,-6.4],[-38.58,-6.26],[-38.51,-6.18],[-38.49,-6.13],[-38.41,-6.06],[-38.37,-6.09],[-38.3,-6.07],[-38.13,-5.88],[-38.08,-5.76],[-38.08,-5.69],[-38.05,-5.61],[-37.91,-5.46],[-37.72,-5.06],[-37.6,-4.96],[-37.54,-4.93],[-37.23,-4.82],[-37.3,-4.71],[-37.63,-4.59],[-37.8,-4.4],[-38.05,-4.22],[-38.27,-3.95],[-38.36,-3.88],[-38.48,-3.72],[-38.69,-3.65],[-38.9,-3.5],[-39.01,-3.39],[-39.35,-3.2],[-39.51,-3.13],[-39.61,-3.06],[-39.77,-2.99],[-39.96,-2.86],[-40.24,-2.81],[-40.47,-2.8],[-40.88,-2.87],[-41.19,-2.89],[-41.27,-2.92],[-41.26,-3.08],[-41.38,-3.27],[-41.43,-3.32],[-41.45,-3.44],[-41.38,-3.59],[-41.36,-3.71],[-41.28,-3.81],[-41.23,-4.04],[-41.18,-4.12],[-41.12,-4.18],[-41.07,-4.32],[-41.23,-4.54],[-41.23,-4.73],[-41.18,-4.81],[-41.19,-4.91],[-41.12,-5.01],[-41.11,-5.07],[-41.06,-5.17],[-41.07,-5.31],[-40.95,-5.42],[-40.92,-5.6],[-40.89,-6.01],[-40.81,-6.25],[-40.8,-6.38],[-40.77,-6.49],[-40.72,-6.57],[-40.71,-6.66],[-40.61,-6.71],[-40.48,-6.74],[-40.42,-6.81],[-40.44,-6.91],[-40.51,-7],[-40.58,-7.2],[-40.53,-7.32],[-40.54,-7.39]]]}},
{"type":"Feature","properties":{"r":29,"c":210,"name":"Sergipe","code":"SE"},"geometry":{"type":"Polygon","coordinates":[[[-37.41,-11.5],[-37.44,-11.39],[-37.36,-11.25],[-37.32,-11.22],[-37.32,-11.27],[-37.36,-11.4],[-37.32,-11.38],[-37.18,-11.19],[-37.18,-11.07],[-37.13,-11.08],[-37.09,-11.05],[-36.94,-10.82],[-36.77,-10.67],[-36.64,-10.59],[-36.41,-10.49],[-36.44,-10.43],[-36.48,-10.41],[-36.54,-10.41],[-36.58,-10.37],[-36.61,-10.29],[-36.65,-10.25],[-36.7,-10.26],[-36.88,-10.15],[-36.94,-10.08],[-36.96,-10.01],[-37.02,-9.96],[-37.2,-9.89],[-37.94,-9.54],[-37.98,-9.51],[-38.04,-9.61],[-37.99,-9.65],[-38.03,-9.73],[-37.96,-9.87],[-37.9,-9.91],[-37.9,-9.95],[-37.78,-10.08],[-37.78,-10.31],[-37.84,-10.42],[-37.82,-10.55],[-37.78,-10.63],[-37.82,-10.68],[-37.97,-10.75],[-38.01,-10.75],[-38.11,-10.71],[-38.19,-10.72],[-38.24,-10.82],[-38.23,-10.9],[-38.18,-10.98],[-38.11,-11.03],[-38.06,-11.17],[-37.98,-11.24],[-38.01,-11.36],[-37.97,-11.4],[-37.85,-11.44],[-37.8,-11.53],[-37.66,-11.56],[-37.63,-11.52],[-37.57,-11.54],[-37.41,-11.5]]]}},
{"type":"Feature","properties":{"r":30,"c":210,"name":"Alagoas","code":"AL"},"geometry":{"type":"Polygon","coordinates":[[[-37.98,-9.51],[-37.94,-9.54],[-37.2,-9.89],[-37.02,-9.96],[-36.96,-10.01],[-36.94,-10.08],[-36.88,-10.15],[-36.7,-10.26],[-36.65,-10.25],[-36.61,-10.29],[-36.58,-10.37],[-36.54,-10.41],[-36.48,-10.41],[-36.44,-10.43],[-36.41,-10.49],[-36.4,-10.48],[-36.22,-10.23],[-36.05,-10.08],[-35.89,-9.85],[-35.85,-9.77],[-35.89,-9.69],[-35.83,-9.72],[-35.76,-9.7],[-35.6,-9.54],[-35.34,-9.23],[-35.16,-8.93],[-35.15,-8.91],[-35.39,-8.88],[-35.47,-8.83],[-35.72,-8.92],[-35.8,-8.87],[-35.88,-8.87],[-35.97,-8.91],[-36.02,-8.9],[-36.12,-8.97],[-36.12,-9.02],[-36.24,-9.09],[-36.27,-9.14],[-36.35,-9.2],[-36.44,-9.21],[-36.58,-9.29],[-36.83,-9.26],[-36.9,-9.29],[-36.94,-9.36],[-37,-9.31],[-37.18,-9.24],[-37.39,-9.04],[-37.47,-9],[-37.52,-8.95],[-37.68,-8.98],[-37.75,-8.86],[-37.81,-8.9],[-37.82,-8.98],[-37.97,-9.14],[-38.09,-9.19],[-38.15,-9.27],[-38.22,-9.35],[-37.98,-9.51]]]}},
{"type":"Feature","properties":{"r":31,"c":210,"name":"Rio Grande do Norte","code":"RN"},"geometry":{"type":"Polygon","coordinates":[[[-38.53,-6.38],[-38.44,-6.41],[-38.28,-6.5],[-38.24,-6.49],[-38.13,-6.52],[-38.06,-6.45],[-37.84,-6.34],[-37.79,-6.29],[-37.76,-6.18],[-37.48,-6.08],[-37.42,-6.1],[-37.26,-6.03],[-37.18,-6.05],[-37.18,-6.11],[-37.4,-6.39],[-37.43,-6.52],[-37.51,-6.55],[-37.52,-6.68],[-37.34,-6.7],[-37.27,-6.74],[-37.22,-6.82],[-37.15,-6.78],[-37.04,-6.75],[-36.99,-6.71],[-36.94,-6.75],[-36.79,-6.77],[-36.74,-6.82],[-36.77,-6.93],[-36.71,-6.98],[-36.66,-6.93],[-36.57,-6.93],[-36.5,-6.78],[-36.53,-6.74],[-36.53,-6.64],[-36.44,-6.62],[-36.52,-6.48],[-36.49,-6.38],[-36.38,-6.3],[-36.29,-6.31],[-36.25,-6.41],[-35.93,-6.47],[-35.72,-6.45],[-35.67,-6.43],[-35.47,-6.46],[-35.31,-6.53],[-35.26,-6.51],[-35.05,-6.53],[-34.97,-6.5],[-34.99,-6.39],[-35.1,-6.19],[-35.14,-5.92],[-35.24,-5.57],[-35.39,-5.25],[-35.48,-5.17],[-35.55,-5.13],[-35.98,-5.05],[-36.16,-5.09],[-36.39,-5.08],[-36.59,-5.1],[-36.75,-5.05],[-36.86,-4.97],[-36.95,-4.94],[-37.17,-4.91],[-37.23,-4.82],[-37.54,-4.93],[-37.6,-4.96],[-37.72,-5.06],[-37.91,-5.46],[-38.05,-5.61],[-38.08,-5.69],[-38.08,-5.76],[-38.13,-5.88],[-38.3,-6.07],[-38.37,-6.09],[-38.41,-6.06],[-38.49,-6.13],[-38.51,-6.18],[-38.58,-6.26],[-38.61,-6.4],[-38.53,-6.38]]]}},
{"type":"Feature","properties":{"r":32,"c":210,"name":"Pernambuco","code":"PE"},"geometry":{"type":"Polygon","coordinates":[[[-41.37,-8.71],[-41.32,-8.74],[-41.16,-8.71],[-41.11,-8.72],[-41.1,-8.78],[-41,-8.78],[-40.98,-8.82],[-40.89,-8.86],[-40.89,-9.03],[-40.85,-9.15],[-40.7,-9.22],[-40.69,-9.34],[-40.74,-9.42],[-40.69,-9.47],[-40.56,-9.46],[-40.41,-9.4],[-40.32,-9.29],[-40.27,-9.14],[-40.21,-9.1],[-40.08,-9.09],[-40,-9.06],[-39.91,-8.98],[-39.88,-8.85],[-39.83,-8.81],[-39.74,-8.79],[-39.69,-8.75],[-39.68,-8.68],[-39.6,-8.62],[-39.44,-8.56],[-39.33,-8.57],[-39.26,-8.64],[-38.83,-8.8],[-38.67,-8.9],[-38.62,-8.9],[-38.54,-8.83],[-38.5,-8.83],[-38.48,-8.88],[-38.48,-8.96],[-38.43,-9],[-38.34,-9.01],[-38.29,-9.04],[-38.31,-9.1],[-38.28,-9.2],[-38.22,-9.35],[-38.15,-9.27],[-38.09,-9.19],[-37.97,-9.14],[-37.82,-8.98],[-37.81,-8.9],[-37.75,-8.86],[-37.68,-8.98],[-37.52,-8.95],[-37.47,-9],[-37.39,-9.04],[-37.18,-9.24],[-37,-9.31],[-36.94,-9.36],[-36.9,-9.29],[-36.83,-9.26],[-36.58,-9.29],[-36.44,-9.21],[-36.35,-9.2],[-36.27,-9.14],[-36.24,-9.09],[-36.12,-9.02],[-36.12,-8.97],[-36.02,-8.9],[-35.97,-8.91],[-35.88,-8.87],[-35.8,-8.87],[-35.72,-8.92],[-35.47,-8.83],[-35.39,-8.88],[-35.15,-8.91],[-34.97,-8.41],[-34.89,-8.09],[-34.83,-7.97],[-34.84,-7.87],[-34.88,-7.75],[-34.85,-7.63],[-34.86,-7.59],[-34.86,-7.55],[-34.98,-7.51],[-35.07,-7.41],[-35.27,-7.38],[-35.37,-7.46],[-35.5,-7.45],[-35.56,-7.66],[-35.68,-7.71],[-35.84,-7.74],[-35.89,-7.73],[-35.93,-7.84],[-35.97,-7.82],[-36.07,-7.82],[-36.12,-7.78],[-36.17,-7.82],[-36.22,-7.78],[-36.27,-7.82],[-36.34,-7.81],[-36.42,-7.82],[-36.45,-7.91],[-36.57,-7.92],[-36.66,-8.01],[-36.63,-8.08],[-36.78,-8.22],[-36.96,-8.28],[-37.06,-8.23],[-37.13,-8.16],[-37.15,-7.98],[-37.21,-7.96],[-37.34,-8],[-37.23,-7.82],[-37.17,-7.76],[-37.21,-7.65],[-37.2,-7.57],[-37.02,-7.51],[-37.02,-7.4],[-37.15,-7.35],[-37.25,-7.27],[-37.35,-7.3],[-37.38,-7.35],[-37.44,-7.35],[-37.55,-7.48],[-37.71,-7.55],[-37.79,-7.64],[-37.9,-7.69],[-37.98,-7.77],[-38.06,-7.76],[-38.09,-7.82],[-38.15,-7.77],[-38.17,-7.81],[-38.23,-7.81],[-38.26,-7.85],[-38.3,-7.83],[-38.3,-7.78],[-38.36,-7.7],[-38.42,-7.75],[-38.45,-7.74],[-38.53,-7.77],[-38.59,-7.74],[-38.59,-7.69],[-38.65,-7.68],[-38.7,-7.62],[-38.82,-7.66],[-38.97,-7.85],[-39,-7.82],[-39.07,-7.86],[-39.11,-7.75],[-39.24,-7.68],[-39.31,-7.62],[-39.35,-7.55],[-39.53,-7.48],[-39.65,-7.37],[-39.85,-7.35],[-39.95,-7.36],[-40.07,-7.41],[-40.17,-7.42],[-40.26,-7.39],[-40.54,-7.39],[-40.65,-7.4],[-40.69,-7.43],[-40.69,-7.51],[-40.62,-7.64],[-40.66,-7.76],[-40.55,-7.83],[-40.53,-7.91],[-40.54,-8.03],[-40.59,-8.12],[-40.75,-8.24],[-40.83,-8.36],[-40.89,-8.35],[-40.92,-8.43],[-41.02,-8.42],[-41.08,-8.53],[-41.16,-8.55],[-41.21,-8.63],[-41.37,-8.71]]]}},
{"type":"Feature","properties":{"r":33,"c":210,"name":"Paraíba","code":"PB"},"geometry":{"type":"Polygon","coordinates":[[[-38.7,-7.62],[-38.65,-7.68],[-38.59,-7.69],[-38.59,-7.74],[-38.53,-7.77],[-38.45,-7.74],[-38.42,-7.75],[-38.36,-7.7],[-38.3,-7.78],[-38.3,-7.83],[-38.26,-7.85],[-38.23,-7.81],[-38.17,-7.81],[-38.15,-7.77],[-38.09,-7.82],[-38.06,-7.76],[-37.98,-7.77],[-37.9,-7.69],[-37.79,-7.64],[-37.71,-7.55],[-37.55,-7.48],[-37.44,-7.35],[-37.38,-7.35],[-37.35,-7.3],[-37.25,-7.27],[-37.15,-7.35],[-37.02,-7.4],[-37.02,-7.51],[-37.2,-7.57],[-37.21,-7.65],[-37.17,-7.76],[-37.23,-7.82],[-37.34,-8],[-37.21,-7.96],[-37.15,-7.98],[-37.13,-8.16],[-37.06,-8.23],[-36.96,-8.28],[-36.78,-8.22],[-36.63,-8.08],[-36.66,-8.01],[-36.57,-7.92],[-36.45,-7.91],[-36.42,-7.82],[-36.34,-7.81],[-36.27,-7.82],[-36.22,-7.78],[-36.17,-7.82],[-36.12,-7.78],[-36.07,-7.82],[-35.97,-7.82],[-35.93,-7.84],[-35.89,-7.73],[-35.84,-7.74],[-35.68,-7.71],[-35.56,-7.66],[-35.5,-7.45],[-35.37,-7.46],[-35.27,-7.38],[-35.07,-7.41],[-34.98,-7.51],[-34.86,-7.55],[-34.86,-7.53],[-34.82,-7.39],[-34.81,-7.29],[-34.83,-7.02],[-34.88,-7],[-34.88,-6.91],[-34.93,-6.79],[-34.97,-6.5],[-35.05,-6.53],[-35.26,-6.51],[-35.31,-6.53],[-35.47,-6.46],[-35.67,-6.43],[-35.72,-6.45],[-35.93,-6.47],[-36.25,-6.41],[-36.29,-6.31],[-36.38,-6.3],[-36.49,-6.38],[-36.52,-6.48],[-36.44,-6.62],[-36.53,-6.64],[-36.53,-6.74],[-36.5,-6.78],[-36.57,-6.93],[-36.66,-6.93],[-36.71,-6.98],[-36.77,-6.93],[-36.74,-6.82],[-36.79,-6.77],[-36.94,-6.75],[-36.99,-6.71],[-37.04,-6.75],[-37.15,-6.78],[-37.22,-6.82],[-37.27,-6.74],[-37.34,-6.7],[-37.52,-6.68],[-37.51,-6.55],[-37.43,-6.52],[-37.4,-6.39],[-37.18,-6.11],[-37.18,-6.05],[-37.26,-6.03],[-37.42,-6.1],[-37.48,-6.08],[-37.76,-6.18],[-37.79,-6.29],[-37.84,-6.34],[-38.06,-6.45],[-38.13,-6.52],[-38.24,-6.49],[-38.28,-6.5],[-38.44,-6.41],[-38.53,-6.38],[-38.58,-6.48],[-38.65,-6.69],[-38.62,-6.76],[-38.65,-6.84],[-38.73,-6.89],[-38.73,-7],[-38.69,-7.03],[-38.68,-7.16],[-38.55,-7.24],[-38.53,-7.29],[-38.58,-7.43],[-38.63,-7.46],[-38.64,-7.53],[-38.7,-7.62]]]}},
{"type":"Feature","properties":{"r":34,"c":210,"name":"Santa Catarina","code":"SC"},"geometry":{"type":"MultiPolygon","coordinates":[[[[-53.67,-26.26],[-53.67,-26.29],[-53.71,-26.35],[-53.75,-26.75],[-53.72,-26.88],[-53.84,-27.12],[-53.92,-27.16],[-53.94,-27.16],[-53.72,-27.16],[-53.67,-27.17],[-53.66,-27.2],[-53.62,-27.21],[-53.54,-27.2],[-53.5,-27.17],[-53.49,-27.13],[-53.46,-27.1],[-53.35,-27.08],[-53.3,-27.1],[-53.26,-27.16],[-53.23,-27.17],[-53.13,-27.14],[-53.03,-27.14],[-52.95,-27.18],[-52.83,-27.19],[-52.74,-27.25],[-52.64,-27.26],[-52.51,-27.23],[-52.41,-27.24],[-52.35,-27.28],[-52.14,-27.28],[-52.06,-27.31],[-51.87,-27.51],[-51.75,-27.51],[-51.7,-27.49],[-51.64,-27.5],[-51.53,-27.57],[-51.49,-27.56],[-51.41,-27.61],[-51.29,-27.72],[-51.12,-27.81],[-50.97,-27.96],[-50.74,-28.24],[-50.58,-28.39],[-50.23,-28.47],[-50.15,-28.47],[-50.14,-28.45],[-50.07,-28.44],[-49.94,-28.45],[-49.84,-28.47],[-49.71,-28.53],[-49.7,-28.6],[-49.8,-28.62],[-49.85,-28.7],[-49.95,-28.79],[-49.94,-28.95],[-50.01,-29.1],[-50.07,-29.09],[-50.16,-29.2],[-50.17,-29.28],[-50.05,-29.36],[-50.03,-29.32],[-50.08,-29.24],[-49.95,-29.2],[-49.87,-29.22],[-49.82,-29.27],[-49.71,-29.32],[-49.5,-29.08],[-49.27,-28.87],[-49.02,-28.7],[-48.8,-28.58],[-48.8,-28.44],[-48.69,-28.31],[-48.62,-28.08],[-48.61,-27.83],[-48.64,-27.56],[-48.57,-27.37],[-48.6,-27.26],[-48.55,-27.2],[-48.62,-26.88],[-48.68,-26.7],[-48.65,-26.41],[-48.75,-26.27],[-48.62,-26.18],[-48.59,-25.99],[-48.65,-25.97],[-48.92,-25.98],[-48.94,-26.01],[-49.11,-25.99],[-49.21,-26.03],[-49.3,-26.11],[-49.45,-26.17],[-49.49,-26.22],[-49.6,-26.22],[-49.95,-26.01],[-50.19,-26.05],[-50.32,-26.05],[-50.37,-26.09],[-50.46,-26.03],[-50.54,-26.03],[-50.65,-26.07],[-50.74,-26.23],[-50.77,-26.22],[-50.9,-26.28],[-50.94,-26.24],[-51.07,-26.24],[-51.25,-26.35],[-51.29,-26.42],[-51.24,-26.61],[-51.28,-26.65],[-51.42,-26.7],[-51.5,-26.6],[-51.87,-26.6],[-52.01,-26.58],[-52.2,-26.45],[-52.46,-26.43],[-52.54,-26.4],[-52.64,-26.4],[-52.82,-26.34],[-52.91,-26.37],[-52.99,-26.35],[-53.12,-26.37],[-53.28,-26.26],[-53.36,-26.24],[-53.46,-26.29],[-53.67,-26.26]]],[[[-48.46,-27.44],[-48.51,-27.5],[-48.54,-27.57],[-48.55,-27.81],[-48.49,-27.77],[-48.5,-27.71],[-48.41,-27.57],[-48.38,-27.45],[-48.41,-27.4],[-48.46,-27.44]]],[[[-48.6,-26.41],[-48.53,-26.31],[-48.5,-26.22],[-48.54,-26.17],[-48.67,-26.29],[-48.6,-26.41]]]]}},
{"type":"Feature","properties":{"r":35,"c":210,"name":"Rio Grande do Sul","code":"RS"},"geometry":{"type":"Polygon","coordinates":[[[-53.94,-27.16],[-54.04,-27.24],[-54.11,-27.27],[-54.16,-27.25],[-54.21,-27.29],[-54.26,-27.38],[-54.33,-27.42],[-54.48,-27.46],[-54.55,-27.45],[-54.62,-27.48],[-54.67,-27.53],[-54.78,-27.53],[-54.83,-27.55],[-54.88,-27.6],[-54.91,-27.71],[-54.96,-27.75],[-55.04,-27.77],[-55.07,-27.8],[-55.06,-27.84],[-55.1,-27.87],[-55.24,-27.9],[-55.35,-27.96],[-55.41,-28.04],[-55.48,-28.09],[-55.58,-28.12],[-55.73,-28.2],[-55.75,-28.26],[-55.69,-28.3],[-55.67,-28.34],[-55.69,-28.38],[-55.73,-28.39],[-55.86,-28.35],[-55.89,-28.37],[-55.91,-28.4],[-55.9,-28.44],[-56.02,-28.52],[-56.03,-28.58],[-56.1,-28.65],[-56.23,-28.74],[-56.32,-28.85],[-56.39,-29],[-56.48,-29.09],[-56.64,-29.2],[-56.67,-29.29],[-56.77,-29.42],[-57.09,-29.72],[-57.22,-29.78],[-57.3,-29.86],[-57.32,-29.94],[-57.61,-30.19],[-57.55,-30.26],[-57.21,-30.28],[-57.12,-30.14],[-56.94,-30.1],[-56.83,-30.11],[-56.18,-30.63],[-56.04,-30.78],[-56,-30.84],[-56.02,-31.06],[-56,-31.08],[-55.87,-31.07],[-55.81,-31.04],[-55.67,-30.92],[-55.63,-30.86],[-55.6,-30.85],[-55.45,-30.96],[-55.25,-31.23],[-55.09,-31.31],[-55.04,-31.28],[-54.9,-31.39],[-54.59,-31.49],[-54.53,-31.54],[-54.37,-31.75],[-54.22,-31.86],[-53.92,-31.95],[-53.81,-32.04],[-53.76,-32.06],[-53.6,-32.4],[-53.49,-32.5],[-53.16,-32.68],[-53.13,-32.74],[-53.31,-32.93],[-53.48,-33.07],[-53.53,-33.17],[-53.53,-33.66],[-53.46,-33.71],[-53.37,-33.74],[-52.76,-33.27],[-52.65,-33.14],[-52.51,-32.88],[-52.34,-32.44],[-52.27,-32.32],[-52.13,-32.17],[-52.17,-32.09],[-52.19,-31.89],[-52.12,-31.69],[-52.03,-31.6],[-51.97,-31.38],[-51.93,-31.34],[-51.72,-31.24],[-51.51,-31.1],[-51.46,-31.05],[-51.49,-30.98],[-51.46,-30.91],[-51.38,-30.85],[-51.36,-30.67],[-51.28,-30.75],[-51.29,-30.59],[-51.25,-30.47],[-51.16,-30.36],[-51.28,-30.24],[-51.3,-30.03],[-51.25,-30.06],[-51.18,-30.21],[-51.04,-30.26],[-51.03,-30.37],[-50.93,-30.37],[-50.65,-30.24],[-50.56,-30.25],[-50.55,-30.32],[-50.58,-30.44],[-50.61,-30.46],[-50.69,-30.41],[-50.72,-30.43],[-50.69,-30.7],[-50.77,-30.81],[-50.94,-30.9],[-50.97,-31.01],[-50.95,-31.05],[-50.98,-31.09],[-51.11,-31.08],[-51.16,-31.12],[-51.17,-31.34],[-51.27,-31.48],[-51.45,-31.56],[-51.68,-31.77],[-51.8,-31.8],[-51.89,-31.87],[-52,-31.82],[-52.06,-31.83],[-52.04,-31.98],[-52.07,-32.06],[-52.04,-32.11],[-51.92,-31.99],[-51.8,-31.9],[-51.46,-31.7],[-51.15,-31.48],[-50.92,-31.26],[-50.75,-31.07],[-50.3,-30.43],[-50.03,-29.8],[-49.75,-29.36],[-49.71,-29.32],[-49.82,-29.27],[-49.87,-29.22],[-49.95,-29.2],[-50.08,-29.24],[-50.03,-29.32],[-50.05,-29.36],[-50.17,-29.28],[-50.16,-29.2],[-50.07,-29.09],[-50.01,-29.1],[-49.94,-28.95],[-49.95,-28.79],[-49.85,-28.7],[-49.8,-28.62],[-49.7,-28.6],[-49.71,-28.53],[-49.84,-28.47],[-49.94,-28.45],[-50.07,-28.44],[-50.14,-28.45],[-50.15,-28.47],[-50.23,-28.47],[-50.58,-28.39],[-50.74,-28.24],[-50.97,-27.96],[-51.12,-27.81],[-51.29,-27.72],[-51.41,-27.61],[-51.49,-27.56],[-51.53,-27.57],[-51.64,-27.5],[-51.7,-27.49],[-51.75,-27.51],[-51.87,-27.51],[-52.06,-27.31],[-52.14,-27.28],[-52.35,-27.28],[-52.41,-27.24],[-52.51,-27.23],[-52.64,-27.26],[-52.74,-27.25],[-52.83,-27.19],[-52.95,-27.18],[-53.03,-27.14],[-53.13,-27.14],[-53.23,-27.17],[-53.26,-27.16],[-53.3,-27.1],[-53.35,-27.08],[-53.46,-27.1],[-53.49,-27.13],[-53.5,-27.17],[-53.54,-27.2],[-53.62,-27.21],[-53.66,-27.2],[-53.67,-27.17],[-53.72,-27.16],[-53.94,-27.16]]]}},
{"type":"Feature","properties":{"r":36,"c":202,"name":"Alberta","code":"AB"},"geometry":{"type":"Polygon","coordinates":[[[-110,48.99],[-110,49.34],[-110,59.66],[-110,60],[-110.63,60],[-119.38,60],[-120,60],[-120,59.62],[-120,53.84],[-119.92,53.77],[-119.9,53.72],[-119.81,53.7],[-119.73,53.63],[-119.92,53.61],[-119.89,53.52],[-119.82,53.49],[-119.68,53.37],[-119.4,53.35],[-119.31,53.24],[-119.26,53.21],[-119.02,53.14],[-119.02,53.2],[-118.99,53.24],[-118.8,53.15],[-118.77,53.12],[-118.77,53.07],[-118.68,53.03],[-118.63,52.91],[-118.48,52.88],[-118.33,52.71],[-118.32,52.67],[-118.35,52.62],[-118.23,52.48],[-118.25,52.44],[-118.22,52.39],[-118.19,52.38],[-118.06,52.41],[-118,52.49],[-117.73,52.38],[-117.73,52.35],[-117.82,52.27],[-117.75,52.21],[-117.59,52.14],[-117.38,52.14],[-117.32,52.16],[-117.24,52.05],[-117.04,51.89],[-116.91,51.71],[-116.81,51.72],[-116.81,51.75],[-116.76,51.79],[-116.67,51.79],[-116.63,51.76],[-116.57,51.65],[-116.31,51.45],[-116.25,51.32],[-116.05,51.24],[-116,51.13],[-115.94,51.1],[-115.79,51.07],[-115.62,50.96],[-115.59,50.91],[-115.64,50.87],[-115.4,50.73],[-115.33,50.72],[-115.3,50.67],[-115.31,50.63],[-115.27,50.59],[-115.21,50.55],[-115.13,50.58],[-115.05,50.58],[-114.99,50.55],[-114.79,50.36],[-114.72,50.13],[-114.65,50.02],[-114.68,49.93],[-114.64,49.73],[-114.69,49.64],[-114.74,49.6],[-114.72,49.57],[-114.58,49.54],[-114.59,49.42],[-114.57,49.39],[-114.35,49.21],[-114.16,49.15],[-114.05,49.01],[-114.06,48.99],[-113.73,48.99],[-110.32,48.99],[-110,48.99]]]}},
{"type":"Feature","properties":{"r":37,"c":202,"name":"British Columbia","code":"BC"},"geometry":{"type":"MultiPolygon","coordinates":[[[[-120,60],[-120.48,60],[-123.34,60],[-123.82,60],[-124.77,60],[-138.1,60],[-139.06,60],[-139.04,59.99],[-138.71,59.9],[-138.63,59.78],[-137.59,59.23],[-137.48,58.99],[-137.52,58.92],[-137.44,58.9],[-137.28,58.99],[-136.81,59.15],[-136.58,59.15],[-136.47,59.28],[-136.47,59.46],[-136.35,59.46],[-136.28,59.48],[-136.25,59.53],[-136.32,59.6],[-135.93,59.66],[-135.48,59.79],[-135.26,59.7],[-135.05,59.58],[-135.07,59.44],[-134.94,59.29],[-134.8,59.25],[-134.44,59.09],[-134.3,58.9],[-134.22,58.85],[-133.82,58.71],[-133.55,58.5],[-133.4,58.41],[-133.42,58.34],[-133.12,58.08],[-132.23,57.2],[-132.34,57.08],[-132.03,57.03],[-132.1,56.86],[-131.87,56.79],[-131.89,56.74],[-131.83,56.68],[-131.82,56.59],[-131.58,56.6],[-131.08,56.4],[-130.74,56.34],[-130.65,56.26],[-130.48,56.23],[-130.41,56.12],[-130.21,56.08],[-130.1,56.11],[-130.02,56.01],[-130.03,55.89],[-130.02,55.88],[-130.09,55.75],[-130.08,55.56],[-129.99,55.36],[-130,55.26],[-130.09,55.11],[-130.05,55.06],[-129.99,55.11],[-129.84,55.32],[-129.8,55.56],[-129.77,55.5],[-129.7,55.44],[-129.56,55.46],[-129.78,55.28],[-129.89,55.16],[-130.22,54.73],[-130.31,54.7],[-130.35,54.66],[-130.39,54.48],[-130.43,54.42],[-130.4,54.35],[-130.29,54.27],[-130.08,54.18],[-129.9,54.23],[-129.79,54.24],[-129.63,54.23],[-129.79,54.17],[-130.04,54.13],[-130.09,53.98],[-130.23,53.87],[-130.34,53.72],[-130.26,53.65],[-130.07,53.58],[-129.91,53.55],[-129.82,53.41],[-129.56,53.25],[-129.46,53.35],[-129.28,53.39],[-129.21,53.64],[-129.06,53.78],[-128.96,53.84],[-128.93,53.82],[-128.89,53.83],[-128.7,53.92],[-128.65,53.92],[-128.53,53.86],[-128.71,53.81],[-128.75,53.78],[-128.77,53.71],[-128.68,53.55],[-128.47,53.47],[-128.37,53.49],[-128.21,53.48],[-128.12,53.45],[-127.95,53.33],[-127.93,53.27],[-128.13,53.42],[-128.29,53.46],[-128.36,53.46],[-128.48,53.41],[-128.54,53.42],[-128.83,53.55],[-128.91,53.56],[-128.85,53.7],[-128.94,53.72],[-129.11,53.64],[-129.17,53.53],[-129.08,53.37],[-128.87,53.33],[-128.65,53.24],[-128.52,53.14],[-128.45,52.88],[-128.37,52.83],[-128.11,52.91],[-128.05,52.91],[-128.11,52.86],[-128.28,52.44],[-128.27,52.36],[-128.18,52.41],[-128.04,52.53],[-127.94,52.55],[-128.02,52.49],[-128.06,52.43],[-128.04,52.32],[-128.36,52.16],[-128.19,52],[-128.1,51.79],[-127.9,52.15],[-127.79,52.29],[-127.52,52.36],[-127.07,52.65],[-127.01,52.72],[-127.02,52.84],[-126.95,52.72],[-127,52.66],[-127.19,52.54],[-127.21,52.5],[-127.16,52.39],[-126.94,52.31],[-126.9,52.27],[-126.9,52.23],[-126.71,52.06],[-126.74,52.06],[-127.01,52.29],[-127.18,52.31],[-127.24,52.4],[-127.44,52.36],[-127.8,52.19],[-127.86,51.99],[-127.73,51.99],[-127.83,51.88],[-127.87,51.78],[-127.82,51.6],[-127.71,51.49],[-127.64,51.48],[-127.58,51.56],[-127.44,51.68],[-127.34,51.71],[-127.03,51.72],[-126.69,51.7],[-127.28,51.65],[-127.42,51.61],[-127.63,51.43],[-127.69,51.34],[-127.71,51.15],[-127.36,50.95],[-127.06,50.87],[-126.63,50.92],[-126.56,50.97],[-126.52,51.06],[-126.48,50.96],[-126.52,50.87],[-126.49,50.84],[-126.37,50.84],[-126.52,50.72],[-126.51,50.68],[-126.37,50.67],[-125.98,50.71],[-125.9,50.7],[-125.9,50.68],[-126.24,50.62],[-126.42,50.61],[-126.45,50.59],[-126.45,50.55],[-126.4,50.53],[-125.97,50.49],[-125.77,50.51],[-125.7,50.46],[-125.61,50.49],[-125.54,50.65],[-125.53,50.53],[-125.48,50.5],[-125.21,50.48],[-125.06,50.51],[-124.94,50.67],[-124.95,50.76],[-124.93,50.81],[-124.86,50.87],[-124.88,50.83],[-124.86,50.64],[-125.06,50.42],[-125.04,50.36],[-124.99,50.36],[-124.93,50.3],[-124.93,50.26],[-124.78,50.07],[-124.78,50.02],[-124.48,49.81],[-124.41,49.78],[-124.28,49.77],[-124.14,49.79],[-123.97,49.89],[-123.96,49.99],[-123.86,50.1],[-123.95,50.18],[-123.93,50.19],[-123.88,50.17],[-123.78,50.09],[-123.82,50.04],[-123.88,50.02],[-123.9,49.98],[-123.9,49.8],[-123.87,49.74],[-123.76,49.66],[-123.58,49.68],[-123.74,49.59],[-123.82,49.59],[-123.92,49.72],[-123.99,49.74],[-124.05,49.66],[-124.03,49.6],[-123.89,49.49],[-123.51,49.4],[-123.44,49.45],[-123.4,49.44],[-123.34,49.46],[-123.32,49.58],[-123.19,49.68],[-123.26,49.39],[-123.29,49.37],[-123.28,49.34],[-123.17,49.35],[-123.02,49.32],[-122.96,49.33],[-122.88,49.4],[-122.91,49.32],[-122.95,49.29],[-123.18,49.28],[-123.23,49.26],[-123.19,49.22],[-123.2,49.15],[-123.18,49.13],[-123.15,49.12],[-123.08,49.13],[-123.12,49.06],[-123.09,48.99],[-123.05,48.99],[-123.03,49.04],[-123,49.06],[-122.92,49.07],[-122.83,49.03],[-122.79,48.99],[-117.14,48.99],[-117.04,48.99],[-116.72,48.99],[-116.29,48.99],[-116.05,48.99],[-115.86,48.99],[-114.16,48.99],[-114.06,48.99],[-114.05,49.01],[-114.16,49.15],[-114.35,49.21],[-114.57,49.39],[-114.59,49.42],[-114.58,49.54],[-114.72,49.57],[-114.74,49.6],[-114.69,49.64],[-114.64,49.73],[-114.68,49.93],[-114.65,50.02],[-114.72,50.13],[-114.79,50.36],[-114.99,50.55],[-115.05,50.58],[-115.13,50.58],[-115.21,50.55],[-115.27,50.59],[-115.31,50.63],[-115.3,50.67],[-115.33,50.72],[-115.4,50.73],[-115.64,50.87],[-115.59,50.91],[-115.62,50.96],[-115.79,51.07],[-115.94,51.1],[-116,51.13],[-116.05,51.24],[-116.25,51.32],[-116.31,51.45],[-116.57,51.65],[-116.63,51.76],[-116.67,51.79],[-116.76,51.79],[-116.81,51.75],[-116.81,51.72],[-116.91,51.71],[-117.04,51.89],[-117.24,52.05],[-117.32,52.16],[-117.38,52.14],[-117.59,52.14],[-117.75,52.21],[-117.82,52.27],[-117.73,52.35],[-117.73,52.38],[-118,52.49],[-118.06,52.41],[-118.19,52.38],[-118.22,52.39],[-118.25,52.44],[-118.23,52.48],[-118.35,52.62],[-118.32,52.67],[-118.33,52.71],[-118.48,52.88],[-118.63,52.91],[-118.68,53.03],[-118.77,53.07],[-118.77,53.12],[-118.8,53.15],[-118.99,53.24],[-119.02,53.2],[-119.02,53.14],[-119.26,53.21],[-119.31,53.24],[-119.4,53.35],[-119.68,53.37],[-119.82,53.49],[-119.89,53.52],[-119.92,53.61],[-119.73,53.63],[-119.81,53.7],[-119.9,53.72],[-119.92,53.77],[-120,53.84],[-120,59.62],[-120,60]]],[[[-130.21,55.03],[-130.06,55.23],[-130.01,55.33],[-130.11,55.58],[-130.12,55.69],[-130.09,55.79],[-130.03,55.89],[-130.14,55.72],[-130.15,55.65],[-130.04,55.3],[-130.17,55.14],[-130.22,55.06],[-130.21,55.03]]],[[[-130.21,55.03],[-130.58,54.77],[-130.54,54.75],[-130.35,54.81],[-130.2,54.95],[-130.21,55.03]]],[[[-130.93,54.48],[-130.81,54.54],[-130.75,54.6],[-130.78,54.62],[-130.91,54.63],[-130.96,54.5],[-130.93,54.48]]],[[[-132.66,54.13],[-133.05,54.16],[-133.1,54.01],[-133.08,53.84],[-132.91,53.63],[-132.9,53.56],[-132.85,53.51],[-132.67,53.46],[-132.43,53.35],[-132.46,53.34],[-132.69,53.37],[-132.75,53.31],[-132.52,53.19],[-132.35,53.19],[-132.01,53.27],[-131.96,53.31],[-131.93,53.38],[-131.89,53.71],[-131.7,53.99],[-131.67,54.14],[-131.94,54.04],[-132.13,54.03],[-132.11,53.86],[-132.15,53.81],[-132.19,53.68],[-132.46,53.65],[-132.57,53.66],[-132.57,53.68],[-132.21,53.81],[-132.16,53.88],[-132.17,53.96],[-132.26,54.08],[-132.3,54.1],[-132.34,54.11],[-132.56,54.07],[-132.66,54.13]]],[[[-130.24,53.96],[-130.3,54.04],[-130.4,54.09],[-130.45,54.09],[-130.65,53.99],[-130.71,53.92],[-130.68,53.86],[-130.64,53.84],[-130.64,53.92],[-130.59,53.94],[-130.47,53.86],[-130.41,53.86],[-130.38,53.84],[-130.24,53.96]]],[[[-129.85,53.17],[-129.75,53.24],[-129.94,53.44],[-130.39,53.62],[-130.45,53.63],[-130.52,53.54],[-130.41,53.49],[-130.31,53.41],[-130.15,53.35],[-129.93,53.18],[-129.87,53.16],[-129.85,53.17]]],[[[-129.17,53.12],[-129.18,53.26],[-129.24,53.33],[-129.33,53.17],[-129.31,53.12],[-129.28,53.11],[-129.17,53.12]]],[[[-128.55,52.94],[-128.63,53.11],[-128.74,53.18],[-129.03,53.28],[-129.08,53.14],[-129.18,53.02],[-129.18,52.96],[-129.09,52.89],[-129.08,52.82],[-128.9,52.67],[-128.83,52.68],[-128.75,52.76],[-128.77,52.6],[-128.73,52.36],[-128.68,52.29],[-128.62,52.34],[-128.58,52.45],[-128.51,52.52],[-128.55,52.94]]],[[[-131.75,53.2],[-131.89,53.23],[-132.15,53.16],[-132.55,53.14],[-132.47,53.07],[-132.14,53],[-132.14,52.96],[-132.23,52.95],[-132.26,52.93],[-132.17,52.78],[-132.09,52.75],[-131.81,52.54],[-131.56,52.4],[-131.51,52.32],[-131.42,52.24],[-131.22,52.15],[-131.12,52.22],[-131.14,52.29],[-131.32,52.3],[-131.33,52.32],[-131.26,52.39],[-131.26,52.42],[-131.43,52.42],[-131.44,52.45],[-131.59,52.58],[-131.57,52.62],[-131.46,52.7],[-131.61,52.75],[-131.73,52.76],[-131.9,52.87],[-131.97,52.88],[-131.92,52.91],[-131.8,52.89],[-131.63,52.92],[-131.62,53.02],[-131.65,53.1],[-131.75,53.2]]],[[[-129.31,52.99],[-129.45,53.17],[-129.5,53.19],[-129.5,53.13],[-129.41,53.02],[-129.33,52.98],[-129.31,52.99]]],[[[-128.94,52.51],[-128.94,52.6],[-128.99,52.66],[-129.19,52.79],[-129.25,52.81],[-129.26,52.8],[-129.25,52.72],[-128.97,52.46],[-128.94,52.51]]],[[[-128.37,52.4],[-128.32,52.46],[-128.25,52.78],[-128.36,52.78],[-128.44,52.7],[-128.44,52.56],[-128.41,52.47],[-128.45,52.39],[-128.37,52.4]]],[[[-131.03,51.96],[-131.01,52.1],[-131.1,52.15],[-131.12,52.1],[-131.1,52.01],[-131.08,51.98],[-131.03,51.96]]],[[[-127.92,51.47],[-127.92,51.59],[-128,51.7],[-128.03,51.71],[-128.14,51.65],[-128.15,51.63],[-128.09,51.51],[-128.04,51.47],[-127.92,51.47]]],[[[-127.2,50.64],[-127.71,50.82],[-127.92,50.86],[-128.1,50.86],[-128.24,50.83],[-128.35,50.74],[-128.35,50.7],[-128.27,50.61],[-128.14,50.52],[-128.06,50.5],[-127.86,50.5],[-127.73,50.54],[-127.75,50.61],[-127.53,50.6],[-127.47,50.58],[-127.53,50.54],[-127.49,50.4],[-127.64,50.48],[-127.83,50.47],[-127.91,50.45],[-127.96,50.35],[-127.95,50.33],[-127.85,50.31],[-127.84,50.29],[-127.83,50.21],[-127.87,50.15],[-127.86,50.13],[-127.77,50.12],[-127.67,50.16],[-127.47,50.16],[-127.35,50.05],[-127.29,50.07],[-127.25,50.14],[-127.19,50.1],[-127.18,50.07],[-127.21,49.99],[-127.2,49.95],[-127.17,49.91],[-127.11,49.88],[-127.05,49.87],[-126.98,49.88],[-126.9,49.94],[-126.68,49.88],[-126.56,49.73],[-126.46,49.72],[-126.35,49.66],[-126.13,49.67],[-126.16,49.65],[-126.44,49.62],[-126.56,49.58],[-126.55,49.42],[-126.5,49.4],[-126.42,49.45],[-126.3,49.38],[-126.27,49.43],[-126.24,49.44],[-126.1,49.42],[-126.02,49.37],[-125.94,49.4],[-125.98,49.29],[-125.95,49.25],[-125.84,49.28],[-125.73,49.2],[-125.64,49.19],[-125.7,49.14],[-125.81,49.11],[-125.83,49.09],[-125.66,49.03],[-125.54,48.95],[-125.49,48.93],[-125.36,49],[-125.17,48.99],[-124.93,49.01],[-124.87,49.08],[-124.81,49.21],[-124.8,49.14],[-124.85,49.03],[-125.14,48.82],[-125.12,48.76],[-125.02,48.71],[-124.87,48.65],[-124.12,48.44],[-123.57,48.32],[-123.45,48.43],[-123.31,48.41],[-123.28,48.46],[-123.42,48.7],[-123.46,48.67],[-123.47,48.6],[-123.5,48.58],[-123.63,48.82],[-123.75,48.95],[-123.85,49.12],[-124,49.22],[-124.19,49.3],[-124.64,49.43],[-124.83,49.53],[-124.93,49.64],[-124.93,49.67],[-124.9,49.69],[-124.93,49.73],[-125.23,50.01],[-125.48,50.32],[-125.62,50.36],[-125.84,50.38],[-126.2,50.45],[-126.7,50.52],[-127.2,50.64]]],[[[-125.18,50.1],[-125.07,50.22],[-125.14,50.34],[-125.2,50.39],[-125.26,50.42],[-125.3,50.41],[-125.36,50.31],[-125.2,50.04],[-125.18,50.1]]],[[[-124.98,50.03],[-124.91,50.08],[-124.94,50.17],[-124.99,50.22],[-125.03,50.13],[-125,50.02],[-124.98,50.03]]],[[[-126.64,49.61],[-126.65,49.75],[-126.7,49.81],[-126.83,49.87],[-126.93,49.84],[-126.9,49.76],[-126.95,49.74],[-126.94,49.72],[-126.74,49.61],[-126.64,49.61]]],[[[-124.15,49.53],[-124.31,49.67],[-124.42,49.73],[-124.62,49.78],[-124.65,49.76],[-124.49,49.67],[-124.46,49.63],[-124.14,49.51],[-124.15,49.53]]],[[[-126.09,49.35],[-126.12,49.37],[-126.21,49.38],[-126.23,49.3],[-126.06,49.26],[-126.09,49.35]]],[[[-123.37,48.89],[-123.69,49.1],[-123.65,49.04],[-123.54,48.95],[-123.38,48.88],[-123.37,48.89]]],[[[-123.44,48.75],[-123.41,48.76],[-123.49,48.85],[-123.47,48.87],[-123.58,48.93],[-123.52,48.75],[-123.48,48.73],[-123.44,48.75]]]]}},
{"type":"Feature","properties":{"r":38,"c":202,"name":"Manitoba","code":"MB"},"geometry":{"type":"Polygon","coordinates":[[[-88.95,56.85],[-89.21,56.88],[-89.34,56.92],[-89.79,56.98],[-90.08,57.05],[-90.34,57.15],[-90.59,57.22],[-90.9,57.26],[-91.11,57.24],[-92.02,57.06],[-92.36,56.97],[-92.37,56.98],[-92.3,57.02],[-92.3,57.05],[-92.46,57.04],[-92.73,56.93],[-92.8,56.92],[-92.61,57.04],[-92.48,57.21],[-92.43,57.32],[-92.49,57.47],[-92.74,57.84],[-92.84,58.08],[-93.1,58.49],[-93.15,58.69],[-93.18,58.73],[-93.28,58.76],[-93.38,58.74],[-93.49,58.74],[-93.78,58.77],[-94.06,58.76],[-94.12,58.74],[-94.21,58.63],[-94.27,58.38],[-94.33,58.3],[-94.29,58.72],[-94.42,58.75],[-94.58,58.87],[-94.62,58.88],[-94.67,58.87],[-94.78,59.02],[-94.96,59.07],[-94.87,59.09],[-94.82,59.15],[-94.79,59.27],[-94.79,59.95],[-94.77,60],[-101.55,60],[-102,60],[-102,59.74],[-102,55.82],[-101.4,49.42],[-101.37,48.99],[-100.94,48.99],[-97.53,48.99],[-97.23,48.99],[-97.1,48.99],[-95.16,48.99],[-95.16,49.2],[-95.16,49.37],[-95.16,49.8],[-95.15,52.82],[-93.62,53.75],[-92.86,54.3],[-91.38,55.32],[-89.98,56.22],[-88.95,56.85]]]}},
{"type":"Feature","properties":{"r":39,"c":202,"name":"New Brunswick","code":"NB"},"geometry":{"type":"MultiPolygon","coordinates":[[[[-64.03,46.01],[-64.06,46.02],[-63.83,46.11],[-63.87,46.15],[-63.92,46.17],[-64.14,46.19],[-64.21,46.22],[-64.54,46.24],[-64.56,46.31],[-64.65,46.36],[-64.64,46.43],[-64.69,46.51],[-64.73,46.67],[-64.82,46.7],[-64.91,46.89],[-64.83,47.06],[-64.94,47.09],[-65.04,47.09],[-65.19,47.05],[-65.32,47.1],[-65.09,47.23],[-64.91,47.37],[-64.85,47.57],[-64.77,47.67],[-64.7,47.72],[-64.87,47.8],[-65.05,47.79],[-65,47.85],[-65.23,47.81],[-65.34,47.77],[-65.48,47.69],[-65.61,47.67],[-65.67,47.7],[-65.76,47.86],[-65.85,47.91],[-66.21,47.99],[-66.36,48.06],[-66.43,48.07],[-66.63,48.01],[-66.7,48.02],[-66.84,48],[-66.93,47.96],[-66.95,47.9],[-67.06,47.92],[-67.19,47.89],[-67.31,47.89],[-67.36,47.85],[-67.58,47.94],[-67.61,48],[-68.11,48],[-68.11,47.93],[-68.38,47.93],[-68.39,47.56],[-68.5,47.48],[-68.63,47.42],[-69.05,47.29],[-69.05,47.27],[-68.94,47.21],[-68.83,47.2],[-68.48,47.29],[-68.36,47.34],[-68.24,47.35],[-67.93,47.17],[-67.81,47.08],[-67.79,46.04],[-67.77,45.93],[-67.8,45.73],[-67.78,45.7],[-67.73,45.69],[-67.66,45.64],[-67.43,45.6],[-67.41,45.57],[-67.42,45.53],[-67.49,45.5],[-67.43,45.38],[-67.47,45.28],[-67.37,45.17],[-67.32,45.15],[-67.25,45.2],[-67.12,45.17],[-67.08,45.14],[-66.98,45.16],[-66.92,45.15],[-66.91,45.1],[-66.87,45.07],[-66.71,45.08],[-66.51,45.14],[-66.44,45.1],[-66.14,45.23],[-66.11,45.26],[-66.18,45.34],[-66.03,45.42],[-66.11,45.32],[-65.96,45.22],[-65.88,45.22],[-65.55,45.34],[-65.28,45.47],[-65.06,45.54],[-64.9,45.63],[-64.78,45.64],[-64.59,45.81],[-64.64,45.91],[-64.63,45.95],[-64.48,45.81],[-64.4,45.83],[-64.31,45.84],[-64.27,45.85],[-64.16,45.96],[-64.05,45.98],[-64.03,46.01]]],[[[-64.48,47.96],[-64.48,48.01],[-64.52,48.01],[-64.59,47.91],[-64.48,47.96]]],[[[-64.51,47.89],[-64.66,47.86],[-64.68,47.75],[-64.62,47.75],[-64.53,47.81],[-64.51,47.89]]],[[[-66.76,44.68],[-66.75,44.79],[-66.8,44.81],[-66.9,44.63],[-66.76,44.68]]]]}},
{"type":"Feature","properties":{"r":40,"c":202,"name":"Newfoundland and Labrador","code":"NL"},"geometry":{"type":"MultiPolygon","coordinates":[[[[-57.1,51.44],[-57.02,51.45],[-56.02,51.93],[-55.7,52.14],[-55.67,52.19],[-55.69,52.24],[-56,52.37],[-56.01,52.39],[-55.78,52.36],[-55.72,52.39],[-55.71,52.43],[-55.75,52.47],[-55.84,52.51],[-56.05,52.54],[-56.32,52.54],[-56.29,52.57],[-56.17,52.57],[-55.85,52.62],[-55.8,52.64],[-55.87,52.74],[-55.83,52.88],[-55.89,53],[-55.81,53.13],[-55.8,53.21],[-55.86,53.34],[-55.97,53.47],[-56.11,53.59],[-56.35,53.62],[-56.46,53.77],[-56.52,53.77],[-56.84,53.74],[-57.01,53.67],[-57.33,53.47],[-57.42,53.58],[-57.53,53.6],[-57.49,53.63],[-57.24,53.72],[-57.13,53.79],[-57.2,53.92],[-57.42,54.16],[-57.61,54.19],[-58.19,54.23],[-58.31,54.2],[-58.36,54.17],[-58.32,54.11],[-58.06,54.13],[-57.93,54.1],[-57.94,54.09],[-58.09,54.09],[-58.65,53.98],[-58.92,53.88],[-59.32,53.64],[-59.5,53.57],[-59.83,53.5],[-59.99,53.39],[-60.15,53.31],[-60.33,53.27],[-60.35,53.29],[-60.25,53.34],[-60.31,53.36],[-60.29,53.39],[-60.1,53.49],[-60.16,53.53],[-60.37,53.61],[-60.4,53.65],[-60.26,53.61],[-60.14,53.6],[-60.1,53.63],[-60.06,53.73],[-59.82,53.83],[-59.75,53.84],[-59.5,53.83],[-59.2,53.93],[-59.04,53.96],[-58.98,54.01],[-58.92,54.03],[-58.63,54.05],[-58.44,54.23],[-58.22,54.29],[-58.16,54.32],[-58.15,54.35],[-57.7,54.39],[-57.56,54.44],[-57.49,54.52],[-57.4,54.57],[-57.4,54.59],[-57.48,54.64],[-57.72,54.67],[-57.93,54.77],[-57.96,54.88],[-58.2,54.87],[-58.22,54.81],[-58.4,54.77],[-58.78,54.84],[-58.89,54.95],[-59,55.15],[-59.09,55.18],[-59.26,55.2],[-59.39,55.08],[-59.75,54.89],[-59.84,54.81],[-59.82,54.87],[-59.44,55.18],[-59.52,55.2],[-59.61,55.17],[-59.69,55.2],[-59.7,55.27],[-59.76,55.31],[-59.93,55.26],[-60.21,55.24],[-60.34,55.19],[-60.56,55.07],[-60.62,55.06],[-60.45,55.2],[-60.36,55.37],[-60.22,55.44],[-60.19,55.48],[-60.41,55.65],[-60.34,55.78],[-60.48,55.81],[-60.56,55.73],[-60.59,55.81],[-60.74,55.89],[-60.74,55.94],[-60.83,55.96],[-60.89,55.91],[-61,55.86],[-61.09,55.87],[-61.13,55.93],[-61.19,55.96],[-61.35,55.97],[-61.45,56],[-61.45,56.02],[-61.3,56.05],[-61.36,56.22],[-61.56,56.21],[-61.71,56.23],[-61.71,56.29],[-61.5,56.33],[-61.43,56.36],[-61.51,56.39],[-61.94,56.42],[-62.01,56.45],[-61.9,56.51],[-61.76,56.51],[-61.74,56.53],[-61.85,56.58],[-61.99,56.59],[-62.12,56.67],[-62.4,56.73],[-62.5,56.8],[-62.37,56.84],[-62.3,56.83],[-62.38,56.79],[-62.37,56.77],[-62.06,56.7],[-61.53,56.65],[-61.37,56.68],[-61.39,56.85],[-61.33,57.01],[-61.63,57.18],[-61.72,57.2],[-61.8,57.19],[-61.86,57.2],[-61.98,57.25],[-61.85,57.37],[-61.92,57.42],[-62.09,57.45],[-62.3,57.44],[-62.4,57.45],[-62.5,57.49],[-62.34,57.48],[-62.25,57.53],[-62.08,57.56],[-61.97,57.61],[-61.93,57.67],[-61.99,57.77],[-61.9,57.86],[-61.96,57.91],[-62.12,57.96],[-62.2,57.95],[-62.31,57.97],[-62.49,58.15],[-62.59,58.16],[-62.82,58.13],[-62.98,58.09],[-63.22,58],[-63.26,58.01],[-63.06,58.13],[-62.81,58.2],[-62.67,58.32],[-62.59,58.47],[-62.61,58.5],[-62.84,58.48],[-63.08,58.41],[-63.13,58.41],[-63.12,58.44],[-63.21,58.47],[-63.3,58.44],[-63.47,58.33],[-63.54,58.33],[-63.39,58.45],[-63.1,58.55],[-62.87,58.67],[-62.93,58.77],[-63.05,58.88],[-63.19,58.86],[-63.28,58.87],[-63.22,58.93],[-63.31,59.03],[-63.22,59.06],[-63.4,59.08],[-63.79,59.03],[-63.94,59.03],[-63.97,59.05],[-63.91,59.07],[-63.76,59.06],[-63.65,59.08],[-63.51,59.12],[-63.42,59.19],[-63.54,59.33],[-63.64,59.34],[-63.78,59.28],[-63.76,59.32],[-63.78,59.35],[-63.95,59.38],[-63.97,59.41],[-63.85,59.45],[-63.75,59.51],[-63.93,59.64],[-63.98,59.75],[-64.06,59.82],[-64.23,59.74],[-64.17,59.85],[-64.18,59.97],[-64.28,60.06],[-64.56,60.04],[-64.73,60],[-64.77,60.01],[-64.53,60.09],[-64.42,60.17],[-64.44,60.23],[-64.5,60.27],[-64.61,60.31],[-64.82,60.27],[-64.85,60.25],[-64.79,60.2],[-64.64,60.16],[-64.62,60.14],[-64.65,60.11],[-64.78,60.06],[-64.89,60.04],[-64.87,60.01],[-64.66,59.92],[-64.79,59.82],[-64.82,59.54],[-64.78,59.49],[-64.71,59.47],[-64.44,59.53],[-64.39,59.51],[-64.38,59.48],[-64.5,59.4],[-64.52,59.36],[-64.52,59.23],[-64.48,59.12],[-64.32,59.02],[-64.39,59],[-64.77,59.05],[-64.83,59.02],[-64.85,58.95],[-64.81,58.93],[-64.29,58.87],[-64.24,58.79],[-64.19,58.77],[-63.73,58.86],[-63.59,58.83],[-63.5,58.77],[-63.51,58.74],[-63.55,58.73],[-64.03,58.67],[-64.09,58.6],[-64.06,58.55],[-64.04,58.54],[-63.88,58.56],[-63.84,58.51],[-63.85,58.46],[-64.1,58.36],[-64.37,58.17],[-64.4,58.12],[-64.23,58.02],[-64.05,57.79],[-63.96,57.8],[-63.84,57.71],[-63.72,57.7],[-63.62,57.73],[-63.6,57.72],[-63.61,57.67],[-63.76,57.55],[-63.74,57.4],[-63.8,57.32],[-63.76,57.23],[-63.79,57.13],[-63.88,57.02],[-63.9,56.89],[-64.12,56.71],[-63.95,56.53],[-63.93,56.48],[-63.95,56.44],[-64.05,56.43],[-64.14,56.39],[-64.12,56.29],[-63.91,56.23],[-63.9,56.21],[-63.99,56.14],[-64,56.1],[-63.89,56.09],[-63.84,56.06],[-63.58,56.03],[-63.56,55.99],[-63.7,55.92],[-63.7,55.86],[-63.36,55.56],[-63.15,55.51],[-63.16,55.44],[-63.11,55.34],[-63.51,55.17],[-63.55,55.09],[-63.48,54.99],[-63.49,54.92],[-63.66,54.64],[-63.75,54.61],[-63.91,54.63],[-64.34,54.73],[-65.12,54.72],[-65.68,54.74],[-65.8,54.81],[-65.88,54.91],[-66.08,54.94],[-66.16,54.97],[-66.62,55.26],[-66.77,55.33],[-66.8,55.29],[-66.72,55.19],[-66.75,55.13],[-66.69,55],[-66.71,54.95],[-66.65,54.8],[-66.72,54.75],[-66.87,54.78],[-67.17,54.94],[-67.3,55.06],[-67.43,55.06],[-67.42,54.98],[-67.29,54.83],[-67.2,54.68],[-67.15,54.65],[-67.15,54.62],[-67.24,54.59],[-67.29,54.52],[-67.58,54.57],[-67.62,54.51],[-67.61,54.45],[-67.51,54.24],[-67.73,54.1],[-67.76,54.03],[-67.47,53.8],[-67.48,53.64],[-67.46,53.6],[-67.16,53.54],[-67.08,53.42],[-66.94,53.36],[-66.97,53.07],[-67.05,52.92],[-67.07,52.75],[-67.03,52.72],[-66.9,52.69],[-66.86,52.7],[-66.81,52.69],[-66.69,52.73],[-66.62,52.93],[-66.52,52.96],[-66.47,53.02],[-66.43,53.01],[-66.3,52.9],[-66.43,52.66],[-66.39,52.42],[-66.46,52.34],[-66.46,52.29],[-66.41,52.18],[-66.35,52.15],[-66.28,52.3],[-66.1,52.21],[-66.04,52.11],[-65.88,52.05],[-65.83,52.05],[-65.78,52.1],[-65.59,52.07],[-65.55,52.09],[-65.47,52.2],[-65.27,52.19],[-65.14,52.15],[-64.93,52.06],[-64.76,51.91],[-64.63,51.83],[-64.64,51.79],[-64.7,51.75],[-64.7,51.72],[-64.6,51.6],[-64.51,51.61],[-64.29,51.73],[-64.33,51.84],[-64.27,52.08],[-64.16,52.15],[-64.13,52.19],[-64.1,52.38],[-64.18,52.55],[-64.18,52.82],[-64.14,52.85],[-63.97,52.9],[-63.91,53.08],[-63.72,53.11],[-63.67,53.1],[-63.55,52.96],[-63.57,52.83],[-63.55,52.77],[-63.41,52.69],[-63.42,52.67],[-63.9,52.59],[-64.02,52.53],[-64.07,52.47],[-63.95,52.43],[-63.94,52.38],[-63.77,52.3],[-63.66,52.06],[-63.79,52.05],[-63.76,52.01],[-57.1,52],[-57.1,51.44]]],[[[-61.74,57.55],[-61.85,57.58],[-61.94,57.55],[-61.98,57.57],[-62.01,57.56],[-61.98,57.5],[-61.8,57.42],[-61.64,57.42],[-61.66,57.52],[-61.74,57.55]]],[[[-60.99,56.04],[-60.97,56.1],[-61.09,56.14],[-61.16,56.12],[-61.2,56.06],[-61.14,56.03],[-60.98,56.02],[-60.99,56.04]]],[[[-55.36,51.89],[-55.29,51.93],[-55.27,52],[-55.35,51.98],[-55.4,51.94],[-55.42,51.9],[-55.36,51.89]]],[[[-55.46,51.54],[-55.45,51.56],[-55.52,51.6],[-55.67,51.58],[-55.7,51.56],[-55.66,51.51],[-55.69,51.47],[-55.87,51.51],[-55.9,51.56],[-56.03,51.57],[-56.21,51.49],[-56.52,51.4],[-56.68,51.33],[-56.75,51.27],[-56.81,51.14],[-56.98,51.03],[-57.04,51.01],[-57.01,50.94],[-57.05,50.86],[-57.13,50.79],[-57.27,50.73],[-57.3,50.7],[-57.29,50.67],[-57.18,50.61],[-57.33,50.61],[-57.43,50.51],[-57.71,50.02],[-57.93,49.7],[-57.9,49.6],[-57.79,49.49],[-57.86,49.47],[-57.96,49.53],[-58.02,49.54],[-58.11,49.5],[-58.21,49.39],[-58.22,49.31],[-58.19,49.26],[-58.1,49.23],[-57.98,49.23],[-58.05,49.18],[-58.1,49.08],[-58.08,49.04],[-57.99,48.99],[-58.01,48.98],[-58.05,48.99],[-58.19,49.06],[-58.36,49.1],[-58.49,49],[-58.64,48.75],[-58.69,48.62],[-58.72,48.6],[-58.88,48.62],[-58.91,48.65],[-58.82,48.75],[-58.84,48.75],[-59.17,48.56],[-59.17,48.52],[-58.94,48.52],[-58.72,48.54],[-58.49,48.51],[-58.33,48.52],[-58.6,48.41],[-58.96,48.16],[-59.27,48],[-59.34,47.93],[-59.36,47.87],[-59.26,47.63],[-59.22,47.6],[-59.12,47.57],[-58.94,47.58],[-58.51,47.65],[-58.34,47.73],[-58.33,47.68],[-58.24,47.67],[-57.93,47.67],[-57.66,47.63],[-57.47,47.63],[-56.95,47.57],[-56.77,47.57],[-56.72,47.59],[-56.46,47.62],[-56.22,47.67],[-56.12,47.79],[-56.09,47.77],[-56.02,47.76],[-55.86,47.82],[-55.84,47.79],[-55.87,47.59],[-56.13,47.5],[-55.86,47.53],[-55.77,47.5],[-55.58,47.47],[-55.46,47.48],[-55.43,47.5],[-55.37,47.66],[-55.07,47.66],[-55.04,47.63],[-54.95,47.62],[-54.78,47.66],[-54.87,47.57],[-55.19,47.45],[-55.4,47.22],[-55.49,47.16],[-55.84,47.07],[-55.92,47.02],[-55.96,46.96],[-55.95,46.93],[-55.84,46.87],[-55.79,46.87],[-55.65,46.88],[-55.48,46.92],[-55.4,46.9],[-55.32,46.91],[-55.25,46.94],[-55.1,47.1],[-55.09,47.17],[-54.86,47.39],[-54.65,47.41],[-54.47,47.55],[-54.56,47.38],[-54.49,47.4],[-54.43,47.46],[-54.4,47.56],[-54.23,47.77],[-54.22,47.85],[-54.19,47.86],[-54.05,47.81],[-53.99,47.76],[-53.88,47.46],[-53.85,47.44],[-54.16,46.97],[-54.17,46.88],[-54.13,46.84],[-54.08,46.82],[-54.01,46.84],[-53.77,47.01],[-53.64,47.14],[-53.6,47.15],[-53.58,47.1],[-53.61,47.01],[-53.58,46.96],[-53.62,46.68],[-53.59,46.64],[-53.54,46.63],[-53.38,46.71],[-53.32,46.72],[-53.29,46.72],[-53.21,46.66],[-53.17,46.65],[-53.11,46.66],[-53.03,46.72],[-52.89,46.97],[-52.88,47.01],[-52.91,47.1],[-52.68,47.43],[-52.65,47.55],[-52.71,47.75],[-52.74,47.77],[-52.78,47.77],[-52.87,47.62],[-52.95,47.55],[-53.12,47.46],[-53.17,47.51],[-53.18,47.65],[-53.15,47.73],[-53,47.98],[-52.87,48.09],[-52.88,48.13],[-52.92,48.15],[-53.28,48],[-53.5,47.74],[-53.6,47.66],[-53.67,47.65],[-53.77,47.65],[-53.81,47.68],[-53.86,47.8],[-53.7,47.92],[-53.64,48.01],[-53.65,48.03],[-53.79,48.01],[-53.87,48.02],[-53.57,48.09],[-53.54,48.11],[-53.56,48.17],[-53.61,48.21],[-53.53,48.23],[-53.41,48.29],[-53.33,48.36],[-53.18,48.37],[-53.14,48.4],[-53.06,48.48],[-53.02,48.57],[-53.04,48.66],[-53.28,48.56],[-53.41,48.56],[-53.55,48.48],[-53.64,48.51],[-53.74,48.5],[-53.8,48.45],[-53.94,48.44],[-54.11,48.39],[-54.07,48.42],[-53.79,48.53],[-53.7,48.68],[-53.78,48.7],[-53.89,48.68],[-53.97,48.71],[-53.96,48.74],[-53.89,48.77],[-53.85,48.81],[-53.95,48.81],[-54.1,48.78],[-54.16,48.79],[-53.9,48.89],[-53.82,48.95],[-53.81,48.99],[-53.76,49.04],[-53.57,49.14],[-53.57,49.26],[-53.62,49.32],[-53.86,49.43],[-53.96,49.44],[-54.36,49.42],[-54.45,49.33],[-54.48,49.47],[-54.47,49.53],[-54.5,49.53],[-54.72,49.39],[-54.91,49.32],[-54.98,49.27],[-55.02,49.26],[-55.01,49.29],[-55.03,49.31],[-55.18,49.24],[-55.24,49.2],[-55.25,49.12],[-55.35,49.08],[-55.34,49.17],[-55.22,49.33],[-55.2,49.41],[-55.23,49.51],[-55.27,49.52],[-55.28,49.51],[-55.28,49.41],[-55.34,49.37],[-55.36,49.38],[-55.35,49.44],[-55.38,49.49],[-55.68,49.43],[-55.82,49.52],[-56.09,49.45],[-55.89,49.58],[-55.87,49.67],[-55.98,49.68],[-56.14,49.62],[-56.04,49.7],[-55.58,49.89],[-55.5,49.98],[-55.53,50],[-55.76,49.96],[-55.93,50.02],[-56.08,49.98],[-56.16,49.94],[-56.12,50.06],[-56.18,50.11],[-56.25,50.09],[-56.38,49.93],[-56.61,49.79],[-56.82,49.61],[-56.81,49.71],[-56.85,49.77],[-56.75,49.88],[-56.73,50.01],[-56.48,50.27],[-56.45,50.38],[-56.38,50.42],[-56.14,50.65],[-56.11,50.76],[-55.87,50.91],[-55.8,51.03],[-55.78,51.09],[-55.8,51.17],[-55.84,51.21],[-55.96,51.19],[-56,51.2],[-56.04,51.26],[-56.03,51.33],[-55.63,51.37],[-55.53,51.44],[-55.46,51.54]]],[[[-55.54,50.72],[-55.5,50.74],[-55.47,50.8],[-55.6,50.78],[-55.63,50.72],[-55.54,50.72]]],[[[-54.09,49.74],[-54.14,49.75],[-54.2,49.69],[-54.26,49.72],[-54.28,49.71],[-54.29,49.6],[-54.24,49.59],[-53.98,49.66],[-54.09,49.74]]],[[[-54.55,49.59],[-54.54,49.62],[-54.56,49.63],[-54.62,49.62],[-54.73,49.56],[-54.78,49.57],[-54.81,49.6],[-54.86,49.6],[-54.86,49.58],[-54.82,49.51],[-54.79,49.5],[-54.55,49.59]]],[[[-54.23,47.44],[-54.15,47.57],[-54.13,47.65],[-54.23,47.57],[-54.23,47.54],[-54.33,47.41],[-54.28,47.41],[-54.23,47.44]]]]}},
{"type":"Feature","properties":{"r":41,"c":202,"name":"Nova Scotia","code":"NS"},"geometry":{"type":"MultiPolygon","coordinates":[[[[-64.31,45.84],[-64.35,45.78],[-64.4,45.76],[-64.56,45.63],[-64.83,45.48],[-64.91,45.37],[-64.75,45.32],[-64.68,45.38],[-64.6,45.41],[-64.34,45.39],[-64.09,45.41],[-63.91,45.38],[-63.61,45.39],[-63.37,45.36],[-63.46,45.32],[-63.75,45.31],[-64.09,45.22],[-64.18,45.15],[-64.14,45.02],[-64.24,45.11],[-64.35,45.14],[-64.37,45.19],[-64.33,45.31],[-64.45,45.34],[-64.41,45.31],[-64.45,45.26],[-64.75,45.18],[-64.9,45.12],[-65.66,44.76],[-65.73,44.7],[-65.5,44.76],[-65.52,44.73],[-65.68,44.65],[-65.78,44.65],[-65.92,44.62],[-66.02,44.56],[-66.15,44.44],[-65.94,44.58],[-65.87,44.57],[-66.1,44.37],[-66.19,44.14],[-66.13,43.81],[-66.04,43.74],[-65.98,43.81],[-65.89,43.8],[-65.74,43.56],[-65.66,43.53],[-65.56,43.55],[-65.45,43.52],[-65.43,43.56],[-65.39,43.57],[-65.34,43.55],[-65.33,43.67],[-65.23,43.73],[-65.09,43.73],[-64.86,43.87],[-64.83,43.93],[-64.69,44.02],[-64.58,44.14],[-64.47,44.19],[-64.38,44.3],[-64.33,44.29],[-64.28,44.33],[-64.34,44.44],[-64.29,44.55],[-64.17,44.59],[-64.1,44.49],[-64.04,44.55],[-64.04,44.59],[-64,44.64],[-63.92,44.6],[-63.89,44.55],[-63.82,44.51],[-63.76,44.49],[-63.61,44.48],[-63.54,44.54],[-63.6,44.68],[-63.46,44.64],[-63.31,44.64],[-63.16,44.71],[-63.03,44.71],[-62.77,44.79],[-62.51,44.84],[-62.26,44.94],[-62.03,44.99],[-61.79,45.08],[-61.72,45.09],[-61.65,45.13],[-61.39,45.19],[-61.28,45.24],[-61.17,45.26],[-61.1,45.23],[-61.03,45.29],[-61.11,45.35],[-61.46,45.37],[-61.28,45.44],[-61.28,45.48],[-61.43,45.65],[-61.49,45.69],[-61.66,45.64],[-61.78,45.66],[-61.88,45.71],[-61.92,45.85],[-61.96,45.87],[-62.22,45.73],[-62.42,45.66],[-62.48,45.62],[-62.59,45.66],[-62.75,45.65],[-62.7,45.74],[-62.91,45.78],[-63.11,45.78],[-63.29,45.75],[-63.36,45.81],[-63.51,45.87],[-63.57,45.88],[-63.7,45.86],[-63.87,45.96],[-64.03,46.01],[-64.05,45.98],[-64.16,45.96],[-64.27,45.85],[-64.31,45.84]]],[[[-61.11,45.94],[-60.91,46.04],[-60.74,46.09],[-60.58,46.17],[-60.49,46.27],[-60.51,46.3],[-60.48,46.41],[-60.38,46.61],[-60.33,46.77],[-60.43,46.92],[-60.41,47],[-60.49,47.01],[-60.62,46.98],[-60.76,46.86],[-60.87,46.8],[-61.24,46.3],[-61.41,46.17],[-61.48,46.06],[-61.5,45.94],[-61.45,45.72],[-61.28,45.57],[-61.19,45.59],[-61.08,45.58],[-60.98,45.61],[-60.67,45.59],[-60.39,45.65],[-60.21,45.74],[-60.02,45.88],[-59.84,45.94],[-59.83,45.97],[-59.93,46.02],[-59.85,46.11],[-59.87,46.16],[-60.09,46.21],[-60.23,46.2],[-60.24,46.27],[-60.3,46.31],[-60.43,46.26],[-60.59,46.12],[-60.57,46.06],[-60.73,45.96],[-60.7,45.93],[-60.46,45.97],[-60.74,45.75],[-60.93,45.75],[-61.06,45.7],[-61.09,45.75],[-61.05,45.8],[-60.97,45.84],[-60.97,45.86],[-61.04,45.88],[-60.87,45.95],[-60.87,45.98],[-60.94,45.99],[-61.07,45.94],[-61.11,45.94]]],[[[-60.96,45.49],[-60.91,45.57],[-61.03,45.58],[-61.08,45.56],[-61.08,45.54],[-61,45.48],[-60.96,45.49]]],[[[-66.27,44.29],[-66.21,44.39],[-66.25,44.38],[-66.32,44.26],[-66.27,44.29]]],[[[-59.79,43.94],[-59.73,44],[-59.94,43.94],[-60.12,43.95],[-60.04,43.91],[-59.92,43.9],[-59.79,43.94]]]]}},
{"type":"Feature","properties":{"r":42,"c":202,"name":"Northwest Territories","code":"NT"},"geometry":{"type":"MultiPolygon","coordinates":[[[[-110,60],[-109.5,60],[-102.5,60],[-102,60],[-102,60.24],[-102,64.23],[-108.54,64.74],[-109.22,64.81],[-109.52,64.9],[-110.67,65.5],[-112.5,65.5],[-120.68,68],[-120.68,69.57],[-120.81,69.62],[-121.53,69.78],[-121.74,69.8],[-122.07,69.82],[-122.96,69.82],[-123.08,69.78],[-123.21,69.54],[-123.36,69.5],[-123.53,69.39],[-124.34,69.36],[-124.47,69.4],[-124.48,69.43],[-124.14,69.65],[-124.12,69.69],[-124.35,69.73],[-124.41,69.77],[-124.47,69.92],[-124.44,70.11],[-124.56,70.15],[-124.71,70.12],[-124.75,70.08],[-124.99,70.03],[-124.96,70.01],[-124.86,70.01],[-124.77,69.99],[-125.08,69.82],[-125.2,69.83],[-125.22,69.73],[-125.36,69.63],[-125.17,69.48],[-125.17,69.43],[-125.39,69.35],[-125.52,69.35],[-125.91,69.42],[-126.25,69.55],[-126.68,69.78],[-126.93,70.06],[-127.23,70.3],[-127.75,70.52],[-128.04,70.57],[-128.17,70.48],[-128.17,70.42],[-127.99,70.36],[-128.04,70.33],[-127.97,70.29],[-127.68,70.26],[-127.76,70.22],[-128.1,70.16],[-128.28,70.11],[-128.39,69.96],[-128.85,69.75],[-129.05,69.7],[-129.14,69.75],[-129.16,69.8],[-129.14,69.83],[-128.92,69.89],[-128.9,69.97],[-129.11,69.88],[-129.57,69.83],[-130.12,69.72],[-130.35,69.66],[-130.52,69.57],[-130.88,69.32],[-130.97,69.21],[-131.01,69.43],[-131.06,69.45],[-131.16,69.45],[-131.29,69.36],[-131.32,69.36],[-131.3,69.42],[-131.34,69.44],[-131.63,69.46],[-131.79,69.43],[-131.82,69.4],[-131.79,69.37],[-131.92,69.29],[-132.21,69.2],[-132.55,69.14],[-132.72,69.08],[-132.77,69.01],[-132.74,68.92],[-132.7,68.9],[-132.53,68.88],[-132.71,68.81],[-133.3,68.85],[-133.34,68.84],[-133.32,68.82],[-133.14,68.75],[-133.2,68.74],[-133.35,68.77],[-133.42,68.84],[-133.38,68.89],[-133.09,69.03],[-132.82,69.21],[-132.69,69.26],[-132.48,69.27],[-132.33,69.31],[-132.13,69.4],[-131.99,69.52],[-131.86,69.55],[-130.83,69.65],[-130.46,69.78],[-129.65,70],[-129.54,70.07],[-129.54,70.11],[-129.68,70.19],[-129.73,70.19],[-129.94,70.09],[-130.17,70.09],[-130.5,70.14],[-130.67,70.13],[-130.93,70.05],[-131.14,69.91],[-131.22,69.9],[-131.32,69.92],[-131.44,69.92],[-131.93,69.75],[-132.16,69.7],[-132.33,69.75],[-132.54,69.73],[-132.57,69.7],[-132.4,69.66],[-132.53,69.64],[-132.84,69.65],[-132.92,69.63],[-133.03,69.51],[-133.16,69.43],[-133.29,69.41],[-133.48,69.41],[-134.17,69.25],[-134.17,69.28],[-133.88,69.51],[-133.9,69.53],[-134.08,69.56],[-134.24,69.67],[-134.41,69.68],[-134.45,69.67],[-134.5,69.57],[-134.46,69.48],[-134.49,69.47],[-134.85,69.49],[-135.14,69.47],[-135.23,69.43],[-135.25,69.32],[-135.29,69.31],[-135.5,69.34],[-135.61,69.29],[-135.69,69.31],[-135.91,69.11],[-135.74,69.05],[-135.58,69.03],[-135.59,69.01],[-135.92,68.99],[-135.94,68.97],[-135.88,68.92],[-135.64,68.89],[-135.43,68.84],[-135.23,68.69],[-135.26,68.68],[-135.36,68.7],[-136.12,68.88],[-136.44,68.9],[-136.45,67.75],[-136.4,67.67],[-136.23,67.6],[-136.17,67.51],[-136.18,67.42],[-136.11,67.29],[-136.22,67.18],[-136.22,67.09],[-136.17,67.02],[-136.13,67],[-134.06,67],[-134.03,66.94],[-133.79,66.82],[-133.8,66.71],[-133.76,66.65],[-133.64,66.57],[-133.65,66.45],[-133.74,66.44],[-133.8,66.33],[-133.79,66.3],[-133.58,66.29],[-133.57,66.18],[-133.68,66.1],[-133.62,65.97],[-133.41,65.96],[-133.23,66.01],[-132.94,66.03],[-132.92,66],[-132.97,65.93],[-132.9,65.91],[-132.61,66.03],[-132.48,65.99],[-132.34,65.98],[-132.34,65.96],[-132.54,65.89],[-132.55,65.86],[-132.53,65.83],[-132.3,65.72],[-132.19,65.6],[-132.35,65.44],[-132.54,65.34],[-132.6,65.28],[-132.76,65.23],[-132.77,65.2],[-132.75,65.17],[-132.58,65.18],[-132.54,65.17],[-132.52,65.09],[-132.38,65.08],[-132.35,65.06],[-132.38,65.02],[-132.5,64.96],[-132.5,64.88],[-132.6,64.83],[-132.59,64.79],[-132.4,64.78],[-132.11,64.7],[-131.89,64.58],[-131.73,64.53],[-131.8,64.39],[-131.59,64.38],[-131.51,64.39],[-131.36,64.46],[-131.27,64.45],[-131.11,64.4],[-130.91,64.19],[-130.94,64.14],[-130.76,63.99],[-130.66,63.95],[-130.51,63.92],[-130.28,63.82],[-130.14,63.81],[-130.12,63.79],[-130.12,63.77],[-130.3,63.72],[-130.3,63.7],[-130.24,63.68],[-130.11,63.7],[-130.08,63.65],[-129.98,63.62],[-129.84,63.49],[-129.95,63.38],[-130.14,63.29],[-129.91,63.19],[-129.83,63.09],[-129.61,63.06],[-129.71,62.93],[-129.72,62.83],[-129.62,62.71],[-129.54,62.69],[-129.49,62.6],[-129.19,62.49],[-129.3,62.43],[-129.24,62.37],[-129.29,62.32],[-129.23,62.22],[-129.27,62.17],[-129.25,62.15],[-129.14,62.13],[-128.91,62.12],[-128.81,62.06],[-128.68,62.11],[-128.56,62.12],[-128.26,61.93],[-128.23,61.88],[-128.09,61.84],[-128.02,61.78],[-127.99,61.71],[-127.81,61.62],[-127.71,61.59],[-127.61,61.53],[-127.47,61.51],[-127.3,61.51],[-127.17,61.46],[-127.07,61.37],[-127.01,61.2],[-127.03,61.13],[-127.1,61.08],[-127.05,61.05],[-126.96,61.06],[-126.94,61.05],[-126.89,60.8],[-126.83,60.76],[-126.77,60.77],[-126.67,60.76],[-126.52,60.8],[-126.3,60.78],[-126.23,60.81],[-126.22,60.86],[-126.16,60.87],[-126.11,60.86],[-126.1,60.83],[-126,60.81],[-125.96,60.87],[-125.9,60.89],[-125.71,60.84],[-125.32,60.79],[-125.23,60.83],[-124.88,60.86],[-124.84,60.95],[-124.81,60.96],[-124.58,60.95],[-124.51,60.79],[-124.61,60.7],[-124.6,60.66],[-124.47,60.57],[-124.4,60.49],[-124.25,60.47],[-124.23,60.45],[-124.18,60.32],[-124,60.13],[-124.01,60.05],[-123.88,60.04],[-123.84,60.02],[-123.82,60],[-123.34,60],[-120.48,60],[-120,60],[-119.38,60],[-110.63,60],[-110,60]]],[[[-110,78.69],[-110.14,78.7],[-110.41,78.76],[-110.88,78.74],[-111.71,78.57],[-112.21,78.55],[-112.86,78.47],[-113.15,78.41],[-113.29,78.33],[-113.17,78.28],[-112.13,78.37],[-111.76,78.28],[-111.52,78.27],[-111.17,78.39],[-110.76,78.31],[-110.42,78.29],[-110.02,78.32],[-110,78.32],[-110,78.69]]],[[[-110,78.09],[-110.46,78.1],[-110.73,78.1],[-110.87,78.08],[-111.21,78.09],[-112.3,78.01],[-112.8,77.94],[-113.19,77.91],[-113.28,77.81],[-113.12,77.63],[-113.21,77.58],[-113.16,77.53],[-112.93,77.47],[-112.64,77.44],[-112.37,77.36],[-112.18,77.34],[-111.95,77.34],[-111.23,77.43],[-110.89,77.43],[-110.68,77.45],[-110.2,77.52],[-110.12,77.62],[-110.19,77.78],[-110.29,77.79],[-110.72,77.78],[-110.87,77.83],[-110.75,77.86],[-110.2,77.9],[-110,77.93],[-110,78.09]]],[[[-113.83,77.75],[-113.62,77.83],[-113.72,77.89],[-114.18,78],[-114.28,78],[-114.33,78.08],[-114.73,78.02],[-114.79,77.99],[-115.03,77.97],[-114.98,77.92],[-114.61,77.77],[-114.29,77.72],[-114.11,77.72],[-113.83,77.75]]],[[[-115.55,77.36],[-116.21,77.52],[-116.51,77.55],[-116.84,77.53],[-117.04,77.47],[-117.03,77.43],[-116.7,77.38],[-116.84,77.34],[-117.15,77.36],[-117.28,77.31],[-118.01,77.38],[-119.09,77.31],[-120.36,76.89],[-120.49,76.79],[-121.1,76.66],[-121.56,76.45],[-122.42,76.39],[-122.77,76.23],[-122.9,76.13],[-122.62,76.17],[-122.59,76.16],[-122.55,76.08],[-122.64,76.01],[-122.53,75.95],[-122.4,75.94],[-122.06,76.02],[-121.91,76.03],[-121.69,76.02],[-121.43,75.98],[-121.21,75.98],[-121.02,76.02],[-120.9,76.16],[-120.81,76.18],[-120.64,76.03],[-120.56,76.01],[-120.41,75.83],[-120.37,75.82],[-120.16,75.85],[-119.91,75.86],[-119.61,75.98],[-119.54,75.98],[-119.55,76.05],[-119.74,76.12],[-119.64,76.16],[-119.65,76.28],[-119.58,76.33],[-119.52,76.34],[-119.25,76.16],[-119.08,76.12],[-118.99,76.14],[-118.81,76.28],[-118.64,76.33],[-118.64,76.42],[-118.8,76.46],[-118.79,76.51],[-118.73,76.53],[-118.57,76.53],[-118.47,76.55],[-118.3,76.74],[-117.88,76.81],[-117.78,76.78],[-118.01,76.5],[-117.99,76.41],[-117.84,76.34],[-117.49,76.27],[-117.23,76.28],[-117.04,76.37],[-117,76.53],[-116.22,76.61],[-115.98,76.69],[-115.94,76.74],[-116.25,76.9],[-116.18,76.92],[-115.91,76.91],[-115.81,76.94],[-116.29,77.1],[-116.33,77.14],[-116.21,77.18],[-115.51,77.29],[-115.47,77.31],[-115.55,77.36]]],[[[-113.56,76.74],[-113.49,76.78],[-113.52,76.83],[-113.89,76.89],[-114.42,76.88],[-114.65,76.85],[-114.84,76.79],[-114.75,76.76],[-113.71,76.71],[-113.56,76.74]]],[[[-110,75.54],[-110.46,75.56],[-111.05,75.55],[-111.16,75.57],[-111.28,75.61],[-111.51,75.81],[-111.71,75.83],[-112.06,75.83],[-112.05,75.87],[-111.87,75.91],[-111.87,75.94],[-112.7,76.2],[-113.17,76.26],[-113.82,76.21],[-114.06,76.3],[-114.19,76.45],[-114.53,76.5],[-114.77,76.51],[-115.58,76.44],[-115.83,76.33],[-115.8,76.25],[-115.02,76.21],[-114.78,76.17],[-115.77,76.18],[-116.06,76.2],[-116.21,76.19],[-116.59,76.1],[-116.55,76.02],[-116.66,75.96],[-116.65,75.93],[-116.34,75.88],[-114.99,75.9],[-115.48,75.84],[-115.84,75.84],[-116.39,75.81],[-116.97,75.75],[-117.16,75.64],[-117.03,75.6],[-116.43,75.59],[-116.03,75.61],[-115.12,75.71],[-115.14,75.68],[-115.34,75.62],[-116.08,75.49],[-116.89,75.48],[-117.26,75.46],[-117.51,75.36],[-117.6,75.27],[-117.5,75.2],[-116.84,75.15],[-116.48,75.17],[-116.14,75.04],[-115.73,74.97],[-115.68,74.97],[-115.54,75.08],[-115.41,75.12],[-115.28,75.1],[-115.13,75.01],[-115.02,74.98],[-114.45,75.09],[-114.36,75.17],[-114.51,75.28],[-114.48,75.29],[-114.17,75.24],[-114.02,75.43],[-113.88,75.38],[-113.47,75.42],[-113.81,75.3],[-113.89,75.21],[-113.84,75.11],[-113.71,75.07],[-112.86,75.12],[-112.6,75.21],[-112.48,75.2],[-112.21,75.13],[-111.78,75.17],[-111.62,75.17],[-111.18,75.26],[-111.09,75.26],[-111.03,75.23],[-111.08,75.2],[-111.67,75.02],[-112.84,74.98],[-113.32,74.88],[-114.13,74.77],[-114.31,74.72],[-114.38,74.67],[-114.17,74.57],[-113.67,74.45],[-113.02,74.4],[-112.52,74.42],[-111.73,74.5],[-111.29,74.59],[-110.94,74.64],[-110.54,74.78],[-110.18,74.84],[-110,74.85],[-110,75.54]]],[[[-110,76.48],[-110.27,76.42],[-110.31,76.37],[-110.2,76.29],[-110,76.24],[-110,76.48]]],[[[-118.33,75.58],[-118.23,75.61],[-117.63,75.97],[-117.5,76.08],[-117.51,76.1],[-117.63,76.12],[-117.89,76.08],[-118.14,75.99],[-118.63,75.91],[-119.23,75.7],[-119.39,75.62],[-119.38,75.6],[-118.82,75.52],[-118.61,75.52],[-118.33,75.58]]],[[[-121.08,75.75],[-120.92,75.81],[-120.89,75.93],[-120.99,75.93],[-121.03,75.85],[-121.22,75.78],[-121.24,75.75],[-121.15,75.74],[-121.08,75.75]]],[[[-119.74,74.11],[-119.72,74.15],[-119.56,74.23],[-119.94,74.25],[-120.55,74.35],[-121.32,74.53],[-121.5,74.55],[-122.62,74.46],[-123.47,74.44],[-124.7,74.35],[-124.19,73.9],[-124.09,73.86],[-123.87,73.83],[-123.8,73.77],[-124.03,73.64],[-124.11,73.53],[-124.42,73.42],[-124.59,73.24],[-124.8,73.13],[-124.82,73.06],[-124.74,73.02],[-124.59,73.01],[-124.56,72.94],[-124.97,72.84],[-125.02,72.78],[-124.99,72.59],[-125.38,72.42],[-125.65,72.24],[-125.58,72.18],[-125.76,72.14],[-125.77,72.05],[-125.85,71.98],[-125.77,71.96],[-125.3,71.97],[-124.01,71.68],[-123.68,71.49],[-123.39,71.22],[-123.21,71.12],[-123.1,71.09],[-122.84,71.1],[-122.55,71.19],[-122.16,71.27],[-121.7,71.45],[-121.62,71.45],[-121.47,71.39],[-121.16,71.41],[-120.62,71.51],[-120.44,71.63],[-120.37,71.89],[-120.19,72.13],[-120.18,72.21],[-120.09,72.23],[-119.77,72.24],[-119.51,72.3],[-119.08,72.64],[-117.46,73.04],[-117.07,73.11],[-116.48,73.25],[-115.99,73.32],[-115.52,73.42],[-115.41,73.46],[-115.39,73.5],[-115.51,73.62],[-115.63,73.67],[-115.96,73.75],[-116.95,74.1],[-117.51,74.23],[-117.97,74.27],[-118.2,74.27],[-118.63,74.23],[-119.08,74.02],[-119.13,74.03],[-119.15,74.17],[-119.21,74.2],[-119.47,74.2],[-119.74,74.11]]],[[[-110,72.98],[-110.01,72.98],[-110.66,73.01],[-110.69,72.94],[-110.55,72.86],[-110.2,72.76],[-110.21,72.66],[-110.44,72.63],[-110.78,72.53],[-110.96,72.43],[-111.18,72.36],[-111.27,72.36],[-111.26,72.46],[-111.45,72.41],[-111.68,72.3],[-111.76,72.34],[-111.9,72.36],[-111.61,72.44],[-111.36,72.57],[-111.25,72.67],[-111.27,72.71],[-111.46,72.77],[-112.05,72.89],[-112.75,72.99],[-113.07,73],[-113.29,72.95],[-113.49,72.82],[-113.5,72.69],[-113.58,72.65],[-113.69,72.67],[-113.96,72.65],[-114.34,72.59],[-114.46,72.58],[-114.52,72.59],[-114.5,72.63],[-114.11,72.86],[-114.05,73.07],[-114.21,73.3],[-114.3,73.33],[-114.64,73.37],[-116.57,73.05],[-117.26,72.91],[-118.13,72.63],[-118.37,72.53],[-118.48,72.43],[-118.21,72.29],[-118.21,72.26],[-118.59,72.17],[-118.94,71.99],[-118.99,71.76],[-118.87,71.69],[-118.58,71.65],[-118.37,71.64],[-117.74,71.66],[-117.88,71.56],[-118.15,71.53],[-118.23,71.47],[-118.19,71.44],[-117.94,71.39],[-117.72,71.39],[-117.34,71.43],[-116.78,71.44],[-115.59,71.55],[-115.3,71.49],[-115.34,71.47],[-115.73,71.49],[-115.98,71.47],[-116.05,71.42],[-115.89,71.38],[-116.42,71.34],[-117.31,71.21],[-117.81,71.16],[-118.35,71],[-118.38,70.97],[-118.26,70.89],[-117.59,70.63],[-116.99,70.6],[-116.23,70.62],[-116.09,70.59],[-115.31,70.6],[-114.59,70.64],[-114.33,70.68],[-114.23,70.67],[-113.97,70.7],[-113.76,70.69],[-113.15,70.62],[-112.11,70.45],[-111.63,70.31],[-111.78,70.27],[-112.19,70.28],[-112.27,70.25],[-112.64,70.23],[-113.92,70.28],[-114.17,70.31],[-114.59,70.31],[-115.53,70.26],[-116.55,70.18],[-117.14,70.1],[-117.2,70.05],[-117.12,69.83],[-116.99,69.72],[-116.86,69.65],[-116.65,69.65],[-116.69,69.7],[-117.08,69.89],[-117.06,70],[-112.88,70],[-112.87,69.83],[-112.65,69.83],[-112.5,69.91],[-112.5,70],[-110,70],[-110,72.98]]]]}},
{"type":"Feature","properties":{"r":43,"c":202,"name":"Nunavut","code":"NU"},"geometry":{"type":"MultiPolygon","coordinates":[[[[-94.77,60],[-94.74,60.11],[-94.65,60.42],[-94.76,60.5],[-94.68,60.54],[-94.57,60.54],[-94.51,60.6],[-94.43,60.73],[-94.07,61.14],[-94.05,61.21],[-94.08,61.3],[-94.06,61.32],[-93.94,61.31],[-93.89,61.34],[-93.94,61.44],[-93.91,61.48],[-93.71,61.6],[-93.31,61.77],[-93.43,61.81],[-93.53,61.87],[-93.58,61.94],[-93.33,61.93],[-93.27,61.96],[-93.37,62.01],[-93.35,62.03],[-93.17,62.03],[-93.07,62.06],[-93.02,62.09],[-93.07,62.15],[-92.91,62.22],[-92.99,62.29],[-93.21,62.36],[-93.15,62.37],[-92.87,62.31],[-92.53,62.17],[-92.63,62.28],[-92.7,62.33],[-92.77,62.35],[-92.77,62.38],[-92.71,62.42],[-92.59,62.47],[-92.55,62.55],[-92.32,62.56],[-92.27,62.59],[-92.21,62.59],[-92.08,62.54],[-92.01,62.54],[-91.94,62.58],[-91.96,62.64],[-92.24,62.68],[-92.35,62.73],[-92.39,62.8],[-92.36,62.82],[-92.03,62.86],[-91.87,62.83],[-91.45,62.8],[-91.35,62.82],[-91.11,62.92],[-90.78,62.97],[-90.7,63.06],[-90.71,63.3],[-90.75,63.35],[-90.97,63.44],[-91.1,63.48],[-91.33,63.51],[-91.49,63.56],[-91.69,63.66],[-91.84,63.7],[-91.96,63.68],[-92.29,63.56],[-92.47,63.56],[-92.21,63.66],[-92.16,63.69],[-92.2,63.71],[-92.53,63.76],[-93.38,63.95],[-93.41,63.94],[-93.38,63.9],[-93.27,63.84],[-93.42,63.84],[-93.56,63.87],[-93.66,63.94],[-93.66,63.97],[-93.6,64],[-93.6,64.04],[-93.7,64.15],[-93.43,64.03],[-92.97,63.94],[-92.34,63.79],[-92.09,63.78],[-91.98,63.82],[-91.92,63.8],[-91.96,63.77],[-91.93,63.76],[-91.54,63.73],[-90.95,63.59],[-90.81,63.58],[-90.64,63.62],[-90.6,63.66],[-90.53,63.67],[-90.37,63.62],[-90.25,63.64],[-90.15,63.69],[-90.01,63.8],[-90.17,63.98],[-89.92,63.94],[-89.86,63.96],[-89.95,64.08],[-90.08,64.13],[-90.04,64.14],[-89.81,64.18],[-89.76,64.1],[-89.62,64.03],[-89.5,64.01],[-89.4,64.04],[-89.13,63.97],[-89.11,63.98],[-89.21,64.11],[-89.06,64.03],[-88.82,63.99],[-88.65,64.01],[-88.11,64.18],[-88,64.24],[-87.89,64.4],[-87.28,64.83],[-87,65.11],[-87.03,65.2],[-87.39,65.26],[-88.2,65.28],[-88.97,65.35],[-89.13,65.4],[-89.6,65.65],[-89.92,65.78],[-90.05,65.81],[-90.16,65.81],[-90.6,65.88],[-90.98,65.92],[-91.07,65.89],[-91.04,65.83],[-91.29,65.89],[-91.43,65.95],[-91.01,65.97],[-90.51,65.92],[-90.32,65.93],[-90.12,65.88],[-89.89,65.87],[-89.85,65.87],[-89.94,65.93],[-89.75,65.94],[-89.42,65.86],[-88.95,65.7],[-88.74,65.68],[-88.67,65.61],[-88.39,65.52],[-88.12,65.39],[-87.97,65.35],[-87.29,65.35],[-87.19,65.38],[-86.7,65.67],[-86.04,66.02],[-85.96,66.12],[-86,66.19],[-86.11,66.23],[-86.58,66.32],[-86.69,66.36],[-86.75,66.42],[-86.69,66.46],[-86.74,66.51],[-86.71,66.52],[-85.79,66.53],[-85.6,66.57],[-85.44,66.54],[-85.31,66.44],[-85.1,66.33],[-84.63,66.21],[-84.48,66.18],[-84.4,66.26],[-84.29,66.29],[-83.87,66.21],[-83.8,66.24],[-83.83,66.29],[-84.22,66.68],[-84.32,66.71],[-84.6,66.88],[-84.74,66.93],[-84.86,66.94],[-85.02,66.87],[-85.11,66.89],[-85.04,66.96],[-84.85,67.03],[-84.69,67.02],[-84.54,66.97],[-84.27,66.84],[-84.37,66.81],[-84.21,66.74],[-84,66.73],[-83.65,66.48],[-83.59,66.39],[-83.52,66.37],[-83.3,66.39],[-82.95,66.55],[-82.64,66.59],[-82.37,66.71],[-82.2,66.76],[-81.93,66.97],[-81.87,66.99],[-81.63,67],[-81.44,67.09],[-81.27,67.46],[-81.41,67.6],[-81.71,67.72],[-81.98,67.86],[-82.1,67.99],[-82.01,68.19],[-82.03,68.2],[-82.19,68.13],[-82.42,68.3],[-82.39,68.34],[-82.55,68.47],[-82.21,68.51],[-82.11,68.5],[-82.01,68.46],[-81.91,68.46],[-81.83,68.49],[-81.64,68.52],[-81.28,68.66],[-81.25,68.74],[-81.33,68.83],[-81.48,68.87],[-81.96,68.88],[-81.95,68.91],[-81.61,69],[-81.33,69.12],[-81.38,69.19],[-81.73,69.26],[-81.95,69.28],[-82.23,69.25],[-82.21,69.3],[-82.31,69.41],[-82.75,69.49],[-82.5,69.53],[-82.37,69.64],[-82.75,69.7],[-82.99,69.69],[-83.67,69.7],[-84.24,69.84],[-84.65,69.85],[-84.83,69.84],[-85.02,69.8],[-85.18,69.81],[-85.3,69.84],[-85.51,69.85],[-85.45,69.78],[-85.5,69.65],[-85.42,69.55],[-85.43,69.32],[-85.39,69.23],[-85.28,69.17],[-85.24,69.16],[-85.11,69.17],[-84.86,69.07],[-84.92,68.96],[-85.01,68.95],[-85.08,68.91],[-85.11,68.84],[-84.87,68.79],[-84.87,68.77],[-85.28,68.74],[-85.43,68.77],[-85.52,68.77],[-85.69,68.67],[-85.74,68.58],[-85.73,68.45],[-85.95,68.07],[-86.4,67.8],[-86.48,67.71],[-86.56,67.48],[-86.68,67.42],[-86.81,67.4],[-86.92,67.36],[-87.32,67.17],[-87.42,67.21],[-87.5,67.36],[-88,67.63],[-88.2,67.77],[-88.33,67.99],[-88.35,68.29],[-88.24,68.34],[-88.11,68.25],[-87.99,68.24],[-87.89,68.25],[-87.81,68.35],[-87.96,68.71],[-88.04,68.81],[-88.22,68.92],[-88.64,69.06],[-89.06,69.27],[-89.28,69.26],[-89.67,69.01],[-89.78,68.74],[-89.9,68.59],[-89.9,68.49],[-90.16,68.31],[-90.17,68.27],[-90.25,68.27],[-90.57,68.47],[-90.51,68.69],[-90.54,68.82],[-90.47,68.86],[-90.48,68.88],[-90.59,68.95],[-90.74,69.11],[-91.24,69.29],[-91.02,69.32],[-91.05,69.29],[-90.89,69.27],[-90.82,69.29],[-90.68,69.43],[-90.61,69.45],[-90.42,69.46],[-90.45,69.48],[-90.67,69.52],[-90.79,69.51],[-91.29,69.54],[-91.44,69.53],[-91.15,69.64],[-91.38,69.65],[-91.53,69.62],[-91.72,69.55],[-91.91,69.53],[-92.21,69.6],[-92.26,69.63],[-92.23,69.65],[-92.31,69.67],[-92.49,69.68],[-92.85,69.65],[-92.89,69.67],[-92.28,69.89],[-91.98,70.04],[-92.13,70.08],[-92.45,70.08],[-92.51,70.1],[-92.32,70.24],[-91.99,70.14],[-91.86,70.13],[-91.62,70.15],[-91.56,70.18],[-91.76,70.33],[-91.82,70.34],[-91.88,70.33],[-91.93,70.29],[-92.05,70.3],[-92.05,70.39],[-92.21,70.49],[-92.32,70.61],[-92.39,70.65],[-92.57,70.69],[-92.78,70.8],[-92.98,70.85],[-92.9,70.92],[-92.88,71.07],[-92.98,71.3],[-93.26,71.46],[-93.76,71.64],[-93.75,71.74],[-93.81,71.77],[-94.31,71.76],[-94.48,71.85],[-94.49,71.92],[-94.56,71.98],[-94.61,71.99],[-94.89,71.96],[-95.2,71.9],[-95.51,71.78],[-95.62,71.69],[-95.84,71.6],[-95.87,71.57],[-95.77,71.51],[-95.67,71.5],[-95.45,71.51],[-95.41,71.49],[-95.56,71.34],[-95.63,71.32],[-95.73,71.33],[-95.99,71.41],[-96.06,71.41],[-96.14,71.4],[-96.45,71.24],[-96.42,71.18],[-96.52,71.13],[-96.47,71.07],[-96.55,70.81],[-96.26,70.64],[-96.19,70.64],[-95.91,70.7],[-95.99,70.62],[-95.98,70.59],[-95.88,70.55],[-96.05,70.57],[-96.23,70.54],[-96.3,70.51],[-96.55,70.33],[-96.55,70.21],[-96.49,70.12],[-96.12,69.87],[-95.96,69.8],[-95.59,69.76],[-95.29,69.67],[-94.82,69.58],[-94.71,69.65],[-94.63,69.65],[-94.34,69.47],[-94.27,69.46],[-94.02,69.45],[-93.65,69.52],[-93.53,69.48],[-93.54,69.38],[-93.43,69.38],[-93.75,69.23],[-93.82,69.25],[-93.8,69.28],[-93.61,69.4],[-93.62,69.42],[-94.16,69.34],[-94.25,69.31],[-94.26,69.15],[-94.08,69.14],[-94.08,69.12],[-94.48,68.96],[-94.56,68.91],[-94.6,68.8],[-94.48,68.74],[-94.06,68.78],[-93.99,68.82],[-93.9,68.98],[-93.85,69],[-93.77,68.97],[-93.68,68.89],[-93.68,68.69],[-93.64,68.63],[-93.45,68.62],[-94.1,68.4],[-94.38,68.23],[-94.74,68.07],[-94.86,68.04],[-95.13,68.08],[-95.43,68.05],[-95.65,67.74],[-95.63,67.7],[-95.46,67.61],[-95.26,67.26],[-95.35,66.98],[-95.4,66.95],[-95.49,66.92],[-95.97,66.95],[-96.04,66.94],[-96.02,66.87],[-95.77,66.73],[-95.74,66.69],[-95.79,66.62],[-95.81,66.69],[-96.42,67.04],[-96.35,67.07],[-96.22,67],[-96.1,66.99],[-96.02,67.02],[-95.77,66.97],[-95.61,66.98],[-95.56,66.97],[-95.42,67.01],[-95.42,67.16],[-95.56,67.22],[-95.78,67.18],[-95.7,67.3],[-95.72,67.32],[-96.01,67.27],[-96.14,67.27],[-96.19,67.38],[-96.37,67.51],[-96.37,67.55],[-96.2,67.72],[-96.04,68.16],[-95.97,68.25],[-96.08,68.24],[-96.44,68.15],[-96.53,68.06],[-96.72,68.04],[-96.73,68.06],[-96.48,68.24],[-96.43,68.31],[-96.63,68.25],[-97,68.26],[-97.14,68.38],[-97.41,68.5],[-97.48,68.5],[-97.55,68.47],[-97.83,68.53],[-97.93,68.52],[-97.91,68.45],[-97.79,68.39],[-98.22,68.32],[-98.47,68.38],[-98.65,68.36],[-98.38,68.13],[-98.5,68.13],[-98.44,68.06],[-98.19,67.92],[-98.11,67.9],[-97.74,67.98],[-97.55,67.96],[-97.21,67.86],[-97.14,67.8],[-97.16,67.73],[-97.19,67.7],[-97.45,67.62],[-97.61,67.63],[-97.93,67.71],[-98.41,67.99],[-98.63,68.07],[-98.69,68.07],[-98.72,68.04],[-98.7,67.97],[-98.41,67.81],[-98.7,67.78],[-98.81,67.74],[-99.15,67.72],[-99.47,67.78],[-99.77,67.81],[-100.21,67.84],[-100.46,67.84],[-100.52,67.82],[-100.86,67.8],[-101.55,67.69],[-101.88,67.75],[-102.06,67.75],[-102.21,67.73],[-102.69,67.81],[-102.84,67.85],[-103.47,68.12],[-103.66,68.07],[-103.9,68.04],[-104.19,68.03],[-104.49,68.06],[-104.66,68.15],[-104.65,68.23],[-104.77,68.25],[-104.91,68.25],[-104.96,68.31],[-105.04,68.29],[-105.1,68.3],[-105.38,68.41],[-105.54,68.72],[-105.69,68.83],[-106.02,68.91],[-106.16,68.92],[-107.44,68.69],[-108.31,68.61],[-108.72,68.3],[-108.32,68.15],[-108.1,68.17],[-108.03,68.16],[-107.73,68.17],[-107.68,68.2],[-107.74,68.29],[-107.62,68.33],[-107.15,68.3],[-107.04,68.35],[-106.85,68.39],[-106.61,68.36],[-106.46,68.52],[-106.24,68.58],[-105.93,68.64],[-105.77,68.61],[-105.75,68.59],[-105.78,68.53],[-105.93,68.44],[-106.13,68.39],[-106.27,68.38],[-106.4,68.32],[-106.42,68.2],[-106.67,68.22],[-106.79,68.14],[-106.92,68.11],[-107.12,68.11],[-107.45,68.05],[-107.51,68.06],[-107.76,68.03],[-107.8,68.04],[-107.73,67.96],[-107.76,67.91],[-107.96,67.82],[-107.95,67.7],[-107.65,67.51],[-107.64,67.38],[-107.57,67.27],[-107.28,67.1],[-107.35,67.05],[-107.16,66.88],[-107.4,66.95],[-107.42,66.93],[-107.5,66.94],[-107.63,67],[-107.73,66.98],[-107.75,66.96],[-107.71,66.74],[-107.26,66.4],[-107.37,66.43],[-107.48,66.49],[-107.76,66.68],[-108.5,67.09],[-108.22,67.05],[-107.99,67.1],[-107.91,67.16],[-107.99,67.26],[-108.35,67.4],[-108.49,67.48],[-108.61,67.6],[-108.68,67.61],[-108.72,67.58],[-108.85,67.42],[-108.95,67.49],[-108.99,67.64],[-109.08,67.71],[-109.22,67.73],[-109.63,67.73],[-109.69,67.75],[-109.83,67.87],[-109.9,67.87],[-109.94,67.89],[-110.07,67.99],[-110.22,67.95],[-110.37,67.95],[-110.99,67.79],[-111.29,67.82],[-111.58,67.76],[-112.24,67.73],[-112.44,67.68],[-113.89,67.71],[-114.05,67.73],[-114.27,67.73],[-114.66,67.8],[-115.13,67.82],[-115.43,67.9],[-115.43,67.92],[-115.17,68.02],[-115.19,68.08],[-115.13,68.13],[-114.85,68.2],[-114.77,68.27],[-114.27,68.25],[-114.05,68.28],[-113.96,68.4],[-113.99,68.42],[-114.05,68.41],[-114.22,68.55],[-114.62,68.75],[-114.99,68.85],[-115.44,68.94],[-115.81,68.99],[-115.88,68.99],[-115.94,68.96],[-116.17,68.98],[-116.24,68.97],[-116.06,68.84],[-116.42,68.88],[-117.03,68.92],[-117.23,68.91],[-118.1,69.04],[-118.87,69.26],[-119.85,69.34],[-120.14,69.38],[-120.29,69.42],[-120.68,69.57],[-120.68,68],[-112.5,65.5],[-110.67,65.5],[-109.52,64.9],[-109.22,64.81],[-108.54,64.74],[-102,64.23],[-102,60.24],[-102,60],[-101.55,60],[-94.77,60]]],[[[-110,78.32],[-109.71,78.3],[-109.39,78.34],[-109.34,78.46],[-109.47,78.57],[-109.64,78.59],[-109.94,78.68],[-110,78.69],[-110,78.32]]],[[[-110,77.93],[-109.77,77.96],[-109.62,78.07],[-109.66,78.08],[-110,78.09],[-110,77.93]]],[[[-110,74.85],[-109.5,74.88],[-108.83,75.06],[-108.63,75.02],[-108.75,74.99],[-108.35,74.94],[-108.02,74.99],[-107.82,75],[-107.46,74.95],[-107.06,74.93],[-106.59,75.02],[-106.09,75.09],[-105.86,75.19],[-105.68,75.5],[-105.52,75.63],[-105.48,75.75],[-105.63,75.95],[-105.9,76.01],[-106.4,76.06],[-106.68,76.02],[-106.85,75.95],[-106.82,75.87],[-106.69,75.81],[-106.89,75.78],[-106.91,75.68],[-107.05,75.85],[-107.22,75.89],[-107.42,75.91],[-107.54,75.9],[-107.7,75.88],[-107.92,75.8],[-108.02,75.8],[-107.73,75.96],[-107.72,76],[-107.85,76.06],[-108.02,76.07],[-108.17,76.05],[-108.39,76.07],[-108.38,76.12],[-108.12,76.23],[-108.19,76.33],[-108.51,76.44],[-108.63,76.59],[-108.47,76.74],[-108.83,76.82],[-109.1,76.81],[-109.34,76.76],[-109.98,76.48],[-110,76.48],[-110,76.24],[-109.91,76.22],[-109.71,76.21],[-109.43,76.11],[-109.45,76.02],[-109.87,75.93],[-109.8,75.86],[-108.94,75.7],[-108.91,75.59],[-108.95,75.54],[-109.09,75.51],[-110,75.54],[-110,74.85]]],[[[-116.86,69.65],[-116.71,69.58],[-116.51,69.42],[-115.86,69.3],[-115.16,69.26],[-114.32,69.27],[-113.69,69.2],[-113.59,68.96],[-113.62,68.84],[-113.55,68.77],[-113.34,68.6],[-113.13,68.49],[-112.86,68.48],[-112.3,68.52],[-111.31,68.54],[-111.13,68.59],[-110.85,68.58],[-109.96,68.63],[-109.47,68.68],[-108.95,68.76],[-108.55,68.9],[-108.36,68.93],[-107.86,68.95],[-107.44,69],[-107.03,69.18],[-106.86,69.35],[-106.66,69.44],[-106.54,69.44],[-106.36,69.38],[-106.34,69.22],[-106.14,69.16],[-105.8,69.15],[-105.26,69.09],[-105.02,69.08],[-105.02,69.05],[-105.17,68.96],[-105.11,68.92],[-104.57,68.87],[-104.35,68.93],[-104.07,68.87],[-103.47,68.81],[-103.16,68.83],[-102.9,68.82],[-101.86,69.02],[-101.79,69.18],[-101.82,69.22],[-101.9,69.25],[-101.99,69.24],[-102.05,69.26],[-102.07,69.34],[-101.98,69.43],[-102.15,69.49],[-102.45,69.48],[-102.55,69.43],[-102.78,69.38],[-102.88,69.34],[-103.12,69.2],[-103.04,69.37],[-103.05,69.47],[-103.42,69.61],[-103.46,69.64],[-103.43,69.67],[-103.36,69.69],[-102.92,69.56],[-102.62,69.55],[-102.56,69.57],[-102.53,69.62],[-102.6,69.72],[-102.35,69.81],[-102.18,69.85],[-101.73,69.7],[-101.65,69.7],[-101.48,69.85],[-101.34,69.71],[-101.22,69.68],[-101.04,69.67],[-100.98,69.68],[-100.94,69.72],[-100.91,69.87],[-100.97,70.03],[-101.09,70.14],[-101.24,70.15],[-101.56,70.13],[-101.62,70.17],[-101.64,70.27],[-101.73,70.29],[-101.94,70.27],[-102.75,70.52],[-103.05,70.66],[-103.09,70.65],[-103.08,70.62],[-103,70.54],[-103.08,70.51],[-103.58,70.63],[-103.95,70.76],[-104.17,70.93],[-104.51,71.06],[-104.56,71.13],[-104.36,71.38],[-104.39,71.58],[-104.88,71.98],[-105.23,72.42],[-105.32,72.63],[-105.43,72.74],[-105.42,72.79],[-105.62,72.93],[-105.81,73.01],[-106.08,73.07],[-106.48,73.2],[-106.83,73.27],[-106.95,73.28],[-107.11,73.19],[-107.72,73.33],[-108.03,73.35],[-108.08,73.28],[-107.94,73.22],[-108.2,73.18],[-108.24,73.11],[-107.93,72.59],[-107.93,72.52],[-107.82,72.44],[-107.7,72.15],[-107.31,71.89],[-107.38,71.89],[-107.35,71.82],[-107.69,71.72],[-107.79,71.63],[-107.93,71.64],[-108.19,71.72],[-108.75,72.55],[-108.8,72.57],[-108.95,72.58],[-108.99,72.67],[-109.12,72.73],[-109.47,72.81],[-109.61,72.88],[-110,72.98],[-110,70],[-112.5,70],[-112.5,69.91],[-112.65,69.83],[-112.87,69.83],[-112.88,70],[-117.06,70],[-117.08,69.89],[-116.69,69.7],[-116.65,69.65],[-116.86,69.65]]],[[[-86.6,67.74],[-86.49,67.78],[-86.38,67.93],[-86.42,68.18],[-86.45,68.23],[-86.57,68.29],[-86.7,68.31],[-86.88,68.19],[-86.96,68.1],[-86.85,68.01],[-86.91,67.9],[-86.89,67.84],[-86.71,67.75],[-86.64,67.73],[-86.6,67.74]]],[[[-109.32,67.99],[-109.34,68.05],[-109.47,68.1],[-109.5,68.05],[-109.32,67.99]]],[[[-73.62,67.78],[-73.41,67.79],[-73.4,67.83],[-73.44,67.97],[-73.58,68.02],[-73.88,68.02],[-74.38,68.09],[-74.71,68.07],[-74.75,68.02],[-74.68,67.91],[-74.57,67.83],[-74.48,67.8],[-74.11,67.78],[-73.62,67.78]]],[[[-109.17,67.98],[-109.1,67.92],[-108.89,67.88],[-108.91,67.94],[-108.97,67.98],[-109.05,67.97],[-109.17,67.98]]],[[[-107.9,67.4],[-107.91,67.47],[-107.99,67.51],[-107.99,67.62],[-108.05,67.66],[-108.13,67.63],[-108.15,67.43],[-108,67.37],[-107.95,67.32],[-107.9,67.4]]],[[[-62.68,67.06],[-62.48,67.13],[-62.4,67.18],[-62.63,67.18],[-62.87,67.06],[-62.81,67.03],[-62.68,67.06]]],[[[-108.09,67.01],[-108.06,66.95],[-107.94,66.86],[-107.83,66.92],[-107.81,67],[-108.09,67.01]]],[[[-83.12,66.28],[-83.22,66.34],[-83.21,66.28],[-83.15,66.23],[-83.06,66.2],[-82.93,66.26],[-83.12,66.28]]],[[[-83.73,65.8],[-83.77,65.83],[-83.71,65.86],[-83.7,65.92],[-83.79,65.97],[-84.12,66.08],[-84.41,66.13],[-84.47,66.09],[-84.37,66.01],[-84.27,65.99],[-84.14,65.92],[-84.12,65.77],[-84.01,65.75],[-83.81,65.79],[-83.79,65.77],[-83.7,65.76],[-83.8,65.71],[-83.79,65.67],[-83.63,65.66],[-83.64,65.69],[-83.58,65.7],[-83.54,65.67],[-83.33,65.63],[-83.23,65.72],[-83.6,65.76],[-83.73,65.8]]],[[[-84.67,65.58],[-84.6,65.63],[-84.6,65.66],[-84.76,65.86],[-84.94,66.01],[-85.03,66.03],[-85.15,66.02],[-85.18,65.97],[-85.1,65.76],[-84.93,65.69],[-84.78,65.57],[-84.73,65.56],[-84.67,65.58]]],[[[-84.92,65.26],[-85.06,65.44],[-85.24,65.51],[-85.23,65.55],[-85.13,65.59],[-85.11,65.62],[-85.18,65.75],[-85.24,65.8],[-85.44,65.85],[-85.55,65.92],[-85.81,65.83],[-86.02,65.64],[-86.07,65.53],[-86.19,65.01],[-86.37,64.57],[-86.35,64.38],[-86.25,64.14],[-86.31,64.09],[-86.42,64.05],[-86.93,63.9],[-87.19,63.67],[-87.18,63.6],[-87.15,63.59],[-87.05,63.57],[-86.92,63.57],[-86.58,63.66],[-86.3,63.66],[-85.8,63.71],[-85.71,63.66],[-85.5,63.14],[-85.39,63.12],[-84.96,63.2],[-84.63,63.31],[-84.55,63.35],[-84.31,63.59],[-84.14,63.61],[-83.73,63.81],[-83.66,63.87],[-83.58,64.06],[-83.49,64.1],[-83.19,64.16],[-83.07,64.16],[-83.02,64.13],[-83.03,64.02],[-82.57,63.96],[-82.47,63.93],[-82.38,63.71],[-81.96,63.66],[-81.05,63.46],[-80.95,63.48],[-80.71,63.6],[-80.5,63.67],[-80.3,63.76],[-80.26,63.8],[-80.45,63.86],[-80.67,63.9],[-80.58,63.91],[-80.57,63.93],[-80.83,64.09],[-80.92,64.1],[-81.01,64.03],[-81.34,64.08],[-81.72,64.02],[-81.89,64.02],[-81.68,64.15],[-81.68,64.21],[-81.79,64.43],[-82.05,64.64],[-82.27,64.72],[-82.67,64.78],[-83.2,64.96],[-83.49,65.13],[-83.72,65.17],[-83.9,65.18],[-84.08,65.22],[-84.18,65.32],[-84.5,65.46],[-84.61,65.45],[-84.84,65.26],[-84.89,65.25],[-84.92,65.26]]],[[[-77.64,63.99],[-77.56,64.02],[-77.62,64.04],[-77.93,64.01],[-77.97,63.99],[-77.93,63.96],[-77.71,63.95],[-77.64,63.99]]],[[[-76.68,63.39],[-76.65,63.5],[-76.76,63.57],[-77.13,63.68],[-77.36,63.59],[-77.06,63.45],[-76.78,63.38],[-76.68,63.39]]],[[[-77.88,63.47],[-78.23,63.49],[-78.51,63.45],[-78.54,63.42],[-78.26,63.24],[-77.94,63.11],[-77.66,63.16],[-77.53,63.23],[-77.54,63.29],[-77.65,63.4],[-77.7,63.43],[-77.79,63.43],[-77.88,63.47]]],[[[-82,62.95],[-82.05,62.97],[-82.23,62.98],[-82.46,62.94],[-82.71,62.94],[-82.97,62.87],[-83.11,62.88],[-83.29,62.92],[-83.38,62.9],[-83.74,62.57],[-83.9,62.48],[-83.91,62.43],[-83.9,62.4],[-83.76,62.3],[-83.7,62.16],[-83.38,62.24],[-83.25,62.23],[-83.13,62.2],[-83.02,62.21],[-82.57,62.4],[-82.39,62.52],[-82.11,62.65],[-81.96,62.83],[-81.96,62.93],[-82,62.95]]],[[[-70.34,62.55],[-70.27,62.58],[-70.29,62.62],[-70.44,62.73],[-70.67,62.81],[-70.83,62.84],[-71.13,62.88],[-71.22,62.87],[-71.14,62.82],[-70.99,62.79],[-70.85,62.7],[-70.84,62.65],[-70.69,62.57],[-70.41,62.54],[-70.34,62.55]]],[[[-74,62.62],[-74.02,62.66],[-74.11,62.68],[-74.39,62.7],[-74.5,62.73],[-74.62,62.73],[-74.63,62.71],[-74.25,62.62],[-74,62.62]]],[[[-64.82,62.56],[-64.85,62.54],[-64.84,62.49],[-64.93,62.49],[-64.96,62.46],[-64.9,62.42],[-64.66,62.38],[-64.55,62.39],[-64.48,62.42],[-64.42,62.49],[-64.47,62.54],[-64.52,62.55],[-64.82,62.56]]],[[[-79.55,62.41],[-79.93,62.39],[-80.18,62.21],[-80.28,62.05],[-80.27,61.82],[-80.09,61.75],[-79.82,61.59],[-79.71,61.61],[-79.32,62.03],[-79.27,62.19],[-79.34,62.29],[-79.55,62.41]]],[[[-65.03,61.88],[-65.07,61.93],[-65.13,61.94],[-65.21,61.93],[-65.24,61.9],[-65.17,61.8],[-64.93,61.73],[-64.85,61.76],[-64.96,61.87],[-65.03,61.88]]],[[[-93.04,61.84],[-92.99,61.89],[-93.08,61.94],[-93.2,61.92],[-93.18,61.89],[-93.08,61.84],[-93.04,61.84]]],[[[-64.83,61.37],[-64.7,61.47],[-64.67,61.59],[-64.79,61.66],[-64.95,61.69],[-65.13,61.69],[-65.43,61.65],[-65.39,61.56],[-65.05,61.43],[-64.95,61.41],[-64.86,61.35],[-64.83,61.37]]],[[[-78.53,60.73],[-78.28,60.78],[-78.24,60.82],[-78.4,60.81],[-78.61,60.77],[-78.67,60.72],[-78.53,60.73]]],[[[-68.23,60.24],[-67.92,60.34],[-67.84,60.39],[-67.82,60.45],[-67.91,60.54],[-68.09,60.59],[-68.37,60.31],[-68.37,60.25],[-68.32,60.23],[-68.23,60.24]]],[[[-64.41,60.37],[-64.65,60.51],[-64.84,60.5],[-64.81,60.41],[-64.56,60.32],[-64.44,60.3],[-64.41,60.37]]],[[[-80.06,59.77],[-79.95,59.81],[-79.9,59.85],[-79.96,59.88],[-80.08,59.85],[-80.17,59.76],[-80.06,59.77]]],[[[-80.29,59.62],[-80.18,59.68],[-80.17,59.71],[-80.21,59.72],[-80.3,59.67],[-80.32,59.62],[-80.29,59.62]]],[[[-69.16,59.04],[-69.2,59.15],[-69.3,59.14],[-69.33,59.12],[-69.31,59.07],[-69.35,58.96],[-69.3,58.98],[-69.22,58.97],[-69.16,59.04]]],[[[-79.72,57.52],[-79.71,57.56],[-79.74,57.61],[-79.81,57.56],[-79.84,57.48],[-79.81,57.44],[-79.78,57.51],[-79.72,57.52]]],[[[-79.87,56.77],[-79.83,56.84],[-79.9,56.87],[-79.95,56.83],[-79.94,56.78],[-79.89,56.76],[-79.87,56.77]]],[[[-79.52,56.66],[-79.48,56.69],[-79.49,56.74],[-79.57,56.8],[-79.58,56.76],[-79.55,56.73],[-79.58,56.64],[-79.52,56.66]]],[[[-78.94,56.27],[-78.91,56.32],[-78.94,56.34],[-78.96,56.42],[-78.99,56.44],[-79.08,56.45],[-79.12,56.52],[-79.25,56.57],[-79.27,56.6],[-79.39,56.28],[-79.46,56.21],[-79.54,56.18],[-79.43,56.45],[-79.46,56.54],[-79.48,56.4],[-79.52,56.33],[-79.6,56.24],[-79.79,56.11],[-80.01,55.91],[-79.99,55.89],[-79.9,55.87],[-79.78,55.94],[-79.54,56.13],[-79.49,56.11],[-79.5,56.09],[-79.76,55.81],[-79.61,55.88],[-79.5,55.87],[-79.41,55.93],[-79.18,56.21],[-79.14,56.18],[-79.14,56.14],[-79.27,55.92],[-79.23,55.88],[-79.18,55.89],[-78.94,56.27]]],[[[-79.98,56.21],[-79.69,56.33],[-79.58,56.47],[-79.68,56.4],[-79.85,56.37],[-79.87,56.35],[-80.01,56.32],[-80.06,56.29],[-80.09,56.21],[-79.98,56.21]]],[[[-78.83,56.15],[-78.76,56.17],[-78.67,56.26],[-78.67,56.44],[-78.72,56.44],[-78.8,56.38],[-78.91,56.13],[-78.83,56.15]]],[[[-79.94,53.3],[-79.97,53.35],[-80.05,53.36],[-80.07,53.34],[-80.07,53.32],[-80,53.28],[-79.94,53.27],[-79.94,53.3]]],[[[-80.73,52.75],[-80.71,52.83],[-80.77,52.92],[-80.9,53.04],[-81.14,53.21],[-81.34,53.22],[-81.85,53.19],[-81.9,53.17],[-82.04,53.05],[-82.01,53.01],[-81.84,52.96],[-81.1,52.78],[-80.8,52.73],[-80.73,52.75]]],[[[-79.38,51.95],[-79.33,51.99],[-79.27,52.09],[-79.33,52.1],[-79.64,52.01],[-79.52,51.95],[-79.43,51.94],[-79.38,51.95]]],[[[-69.49,83.02],[-69.97,83.12],[-70.87,83.1],[-71.42,83.02],[-70.94,82.9],[-72.07,83.11],[-72.81,83.08],[-73.4,82.98],[-73.44,82.9],[-72.66,82.72],[-73.27,82.77],[-73.92,82.9],[-74.2,82.99],[-74.41,83.01],[-75.74,83.05],[-77.12,83.01],[-76.91,82.92],[-75.64,82.64],[-75.57,82.61],[-76.01,82.54],[-76.15,82.55],[-76.42,82.67],[-77.62,82.9],[-77.97,82.91],[-78.52,82.89],[-79.18,82.93],[-79.89,82.94],[-80.15,82.91],[-80.14,82.89],[-79.64,82.78],[-78.75,82.68],[-79.04,82.67],[-80.08,82.71],[-80.66,82.77],[-81.01,82.78],[-81.18,82.74],[-80.81,82.59],[-80.86,82.57],[-81.79,82.65],[-82.12,82.63],[-82.12,82.6],[-81.68,82.52],[-82.27,82.46],[-82.45,82.43],[-82.45,82.4],[-82,82.28],[-81.47,82.19],[-80.13,82.03],[-79.63,81.93],[-79.42,81.85],[-80.15,81.98],[-80.55,82],[-82.54,82.25],[-82.64,82.25],[-82.75,82.2],[-82.33,82.09],[-82.36,82.07],[-82.77,82.09],[-83.59,82.33],[-84.37,82.37],[-84.9,82.45],[-85.28,82.41],[-85.79,82.29],[-86.62,82.22],[-86.58,82.19],[-85.31,82.04],[-85.04,81.98],[-85.4,81.98],[-85.54,81.95],[-85.65,81.95],[-86.16,82.03],[-86.38,82.05],[-86.63,82.05],[-86.83,82.03],[-87.02,81.96],[-87.64,82.09],[-88.06,82.1],[-88.88,82.02],[-89.63,81.89],[-90.49,81.88],[-90.94,81.83],[-91.42,81.74],[-91.65,81.68],[-91.68,81.64],[-91.29,81.57],[-90.63,81.66],[-90.33,81.63],[-89.82,81.63],[-90.55,81.46],[-90.61,81.43],[-90.3,81.4],[-88.98,81.54],[-88.1,81.56],[-87.6,81.53],[-87.62,81.51],[-88.13,81.52],[-88.62,81.5],[-89.43,81.39],[-89.67,81.33],[-89.64,81.3],[-89.21,81.25],[-89.56,81.23],[-89.95,81.17],[-89.98,81.12],[-89.62,81.03],[-88.89,81.06],[-87.28,81.08],[-86.62,81.12],[-85.88,81.24],[-85.4,81.29],[-84.94,81.29],[-85.81,81.12],[-86.93,81],[-87.39,80.99],[-88.41,81],[-89.17,80.94],[-89.26,80.91],[-89.06,80.83],[-88.23,80.7],[-87.71,80.66],[-87.33,80.67],[-85.78,81.04],[-83.29,81.15],[-83.35,81.1],[-84.68,81.04],[-85.25,80.99],[-86.25,80.79],[-86.44,80.73],[-86.6,80.66],[-86.53,80.6],[-86.1,80.56],[-85.73,80.58],[-85.15,80.52],[-84.22,80.54],[-83.4,80.71],[-82.22,80.77],[-82.88,80.58],[-82.37,80.56],[-81.01,80.65],[-80.13,80.76],[-79.76,80.84],[-79.55,80.91],[-79.4,81.04],[-79.2,81.12],[-78.93,81.12],[-78.73,81.15],[-78.35,81.26],[-77.97,81.33],[-76.89,81.43],[-78.29,81.17],[-78.63,81.04],[-78.72,80.95],[-78.55,80.92],[-78,80.9],[-77.12,80.9],[-76.85,80.88],[-76.86,80.86],[-78.39,80.78],[-79.63,80.65],[-80.05,80.53],[-80.98,80.45],[-82.54,80.38],[-82.99,80.32],[-82.68,80.17],[-81.86,79.96],[-81.01,79.69],[-80.71,79.67],[-80.29,79.68],[-80.12,79.67],[-80.48,79.61],[-80.67,79.6],[-81.04,79.61],[-81.46,79.65],[-81.86,79.72],[-82.38,79.91],[-83.72,80.23],[-84.06,80.26],[-84.68,80.28],[-85.16,80.27],[-86.31,80.32],[-86.5,80.26],[-86.61,80.12],[-86.42,79.85],[-86.15,79.74],[-86.03,79.72],[-85.46,79.69],[-85.09,79.61],[-84.2,79.23],[-83.58,79.05],[-84.38,79.12],[-84.53,79.1],[-84.57,79.07],[-84.41,79],[-84.15,78.96],[-83.06,78.94],[-82.44,78.9],[-82.03,78.96],[-81.75,78.98],[-81.78,78.95],[-82.15,78.86],[-82.44,78.84],[-82.99,78.84],[-83.27,78.77],[-83.91,78.84],[-84.79,78.88],[-85,78.91],[-85.23,78.9],[-85.69,78.84],[-86.24,78.82],[-86.81,78.77],[-86.95,78.66],[-87.49,78.42],[-87.55,78.18],[-87.34,78.13],[-86.91,78.13],[-86.69,78.15],[-86.07,78.28],[-85.92,78.34],[-86.22,78.08],[-85.59,78.11],[-85.42,78.14],[-85.02,78.31],[-84.78,78.53],[-84.91,78.24],[-84.55,78.25],[-84.22,78.18],[-84.62,78.2],[-85.03,78.06],[-85.55,77.93],[-85.29,77.76],[-85.29,77.56],[-85.09,77.52],[-84.86,77.5],[-84.49,77.56],[-84.17,77.52],[-83.78,77.53],[-83.3,77.67],[-82.6,77.99],[-82.66,77.89],[-82.9,77.73],[-83.72,77.41],[-84.74,77.36],[-84.95,77.37],[-85.59,77.46],[-86.17,77.75],[-86.39,77.81],[-87.02,77.89],[-87.24,77.89],[-87.76,77.84],[-88.02,77.78],[-88.09,77.72],[-87.94,77.6],[-87.59,77.39],[-87.43,77.35],[-87.1,77.31],[-86.81,77.18],[-87.36,77.14],[-87.61,77.13],[-87.83,77.14],[-88.4,77.1],[-88.56,77.07],[-88.77,76.99],[-89.5,76.83],[-89.57,76.49],[-89.37,76.47],[-88.8,76.46],[-88.55,76.42],[-88.61,76.65],[-88.5,76.77],[-88.4,76.41],[-87.5,76.39],[-87.49,76.59],[-87.35,76.45],[-86.68,76.38],[-86.56,76.52],[-86.42,76.58],[-86.3,76.49],[-86.12,76.43],[-85.68,76.35],[-85.14,76.3],[-84.28,76.36],[-84.22,76.68],[-83.89,76.45],[-83.39,76.44],[-82.23,76.47],[-82.26,76.57],[-82.53,76.72],[-82.22,76.64],[-82.03,76.63],[-81.72,76.49],[-81.59,76.48],[-81.17,76.51],[-80.97,76.47],[-80.83,76.41],[-80.83,76.37],[-81,76.21],[-80.96,76.18],[-80.8,76.17],[-80.19,76.24],[-79.95,76.25],[-79.51,76.31],[-78.93,76.45],[-78.28,76.57],[-78.12,76.64],[-77.98,76.76],[-78,76.85],[-78.29,76.98],[-78.46,76.97],[-78.79,76.88],[-78.98,76.89],[-79.22,76.94],[-79.32,76.98],[-79.27,77.03],[-79.34,77.16],[-79.5,77.2],[-79.92,77.19],[-80.27,77.15],[-80.8,77.26],[-81.12,77.27],[-81.28,77.26],[-81.53,77.21],[-81.84,77.21],[-82.07,77.28],[-82.06,77.3],[-81.52,77.31],[-81.3,77.34],[-81.28,77.37],[-81.5,77.43],[-81.66,77.53],[-80.57,77.31],[-79.91,77.3],[-78.87,77.33],[-78.49,77.37],[-78.28,77.41],[-78.08,77.52],[-78.08,77.85],[-78.01,77.95],[-77.46,77.95],[-76.97,77.93],[-76.71,77.94],[-76.36,77.99],[-75.97,77.99],[-75.87,78.01],[-75.55,78.22],[-75.19,78.33],[-75.24,78.36],[-75.49,78.4],[-76.14,78.49],[-76.42,78.51],[-75.97,78.53],[-75.4,78.52],[-74.88,78.54],[-74.55,78.62],[-74.43,78.72],[-74.49,78.75],[-75.1,78.86],[-75.8,78.89],[-75.95,78.96],[-76.26,79.01],[-76.82,79.02],[-77.51,78.98],[-77.88,78.94],[-78.04,78.96],[-78.22,79.02],[-78.42,79.05],[-78.56,79.05],[-78.58,79.08],[-77.97,79.08],[-77.73,79.06],[-77.4,79.06],[-75.91,79.12],[-75.51,79.06],[-75.23,79.04],[-74.53,79.05],[-74.48,79.23],[-74.73,79.24],[-75.09,79.2],[-75.6,79.24],[-76.12,79.33],[-76.3,79.41],[-76.9,79.51],[-76.07,79.47],[-75.5,79.41],[-74.8,79.46],[-74.19,79.46],[-73.87,79.5],[-73.36,79.5],[-73.2,79.6],[-73.47,79.76],[-74.05,79.78],[-74.66,79.84],[-74.39,79.87],[-74.14,79.88],[-73.45,79.83],[-72.44,79.69],[-71.96,79.7],[-71.39,79.76],[-71.11,79.85],[-71.11,79.88],[-71.36,79.91],[-70.76,80],[-70.57,80.09],[-70.76,80.12],[-70.88,80.12],[-71.62,80.07],[-71.95,80.09],[-72.06,80.12],[-71.93,80.14],[-71.47,80.15],[-71.1,80.19],[-70.26,80.23],[-70.21,80.28],[-70.71,80.54],[-69.95,80.37],[-69.55,80.38],[-68.63,80.68],[-67.77,80.86],[-66.73,81.04],[-66.31,81.15],[-65.48,81.28],[-64.83,81.44],[-64.78,81.49],[-65.24,81.51],[-65.74,81.49],[-68.32,81.26],[-68.54,81.25],[-68.72,81.26],[-68.69,81.29],[-66.91,81.49],[-66.63,81.62],[-66,81.63],[-65.7,81.65],[-65.5,81.67],[-65.4,81.72],[-65.23,81.74],[-64.57,81.73],[-63.59,81.85],[-62.18,82.04],[-61.27,82.28],[-61.3,82.4],[-61.48,82.47],[-61.7,82.49],[-62.48,82.52],[-63.25,82.45],[-63.09,82.57],[-63.64,82.71],[-63.47,82.77],[-63.64,82.81],[-63.98,82.83],[-64.5,82.78],[-64.78,82.88],[-64.98,82.9],[-65.11,82.89],[-65.3,82.8],[-65.73,82.84],[-67.4,82.67],[-67.74,82.65],[-68.47,82.65],[-68.36,82.68],[-66.84,82.82],[-66.42,82.93],[-68.11,82.96],[-68.41,83.01],[-68.67,83],[-69.49,83.02]]],[[[-91.89,81.13],[-92,81.19],[-92.41,81.28],[-93.03,81.35],[-93.33,81.36],[-94.18,81.34],[-94.19,81.24],[-94.11,81.22],[-93.89,81.21],[-93.41,81.21],[-93.24,81.16],[-93.29,81.1],[-93.44,81.08],[-93.83,81.11],[-94.52,81.03],[-94.98,81.05],[-95.27,81],[-95.51,80.84],[-94.79,80.75],[-94.6,80.64],[-94.03,80.59],[-93.93,80.56],[-94.89,80.57],[-95.03,80.65],[-95.23,80.69],[-95.51,80.69],[-95.71,80.73],[-95.93,80.72],[-96.13,80.69],[-96.15,80.55],[-95.55,80.37],[-96.11,80.38],[-96.39,80.33],[-96.37,80.29],[-96.22,80.25],[-95.9,80.21],[-95.65,80.23],[-95.41,80.14],[-95.19,80.13],[-94.59,80.2],[-94.26,80.19],[-94.61,80.13],[-94.65,80.05],[-95.39,80.05],[-96.77,80.14],[-96.46,79.85],[-95.86,79.67],[-95.3,79.65],[-94.4,79.74],[-94.52,79.67],[-95.66,79.53],[-95.73,79.42],[-95.66,79.39],[-95.32,79.35],[-95.1,79.29],[-94.85,79.34],[-94.4,79.39],[-93.96,79.4],[-94.11,79.32],[-94.09,79.3],[-93.93,79.29],[-92.82,79.45],[-92.48,79.44],[-92.25,79.37],[-91.69,79.36],[-91.3,79.37],[-92.55,79.28],[-92.68,79.19],[-92.84,79.16],[-93.29,79.14],[-93.95,79.04],[-94.16,78.99],[-94.11,78.93],[-93.9,78.87],[-93.16,78.78],[-93.62,78.77],[-93.55,78.71],[-93.27,78.61],[-93.11,78.6],[-92.72,78.61],[-91.93,78.56],[-91.87,78.54],[-92.73,78.49],[-92.85,78.46],[-92.68,78.39],[-92.35,78.31],[-91.9,78.24],[-91.41,78.19],[-90.61,78.15],[-90.39,78.16],[-90.33,78.18],[-90.41,78.25],[-90.65,78.31],[-90.3,78.33],[-90.03,78.29],[-89.53,78.16],[-89.61,78.28],[-90.08,78.55],[-90.04,78.61],[-89.1,78.21],[-88.97,78.18],[-88.79,78.19],[-88.61,78.39],[-88.71,78.6],[-88.58,78.6],[-88.15,78.48],[-88.04,78.49],[-87.98,78.54],[-88,78.62],[-88.23,78.65],[-88.25,78.67],[-88.17,78.75],[-88.16,78.93],[-88.04,79],[-87.83,79.05],[-87.96,78.89],[-87.92,78.75],[-87.86,78.71],[-87.62,78.68],[-87.08,78.87],[-86.96,78.97],[-86.63,78.99],[-86.09,79.1],[-85.18,79.23],[-85.04,79.28],[-85.06,79.33],[-85.68,79.62],[-86.01,79.48],[-86.18,79.61],[-86.34,79.63],[-86.65,79.65],[-86.93,79.59],[-87.24,79.57],[-87.3,79.58],[-87.14,79.66],[-86.98,79.89],[-87.2,80.04],[-87.92,80.1],[-87.63,80.19],[-87.68,80.37],[-88.13,80.43],[-88.42,80.43],[-88.64,80.39],[-88.61,80.26],[-88.38,80.23],[-88.2,80.11],[-88.33,80.13],[-88.54,80.13],[-89.02,80.2],[-89.2,80.26],[-89.13,80.44],[-89.24,80.51],[-89.52,80.54],[-89.86,80.5],[-90.64,80.59],[-90.68,80.69],[-91.27,80.85],[-91.89,81.13]]],[[[-98.79,79.98],[-98.89,80.08],[-99.02,80.11],[-99.73,80.14],[-100.08,80.08],[-100.13,80],[-100,79.88],[-99.52,79.89],[-99.33,79.84],[-99.3,79.78],[-98.95,79.72],[-98.84,79.74],[-98.79,79.79],[-98.79,79.98]]],[[[-103.43,79.32],[-103.71,79.35],[-103.96,79.35],[-104.85,79.31],[-105.39,79.32],[-105.44,79.3],[-105.57,79.16],[-105.54,79.03],[-104.9,79.05],[-104.75,79.03],[-104.74,78.99],[-104.97,78.86],[-104.9,78.81],[-104.74,78.83],[-104.39,78.96],[-104.11,78.99],[-103.88,78.9],[-104.19,78.78],[-104.01,78.76],[-103.52,78.77],[-103.37,78.74],[-103.56,78.69],[-103.93,78.66],[-104.02,78.63],[-103.59,78.62],[-103.48,78.59],[-103.57,78.54],[-103.76,78.52],[-104.73,78.58],[-104.91,78.55],[-105,78.52],[-104.99,78.47],[-104.76,78.35],[-104.51,78.29],[-103.95,78.26],[-103.68,78.32],[-102.73,78.37],[-102.77,78.31],[-102.61,78.25],[-102.28,78.28],[-102.06,78.28],[-101.07,78.19],[-100.83,78.09],[-100.76,77.98],[-100.59,77.89],[-99.96,77.79],[-99.17,77.86],[-99,78],[-99.13,78.12],[-99.56,78.28],[-99.75,78.3],[-99.85,78.44],[-99.68,78.49],[-99.58,78.56],[-100.01,78.73],[-100.44,78.82],[-100.92,78.78],[-101.13,78.8],[-101.03,78.91],[-101.09,78.96],[-101.3,78.98],[-101.7,79.08],[-101.87,79.09],[-102.39,79.01],[-102.42,78.93],[-102.58,78.88],[-102.58,78.93],[-102.73,78.97],[-102.65,79.1],[-102.91,79.23],[-103.19,79.3],[-103.43,79.32]]],[[[-96.2,78.53],[-96.27,78.6],[-96.48,78.67],[-97.17,78.76],[-97.6,78.8],[-98.04,78.81],[-98.21,78.8],[-98.34,78.75],[-98.06,78.56],[-98.32,78.52],[-98.28,78.44],[-98.07,78.39],[-98.05,78.33],[-97.82,78.23],[-97.32,78.2],[-96.94,78.15],[-97.23,78.1],[-97.66,78.09],[-97.43,77.98],[-97.02,77.91],[-97.06,77.86],[-96.99,77.81],[-96.83,77.81],[-96.48,77.87],[-95.67,77.92],[-95.37,77.97],[-95.2,77.97],[-95.09,77.99],[-94.93,78.08],[-94.99,78.14],[-95.33,78.23],[-94.89,78.35],[-95.03,78.43],[-95.56,78.52],[-95.97,78.51],[-96.2,78.53]]],[[[-103,78.15],[-102.79,78.22],[-102.89,78.27],[-103.11,78.25],[-103.27,78.17],[-103.25,78.14],[-103.12,78.13],[-103,78.15]]],[[[-101.69,77.7],[-101.58,77.72],[-101,77.74],[-101.19,77.83],[-101.64,77.89],[-101.92,77.9],[-102.45,77.88],[-102.48,77.84],[-102.38,77.73],[-102.08,77.69],[-101.69,77.7]]],[[[-95.48,77.79],[-95.68,77.78],[-96.14,77.71],[-96.24,77.67],[-96.26,77.59],[-95.99,77.48],[-94.41,77.47],[-93.84,77.45],[-93.52,77.47],[-93.34,77.63],[-93.13,77.66],[-93.3,77.74],[-93.58,77.77],[-94.01,77.76],[-94.67,77.78],[-95.23,77.75],[-95.48,77.79]]],[[[-104.56,77.14],[-104.49,77.16],[-104.45,77.25],[-104.54,77.34],[-104.77,77.41],[-104.96,77.42],[-105.07,77.55],[-105.29,77.64],[-105.59,77.74],[-105.86,77.75],[-106.07,77.73],[-105.88,77.63],[-105.85,77.56],[-105.75,77.53],[-105.56,77.35],[-105.22,77.18],[-104.71,77.12],[-104.56,77.14]]],[[[-89.83,77.27],[-89.69,77.34],[-89.72,77.44],[-90.17,77.59],[-90.42,77.63],[-90.84,77.65],[-91.11,77.63],[-91.18,77.56],[-91.15,77.39],[-90.99,77.33],[-90.23,77.21],[-90.09,77.21],[-89.83,77.27]]],[[[-94.29,76.91],[-95.13,77.02],[-95.85,77.07],[-96.38,77],[-96.69,76.99],[-96.76,76.97],[-96.77,76.89],[-96.4,76.8],[-96.45,76.77],[-96.59,76.76],[-96.88,76.8],[-96.9,76.75],[-95.97,76.57],[-95.65,76.58],[-96.04,76.49],[-95.84,76.42],[-95.45,76.36],[-95.27,76.26],[-95,76.26],[-94.59,76.3],[-94.38,76.28],[-93.67,76.27],[-93.31,76.36],[-93.19,76.37],[-93.09,76.35],[-92.14,75.8],[-92.08,75.63],[-92.41,75.41],[-92.39,75.26],[-92.06,75.1],[-92.17,75.05],[-91.96,74.79],[-91.87,74.74],[-91.51,74.65],[-91.34,74.67],[-91.13,74.65],[-91.13,74.74],[-90.88,74.82],[-90.97,74.72],[-90.78,74.7],[-90.55,74.61],[-90.36,74.61],[-90.02,74.56],[-89.56,74.55],[-89.26,74.61],[-89.2,74.64],[-89.19,74.74],[-89.06,74.75],[-88.94,74.79],[-88.85,74.69],[-88.68,74.8],[-88.49,74.83],[-88.34,74.78],[-88.56,74.57],[-88.56,74.54],[-88.42,74.49],[-87.59,74.47],[-87.36,74.5],[-86.77,74.48],[-86.67,74.49],[-86.73,74.56],[-86.34,74.51],[-86.21,74.54],[-86.11,74.54],[-85.96,74.5],[-85.81,74.5],[-85.54,74.53],[-85.47,74.6],[-85.34,74.54],[-85.13,74.52],[-85.06,74.61],[-84.82,74.54],[-84.43,74.51],[-83.62,74.57],[-83.53,74.59],[-83.41,74.65],[-83.34,74.76],[-83.36,74.8],[-83.49,74.83],[-83.52,74.9],[-83.22,74.83],[-83.1,74.82],[-83.12,74.69],[-82.98,74.58],[-82.74,74.53],[-82.41,74.54],[-81.94,74.47],[-81.61,74.5],[-81.23,74.57],[-80.26,74.58],[-80.15,74.8],[-80.35,74.9],[-80.29,74.91],[-79.94,74.83],[-79.51,74.88],[-79.4,74.92],[-79.52,74.99],[-79.66,75.02],[-80.14,74.99],[-80.38,75.03],[-80.36,75.05],[-79.63,75.2],[-79.51,75.26],[-79.66,75.45],[-80.26,75.48],[-80.29,75.49],[-80.12,75.56],[-80.32,75.63],[-81,75.64],[-81.17,75.67],[-81.15,75.74],[-81.27,75.76],[-82.15,75.83],[-82.55,75.82],[-83.24,75.75],[-83.93,75.82],[-84.01,75.78],[-84.6,75.65],[-84.99,75.64],[-85.37,75.57],[-85.58,75.58],[-85.97,75.53],[-86.07,75.5],[-85.9,75.44],[-85.95,75.4],[-86.24,75.41],[-86.81,75.49],[-87.26,75.62],[-87.54,75.48],[-87.73,75.58],[-88.2,75.51],[-88.64,75.66],[-88.78,75.65],[-88.85,75.62],[-88.8,75.5],[-88.84,75.46],[-88.92,75.45],[-89.34,75.57],[-89.65,75.57],[-89.26,75.7],[-89.2,75.76],[-89.28,75.8],[-89.51,75.86],[-89.65,75.84],[-89.7,75.85],[-89.91,75.97],[-90.03,75.97],[-90.25,76.05],[-90.71,76.08],[-90.8,76.11],[-91.28,76.16],[-91.41,76.22],[-91.26,76.23],[-90.31,76.16],[-89.41,76.19],[-89.24,76.24],[-89.28,76.3],[-90.85,76.44],[-91.42,76.46],[-91.44,76.5],[-91.34,76.51],[-90.62,76.46],[-90.55,76.52],[-91.12,76.66],[-91.55,76.69],[-91.79,76.68],[-92.3,76.62],[-92.72,76.6],[-93,76.62],[-93.53,76.45],[-93.2,76.67],[-93.23,76.77],[-93.81,76.91],[-93.95,76.92],[-94.11,76.9],[-94.29,76.91]]],[[[-89.73,76.51],[-89.82,76.63],[-89.7,76.74],[-89.95,76.84],[-90.14,76.84],[-90.41,76.81],[-90.52,76.79],[-90.56,76.75],[-90.16,76.52],[-89.97,76.49],[-89.92,76.5],[-89.77,76.49],[-89.73,76.51]]],[[[-101.23,76.58],[-100.27,76.73],[-100.47,76.75],[-100.89,76.74],[-101.17,76.67],[-101.51,76.63],[-101.61,76.6],[-101.49,76.58],[-101.23,76.58]]],[[[-97.7,76.47],[-97.81,76.52],[-97.97,76.53],[-98.24,76.58],[-98.53,76.67],[-98.71,76.69],[-99.02,76.61],[-98.89,76.47],[-99.17,76.45],[-99.67,76.62],[-99.81,76.63],[-100.39,76.61],[-100.83,76.52],[-100.89,76.48],[-100.82,76.44],[-100.65,76.4],[-100.17,76.36],[-99.98,76.31],[-100.04,76.29],[-100.36,76.27],[-100.41,76.24],[-100.18,76.2],[-100,76.2],[-99.54,76.15],[-99.79,76.13],[-100,76.14],[-100.11,76.12],[-99.98,76.03],[-99.69,75.96],[-99.7,75.94],[-99.87,75.92],[-100.11,75.96],[-101.06,76.25],[-101.14,76.35],[-101.34,76.41],[-101.68,76.45],[-101.86,76.44],[-102.1,76.33],[-102.14,76.28],[-101.91,76.23],[-101.56,76.24],[-101.53,76.22],[-101.86,76.1],[-101.82,76.04],[-101.72,76.01],[-101.43,75.99],[-101.51,75.92],[-101.26,75.78],[-100.97,75.8],[-101.12,75.76],[-101.26,75.76],[-101.94,75.88],[-102.14,75.88],[-102.27,75.81],[-102.25,75.78],[-102.41,75.71],[-102.73,75.64],[-102.8,75.6],[-102.7,75.54],[-102.54,75.51],[-101.46,75.61],[-101.21,75.59],[-99.92,75.68],[-99.19,75.7],[-99.21,75.67],[-99.59,75.66],[-99.76,75.63],[-99.77,75.61],[-99.97,75.57],[-100.28,75.46],[-100.71,75.41],[-100.73,75.35],[-100.15,75.25],[-100.46,75.22],[-100.48,75.19],[-100.29,75.03],[-100.23,75.01],[-99.63,74.98],[-99.33,75.05],[-99.16,75.02],[-98.57,75.01],[-98.12,75.03],[-97.99,75.05],[-97.95,75.06],[-98.08,75.15],[-98.07,75.2],[-97.84,75.12],[-97.67,75.13],[-97.66,75.15],[-97.85,75.26],[-97.88,75.42],[-97.65,75.51],[-97.34,75.42],[-97.41,75.67],[-97.86,75.74],[-97.89,75.76],[-97.69,75.8],[-97.6,75.85],[-97.65,75.98],[-97.52,76.14],[-97.74,76.34],[-97.7,76.47]]],[[[-104.02,76.58],[-103.96,76.64],[-104.07,76.67],[-104.21,76.67],[-104.59,76.61],[-104.58,76.54],[-104.36,76.33],[-103.47,76.33],[-103.2,76.37],[-103.03,76.43],[-103.19,76.48],[-103.58,76.54],[-103.72,76.6],[-104.02,76.58]]],[[[-102.23,76.01],[-102.49,76.1],[-102.58,76.28],[-102.73,76.31],[-103.1,76.31],[-104.35,76.18],[-104.41,76.11],[-104.24,76.05],[-103.8,76.04],[-103.99,75.93],[-103.77,75.89],[-103.2,75.96],[-103.04,75.92],[-103.31,75.76],[-102.94,75.76],[-102.58,75.78],[-102.32,75.9],[-102.01,75.94],[-102.23,76.01]]],[[[-79.06,75.93],[-79.06,75.99],[-78.85,76.11],[-79.01,76.15],[-79.55,75.96],[-79.7,75.88],[-79.64,75.84],[-79.36,75.83],[-79.05,75.87],[-79.06,75.93]]],[[[-94.53,75.75],[-94.3,75.78],[-94.5,75.99],[-94.54,76],[-94.88,75.95],[-94.9,75.93],[-94.75,75.77],[-94.53,75.75]]],[[[-96.08,75.51],[-95.96,75.55],[-96.04,75.59],[-96.4,75.65],[-96.52,75.58],[-96.86,75.54],[-96.98,75.51],[-97.02,75.47],[-96.97,75.41],[-96.86,75.37],[-96.68,75.39],[-96.46,75.49],[-96.34,75.51],[-96.24,75.47],[-96.08,75.51]]],[[[-93.54,75.03],[-93.5,75.14],[-93.75,75.35],[-94.43,75.59],[-94.88,75.63],[-95.05,75.62],[-95.67,75.53],[-95.95,75.44],[-96.12,75.36],[-96.18,75.24],[-96.38,75.21],[-96.6,75.06],[-96.56,74.99],[-96.39,75],[-96.27,74.92],[-96.18,74.95],[-96.09,74.93],[-95.87,74.83],[-95.29,74.79],[-94.7,74.64],[-94.21,74.65],[-93.98,74.64],[-93.57,74.67],[-93.46,74.86],[-93.54,75.03]]],[[[-104.12,75.04],[-103.81,75.08],[-103.64,75.16],[-103.8,75.35],[-104.07,75.42],[-104.35,75.43],[-104.47,75.41],[-104.65,75.35],[-104.89,75.15],[-104.63,75.06],[-104.31,75.03],[-104.12,75.04]]],[[[-95.31,74.51],[-95.28,74.54],[-95.35,74.59],[-95.51,74.64],[-95.66,74.64],[-95.85,74.58],[-95.78,74.55],[-95.35,74.5],[-95.31,74.51]]],[[[-97.36,74.53],[-97.29,74.58],[-97.42,74.63],[-97.75,74.51],[-97.66,74.47],[-97.36,74.53]]],[[[-93.17,74.16],[-93.41,74.18],[-93.55,74.17],[-93.78,74.12],[-93.94,74.13],[-94.73,74.09],[-95.12,73.99],[-95.15,73.91],[-95.06,73.81],[-94.9,73.72],[-94.7,73.66],[-94.82,73.66],[-95.39,73.76],[-95.57,73.73],[-95.63,73.7],[-95.6,72.88],[-95.55,72.78],[-95.25,72.5],[-95.19,72.34],[-95.19,72.03],[-95.01,72.01],[-94.5,72.04],[-94.14,72],[-94.04,72.03],[-93.87,72.25],[-93.56,72.42],[-93.53,72.5],[-93.57,72.56],[-93.77,72.67],[-94.21,72.76],[-93.58,72.8],[-93.34,72.8],[-92.39,72.72],[-92.12,72.75],[-91.79,72.92],[-91.46,73.15],[-91.43,73.19],[-91.55,73.24],[-91.25,73.3],[-90.93,73.53],[-90.76,73.58],[-90.38,73.82],[-90.35,73.87],[-90.46,73.91],[-90.63,73.95],[-91.09,74.01],[-91.63,74.03],[-92.22,73.97],[-92.49,74.06],[-93.17,74.16]]],[[[-98.27,73.87],[-97.75,74.01],[-97.66,74.07],[-97.7,74.11],[-98.06,74.1],[-98.58,74.03],[-98.82,74.02],[-98.97,73.99],[-99,73.96],[-99.35,73.93],[-99.42,73.9],[-99.3,73.86],[-98.97,73.81],[-98.76,73.83],[-98.69,73.86],[-98.56,73.85],[-98.27,73.87]]],[[[-100,73.95],[-100.14,73.93],[-100.23,73.89],[-100.15,73.84],[-99.94,73.86],[-99.91,73.85],[-99.99,73.8],[-100.18,73.8],[-100.48,73.84],[-100.92,73.81],[-100.99,73.77],[-100.9,73.66],[-100.78,73.61],[-100.61,73.58],[-100.52,73.45],[-100.98,73.6],[-101.11,73.6],[-101.32,73.57],[-101.52,73.51],[-101.45,73.43],[-100.89,73.28],[-100.59,73.3],[-100.37,73.36],[-100.26,73.34],[-100.01,73.24],[-99.83,73.21],[-100.07,73.21],[-100.34,73.27],[-100.54,73.2],[-100.53,73.14],[-100.45,73.12],[-100.28,73.12],[-100.18,73.06],[-100.09,72.94],[-100.13,72.91],[-100.19,72.89],[-100.23,72.9],[-100.4,72.98],[-100.48,72.77],[-101.09,72.71],[-101.27,72.72],[-101.54,72.88],[-101.75,72.94],[-101.92,73.06],[-102.2,73.08],[-102.34,73.06],[-102.55,72.98],[-102.69,72.84],[-102.71,72.76],[-102.66,72.72],[-102.4,72.59],[-101.97,72.49],[-101.72,72.31],[-101.5,72.28],[-101.21,72.32],[-100.98,72.21],[-100.71,72.19],[-100.59,72.15],[-100.33,72],[-99.73,71.76],[-99.4,71.56],[-99.22,71.39],[-99.17,71.37],[-98.99,71.37],[-98.78,71.31],[-98.66,71.3],[-98.54,71.32],[-98.41,71.35],[-98.2,71.44],[-98.23,71.56],[-98.46,71.77],[-98.32,71.85],[-98.31,71.76],[-98.18,71.66],[-97.58,71.63],[-97.46,71.63],[-97.22,71.67],[-96.95,71.79],[-96.61,71.83],[-96.62,71.97],[-96.77,72.05],[-96.59,72.2],[-96.67,72.27],[-96.8,72.32],[-96.64,72.34],[-96.47,72.43],[-96.45,72.55],[-96.54,72.7],[-96.67,72.71],[-96.87,72.69],[-97.13,72.63],[-97.16,72.64],[-97.07,72.72],[-97.08,72.76],[-97.24,72.84],[-97.38,72.86],[-97.31,72.9],[-97.33,72.94],[-97.64,73.03],[-97.94,73.04],[-98.37,72.93],[-98.43,72.96],[-98.42,73.02],[-97.8,73.29],[-97.27,73.39],[-97.23,73.42],[-97.35,73.48],[-97.47,73.49],[-97.59,73.47],[-97.63,73.5],[-97.6,73.54],[-97.49,73.53],[-97.09,73.61],[-97,73.67],[-97.11,73.79],[-97.33,73.86],[-97.67,73.89],[-97.93,73.87],[-98.15,73.82],[-99.16,73.73],[-100,73.95]]],[[[-86.59,71.01],[-85.95,71.16],[-85.41,71.23],[-85.02,71.35],[-85.08,71.4],[-85.75,71.64],[-86.04,71.77],[-86.22,71.9],[-86.34,72.12],[-86.32,72.46],[-86.66,72.72],[-86.67,72.76],[-86.63,72.87],[-86,73.31],[-85.68,73.46],[-85.49,73.53],[-85.2,73.6],[-84.97,73.69],[-84.98,73.76],[-85.11,73.81],[-85.95,73.85],[-86.41,73.85],[-86.77,73.83],[-87.47,73.76],[-87.72,73.72],[-88.17,73.6],[-88.71,73.4],[-88.76,73.31],[-88.98,73.25],[-89.23,73.11],[-89.36,72.8],[-89.7,72.57],[-89.86,72.41],[-89.86,72.25],[-89.82,72.21],[-89.66,72.18],[-89.66,72.16],[-89.93,72.05],[-90.03,71.95],[-89.85,71.49],[-89.69,71.42],[-89.42,71.35],[-89.08,71.29],[-88.59,71.24],[-88.06,71.23],[-87.87,71.21],[-87.37,71.05],[-87.14,71.01],[-87.18,70.99],[-87.84,70.94],[-88.31,70.98],[-88.52,71.03],[-88.7,71.05],[-89.03,71.04],[-89.37,71.07],[-89.46,71.06],[-89.37,71],[-89.21,70.76],[-88.85,70.52],[-88.78,70.49],[-88.4,70.44],[-87.9,70.25],[-87.79,70.26],[-87.62,70.32],[-87.5,70.33],[-87.24,70.31],[-87.06,70.33],[-87.16,70.38],[-87.17,70.4],[-87.12,70.41],[-86.7,70.39],[-86.4,70.47],[-86.5,70.35],[-86.36,70.17],[-86.2,70.11],[-85.78,70.04],[-85.43,70.11],[-84.91,70.08],[-84.77,70.03],[-83.86,69.96],[-83.53,69.96],[-83.15,70.01],[-82.29,69.84],[-82.14,69.84],[-81.56,69.94],[-80.92,69.73],[-80.84,69.79],[-80.92,69.85],[-81.2,69.98],[-81.33,70.02],[-81.42,70.02],[-81.65,70.09],[-81.56,70.11],[-81.1,70.09],[-80.39,70.01],[-80.16,70],[-79.62,69.89],[-79.3,69.89],[-78.89,69.98],[-78.82,70.01],[-78.77,70.1],[-78.93,70.29],[-79.02,70.33],[-79.35,70.37],[-79.41,70.4],[-79.35,70.48],[-79.16,70.58],[-79.07,70.6],[-78.98,70.58],[-78.83,70.46],[-78.77,70.45],[-78.62,70.35],[-78.57,70.35],[-78.28,70.23],[-78.16,70.22],[-77.84,70.25],[-77.77,70.24],[-77.59,69.85],[-77.02,69.84],[-76.86,69.78],[-76.87,69.75],[-77.13,69.65],[-76.74,69.57],[-76.59,69.66],[-76.51,69.68],[-76.42,69.69],[-76.23,69.66],[-76.46,69.62],[-76.52,69.59],[-76.52,69.52],[-76.46,69.47],[-76.41,69.44],[-76.05,69.39],[-75.79,69.32],[-75.65,69.21],[-75.67,69.16],[-75.76,69.1],[-75.95,69.03],[-76.38,69.05],[-76.56,69.01],[-76.57,68.85],[-76.62,68.76],[-76.59,68.7],[-76.4,68.69],[-75.62,68.89],[-75.52,68.95],[-75.36,68.95],[-75.21,68.91],[-75.1,68.94],[-74.85,69.07],[-74.72,69.05],[-74.95,68.96],[-74.93,68.94],[-74.82,68.94],[-74.74,68.91],[-74.91,68.82],[-74.81,68.8],[-74.7,68.81],[-74.65,68.71],[-74.42,68.58],[-74.27,68.54],[-73.99,68.55],[-73.97,68.58],[-74.12,68.7],[-73.94,68.71],[-73.82,68.69],[-73.78,68.58],[-73.88,68.43],[-73.82,68.36],[-73.64,68.29],[-73.31,68.37],[-73.28,68.36],[-73.33,68.27],[-73.06,68.11],[-72.73,67.81],[-72.58,67.66],[-72.35,67.34],[-72.23,67.28],[-72.22,67.25],[-72.36,67.13],[-72.67,67.07],[-72.79,67.03],[-72.95,66.88],[-73.03,66.73],[-73.2,66.7],[-73.36,66.64],[-73.43,66.58],[-73.58,66.51],[-73.93,66.36],[-74.37,66.21],[-74.42,66.17],[-74.4,66.1],[-74.28,66.01],[-74.03,65.88],[-73.75,65.77],[-73.56,65.54],[-73.55,65.49],[-73.68,65.48],[-73.88,65.52],[-73.99,65.52],[-74.24,65.48],[-74.49,65.37],[-74.57,65.36],[-74.85,65.39],[-74.98,65.38],[-75.11,65.33],[-75.17,65.28],[-75.32,65.27],[-75.71,65.32],[-75.8,65.3],[-75.77,65.26],[-75.5,65.14],[-75.36,65.01],[-75.45,64.84],[-75.59,64.91],[-75.5,65.01],[-75.52,65.06],[-75.83,65.23],[-76.48,65.37],[-76.78,65.41],[-77.09,65.43],[-77.25,65.46],[-77.33,65.45],[-77.46,65.36],[-77.36,65.2],[-77.45,65.16],[-77.88,65.07],[-78.1,64.94],[-78.2,64.66],[-78.05,64.5],[-77.76,64.36],[-77.63,64.36],[-77.28,64.28],[-77.17,64.29],[-76.86,64.24],[-76.72,64.24],[-76.56,64.3],[-76.41,64.3],[-76.12,64.38],[-75.77,64.39],[-75.72,64.52],[-75.49,64.54],[-75.33,64.49],[-75.07,64.46],[-74.69,64.5],[-74.64,64.56],[-74.82,64.72],[-74.92,64.77],[-74.92,64.79],[-74.75,64.81],[-74.72,64.83],[-74.63,64.82],[-74.46,64.64],[-74.21,64.63],[-74.13,64.61],[-74.1,64.44],[-74.06,64.42],[-73.98,64.44],[-73.91,64.58],[-73.87,64.59],[-73.79,64.57],[-73.73,64.57],[-73.63,64.6],[-73.41,64.57],[-73.27,64.58],[-73.45,64.4],[-73.27,64.33],[-72.91,64.12],[-72.68,64.02],[-72.5,63.82],[-72.45,63.82],[-72.23,63.89],[-72.16,63.89],[-72.29,63.76],[-72.29,63.73],[-72.22,63.71],[-71.73,63.71],[-71.54,63.6],[-71.38,63.58],[-71.46,63.51],[-71.61,63.44],[-71.82,63.44],[-71.99,63.42],[-71.86,63.36],[-71.62,63.19],[-71.35,63.07],[-71.25,63.04],[-70.95,63.12],[-71.11,63],[-71,62.98],[-70.8,62.91],[-70.57,62.87],[-70.24,62.76],[-70.07,62.76],[-69.8,62.79],[-69.6,62.77],[-69.37,62.57],[-69.13,62.42],[-68.72,62.32],[-68.63,62.28],[-68.38,62.24],[-67.44,62.15],[-67.18,62.07],[-66.8,62.01],[-66.32,61.87],[-66.12,61.89],[-66.06,61.91],[-66.06,61.97],[-66.13,62.1],[-66,62.16],[-65.98,62.21],[-66.28,62.3],[-66.64,62.6],[-66.98,62.7],[-67.21,62.84],[-67.47,62.95],[-67.74,63.01],[-67.66,63.07],[-67.68,63.09],[-67.92,63.11],[-68.14,63.17],[-68.37,63.35],[-68.67,63.51],[-68.79,63.6],[-68.91,63.7],[-68.86,63.75],[-68.49,63.73],[-68.24,63.64],[-67.84,63.45],[-67.72,63.42],[-67.89,63.73],[-67.26,63.34],[-67.18,63.31],[-67,63.31],[-66.97,63.26],[-66.77,63.16],[-66.7,63.07],[-66.64,63.08],[-66.65,63.26],[-66.41,63.03],[-66.23,62.99],[-66.2,63.01],[-66.25,63.11],[-66.22,63.11],[-65.92,62.97],[-65.86,62.92],[-65.81,62.91],[-65.74,62.93],[-65.57,62.87],[-65.27,62.72],[-65.18,62.65],[-65.11,62.63],[-65.05,62.65],[-65.05,62.7],[-65.16,62.93],[-65.13,62.95],[-64.87,62.88],[-64.68,62.9],[-64.67,62.92],[-64.77,62.99],[-64.89,63.13],[-65.07,63.26],[-65,63.33],[-65.09,63.61],[-65.19,63.76],[-64.93,63.6],[-64.7,63.27],[-64.59,63.24],[-64.51,63.26],[-64.5,63.36],[-64.56,63.68],[-64.41,63.71],[-64.58,63.9],[-64.64,63.92],[-64.77,63.91],[-64.8,63.92],[-64.69,63.96],[-64.68,64.03],[-64.91,64.03],[-65.01,64.01],[-65.17,64.03],[-65.19,64.04],[-65.15,64.09],[-65.19,64.13],[-65.35,64.23],[-65.58,64.29],[-65.59,64.31],[-65.51,64.32],[-65.34,64.32],[-65.21,64.3],[-65.07,64.44],[-65.09,64.48],[-65.18,64.51],[-65.53,64.5],[-65.51,64.53],[-65.27,64.63],[-65.43,64.73],[-65.51,64.71],[-65.61,64.74],[-65.77,64.85],[-65.94,64.89],[-66.11,64.79],[-66.15,64.73],[-66.21,64.72],[-66.3,64.78],[-66.21,64.83],[-66.22,64.85],[-66.35,64.91],[-66.64,65],[-66.67,64.97],[-66.68,64.81],[-66.83,65.07],[-66.86,65.09],[-66.97,65.08],[-66.98,65.14],[-67.07,65.24],[-67.18,65.3],[-67.34,65.35],[-67.13,65.42],[-67.12,65.44],[-67.3,65.48],[-67.4,65.59],[-67.49,65.63],[-67.64,65.64],[-67.72,65.63],[-67.94,65.56],[-67.95,65.62],[-67.87,65.77],[-67.89,65.79],[-68.12,65.83],[-68.19,65.87],[-68.26,65.94],[-68.26,65.99],[-68.2,66.04],[-68.22,66.08],[-68.47,66.17],[-68.75,66.2],[-68.53,66.25],[-68.46,66.25],[-68.15,66.13],[-67.96,66.01],[-67.83,65.97],[-67.55,65.92],[-67.35,65.93],[-67.18,66.03],[-67.7,66.27],[-67.87,66.49],[-67.56,66.4],[-67.31,66.3],[-67.23,66.31],[-67.19,66.32],[-67.19,66.43],[-67.32,66.52],[-67.31,66.57],[-67.19,66.53],[-66.97,66.55],[-66.99,66.63],[-66.86,66.6],[-66.79,66.56],[-66.71,66.46],[-66.48,66.28],[-66.42,66.25],[-66.21,66.21],[-66.06,66.13],[-65.86,66.14],[-65.69,66.21],[-65.66,66.2],[-65.86,66.09],[-65.89,66.02],[-65.83,66],[-65.42,65.99],[-65,66.08],[-64.66,66.29],[-64.5,66.33],[-64.45,66.32],[-64.67,66.19],[-64.85,66.02],[-65.03,65.99],[-65.18,65.94],[-65.38,65.82],[-65.4,65.76],[-65.28,65.68],[-65.11,65.46],[-64.67,65.17],[-64.56,65.12],[-64.47,65.25],[-64.27,65.4],[-64.35,65.17],[-64.15,65.07],[-64.06,65.12],[-63.9,65.11],[-63.79,65.05],[-63.74,64.99],[-63.61,64.93],[-63.4,65.12],[-63.36,65.23],[-63.34,65.62],[-63.65,65.66],[-63.42,65.71],[-63.46,65.85],[-63.17,65.66],[-62.97,65.62],[-62.82,65.65],[-62.77,65.63],[-62.66,65.64],[-62.61,65.72],[-62.49,65.8],[-62.38,65.83],[-62.45,65.95],[-62.62,66.02],[-62.59,66.03],[-62.14,66.01],[-61.99,66.04],[-62.02,66.07],[-62.24,66.15],[-62.53,66.23],[-62.5,66.27],[-62.42,66.29],[-62.41,66.32],[-62.55,66.41],[-62.51,66.42],[-62.37,66.41],[-62.16,66.34],[-61.86,66.31],[-61.57,66.37],[-61.65,66.5],[-62.12,66.64],[-61.9,66.68],[-61.72,66.64],[-61.53,66.56],[-61.31,66.61],[-61.3,66.65],[-61.97,67.02],[-62.12,67.05],[-62.38,66.91],[-62.71,66.95],[-62.83,66.93],[-62.96,66.95],[-63.7,66.82],[-63.26,67.02],[-63.16,67.17],[-63.04,67.24],[-63.32,67.34],[-63.59,67.38],[-63.82,67.32],[-63.84,67.26],[-64.36,67.26],[-64.38,67.3],[-64.59,67.32],[-64.7,67.35],[-64.58,67.36],[-64.47,67.34],[-64.01,67.35],[-64.08,67.5],[-63.85,67.57],[-64.02,67.65],[-64.16,67.62],[-64.53,67.81],[-64.64,67.84],[-64.83,67.78],[-65.02,67.79],[-65.07,67.82],[-65.03,67.89],[-64.84,67.99],[-64.92,68.03],[-64.98,68.04],[-65.06,68.03],[-65.42,67.88],[-65.4,67.67],[-65.54,67.77],[-65.51,67.97],[-65.7,67.99],[-65.86,67.92],[-65.97,67.96],[-65.94,68.07],[-65.99,68.07],[-66.23,67.96],[-66.34,67.85],[-66.44,67.83],[-66.53,67.86],[-66.41,67.9],[-66.27,68.04],[-66.21,68.28],[-66.53,68.25],[-66.63,68.21],[-66.61,68.11],[-66.66,68.03],[-66.73,68.13],[-66.9,68.06],[-66.91,68.1],[-66.83,68.22],[-67.03,68.33],[-67,68.37],[-66.76,68.42],[-66.71,68.45],[-66.74,68.46],[-66.85,68.47],[-67.11,68.46],[-67.46,68.5],[-67.66,68.55],[-67.77,68.55],[-67.94,68.52],[-68.04,68.55],[-68.15,68.62],[-68.15,68.68],[-68.33,68.73],[-68.87,68.76],[-69.32,68.86],[-69.33,68.88],[-68.73,68.81],[-68.45,68.85],[-67.88,68.78],[-67.75,68.93],[-67.75,69.04],[-67.83,69.07],[-68.3,69.17],[-68.42,69.17],[-68.99,69.08],[-69.04,69.1],[-68.62,69.21],[-68.41,69.23],[-68.2,69.2],[-67.94,69.25],[-67.61,69.17],[-67.33,69.18],[-66.8,69.15],[-66.68,69.19],[-66.69,69.29],[-66.77,69.34],[-67.24,69.46],[-67.72,69.48],[-67.91,69.46],[-68.51,69.58],[-69.25,69.51],[-69.23,69.55],[-68.84,69.62],[-68.67,69.64],[-68.37,69.64],[-68.29,69.66],[-68.19,69.73],[-68.02,69.77],[-67.81,69.78],[-67.26,69.72],[-67.17,69.8],[-67.36,70.03],[-67.86,70.28],[-68.06,70.32],[-68.2,70.28],[-68.33,70.18],[-68.32,70.16],[-68.21,70.13],[-68.23,70.11],[-68.58,70.03],[-68.74,69.94],[-68.9,69.95],[-69.01,69.98],[-68.72,70.15],[-68.75,70.2],[-68.92,70.21],[-69.25,70.19],[-69.63,70.13],[-69.8,70.05],[-69.91,70.03],[-70.06,70.04],[-70.06,70.07],[-69.7,70.19],[-69.3,70.28],[-68.79,70.32],[-68.56,70.41],[-68.48,70.41],[-68.36,70.48],[-68.4,70.56],[-68.5,70.61],[-69.17,70.76],[-69.4,70.79],[-69.56,70.78],[-69.7,70.79],[-69.8,70.83],[-69.95,70.85],[-70.56,70.74],[-70.98,70.58],[-71.31,70.21],[-71.43,70.13],[-71.28,70.43],[-71.32,70.53],[-71.38,70.55],[-71.48,70.54],[-71.77,70.39],[-71.89,70.43],[-71.59,70.57],[-71.02,70.67],[-70.76,70.79],[-70.64,70.9],[-70.67,71.05],[-70.83,71.11],[-71.05,71.05],[-71.19,70.98],[-71.37,70.98],[-71.74,71.05],[-72.01,71.01],[-72.31,70.83],[-72.63,70.83],[-72.45,70.88],[-72.02,71.07],[-71.86,71.1],[-71.59,71.09],[-71.4,71.15],[-71.22,71.24],[-71.19,71.28],[-71.26,71.36],[-71.64,71.52],[-72.12,71.59],[-72.52,71.62],[-72.58,71.61],[-72.9,71.68],[-73.28,71.54],[-73.31,71.48],[-73.19,71.35],[-73.18,71.28],[-73.4,71.37],[-73.48,71.48],[-73.71,71.59],[-74.06,71.43],[-74.2,71.4],[-73.71,71.72],[-73.71,71.75],[-73.87,71.77],[-73.99,71.75],[-74.14,71.68],[-74.4,71.67],[-74.49,71.65],[-74.7,71.47],[-74.76,71.34],[-75,71.22],[-75.04,71.23],[-74.84,71.41],[-74.87,71.5],[-74.83,71.57],[-74.7,71.68],[-74.96,71.67],[-75.19,71.69],[-75.2,71.71],[-74.79,71.74],[-74.62,71.79],[-74.32,71.84],[-74.21,71.94],[-74.27,72.04],[-74.52,72.09],[-74.69,72.1],[-74.9,72.1],[-75.15,72.06],[-75.6,71.92],[-75.9,71.71],[-75.54,72.01],[-75.39,72.04],[-75.05,72.23],[-75.12,72.38],[-75.29,72.48],[-75.7,72.57],[-75.83,72.58],[-75.97,72.56],[-76.19,72.57],[-76.7,72.7],[-77.26,72.74],[-77.57,72.74],[-78,72.69],[-78.42,72.57],[-78.48,72.47],[-78.29,72.36],[-77.54,72.22],[-77.52,72.18],[-77.73,72.18],[-78.12,72.28],[-78.43,72.28],[-78.7,72.35],[-78.82,72.27],[-78.86,72.1],[-78.59,71.88],[-78.78,71.93],[-79.01,72.04],[-79,72.27],[-79.19,72.36],[-79.32,72.39],[-79.43,72.34],[-79.58,72.31],[-79.83,72.45],[-80.07,72.38],[-80.11,72.33],[-79.88,72.18],[-79.93,72.17],[-80.18,72.21],[-80.39,72.15],[-80.8,71.93],[-80.93,71.91],[-80.92,72.07],[-80.84,72.1],[-80.69,72.1],[-80.94,72.21],[-80.7,72.34],[-80.61,72.45],[-80.76,72.46],[-81.24,72.28],[-81.23,72.31],[-80.27,72.75],[-80.59,72.93],[-80.6,73.12],[-80.68,73.17],[-81.03,73.25],[-81.15,73.31],[-81.34,73.6],[-81.61,73.7],[-82.2,73.74],[-82.84,73.72],[-83.02,73.68],[-83.73,73.58],[-83.9,73.53],[-83.78,73.42],[-84.09,73.46],[-84.42,73.46],[-84.62,73.39],[-85.02,73.34],[-85.45,73.11],[-85.38,73.05],[-84.27,72.84],[-84.26,72.8],[-84.99,72.92],[-85.39,72.95],[-85.62,72.82],[-85.65,72.72],[-85.62,72.6],[-85.34,72.42],[-85.16,72.38],[-85.06,72.38],[-84.96,72.41],[-84.85,72.41],[-84.62,72.38],[-84.64,72.35],[-84.81,72.33],[-84.84,72.31],[-84.64,72.19],[-84.35,72.09],[-84.28,72.04],[-85.02,72.22],[-85.32,72.23],[-85.41,72.21],[-85.55,72.1],[-85.86,72.02],[-85.91,71.99],[-85.6,71.87],[-85.34,71.7],[-85.13,71.66],[-84.84,71.66],[-84.7,71.63],[-84.66,71.59],[-84.67,71.44],[-84.82,71.03],[-84.87,71],[-85.05,71.06],[-85.07,71.08],[-85,71.14],[-85.64,71.15],[-85.82,71.13],[-86.32,71.02],[-86.55,70.99],[-86.59,71.01]]],[[[-79.54,73.65],[-79.89,73.7],[-80.12,73.71],[-80.41,73.77],[-80.76,73.76],[-80.85,73.72],[-80.86,73.59],[-80.74,73.48],[-80.8,73.47],[-80.82,73.43],[-80.78,73.33],[-80.62,73.27],[-80.29,73.25],[-80.18,73.22],[-79.98,72.89],[-79.82,72.83],[-79.5,72.76],[-79.32,72.76],[-79.13,72.77],[-78.55,72.86],[-77.84,72.9],[-77.01,72.84],[-76.4,72.82],[-76.18,72.84],[-76.09,72.88],[-76.31,73],[-76.29,73.08],[-76.57,73.16],[-76.62,73.23],[-76.76,73.31],[-77.04,73.37],[-77.21,73.5],[-77.38,73.54],[-78.06,73.65],[-78.29,73.67],[-79.37,73.64],[-79.54,73.65]]],[[[-105.29,72.92],[-105,73.04],[-104.97,73.09],[-104.79,73.17],[-104.58,73.35],[-104.56,73.54],[-104.72,73.64],[-104.83,73.65],[-105.11,73.74],[-105.32,73.77],[-105.51,73.77],[-106.61,73.7],[-106.83,73.6],[-106.95,73.51],[-106.92,73.48],[-106.53,73.41],[-106.18,73.3],[-106.07,73.2],[-105.57,72.99],[-105.34,72.91],[-105.29,72.92]]],[[[-96.78,72.94],[-96.67,72.96],[-96.6,73.07],[-96.86,73.19],[-97.02,73.16],[-97.09,73.1],[-97.09,73],[-96.94,72.93],[-96.78,72.94]]],[[[-100.31,70.5],[-100.32,70.58],[-100.28,70.59],[-100.43,70.65],[-100.54,70.67],[-100.64,70.67],[-100.68,70.65],[-100.65,70.56],[-100.32,70.49],[-100.31,70.5]]],[[[-86.91,70.11],[-87.11,70.15],[-87.32,70.1],[-87.32,70.08],[-87.19,70.02],[-87.04,70],[-86.98,70.01],[-86.73,69.98],[-86.56,70],[-86.53,70.05],[-86.61,70.11],[-86.69,70.12],[-86.91,70.11]]],[[[-97.44,69.64],[-97.47,69.67],[-97.38,69.71],[-97.41,69.74],[-97.69,69.84],[-97.89,69.86],[-98.2,69.8],[-98.27,69.75],[-98.29,69.63],[-98.16,69.51],[-98.04,69.46],[-98.22,69.48],[-98.39,69.57],[-98.48,69.58],[-98.55,69.57],[-98.55,69.54],[-98.45,69.48],[-98.54,69.48],[-98.56,69.46],[-98.46,69.33],[-98.72,69.22],[-98.91,69.17],[-99.46,69.13],[-99.56,69.03],[-99.44,68.92],[-99.25,68.86],[-99.09,68.86],[-99.06,68.92],[-98.9,68.93],[-98.83,68.84],[-98.7,68.8],[-98.54,68.8],[-98.32,68.84],[-98.24,68.74],[-97.7,68.63],[-97.47,68.54],[-97.26,68.53],[-97.01,68.54],[-96.6,68.46],[-96.4,68.47],[-96.02,68.61],[-95.89,68.63],[-95.69,68.74],[-95.47,68.75],[-95.27,68.83],[-95.37,68.89],[-95.59,68.84],[-95.75,68.9],[-95.95,69.02],[-96.18,69.26],[-96.3,69.34],[-96.69,69.47],[-96.88,69.51],[-97.24,69.67],[-97.28,69.68],[-97.35,69.64],[-97.41,69.63],[-97.44,69.64]]],[[[-79.43,69.79],[-79.59,69.81],[-79.71,69.8],[-79.97,69.74],[-80.06,69.75],[-80.12,69.74],[-80.21,69.8],[-80.42,69.8],[-80.45,69.74],[-80.65,69.75],[-80.73,69.74],[-80.79,69.69],[-80.45,69.65],[-80.3,69.58],[-80.27,69.6],[-80.23,69.56],[-80.05,69.51],[-79.98,69.51],[-79.97,69.56],[-80.05,69.63],[-79.88,69.61],[-79.55,69.63],[-79.36,69.71],[-79.43,69.79]]],[[[-78.03,69.71],[-78.2,69.74],[-78.3,69.67],[-78.58,69.64],[-78.85,69.48],[-78.47,69.5],[-78.04,69.61],[-77.97,69.64],[-78.03,69.71]]],[[[-67.91,69.54],[-67.75,69.63],[-67.83,69.68],[-67.99,69.68],[-68.22,69.62],[-68.2,69.58],[-67.94,69.53],[-67.91,69.54]]],[[[-95.51,69.57],[-95.8,69.63],[-95.88,69.61],[-95.98,69.51],[-95.99,69.39],[-95.89,69.35],[-95.81,69.45],[-95.81,69.56],[-95.76,69.56],[-95.7,69.54],[-95.67,69.44],[-95.73,69.35],[-95.5,69.35],[-95.4,69.42],[-95.38,69.51],[-95.51,69.57]]],[[[-101.17,69.4],[-101.05,69.46],[-101,69.46],[-101.03,69.5],[-101.1,69.54],[-101.24,69.57],[-101.31,69.58],[-101.35,69.56],[-101.33,69.52],[-101.21,69.48],[-101.29,69.44],[-101.27,69.39],[-101.17,69.4]]],[[[-77,69.14],[-76.91,69.17],[-76.81,69.27],[-76.69,69.33],[-76.68,69.38],[-76.75,69.4],[-76.99,69.41],[-77.11,69.44],[-77.32,69.42],[-77.34,69.4],[-77.38,69.27],[-77.32,69.19],[-77.22,69.14],[-77.12,69.13],[-77,69.14]]],[[[-90.2,69.42],[-90.23,69.44],[-90.25,69.42],[-90.32,69.43],[-90.38,69.42],[-90.49,69.37],[-90.33,69.25],[-90.27,69.27],[-90.18,69.36],[-90.2,69.42]]],[[[-79.21,68.85],[-78.85,68.92],[-78.78,68.95],[-78.53,69.15],[-78.23,69.31],[-78.33,69.39],[-78.46,69.39],[-78.65,69.35],[-78.69,69.33],[-78.66,69.26],[-78.8,69.24],[-78.93,69.12],[-79.14,69.09],[-79.24,69.05],[-79.39,68.94],[-79.36,68.86],[-79.28,68.84],[-79.21,68.85]]],[[[-90.49,69.22],[-90.51,69.29],[-90.6,69.37],[-90.74,69.36],[-90.77,69.34],[-90.77,69.29],[-90.69,69.29],[-90.57,69.21],[-90.49,69.22]]],[[[-99.99,69.01],[-100.04,69.09],[-100.15,69.13],[-100.25,69.05],[-100.2,68.99],[-100.02,68.95],[-99.99,69.01]]],[[[-100.22,68.81],[-100.18,68.9],[-100.33,69],[-100.41,69.03],[-100.52,69.04],[-100.61,68.99],[-100.6,68.77],[-100.48,68.79],[-100.4,68.72],[-100.22,68.81]]],[[[-101.85,68.59],[-101.79,68.64],[-101.73,68.65],[-101.72,68.72],[-101.73,68.75],[-101.83,68.8],[-102.01,68.83],[-102.07,68.77],[-102.27,68.71],[-102.31,68.68],[-101.89,68.58],[-101.85,68.59]]],[[[-74.88,68.35],[-74.82,68.39],[-74.8,68.46],[-74.98,68.65],[-75.2,68.7],[-75.29,68.69],[-75.4,68.59],[-75.4,68.53],[-75.31,68.47],[-75.07,68.4],[-74.96,68.34],[-74.88,68.35]]],[[[-104.54,68.41],[-104.46,68.43],[-104.44,68.47],[-104.6,68.56],[-104.7,68.58],[-104.91,68.58],[-105.05,68.56],[-104.97,68.49],[-104.85,68.45],[-104.6,68.4],[-104.54,68.41]]],[[[-78.98,68.19],[-78.83,68.27],[-78.87,68.31],[-78.95,68.35],[-79.15,68.34],[-79.17,68.23],[-79.06,68.18],[-78.98,68.19]]],[[[-75.68,68.32],[-75.87,68.34],[-76.09,68.31],[-76.36,68.32],[-76.69,68.25],[-77.13,67.95],[-77.31,67.71],[-77.16,67.41],[-77.08,67.32],[-76.94,67.25],[-76.69,67.24],[-75.78,67.28],[-75.31,67.4],[-75.2,67.46],[-75.09,67.63],[-75.13,67.97],[-75.06,68.14],[-75.15,68.23],[-75.68,68.32]]]]}},
{"type":"Feature","properties":{"r":44,"c":202,"name":"Ontario","code":"ON"},"geometry":{"type":"MultiPolygon","coordinates":[[[[-95.16,49.37],[-94.94,49.35],[-94.85,49.3],[-94.84,49.12],[-94.8,49],[-94.71,48.86],[-94.71,48.81],[-94.68,48.77],[-94.62,48.74],[-94.06,48.66],[-93.85,48.61],[-93.8,48.55],[-93.71,48.53],[-93.46,48.56],[-93.38,48.62],[-93.16,48.63],[-93,48.61],[-92.84,48.57],[-92.5,48.44],[-92.41,48.28],[-92.35,48.28],[-92.3,48.33],[-92.17,48.34],[-92.01,48.3],[-91.86,48.2],[-91.65,48.1],[-91.52,48.06],[-91.39,48.06],[-91.22,48.1],[-91.04,48.19],[-90.92,48.21],[-90.84,48.2],[-90.8,48.13],[-90.74,48.1],[-90.32,48.1],[-90.09,48.12],[-89.99,48.02],[-89.9,48],[-89.78,48.02],[-89.55,48],[-89.5,48],[-89.46,48],[-89.27,48.02],[-88.61,48.26],[-88.38,48.3],[-88.16,48.23],[-86.67,47.64],[-84.88,46.9],[-84.78,46.64],[-84.56,46.46],[-84.5,46.46],[-84.4,46.52],[-84.19,46.55],[-84.13,46.53],[-84.12,46.5],[-84.15,46.44],[-84.09,46.23],[-83.98,46.08],[-83.91,46.07],[-83.76,46.11],[-83.62,46.12],[-83.52,46.06],[-83.47,45.99],[-83.59,45.82],[-82.55,45.35],[-82.14,43.57],[-82.41,43.07],[-82.49,42.74],[-82.55,42.62],[-82.87,42.39],[-83.07,42.3],[-83.11,42.25],[-83.15,42.14],[-83.14,41.98],[-83.12,41.95],[-83.03,41.83],[-82.69,41.68],[-82.44,41.67],[-81.28,42.21],[-80.68,42.3],[-80.52,42.32],[-80.25,42.37],[-80.04,42.44],[-79.76,42.54],[-79.45,42.65],[-79.04,42.8],[-78.94,42.86],[-78.92,42.91],[-78.92,42.94],[-79.03,43.02],[-79.03,43.06],[-79.07,43.11],[-79.06,43.28],[-79.17,43.47],[-78.72,43.62],[-76.82,43.63],[-76.46,44.06],[-76.19,44.24],[-76.15,44.3],[-75.88,44.42],[-75.79,44.5],[-75.4,44.77],[-75.18,44.9],[-75,44.97],[-74.86,45],[-74.76,45],[-74.71,45],[-74.36,45.21],[-74.34,45.21],[-74.48,45.32],[-74.4,45.57],[-74.58,45.63],[-74.72,45.65],[-74.86,45.64],[-75.17,45.58],[-75.63,45.45],[-75.9,45.42],[-76,45.48],[-76.12,45.5],[-76.27,45.48],[-76.41,45.5],[-76.55,45.54],[-76.67,45.64],[-76.75,45.8],[-76.82,45.88],[-76.91,45.88],[-76.94,45.8],[-77.1,45.83],[-77.27,45.93],[-77.29,45.98],[-77.37,46.06],[-77.68,46.19],[-78.46,46.31],[-78.78,46.39],[-79.01,46.61],[-79.17,46.83],[-79.36,47.02],[-79.43,47.13],[-79.44,47.23],[-79.55,47.41],[-79.56,47.48],[-79.51,47.55],[-79.52,50.92],[-79.65,51.01],[-79.84,51.17],[-79.96,51.24],[-80.27,51.32],[-80.37,51.33],[-80.48,51.31],[-80.79,51.13],[-80.85,51.13],[-80.67,51.26],[-80.5,51.34],[-80.44,51.39],[-80.5,51.53],[-80.66,51.76],[-80.97,51.97],[-81.13,52.05],[-81.29,52.09],[-81.4,52.14],[-81.55,52.24],[-81.83,52.22],[-81.61,52.32],[-81.57,52.37],[-81.6,52.43],[-82.02,52.81],[-82.26,52.96],[-82.29,53.03],[-82.26,53.16],[-82.16,53.26],[-82.15,53.36],[-82.19,53.61],[-82.14,53.82],[-82.24,54.04],[-82.39,54.18],[-82.42,54.24],[-82.42,54.36],[-82.22,54.81],[-82.31,55],[-82.39,55.07],[-82.58,55.15],[-82.69,55.17],[-82.87,55.16],[-82.99,55.23],[-83.21,55.21],[-83.57,55.26],[-83.67,55.26],[-83.91,55.31],[-84.52,55.26],[-84.71,55.26],[-85.06,55.29],[-85.21,55.22],[-85.37,55.08],[-85.21,55.3],[-85.22,55.35],[-85.41,55.43],[-85.56,55.54],[-85.68,55.6],[-85.98,55.7],[-86.38,55.77],[-86.92,55.91],[-87.29,55.97],[-87.48,56.02],[-87.56,56.06],[-87.88,56.34],[-88.08,56.47],[-88.45,56.61],[-88.83,56.81],[-88.95,56.85],[-89.98,56.22],[-91.38,55.32],[-92.86,54.3],[-93.62,53.75],[-95.15,52.82],[-95.16,49.8],[-95.16,49.37]]],[[[-79.52,50.97],[-79.52,51.54],[-79.53,51.54],[-79.55,51.49],[-79.69,51.35],[-79.74,51.19],[-79.71,51.12],[-79.64,51.05],[-79.52,50.97]]]]}},
{"type":"Feature","properties":{"r":45,"c":202,"name":"Prince Edward Island","code":"PE"},"geometry":{"type":"Polygon","coordinates":[[[-63.81,46.47],[-63.83,46.49],[-63.91,46.51],[-63.86,46.57],[-63.9,46.64],[-64.09,46.78],[-63.98,46.91],[-64,46.98],[-63.99,47.06],[-64.16,46.95],[-64.35,46.77],[-64.4,46.69],[-64.39,46.64],[-64.24,46.63],[-64.14,46.6],[-64.11,46.56],[-64.11,46.43],[-64.02,46.4],[-63.76,46.4],[-63.76,46.37],[-63.8,46.37],[-63.73,46.29],[-63.64,46.23],[-63.28,46.15],[-63.21,46.16],[-63.15,46.19],[-63.27,46.2],[-63.19,46.24],[-63.12,46.25],[-63.06,46.3],[-62.98,46.32],[-63,46.29],[-63.05,46.27],[-63.06,46.22],[-63.02,46.19],[-62.95,46.2],[-62.89,46.12],[-63.02,46.07],[-62.9,46.07],[-62.88,46],[-62.8,45.97],[-62.53,45.98],[-62.48,46],[-62.54,46.03],[-62.55,46.17],[-62.53,46.2],[-62.02,46.42],[-62.07,46.47],[-62.16,46.49],[-63.13,46.42],[-63.29,46.46],[-63.37,46.51],[-63.46,46.5],[-63.53,46.54],[-63.68,46.56],[-63.78,46.45],[-63.81,46.47]]]}},
{"type":"Feature","properties":{"r":46,"c":202,"name":"Québec","code":"QC"},"geometry":{"type":"MultiPolygon","coordinates":[[[[-66.7,48.02],[-66.45,48.12],[-66.32,48.1],[-66.25,48.12],[-66.08,48.1],[-65.93,48.19],[-65.75,48.11],[-65.48,48.03],[-65.36,48.01],[-65.26,48.02],[-65.04,48.11],[-64.96,48.16],[-64.76,48.23],[-64.71,48.31],[-64.63,48.36],[-64.35,48.42],[-64.25,48.55],[-64.25,48.69],[-64.41,48.8],[-64.51,48.84],[-64.37,48.84],[-64.21,48.81],[-64.22,48.87],[-64.26,48.92],[-64.57,49.1],[-64.84,49.19],[-65.52,49.27],[-66.18,49.21],[-66.6,49.13],[-67.12,48.96],[-67.56,48.86],[-67.89,48.73],[-68.24,48.63],[-68.43,48.54],[-68.55,48.46],[-68.75,48.38],[-68.82,48.37],[-69.31,48.05],[-69.47,47.97],[-69.58,47.82],[-69.8,47.62],[-70.02,47.47],[-70.07,47.38],[-70.22,47.29],[-70.39,47.12],[-70.52,47.03],[-70.99,46.85],[-71.15,46.82],[-71.26,46.76],[-71.67,46.65],[-71.9,46.63],[-72.11,46.55],[-72.19,46.51],[-72.24,46.44],[-72.5,46.35],[-72.73,46.18],[-72.99,46.1],[-73.16,46.01],[-73.25,45.86],[-73.37,45.76],[-73.47,45.63],[-73.52,45.46],[-73.56,45.43],[-73.76,45.4],[-74.05,45.24],[-74.27,45.19],[-74.57,45.04],[-74.71,45],[-74.66,45],[-73.6,45.01],[-73.35,45.01],[-73.18,45.01],[-71.93,45.01],[-71.52,45.01],[-71.42,45.2],[-71.33,45.29],[-71.2,45.26],[-71.13,45.26],[-71.08,45.29],[-71.06,45.31],[-71,45.34],[-70.96,45.33],[-70.9,45.26],[-70.87,45.27],[-70.84,45.31],[-70.84,45.37],[-70.8,45.4],[-70.71,45.41],[-70.69,45.43],[-70.7,45.55],[-70.6,45.64],[-70.42,45.74],[-70.41,45.8],[-70.33,45.87],[-70.29,45.94],[-70.31,45.98],[-70.3,46.06],[-70.25,46.25],[-70.07,46.44],[-70.01,46.71],[-69.24,47.46],[-69.05,47.43],[-69.06,47.34],[-69.05,47.29],[-68.63,47.42],[-68.5,47.48],[-68.39,47.56],[-68.38,47.93],[-68.11,47.93],[-68.11,48],[-67.61,48],[-67.58,47.94],[-67.36,47.85],[-67.31,47.89],[-67.19,47.89],[-67.06,47.92],[-66.95,47.9],[-66.93,47.96],[-66.84,48],[-66.7,48.02]]],[[[-64.61,60.31],[-64.71,60.34],[-64.82,60.33],[-64.89,60.29],[-65.17,59.91],[-65.16,59.83],[-65.03,59.77],[-65.05,59.75],[-65.21,59.81],[-65.29,59.82],[-65.41,59.8],[-65.43,59.78],[-65.49,59.65],[-65.41,59.54],[-65.35,59.51],[-65.26,59.5],[-65.04,59.39],[-65.07,59.38],[-65.35,59.48],[-65.48,59.47],[-65.41,59.31],[-65.51,59.35],[-65.61,59.21],[-65.69,59.23],[-65.7,59.21],[-65.67,59.15],[-65.61,59.11],[-65.38,59.06],[-65.4,59.04],[-65.53,59.04],[-65.54,59.01],[-65.7,59.03],[-65.72,59],[-65.7,58.97],[-65.84,58.98],[-65.92,58.91],[-65.85,58.85],[-66.04,58.82],[-66.05,58.79],[-65.92,58.57],[-66,58.43],[-66.02,58.43],[-66.04,58.61],[-66.09,58.66],[-66.24,58.77],[-66.36,58.79],[-66.52,58.7],[-66.61,58.55],[-66.72,58.49],[-67.02,58.43],[-67.38,58.3],[-67.57,58.21],[-67.6,58.19],[-67.68,57.99],[-67.7,58.01],[-67.69,58.24],[-67.76,58.4],[-67.81,58.37],[-67.82,58.31],[-67.86,58.27],[-68.01,58.15],[-68.06,58.14],[-67.89,58.3],[-67.89,58.33],[-68.02,58.49],[-68.11,58.47],[-68.18,58.4],[-68.29,58.18],[-68.35,58.09],[-68.41,58.05],[-68.5,58.01],[-68.78,57.98],[-69.04,57.9],[-69.04,57.93],[-68.95,57.97],[-68.47,58.08],[-68.36,58.16],[-68.23,58.4],[-68.23,58.48],[-68.25,58.56],[-68.33,58.6],[-68.41,58.78],[-68.56,58.87],[-68.7,58.9],[-69.17,58.9],[-69.38,58.85],[-69.65,58.73],[-69.79,58.69],[-69.88,58.7],[-70.03,58.75],[-70.15,58.76],[-70.16,58.79],[-69.98,58.82],[-69.87,58.86],[-69.83,58.93],[-69.78,58.96],[-69.68,58.83],[-69.61,58.83],[-69.53,58.87],[-69.41,59.09],[-69.46,59.15],[-69.45,59.18],[-69.34,59.3],[-69.4,59.34],[-69.68,59.34],[-69.71,59.39],[-69.69,59.49],[-69.58,59.68],[-69.63,59.82],[-69.73,59.92],[-69.81,59.94],[-70.62,59.98],[-70.65,60.03],[-69.96,60.02],[-69.8,60.03],[-69.67,60.08],[-69.62,60.15],[-69.63,60.22],[-69.74,60.33],[-69.76,60.44],[-69.72,60.57],[-69.64,60.69],[-69.43,60.81],[-69.4,60.85],[-69.41,60.92],[-69.5,61.04],[-69.56,61.06],[-69.62,61.05],[-69.71,60.91],[-69.8,60.91],[-69.91,60.86],[-69.99,60.86],[-70.1,60.88],[-70.15,60.92],[-70.16,61.02],[-70.28,61.07],[-70.54,61.04],[-70.72,61.06],[-71.03,61.13],[-71.42,61.16],[-71.55,61.21],[-71.74,61.34],[-71.73,61.37],[-71.65,61.41],[-71.79,61.42],[-71.85,61.44],[-71.76,61.53],[-71.62,61.57],[-71.6,61.59],[-71.64,61.62],[-71.87,61.69],[-71.92,61.68],[-72.02,61.61],[-72.22,61.59],[-72.25,61.6],[-72.08,61.64],[-72.04,61.68],[-72.18,61.8],[-72.36,61.89],[-72.51,61.92],[-72.57,61.91],[-72.66,61.86],[-72.77,61.84],[-72.63,62.03],[-72.67,62.11],[-72.73,62.13],[-72.88,62.13],[-73.3,62.33],[-73.71,62.47],[-73.76,62.47],[-74.21,62.32],[-74.65,62.21],[-74.69,62.18],[-74.61,62.13],[-74.63,62.12],[-75.02,62.26],[-75.34,62.31],[-75.49,62.29],[-75.79,62.18],[-75.81,62.19],[-75.68,62.25],[-75.82,62.32],[-76.88,62.53],[-77.37,62.57],[-77.6,62.53],[-78.07,62.36],[-78.15,62.21],[-78.08,61.92],[-78.02,61.83],[-77.95,61.76],[-77.7,61.63],[-77.51,61.56],[-77.74,61.44],[-77.73,61.21],[-77.83,61.08],[-78.18,60.82],[-78,60.82],[-77.87,60.79],[-77.6,60.83],[-77.59,60.81],[-77.66,60.79],[-77.79,60.64],[-77.71,60.58],[-77.52,60.56],[-77.5,60.54],[-77.6,60.51],[-77.68,60.43],[-77.65,60.36],[-77.45,60.15],[-77.46,60.13],[-77.59,60.09],[-77.55,60.06],[-77.31,60.04],[-77.29,60.02],[-77.37,59.93],[-77.33,59.8],[-77.47,59.72],[-77.49,59.68],[-77.35,59.58],[-77.4,59.57],[-77.59,59.68],[-77.73,59.68],[-77.75,59.66],[-77.73,59.58],[-77.86,59.48],[-77.76,59.38],[-77.84,59.31],[-78.07,59.2],[-78.43,58.9],[-78.48,58.83],[-78.52,58.68],[-78.46,58.6],[-78.35,58.58],[-78.01,58.4],[-77.55,58.24],[-77.16,58.02],[-76.89,57.76],[-76.81,57.66],[-76.57,57.18],[-76.53,56.89],[-76.53,56.5],[-76.6,56.2],[-76.65,56.11],[-76.76,56],[-76.94,55.87],[-77.17,55.66],[-77.78,55.29],[-78.48,55.01],[-78.85,54.91],[-78.91,54.88],[-79.67,54.7],[-79.71,54.67],[-79.71,54.65],[-79.67,54.65],[-79.6,54.6],[-79.48,54.39],[-79.36,54.26],[-79.3,54.22],[-79.14,54.16],[-79.18,54.12],[-79.24,54.1],[-79.01,54.02],[-79,54],[-79.08,53.93],[-79.03,53.88],[-78.94,53.84],[-78.95,53.83],[-79,53.84],[-79.04,53.82],[-79.11,53.72],[-79.1,53.66],[-78.99,53.41],[-78.9,53.04],[-78.74,52.9],[-78.72,52.86],[-78.77,52.76],[-78.74,52.66],[-78.56,52.49],[-78.53,52.31],[-78.45,52.26],[-78.54,52.21],[-78.7,52.03],[-78.83,51.96],[-78.89,51.85],[-78.98,51.77],[-78.98,51.73],[-78.78,51.57],[-78.73,51.5],[-78.83,51.43],[-78.86,51.38],[-78.9,51.2],[-78.98,51.39],[-79.09,51.5],[-79.15,51.53],[-79.26,51.55],[-79.3,51.62],[-79.34,51.63],[-79.5,51.57],[-79.52,51.54],[-79.52,50.97],[-79.45,50.92],[-79.35,50.76],[-79.46,50.88],[-79.52,50.92],[-79.51,47.55],[-79.56,47.48],[-79.55,47.41],[-79.44,47.23],[-79.43,47.13],[-79.36,47.02],[-79.17,46.83],[-78.9,46.49],[-78.78,46.39],[-78.46,46.31],[-77.68,46.19],[-77.37,46.06],[-77.29,45.98],[-77.27,45.93],[-77.1,45.83],[-76.94,45.8],[-76.91,45.88],[-76.82,45.88],[-76.75,45.8],[-76.67,45.64],[-76.55,45.54],[-76.41,45.5],[-76.27,45.48],[-76.12,45.5],[-76,45.48],[-75.9,45.42],[-75.63,45.45],[-75.17,45.58],[-74.86,45.64],[-74.72,45.65],[-74.58,45.63],[-74.4,45.57],[-74.48,45.32],[-74.34,45.21],[-74.1,45.32],[-73.97,45.35],[-74,45.43],[-74.25,45.49],[-74.32,45.53],[-74.04,45.5],[-73.9,45.56],[-73.71,45.71],[-73.48,45.74],[-73.28,45.9],[-73.15,46.07],[-73.02,46.12],[-72.98,46.21],[-72.84,46.26],[-72.68,46.29],[-72.26,46.49],[-72.2,46.56],[-72.03,46.61],[-71.88,46.69],[-71.76,46.67],[-71.27,46.8],[-71.12,46.92],[-70.71,47.14],[-70.45,47.42],[-70.3,47.5],[-69.99,47.74],[-69.91,47.83],[-69.77,48.1],[-69.87,48.17],[-69.97,48.21],[-70.15,48.24],[-70.5,48.35],[-70.84,48.37],[-71.02,48.46],[-70.38,48.37],[-70.11,48.28],[-70,48.27],[-69.85,48.21],[-69.76,48.19],[-69.67,48.2],[-69.55,48.25],[-69.37,48.39],[-69.23,48.57],[-68.93,48.83],[-68.67,48.94],[-68.63,49.01],[-68.54,49.06],[-68.41,49.1],[-68.29,49.11],[-68.22,49.15],[-68.28,49.2],[-68.06,49.26],[-67.37,49.35],[-67.26,49.45],[-67.23,49.6],[-66.94,49.99],[-66.74,50.07],[-66.62,50.16],[-66.55,50.16],[-66.5,50.21],[-66.24,50.22],[-66.13,50.2],[-65.96,50.29],[-65.76,50.26],[-65.27,50.32],[-65.18,50.3],[-64.87,50.28],[-64.51,50.31],[-64.17,50.27],[-64.02,50.3],[-63.85,50.31],[-63.73,50.3],[-63.59,50.26],[-63.24,50.24],[-63.14,50.29],[-62.72,50.3],[-62.36,50.28],[-62.17,50.24],[-61.92,50.23],[-61.84,50.2],[-61.72,50.1],[-61.29,50.2],[-61.18,50.19],[-60.96,50.21],[-60.81,50.25],[-60.61,50.22],[-60.44,50.24],[-60.08,50.25],[-59.89,50.32],[-59.82,50.42],[-59.61,50.49],[-59.38,50.68],[-59.17,50.78],[-58.64,51.17],[-58.59,51.26],[-58.51,51.3],[-58.02,51.32],[-57.77,51.43],[-57.3,51.48],[-57.1,51.44],[-57.1,52],[-63.76,52.01],[-63.79,52.05],[-63.66,52.06],[-63.77,52.3],[-63.94,52.38],[-63.95,52.43],[-64.07,52.47],[-64.02,52.53],[-63.9,52.59],[-63.42,52.67],[-63.41,52.69],[-63.55,52.77],[-63.57,52.83],[-63.55,52.96],[-63.67,53.1],[-63.72,53.11],[-63.91,53.08],[-63.97,52.9],[-64.14,52.85],[-64.18,52.82],[-64.18,52.55],[-64.1,52.38],[-64.13,52.19],[-64.16,52.15],[-64.27,52.08],[-64.33,51.84],[-64.29,51.73],[-64.51,51.61],[-64.6,51.6],[-64.7,51.72],[-64.7,51.75],[-64.64,51.79],[-64.63,51.83],[-64.76,51.91],[-64.93,52.06],[-65.14,52.15],[-65.27,52.19],[-65.47,52.2],[-65.55,52.09],[-65.59,52.07],[-65.78,52.1],[-65.83,52.05],[-65.88,52.05],[-66.04,52.11],[-66.1,52.21],[-66.28,52.3],[-66.35,52.15],[-66.41,52.18],[-66.46,52.29],[-66.46,52.34],[-66.39,52.42],[-66.43,52.66],[-66.3,52.9],[-66.43,53.01],[-66.47,53.02],[-66.52,52.96],[-66.62,52.93],[-66.69,52.73],[-66.81,52.69],[-66.86,52.7],[-66.9,52.69],[-67.03,52.72],[-67.07,52.75],[-67.05,52.92],[-66.97,53.07],[-66.94,53.36],[-67.08,53.42],[-67.16,53.54],[-67.46,53.6],[-67.48,53.64],[-67.47,53.8],[-67.76,54.03],[-67.73,54.1],[-67.51,54.24],[-67.61,54.45],[-67.62,54.51],[-67.58,54.57],[-67.29,54.52],[-67.24,54.59],[-67.15,54.62],[-67.15,54.65],[-67.2,54.68],[-67.29,54.83],[-67.42,54.98],[-67.43,55.06],[-67.3,55.06],[-67.17,54.94],[-66.87,54.78],[-66.72,54.75],[-66.65,54.8],[-66.71,54.95],[-66.69,55],[-66.75,55.13],[-66.72,55.19],[-66.8,55.29],[-66.77,55.33],[-66.62,55.26],[-66.16,54.97],[-66.08,54.94],[-65.88,54.91],[-65.8,54.81],[-65.68,54.74],[-65.12,54.72],[-64.34,54.73],[-63.91,54.63],[-63.75,54.61],[-63.66,54.64],[-63.49,54.92],[-63.48,54.99],[-63.55,55.09],[-63.51,55.17],[-63.11,55.34],[-63.16,55.44],[-63.15,55.51],[-63.36,55.56],[-63.7,55.86],[-63.7,55.92],[-63.56,55.99],[-63.58,56.03],[-63.84,56.06],[-63.89,56.09],[-64,56.1],[-63.99,56.14],[-63.9,56.21],[-63.91,56.23],[-64.12,56.29],[-64.14,56.39],[-64.05,56.43],[-63.95,56.44],[-63.93,56.48],[-63.95,56.53],[-64.12,56.71],[-63.9,56.89],[-63.88,57.02],[-63.79,57.13],[-63.76,57.23],[-63.8,57.32],[-63.74,57.4],[-63.76,57.55],[-63.61,57.67],[-63.6,57.72],[-63.62,57.73],[-63.72,57.7],[-63.84,57.71],[-63.96,57.8],[-64.05,57.79],[-64.23,58.02],[-64.4,58.12],[-64.37,58.17],[-64.1,58.36],[-63.85,58.46],[-63.84,58.51],[-63.88,58.56],[-64.04,58.54],[-64.06,58.55],[-64.09,58.6],[-64.03,58.67],[-63.55,58.73],[-63.51,58.74],[-63.5,58.77],[-63.59,58.83],[-63.73,58.86],[-64.19,58.77],[-64.24,58.79],[-64.29,58.87],[-64.81,58.93],[-64.85,58.95],[-64.83,59.02],[-64.77,59.05],[-64.39,59],[-64.32,59.02],[-64.48,59.12],[-64.52,59.23],[-64.52,59.36],[-64.43,59.46],[-64.38,59.48],[-64.39,59.51],[-64.44,59.53],[-64.71,59.47],[-64.78,59.49],[-64.82,59.54],[-64.79,59.82],[-64.66,59.92],[-64.87,60.01],[-64.89,60.04],[-64.78,60.06],[-64.65,60.11],[-64.62,60.14],[-64.64,60.16],[-64.79,60.2],[-64.85,60.25],[-64.82,60.27],[-64.61,60.31]]],[[[-61.8,49.09],[-61.7,49.14],[-61.82,49.28],[-62.04,49.39],[-62.13,49.41],[-62.86,49.71],[-63.29,49.82],[-64.13,49.94],[-64.37,49.93],[-64.49,49.89],[-64.44,49.83],[-63.88,49.66],[-63.68,49.53],[-63.57,49.4],[-63.04,49.22],[-62.22,49.08],[-61.8,49.09]]],[[[-61.91,47.28],[-61.89,47.34],[-61.75,47.43],[-61.68,47.5],[-61.58,47.56],[-61.48,47.56],[-61.4,47.64],[-61.47,47.65],[-61.55,47.63],[-61.92,47.43],[-62.01,47.23],[-61.83,47.22],[-61.77,47.26],[-61.91,47.28]]],[[[-71.03,46.87],[-70.91,46.92],[-70.83,47],[-70.88,47],[-70.97,46.96],[-71.09,46.9],[-71.12,46.86],[-71.03,46.87]]],[[[-73.57,45.47],[-73.48,45.7],[-73.52,45.7],[-73.69,45.56],[-73.85,45.52],[-73.96,45.44],[-73.78,45.47],[-73.64,45.45],[-73.57,45.47]]],[[[-73.7,45.59],[-73.57,45.69],[-73.72,45.67],[-73.86,45.57],[-73.82,45.56],[-73.7,45.59]]]]}},
{"type":"Feature","properties":{"r":47,"c":202,"name":"Saskatchewan","code":"SK"},"geometry":{"type":"Polygon","coordinates":[[[-110,48.99],[-109.89,48.99],[-104.35,48.99],[-104.03,48.99],[-103.93,48.99],[-101.79,48.99],[-101.37,48.99],[-101.4,49.42],[-102,55.82],[-102,59.74],[-102,60],[-102.5,60],[-109.5,60],[-110,60],[-110,59.66],[-110,49.34],[-110,48.99]]]}},
{"type":"Feature","properties":{"r":48,"c":202,"name":"Yukon","code":"YT"},"geometry":{"type":"MultiPolygon","coordinates":[[[[-123.82,60],[-123.84,60.02],[-123.88,60.04],[-124.01,60.05],[-124,60.13],[-124.18,60.32],[-124.23,60.45],[-124.25,60.47],[-124.4,60.49],[-124.47,60.57],[-124.6,60.66],[-124.61,60.7],[-124.51,60.79],[-124.58,60.95],[-124.81,60.96],[-124.84,60.95],[-124.88,60.86],[-125.23,60.83],[-125.32,60.79],[-125.71,60.84],[-125.9,60.89],[-125.96,60.87],[-126,60.81],[-126.1,60.83],[-126.11,60.86],[-126.16,60.87],[-126.22,60.86],[-126.23,60.81],[-126.3,60.78],[-126.52,60.8],[-126.67,60.76],[-126.77,60.77],[-126.83,60.76],[-126.89,60.8],[-126.94,61.05],[-126.96,61.06],[-127.05,61.05],[-127.1,61.08],[-127.03,61.13],[-127.01,61.2],[-127.07,61.37],[-127.17,61.46],[-127.3,61.51],[-127.47,61.51],[-127.61,61.53],[-127.71,61.59],[-127.81,61.62],[-127.99,61.71],[-128.02,61.78],[-128.09,61.84],[-128.23,61.88],[-128.26,61.93],[-128.56,62.12],[-128.68,62.11],[-128.81,62.06],[-128.91,62.12],[-129.14,62.13],[-129.25,62.15],[-129.27,62.17],[-129.23,62.22],[-129.29,62.32],[-129.24,62.37],[-129.3,62.43],[-129.19,62.49],[-129.49,62.6],[-129.54,62.69],[-129.62,62.71],[-129.72,62.83],[-129.71,62.93],[-129.61,63.06],[-129.83,63.09],[-129.91,63.19],[-130.14,63.29],[-129.95,63.38],[-129.84,63.49],[-129.98,63.62],[-130.08,63.65],[-130.11,63.7],[-130.24,63.68],[-130.3,63.7],[-130.26,63.74],[-130.12,63.77],[-130.12,63.79],[-130.14,63.81],[-130.28,63.82],[-130.51,63.92],[-130.66,63.95],[-130.76,63.99],[-130.94,64.14],[-130.91,64.19],[-131.11,64.4],[-131.27,64.45],[-131.36,64.46],[-131.51,64.39],[-131.76,64.38],[-131.8,64.39],[-131.73,64.53],[-131.89,64.58],[-132.11,64.7],[-132.4,64.78],[-132.59,64.79],[-132.6,64.83],[-132.5,64.88],[-132.5,64.96],[-132.35,65.04],[-132.35,65.06],[-132.38,65.08],[-132.52,65.09],[-132.54,65.17],[-132.61,65.18],[-132.75,65.17],[-132.77,65.2],[-132.76,65.23],[-132.6,65.28],[-132.54,65.34],[-132.35,65.44],[-132.19,65.6],[-132.3,65.72],[-132.53,65.83],[-132.55,65.86],[-132.54,65.89],[-132.34,65.96],[-132.34,65.98],[-132.48,65.99],[-132.61,66.03],[-132.9,65.91],[-132.97,65.93],[-132.92,66],[-132.94,66.03],[-133.23,66.01],[-133.41,65.96],[-133.62,65.97],[-133.68,66.1],[-133.57,66.18],[-133.58,66.29],[-133.79,66.3],[-133.8,66.33],[-133.74,66.44],[-133.65,66.45],[-133.64,66.57],[-133.76,66.65],[-133.8,66.71],[-133.79,66.82],[-134.03,66.94],[-134.06,67],[-136.13,67],[-136.17,67.02],[-136.22,67.09],[-136.22,67.18],[-136.11,67.3],[-136.18,67.42],[-136.17,67.51],[-136.23,67.6],[-136.4,67.67],[-136.45,67.75],[-136.44,68.9],[-136.5,68.9],[-136.72,68.89],[-137.07,68.95],[-137.26,68.96],[-138.13,69.15],[-138.29,69.22],[-138.69,69.32],[-139.18,69.52],[-139.98,69.62],[-140.41,69.6],[-140.86,69.64],[-141,69.65],[-141,60.3],[-140.53,60.22],[-140.45,60.3],[-139.97,60.18],[-139.68,60.33],[-139.08,60.34],[-139.08,60.28],[-139.19,60.08],[-139.06,60],[-138.1,60],[-124.77,60],[-123.82,60]]],[[[-139.04,69.58],[-138.88,69.59],[-138.93,69.62],[-139.07,69.65],[-139.14,69.65],[-139.29,69.6],[-139.13,69.54],[-139.04,69.58]]]]}},
{"type":"Feature","properties":{"r":49,"c":16,"name":"Alaska","code":"AK"},"geometry":{"type":"MultiPolygon","coordinates":[[[[-139.06,60],[-139.19,60.08],[-139.08,60.28],[-139.08,60.34],[-139.68,60.33],[-139.97,60.18],[-140.45,60.3],[-140.53,60.22],[-141,60.3],[-141,69.65],[-141.08,69.66],[-141.41,69.65],[-141.7,69.77],[-142.3,69.87],[-142.42,69.94],[-142.71,70.03],[-143.22,70.12],[-143.36,70.09],[-143.75,70.1],[-144.06,70.05],[-144.42,70.04],[-144.62,69.98],[-145.2,70.01],[-145.24,70.03],[-145.44,70.05],[-145.82,70.16],[-146.06,70.16],[-146.28,70.19],[-146.74,70.19],[-147.06,70.17],[-147.71,70.22],[-147.79,70.24],[-147.87,70.3],[-148.04,70.32],[-148.14,70.36],[-148.25,70.36],[-148.37,70.31],[-148.48,70.32],[-148.69,70.42],[-149.27,70.5],[-149.41,70.49],[-149.54,70.51],[-149.87,70.51],[-150.15,70.44],[-150.27,70.43],[-150.4,70.44],[-150.66,70.51],[-151.13,70.45],[-151.22,70.42],[-151.94,70.45],[-151.77,70.56],[-152.25,70.57],[-152.27,70.61],[-152.4,70.62],[-152.47,70.65],[-152.44,70.73],[-152.23,70.81],[-152.3,70.85],[-152.49,70.88],[-152.67,70.89],[-152.78,70.88],[-153.23,70.93],[-153.5,70.89],[-153.92,70.88],[-154.2,70.8],[-154.79,70.89],[-154.67,70.99],[-154.94,71.08],[-155.17,71.1],[-155.58,70.89],[-155.87,70.83],[-155.97,70.84],[-156.04,70.9],[-156.15,70.93],[-155.8,71],[-155.63,71.06],[-155.58,71.12],[-155.65,71.18],[-155.81,71.19],[-156.47,71.29],[-156.57,71.34],[-156.5,71.38],[-156.4,71.4],[-156.47,71.41],[-156.78,71.32],[-157.32,71.04],[-157.91,70.86],[-158.48,70.84],[-158.62,70.8],[-159,70.8],[-159.08,70.77],[-159.3,70.75],[-159.34,70.78],[-159.18,70.83],[-159.23,70.88],[-159.31,70.88],[-159.68,70.79],[-160.08,70.63],[-159.96,70.63],[-159.75,70.53],[-159.39,70.52],[-159.68,70.48],[-159.81,70.5],[-159.87,70.28],[-159.91,70.33],[-160.1,70.33],[-160.01,70.45],[-160.11,70.47],[-159.96,70.57],[-160.05,70.59],[-160.12,70.59],[-160.63,70.45],[-160.65,70.42],[-161,70.3],[-161.64,70.23],[-162.07,70.16],[-161.76,70.26],[-161.88,70.33],[-162.95,69.76],[-163.09,69.61],[-163.16,69.39],[-163.19,69.38],[-163.21,69.39],[-163.54,69.17],[-163.87,69.04],[-164.15,68.96],[-164.3,68.94],[-165.04,68.88],[-165.51,68.87],[-166.21,68.89],[-166.18,68.8],[-166.38,68.43],[-166.45,68.39],[-166.57,68.36],[-166.65,68.37],[-166.55,68.42],[-166.64,68.41],[-166.79,68.36],[-166.24,68.28],[-165.96,68.16],[-165.39,68.05],[-164.13,67.61],[-163.94,67.48],[-163.72,67.2],[-163.53,67.1],[-163,67.03],[-162.76,67.04],[-162.58,67.02],[-162.41,67.1],[-162.39,67.02],[-161.97,67.05],[-161.72,67.02],[-161.62,66.98],[-161.88,66.8],[-161.86,66.7],[-161.68,66.65],[-161.57,66.59],[-161.4,66.55],[-161.05,66.65],[-160.86,66.67],[-160.64,66.6],[-160.36,66.61],[-160.26,66.57],[-160.23,66.42],[-160.65,66.37],[-160.78,66.38],[-161.16,66.5],[-161.34,66.5],[-161.59,66.46],[-161.91,66.56],[-162.05,66.67],[-162.02,66.78],[-162.13,66.8],[-162.25,66.92],[-162.36,66.95],[-162.61,66.89],[-162.47,66.74],[-162.32,66.73],[-162.19,66.69],[-161.89,66.49],[-161.92,66.41],[-161.83,66.37],[-161.54,66.41],[-161.12,66.33],[-161.03,66.19],[-161.11,66.24],[-161.2,66.22],[-161.46,66.28],[-161.56,66.25],[-161.82,66.05],[-161.93,66.04],[-162.21,66.07],[-162.59,66.05],[-162.72,66.06],[-162.89,66.1],[-163.17,66.08],[-163.7,66.08],[-164.03,66.22],[-163.89,66.29],[-163.9,66.38],[-163.79,66.49],[-163.78,66.53],[-163.89,66.58],[-163.64,66.57],[-163.73,66.62],[-164.46,66.59],[-164.67,66.56],[-165.06,66.44],[-165.2,66.44],[-165.45,66.41],[-165.78,66.32],[-165.84,66.25],[-165.56,66.17],[-165.63,66.13],[-165.72,66.11],[-166.01,66.12],[-166.21,66.17],[-166.4,66.14],[-166.75,66.05],[-167,65.9],[-167.07,65.88],[-167.41,65.86],[-167.58,65.76],[-167.91,65.68],[-167.93,65.75],[-168.09,65.66],[-167.99,65.57],[-167.4,65.42],[-166.67,65.34],[-166.61,65.35],[-166.2,65.31],[-166.16,65.29],[-166.12,65.26],[-166.28,65.27],[-166.45,65.25],[-166.53,65.15],[-166.76,65.13],[-166.93,65.16],[-166.55,64.95],[-166.42,64.93],[-166.41,64.83],[-166.48,64.8],[-166.48,64.73],[-166.33,64.63],[-166.14,64.58],[-164.98,64.45],[-164.9,64.46],[-164.76,64.53],[-164.69,64.51],[-164.3,64.58],[-163.71,64.59],[-163.49,64.55],[-163.14,64.42],[-163.05,64.52],[-163.17,64.53],[-163.25,64.56],[-163.3,64.61],[-163.2,64.65],[-162.88,64.52],[-162.81,64.37],[-162.71,64.38],[-162.64,64.45],[-162.17,64.68],[-161.87,64.74],[-161.76,64.82],[-161.63,64.79],[-161.47,64.79],[-161.19,64.92],[-161.13,64.93],[-160.89,64.8],[-160.84,64.68],[-160.93,64.58],[-161.05,64.53],[-161.19,64.52],[-161.41,64.53],[-161.49,64.43],[-161.39,64.44],[-161.22,64.4],[-160.99,64.25],[-160.78,63.82],[-160.83,63.73],[-160.93,63.66],[-161.1,63.56],[-161.27,63.5],[-161.51,63.47],[-161.97,63.45],[-162.06,63.47],[-162.11,63.53],[-162.28,63.53],[-162.62,63.27],[-162.81,63.21],[-162.95,63.12],[-163.06,63.08],[-163.29,63.05],[-163.36,63.05],[-163.5,63.11],[-163.74,63.02],[-163.73,63.05],[-163.63,63.09],[-163.62,63.13],[-163.74,63.19],[-163.94,63.25],[-164.11,63.26],[-164.41,63.22],[-164.53,63.13],[-164.38,63.05],[-164.38,63.03],[-164.43,63.04],[-164.68,63.02],[-164.8,62.92],[-164.85,62.8],[-164.79,62.62],[-164.69,62.68],[-164.59,62.71],[-164.69,62.61],[-164.84,62.58],[-164.8,62.51],[-164.76,62.5],[-164.78,62.48],[-164.89,62.52],[-165,62.53],[-165.12,62.51],[-165.19,62.47],[-165.71,62.1],[-165.73,61.96],[-165.61,61.87],[-165.99,61.83],[-166.08,61.8],[-166.02,61.75],[-165.81,61.7],[-165.83,61.68],[-166.17,61.65],[-166.15,61.55],[-166.09,61.51],[-165.96,61.55],[-165.85,61.54],[-165.8,61.49],[-165.91,61.4],[-165.86,61.34],[-165.69,61.3],[-165.57,61.1],[-165.48,61.09],[-165.38,61.11],[-165.39,61.21],[-165.33,61.27],[-165.24,61.27],[-165.34,61.2],[-165.2,61.15],[-165.13,61.19],[-165.14,61.13],[-165.08,61.09],[-164.87,61.11],[-164.88,61.09],[-165.18,60.97],[-165.11,60.93],[-164.75,60.93],[-164.44,60.87],[-163.99,60.86],[-163.75,60.97],[-163.59,60.9],[-163.66,60.88],[-163.84,60.88],[-163.91,60.85],[-163.51,60.8],[-163.42,60.76],[-163.53,60.66],[-163.73,60.59],[-163.89,60.75],[-164,60.77],[-164.13,60.69],[-164.37,60.59],[-164.27,60.72],[-164.32,60.77],[-164.37,60.8],[-164.81,60.89],[-164.9,60.87],[-165.02,60.74],[-165.35,60.54],[-165.22,60.52],[-165.11,60.53],[-165.03,60.5],[-165.06,60.41],[-164.8,60.31],[-164.66,60.3],[-164.47,60.15],[-164.13,59.99],[-164.14,59.9],[-163.91,59.81],[-163.68,59.8],[-163.22,59.85],[-162.88,59.92],[-162.73,59.99],[-162.57,59.99],[-162.5,60.13],[-162.55,60.23],[-162.68,60.27],[-162.6,60.3],[-162.47,60.39],[-162.27,60.6],[-162.2,60.63],[-162.14,60.69],[-161.96,60.7],[-161.95,60.68],[-162.14,60.61],[-162.29,60.46],[-162.42,60.28],[-162.24,60.18],[-162.14,59.98],[-161.83,59.59],[-161.83,59.51],[-161.87,59.43],[-162.02,59.28],[-161.98,59.15],[-161.89,59.08],[-161.79,59.11],[-161.64,59.11],[-161.79,59.02],[-161.78,58.9],[-161.72,58.79],[-161.86,58.72],[-162.01,58.69],[-162.14,58.64],[-161.76,58.61],[-161.36,58.67],[-161.33,58.74],[-161.25,58.8],[-160.92,58.87],[-160.82,58.87],[-160.66,58.96],[-160.36,59.05],[-160.15,58.91],[-159.92,58.82],[-159.83,58.84],[-159.67,58.91],[-159.45,58.79],[-159.08,58.47],[-158.95,58.4],[-158.79,58.44],[-158.77,58.52],[-158.86,58.72],[-158.78,58.9],[-158.81,58.97],[-158.68,58.93],[-158.58,58.99],[-158.51,59.07],[-158.42,59.09],[-158.22,59.04],[-158.08,58.98],[-158.19,58.98],[-158.31,59.01],[-158.43,59],[-158.48,58.94],[-158.5,58.85],[-158.44,58.78],[-158.3,58.64],[-158.19,58.61],[-158.02,58.64],[-157.67,58.75],[-157.14,58.88],[-156.96,58.99],[-156.81,59.13],[-157.04,58.77],[-157.01,58.74],[-156.97,58.74],[-157.23,58.64],[-157.46,58.5],[-157.52,58.42],[-157.49,58.25],[-157.19,58.19],[-157.44,58.17],[-157.56,58.14],[-157.61,58.05],[-157.62,57.9],[-157.7,57.68],[-157.57,57.54],[-157.46,57.51],[-157.54,57.48],[-157.65,57.5],[-157.74,57.55],[-157.85,57.53],[-158.13,57.37],[-158.32,57.3],[-158.66,57.04],[-158.68,56.79],[-158.89,56.82],[-158.92,56.88],[-158.99,56.86],[-159.28,56.69],[-159.79,56.56],[-160.15,56.4],[-160.3,56.31],[-160.46,56.14],[-160.54,56.01],[-160.53,55.97],[-160.27,55.83],[-160.29,55.81],[-160.35,55.8],[-160.53,55.86],[-160.71,55.87],[-160.76,55.85],[-160.75,55.77],[-160.8,55.75],[-161.01,55.89],[-161.01,55.91],[-160.9,55.94],[-160.88,55.97],[-160.9,55.99],[-160.97,55.97],[-161.19,55.95],[-161.22,55.98],[-161.18,56.01],[-161.22,56.02],[-161.7,55.91],[-162.16,55.72],[-162.51,55.45],[-162.66,55.35],[-162.79,55.3],[-162.91,55.2],[-162.96,55.18],[-163.05,55.2],[-163.11,55.19],[-163.28,55.12],[-163.34,54.84],[-163.22,54.86],[-163.13,54.92],[-163.1,54.97],[-163.12,55.06],[-163,55.05],[-162.87,54.95],[-162.82,54.95],[-162.67,55],[-162.61,55.07],[-162.63,55.25],[-162.54,55.24],[-162.5,55.21],[-162.41,55.11],[-162.46,55.08],[-162.39,55.05],[-162.27,55.07],[-162.17,55.14],[-162.07,55.14],[-161.74,55.39],[-161.65,55.56],[-161.52,55.62],[-161.46,55.63],[-161.36,55.61],[-161.21,55.56],[-161.2,55.54],[-161.37,55.56],[-161.41,55.54],[-161.48,55.46],[-161.46,55.38],[-161.38,55.37],[-161.18,55.39],[-161.02,55.44],[-160.9,55.51],[-160.77,55.48],[-160.68,55.54],[-160.5,55.54],[-160.37,55.64],[-160.24,55.66],[-160.05,55.76],[-159.87,55.8],[-159.77,55.84],[-159.68,55.82],[-159.66,55.63],[-159.61,55.65],[-159.57,55.7],[-159.52,55.81],[-158.79,55.99],[-158.7,56.04],[-158.59,56.18],[-158.54,56.17],[-158.5,56.06],[-158.28,56.2],[-158.34,56.28],[-158.47,56.32],[-158.55,56.31],[-158.54,56.34],[-158.41,56.44],[-158.07,56.51],[-157.93,56.52],[-158.08,56.55],[-158.03,56.59],[-157.87,56.65],[-157.58,56.63],[-157.53,56.67],[-157.49,56.76],[-157.44,56.79],[-157.33,56.82],[-157.21,56.81],[-156.82,56.97],[-156.78,57.01],[-156.71,57.02],[-156.63,57.01],[-156.59,57.07],[-156.5,57.09],[-156.4,57.2],[-156.4,57.24],[-156.48,57.33],[-156.44,57.36],[-156.24,57.45],[-156.06,57.45],[-156.04,57.53],[-155.78,57.57],[-155.73,57.63],[-155.63,57.67],[-155.59,57.73],[-155.53,57.76],[-155.31,57.81],[-155.15,57.88],[-155.01,58.02],[-154.58,58.06],[-154.57,58.12],[-154.25,58.16],[-154.21,58.29],[-154.29,58.3],[-154.09,58.37],[-154.02,58.49],[-153.86,58.59],[-153.62,58.65],[-153.44,58.75],[-153.33,58.86],[-153.34,58.91],[-153.42,58.96],[-153.79,59.07],[-154.13,59.12],[-154.18,59.16],[-154.07,59.34],[-154.09,59.36],[-153.81,59.47],[-153.62,59.6],[-153.61,59.62],[-153.67,59.63],[-153.65,59.65],[-153.41,59.74],[-153.36,59.72],[-153.38,59.67],[-153.36,59.66],[-153.24,59.67],[-153.09,59.71],[-153.05,59.73],[-153.02,59.79],[-153.04,59.81],[-153.21,59.84],[-153.19,59.86],[-152.76,59.92],[-152.66,60],[-152.63,60.08],[-152.66,60.13],[-153.03,60.3],[-152.92,60.29],[-152.8,60.25],[-152.65,60.24],[-152.37,60.34],[-152.26,60.41],[-152.31,60.45],[-152.27,60.53],[-152,60.68],[-151.87,60.73],[-151.75,60.75],[-151.78,60.86],[-151.73,60.91],[-151.59,60.98],[-151.28,61.04],[-150.95,61.2],[-150.57,61.31],[-150.47,61.26],[-149.98,61.28],[-149.82,61.41],[-149.7,61.47],[-149.63,61.49],[-149.33,61.5],[-149.74,61.36],[-149.83,61.31],[-149.93,61.21],[-150.05,61.17],[-149.97,61.12],[-149.59,60.99],[-149.46,60.96],[-149.14,60.94],[-149.08,60.88],[-149.17,60.88],[-149.63,60.95],[-149.86,60.96],[-150.11,60.93],[-150.35,61.02],[-150.44,61.02],[-150.95,60.84],[-151.36,60.72],[-151.31,60.47],[-151.4,60.27],[-151.45,60.2],[-151.73,59.99],[-151.85,59.78],[-151.82,59.72],[-151.51,59.65],[-151.4,59.66],[-151.09,59.79],[-151.05,59.77],[-151.26,59.59],[-151.4,59.52],[-151.51,59.48],[-151.69,59.46],[-151.88,59.39],[-151.96,59.29],[-151.95,59.27],[-151.74,59.19],[-151.62,59.19],[-151.37,59.25],[-151.22,59.23],[-151.17,59.24],[-151.16,59.26],[-151.2,59.29],[-151.18,59.3],[-151.06,59.28],[-150.96,59.24],[-150.93,59.25],[-150.85,59.34],[-150.62,59.48],[-150.61,59.56],[-150.49,59.54],[-150.34,59.58],[-150.2,59.57],[-149.97,59.69],[-149.96,59.71],[-150.02,59.78],[-149.8,59.74],[-149.78,59.75],[-149.79,59.86],[-149.71,59.92],[-149.63,59.78],[-149.6,59.77],[-149.55,59.89],[-149.43,60],[-149.4,60.11],[-149.27,60],[-149.12,60.03],[-149,59.98],[-148.84,59.95],[-148.64,59.96],[-148.54,59.99],[-148.47,59.97],[-148.43,59.99],[-148.29,60.15],[-148.21,60.15],[-148.22,60.32],[-148.18,60.39],[-147.99,60.45],[-147.96,60.48],[-148.05,60.57],[-148.12,60.58],[-148.3,60.53],[-148.44,60.53],[-148.64,60.49],[-148.51,60.57],[-148.3,60.58],[-148.26,60.68],[-148.27,60.7],[-148.4,60.73],[-148.56,60.8],[-148.56,60.83],[-148.47,60.84],[-148.39,60.83],[-148.34,60.85],[-148.21,61.03],[-148.29,61.04],[-148.41,61.01],[-148.39,61.04],[-148.21,61.09],[-148.05,61.08],[-147.77,61.22],[-148.01,60.97],[-147.89,60.89],[-147.66,60.91],[-147.57,60.99],[-147.43,60.95],[-147.36,60.91],[-147.2,61],[-147.03,61],[-146.98,60.98],[-146.87,61],[-146.58,61.13],[-146.38,61.14],[-146.28,61.11],[-146.6,61.05],[-146.64,60.99],[-146.64,60.9],[-146.53,60.84],[-146.39,60.81],[-146.57,60.73],[-146.5,60.7],[-146.25,60.75],[-146.18,60.73],[-146.15,60.66],[-145.67,60.65],[-145.81,60.52],[-145.9,60.48],[-145.85,60.47],[-145.72,60.47],[-145.38,60.39],[-145.25,60.38],[-145.1,60.45],[-144.98,60.54],[-144.69,60.67],[-144.79,60.58],[-144.9,60.34],[-144.85,60.3],[-144.67,60.25],[-144.64,60.22],[-144.33,60.19],[-144.19,60.15],[-144.08,60.06],[-144.16,60.05],[-144.15,60.02],[-143.81,60.01],[-143.51,60.06],[-142.95,60.1],[-142.55,60.09],[-141.67,59.97],[-141.53,59.99],[-141.41,60.04],[-141.41,60.12],[-141.36,60.11],[-141.33,60.08],[-141.29,59.98],[-141.41,59.9],[-140.84,59.75],[-140.65,59.72],[-140.42,59.71],[-140.22,59.73],[-139.85,59.83],[-139.52,60.02],[-139.43,60.01],[-139.24,59.89],[-138.99,59.84],[-139.05,59.83],[-139.18,59.84],[-139.22,59.82],[-139.29,59.61],[-139.31,59.85],[-139.45,59.96],[-139.51,59.95],[-139.57,59.91],[-139.58,59.85],[-139.51,59.7],[-139.61,59.61],[-139.77,59.57],[-139.8,59.55],[-139.77,59.53],[-138.88,59.24],[-138.7,59.19],[-138.51,59.17],[-138.56,59.13],[-138.35,59.09],[-138.03,58.94],[-137.75,58.71],[-137.56,58.63],[-137.54,58.58],[-136.61,58.24],[-136.46,58.33],[-136.08,58.36],[-136.06,58.45],[-136.1,58.51],[-136.22,58.6],[-136.32,58.62],[-136.48,58.62],[-136.4,58.68],[-136.41,58.7],[-136.55,58.75],[-136.61,58.81],[-136.88,58.88],[-137.06,58.87],[-136.99,58.93],[-136.95,58.93],[-136.99,59.03],[-136.83,58.98],[-136.57,58.94],[-136.51,58.91],[-136.48,58.86],[-136.3,58.79],[-136.19,58.77],[-136.12,58.82],[-136.12,58.89],[-136.16,58.95],[-136.15,59.05],[-136.02,58.87],[-135.93,58.9],[-135.83,58.9],[-136.04,58.82],[-136.05,58.79],[-135.86,58.58],[-135.9,58.4],[-135.87,58.39],[-135.57,58.41],[-135.45,58.38],[-135.3,58.26],[-135.14,58.23],[-135.09,58.25],[-135.06,58.28],[-135.06,58.34],[-135.39,59.09],[-135.5,59.2],[-135.4,59.21],[-135.48,59.31],[-135.41,59.32],[-135.36,59.42],[-135.33,59.24],[-135.22,59.08],[-135.13,58.84],[-134.96,58.74],[-134.94,58.65],[-134.78,58.45],[-134.66,58.38],[-134.49,58.37],[-134.33,58.3],[-134.26,58.24],[-134.21,58.23],[-134.13,58.28],[-134.04,58.42],[-133.91,58.52],[-133.88,58.52],[-134.05,58.29],[-134.06,58.13],[-134.03,58.07],[-133.82,57.94],[-133.72,57.84],[-133.66,57.84],[-133.56,57.92],[-133.19,57.88],[-133.21,57.87],[-133.51,57.88],[-133.54,57.83],[-133.52,57.78],[-133.44,57.73],[-133.12,57.57],[-133.14,57.56],[-133.55,57.7],[-133.63,57.68],[-133.65,57.64],[-133.54,57.55],[-133.44,57.34],[-133.47,57.17],[-132.91,57.05],[-132.82,57.06],[-132.84,56.96],[-132.8,56.9],[-132.7,56.82],[-132.49,56.77],[-132.48,56.65],[-132.43,56.63],[-132.36,56.63],[-132.3,56.52],[-132.18,56.42],[-132.02,56.38],[-131.89,56.24],[-131.55,56.21],[-131.74,56.16],[-131.84,56.16],[-132.09,55.84],[-132.21,55.75],[-132.22,55.72],[-132.16,55.6],[-132.12,55.57],[-131.98,55.54],[-131.95,55.55],[-131.8,55.77],[-131.83,55.84],[-131.78,55.88],[-131.03,56.09],[-131.14,56],[-131.13,55.96],[-130.92,55.74],[-130.87,55.55],[-130.86,55.36],[-130.84,55.33],[-130.75,55.32],[-130.75,55.3],[-130.98,55.24],[-131.05,55.16],[-130.85,54.81],[-130.62,54.79],[-130.58,54.77],[-130.21,55.03],[-130.22,55.06],[-130.17,55.14],[-130.04,55.3],[-130.15,55.65],[-130.14,55.72],[-130.01,55.95],[-130.06,56.07],[-130.1,56.11],[-130.21,56.08],[-130.41,56.12],[-130.48,56.23],[-130.65,56.26],[-130.74,56.34],[-131.08,56.4],[-131.58,56.6],[-131.82,56.59],[-131.83,56.68],[-131.89,56.74],[-131.87,56.79],[-132.1,56.86],[-132.03,57.03],[-132.34,57.08],[-132.23,57.2],[-133.12,58.08],[-133.42,58.34],[-133.4,58.41],[-133.55,58.5],[-133.82,58.71],[-134.22,58.85],[-134.3,58.9],[-134.44,59.09],[-134.8,59.25],[-134.94,59.29],[-135.07,59.44],[-135.05,59.58],[-135.26,59.7],[-135.48,59.79],[-135.93,59.66],[-136.32,59.6],[-136.25,59.53],[-136.28,59.48],[-136.35,59.46],[-136.47,59.46],[-136.47,59.28],[-136.58,59.15],[-136.81,59.15],[-137.28,58.99],[-137.44,58.9],[-137.52,58.92],[-137.48,58.99],[-137.59,59.23],[-138.63,59.78],[-138.71,59.9],[-139.04,59.99],[-139.06,60]]],[[[-166.11,66.23],[-165.82,66.33],[-166.15,66.24],[-166.15,66.22],[-166.11,66.23]]],[[[-171.46,63.64],[-171.65,63.73],[-171.75,63.7],[-171.82,63.48],[-171.74,63.39],[-171.52,63.33],[-171.4,63.34],[-171.06,63.45],[-170.95,63.45],[-170.53,63.38],[-170.32,63.31],[-170.19,63.2],[-169.86,63.14],[-169.78,63.09],[-169.68,62.96],[-169.57,63],[-169.56,63.06],[-169.36,63.17],[-168.85,63.17],[-168.76,63.21],[-168.72,63.31],[-169,63.35],[-169.43,63.35],[-169.55,63.37],[-169.62,63.43],[-170.02,63.49],[-170.12,63.62],[-170.3,63.68],[-170.43,63.7],[-170.67,63.67],[-170.87,63.59],[-171.45,63.62],[-171.46,63.64]]],[[[-147.93,60.83],[-147.96,60.9],[-148.1,60.92],[-148.12,60.83],[-147.93,60.83]]],[[[-172.74,60.46],[-172.86,60.51],[-172.92,60.61],[-173.05,60.57],[-173.07,60.49],[-172.64,60.33],[-172.4,60.33],[-172.23,60.3],[-172.39,60.4],[-172.53,60.39],[-172.74,60.46]]],[[[-152.02,60.36],[-151.89,60.47],[-151.9,60.49],[-151.96,60.5],[-152,60.41],[-152.07,60.36],[-152.02,60.36]]],[[[-147.66,60.45],[-147.69,60.49],[-147.76,60.44],[-147.78,60.47],[-147.85,60.32],[-147.89,60.3],[-147.87,60.23],[-147.81,60.23],[-147.82,60.19],[-147.76,60.19],[-147.73,60.22],[-147.66,60.35],[-147.69,60.4],[-147.66,60.45]]],[[[-146.39,60.45],[-146.56,60.48],[-146.61,60.47],[-146.7,60.4],[-146.6,60.27],[-146.42,60.33],[-146.2,60.37],[-146.1,60.41],[-146.18,60.43],[-146.37,60.42],[-146.39,60.45]]],[[[-145.12,60.34],[-145.1,60.39],[-145.13,60.4],[-145.28,60.34],[-145.15,60.31],[-145.12,60.34]]],[[[-166.14,60.38],[-166.18,60.4],[-166.36,60.36],[-166.48,60.38],[-166.78,60.3],[-166.84,60.22],[-167.25,60.23],[-167.44,60.21],[-167.14,60.01],[-166.99,59.98],[-166.63,59.86],[-166.26,59.81],[-166.15,59.76],[-166.11,59.78],[-166.13,59.82],[-166.1,59.85],[-165.95,59.89],[-165.59,59.91],[-165.63,60.03],[-165.71,60.07],[-165.69,60.22],[-165.73,60.31],[-165.84,60.35],[-166.04,60.33],[-166.14,60.38]]],[[[-147.74,59.81],[-147.6,59.87],[-147.54,59.87],[-147.5,59.89],[-147.45,59.96],[-147.38,59.99],[-147.32,60.08],[-146.99,60.25],[-146.96,60.29],[-147.02,60.33],[-147.12,60.36],[-147.18,60.36],[-147.34,60.19],[-147.77,59.94],[-147.87,59.83],[-147.85,59.8],[-147.74,59.81]]],[[[-148.02,60.07],[-147.91,60.09],[-148.08,60.15],[-148.23,60.11],[-148.27,60.05],[-148.07,60.03],[-148.02,60.07]]],[[[-144.57,59.82],[-144.4,59.92],[-144.25,59.98],[-144.24,60.02],[-144.35,60],[-144.44,59.95],[-144.61,59.81],[-144.57,59.82]]],[[[-160.92,58.58],[-160.72,58.8],[-160.99,58.74],[-161.08,58.67],[-161.13,58.67],[-161.07,58.57],[-160.99,58.56],[-160.92,58.58]]],[[[-152.49,58.49],[-152.39,58.54],[-152.36,58.57],[-152.37,58.61],[-152.46,58.62],[-152.64,58.54],[-152.52,58.48],[-152.49,58.49]]],[[[-152.42,58.36],[-152.61,58.45],[-152.84,58.42],[-152.77,58.35],[-152.77,58.28],[-152.98,58.3],[-153.38,58.09],[-153.31,58.06],[-152.93,57.99],[-152.78,58.02],[-152.68,58.06],[-152.57,58.17],[-152.54,58.1],[-152.45,58.13],[-152.38,58.12],[-152.31,58.13],[-152.33,58.21],[-152.27,58.25],[-152.19,58.18],[-152.11,58.16],[-151.98,58.24],[-151.97,58.31],[-152.08,58.31],[-152.13,58.37],[-152.2,58.36],[-152.34,58.41],[-152.38,58.35],[-152.42,58.36]]],[[[-134.68,58.16],[-134.84,58.32],[-134.92,58.35],[-134.91,58.26],[-134.82,58.15],[-134.75,58],[-134.66,57.64],[-134.49,57.48],[-134.49,57.42],[-134.58,57.23],[-134.62,57.2],[-134.59,57.09],[-134.52,57.04],[-134.44,57.06],[-134.26,57.15],[-134.1,57.3],[-133.91,57.35],[-133.97,57.45],[-133.92,57.49],[-133.94,57.58],[-134.27,57.88],[-134.31,58.03],[-134.29,58.04],[-134.21,58.04],[-133.93,57.67],[-133.83,57.62],[-133.82,57.63],[-133.9,57.79],[-134.07,57.99],[-134.24,58.14],[-134.68,58.16]]],[[[-134.31,58.23],[-134.4,58.29],[-134.52,58.33],[-134.65,58.31],[-134.66,58.29],[-134.59,58.24],[-134.46,58.21],[-134.32,58.2],[-134.31,58.23]]],[[[-135.73,58.24],[-135.79,58.27],[-135.99,58.2],[-136.09,58.2],[-136.14,58.15],[-136.14,58.1],[-136.32,58.22],[-136.37,58.14],[-136.51,58.1],[-136.57,57.97],[-136.46,57.87],[-136.08,57.67],[-136,57.53],[-135.91,57.45],[-135.69,57.42],[-135.62,57.48],[-135.61,57.65],[-135.56,57.67],[-135.22,57.57],[-135.08,57.51],[-134.93,57.48],[-134.87,57.59],[-134.9,57.65],[-134.98,57.72],[-135.25,57.73],[-135.34,57.77],[-135.23,57.82],[-135.1,57.79],[-134.97,57.82],[-134.93,57.95],[-134.95,58.02],[-135.16,58.1],[-135.37,58.12],[-135.61,57.99],[-135.67,58.01],[-135.69,58.04],[-135.62,58.06],[-135.59,58.15],[-135.73,58.24]]],[[[-152.9,57.82],[-152.85,57.9],[-152.94,57.94],[-153.16,57.97],[-153.23,57.96],[-153.17,57.91],[-153.22,57.8],[-153.39,57.8],[-153.49,57.73],[-153.57,57.76],[-153.66,57.86],[-153.81,57.88],[-153.9,57.82],[-153.91,57.79],[-153.81,57.71],[-153.69,57.66],[-153.69,57.64],[-153.84,57.64],[-153.8,57.44],[-153.69,57.31],[-153.81,57.36],[-153.95,57.53],[-154.02,57.57],[-154,57.59],[-154.03,57.63],[-154.12,57.65],[-154.28,57.64],[-154.39,57.59],[-154.54,57.56],[-154.67,57.45],[-154.71,57.34],[-154.57,57.21],[-154.5,57.04],[-154.34,56.92],[-154.26,56.91],[-154.18,57.01],[-154.24,57.09],[-154.38,57.1],[-154.32,57.13],[-154.07,57.13],[-154.03,57.11],[-154.1,57.02],[-154,57.05],[-153.88,57],[-153.8,57],[-153.79,56.99],[-154.07,56.82],[-154.05,56.79],[-153.97,56.77],[-153.76,56.86],[-153.64,56.96],[-153.65,57.03],[-153.73,57.05],[-153.52,57.1],[-153.5,57.14],[-153.27,57.23],[-153.05,57.24],[-152.88,57.32],[-152.71,57.33],[-152.68,57.35],[-152.78,57.45],[-153,57.47],[-152.94,57.5],[-152.91,57.51],[-152.41,57.45],[-152.34,57.48],[-152.22,57.58],[-152.24,57.61],[-152.41,57.65],[-152.48,57.7],[-152.49,57.73],[-152.42,57.78],[-152.43,57.83],[-152.51,57.85],[-152.62,57.85],[-152.89,57.77],[-152.9,57.82]]],[[[-153.24,57.85],[-153.35,57.93],[-153.48,57.97],[-153.52,57.96],[-153.47,57.91],[-153.27,57.82],[-153.24,57.85]]],[[[-134.97,57.35],[-135.07,57.42],[-135.13,57.43],[-135.35,57.53],[-135.49,57.52],[-135.62,57.35],[-135.79,57.32],[-135.82,57.28],[-135.77,57.1],[-135.81,57.01],[-135.66,57.03],[-135.5,57.24],[-135.45,57.25],[-135.38,57.19],[-135.34,57.08],[-135.2,57.03],[-135.32,56.93],[-135.33,56.82],[-135.28,56.8],[-135.16,56.82],[-135.16,56.73],[-135.02,56.66],[-134.88,56.68],[-134.97,56.6],[-134.98,56.52],[-134.81,56.28],[-134.68,56.22],[-134.65,56.23],[-134.63,56.3],[-134.63,56.44],[-134.66,56.52],[-134.61,56.6],[-134.63,56.76],[-134.82,57.16],[-134.97,57.35]]],[[[-170.16,57.18],[-170.12,57.24],[-170.39,57.2],[-170.36,57.15],[-170.26,57.14],[-170.16,57.18]]],[[[-153.01,57.12],[-152.91,57.14],[-152.94,57.17],[-153.29,57.19],[-153.35,57.13],[-153.37,57.05],[-153.3,57],[-153.16,57.09],[-153.01,57.12]]],[[[-133.37,57],[-133.71,57.06],[-133.87,57.07],[-133.96,57.04],[-133.98,57.01],[-133.76,56.88],[-133.68,56.8],[-133.69,56.71],[-133.63,56.48],[-133.6,56.46],[-133.48,56.45],[-133.38,56.47],[-133.21,56.46],[-133.14,56.53],[-133.16,56.61],[-133.33,56.83],[-133.24,56.8],[-133.13,56.68],[-133.03,56.62],[-133,56.62],[-132.95,56.71],[-132.95,56.88],[-133,56.93],[-133.07,56.97],[-133.2,57],[-133.26,57],[-133.3,56.97],[-133.37,57]]],[[[-133.99,56.84],[-134.05,56.9],[-134.14,56.93],[-134.27,56.92],[-134.37,56.84],[-134.39,56.75],[-134.28,56.62],[-134.29,56.58],[-134.08,56.46],[-134.2,56.41],[-134.25,56.2],[-134.19,56.08],[-134.12,56.08],[-134.07,56.13],[-133.99,56.1],[-133.95,56.13],[-133.88,56.29],[-133.86,56.58],[-133.81,56.61],[-133.77,56.6],[-133.74,56.65],[-133.83,56.78],[-133.92,56.78],[-133.99,56.84]]],[[[-132.75,56.53],[-132.63,56.55],[-132.57,56.58],[-132.6,56.64],[-132.84,56.79],[-132.95,56.57],[-132.93,56.52],[-132.88,56.51],[-132.76,56.51],[-132.75,56.53]]],[[[-169.76,56.64],[-169.77,56.61],[-169.59,56.54],[-169.47,56.59],[-169.49,56.62],[-169.76,56.64]]],[[[-154.21,56.51],[-154.12,56.54],[-154.11,56.6],[-154.22,56.61],[-154.32,56.57],[-154.33,56.54],[-154.26,56.51],[-154.21,56.51]]],[[[-154.68,56.44],[-154.44,56.57],[-154.46,56.6],[-154.52,56.6],[-154.62,56.56],[-154.73,56.5],[-154.78,56.44],[-154.75,56.41],[-154.68,56.44]]],[[[-132.11,56.11],[-132.07,56.24],[-132.32,56.49],[-132.38,56.5],[-132.6,56.24],[-132.7,56.2],[-132.66,56.08],[-132.45,56.06],[-132.41,56.03],[-132.41,55.96],[-132.37,55.94],[-132.29,55.93],[-132.17,55.95],[-132.13,55.94],[-132.11,56.11]]],[[[-132.78,56.25],[-132.65,56.31],[-132.64,56.44],[-132.9,56.45],[-133.02,56.39],[-133.04,56.36],[-133.04,56.34],[-132.89,56.26],[-132.83,56.24],[-132.78,56.25]]],[[[-133.57,56.34],[-133.6,56.32],[-133.59,56.22],[-133.53,56.15],[-133.76,56],[-133.74,55.96],[-133.68,55.94],[-133.54,56],[-133.37,56.04],[-133.29,56.02],[-133.24,55.92],[-133.31,55.89],[-133.32,55.84],[-133.41,55.8],[-133.58,55.84],[-133.68,55.79],[-133.55,55.69],[-133.5,55.7],[-133.37,55.69],[-133.3,55.61],[-133.09,55.61],[-133.03,55.59],[-133.08,55.5],[-132.96,55.4],[-132.97,55.38],[-133.1,55.36],[-133.12,55.33],[-132.91,55.19],[-132.78,55.05],[-132.7,55.03],[-132.68,55.07],[-132.7,55.13],[-132.67,55.15],[-132.62,55.14],[-132.59,55],[-132.55,54.95],[-132.49,54.95],[-132.34,54.91],[-132.27,54.8],[-132.19,54.73],[-132.13,54.71],[-132.06,54.71],[-132.02,54.73],[-131.98,54.8],[-132,55.03],[-131.98,55.21],[-132.01,55.23],[-132.21,55.22],[-132.16,55.32],[-132.22,55.38],[-132.42,55.48],[-132.59,55.46],[-132.63,55.47],[-132.58,55.5],[-132.53,55.59],[-132.17,55.48],[-132.43,55.69],[-132.53,55.84],[-132.6,55.9],[-132.76,56],[-133.1,56.09],[-133.08,56.19],[-133.1,56.24],[-133.2,56.32],[-133.57,56.34]]],[[[-130.98,55.49],[-130.97,55.67],[-131,55.73],[-131.12,55.86],[-131.27,55.96],[-131.62,55.83],[-131.65,55.59],[-131.85,55.42],[-131.81,55.22],[-131.76,55.17],[-131.64,55.3],[-131.52,55.34],[-131.45,55.41],[-131.42,55.37],[-131.45,55.32],[-131.42,55.28],[-131.32,55.27],[-131.26,55.22],[-131.19,55.21],[-131.08,55.27],[-131.01,55.38],[-130.98,55.49]]],[[[-155.57,55.82],[-155.57,55.92],[-155.62,55.91],[-155.74,55.83],[-155.72,55.8],[-155.68,55.79],[-155.6,55.79],[-155.57,55.82]]],[[[-133.31,55.54],[-133.35,55.56],[-133.45,55.52],[-133.63,55.54],[-133.74,55.5],[-133.63,55.41],[-133.65,55.27],[-133.46,55.38],[-133.43,55.43],[-133.28,55.5],[-133.31,55.54]]],[[[-160.68,55.31],[-160.67,55.38],[-160.7,55.4],[-160.79,55.38],[-160.85,55.31],[-160.83,55.17],[-160.8,55.15],[-160.7,55.18],[-160.61,55.16],[-160.49,55.18],[-160.48,55.2],[-160.53,55.23],[-160.58,55.31],[-160.55,55.38],[-160.68,55.31]]],[[[-160.33,55.34],[-160.36,55.36],[-160.49,55.35],[-160.52,55.33],[-160.34,55.26],[-160.33,55.34]]],[[[-132.86,54.89],[-132.98,55.03],[-133,55.11],[-133.1,55.21],[-133.3,55.33],[-133.43,55.3],[-133.45,55.26],[-133.42,55.21],[-133.25,55.18],[-133.12,54.97],[-133.08,54.95],[-133.08,54.92],[-133.01,54.85],[-132.81,54.71],[-132.71,54.68],[-132.65,54.76],[-132.62,54.89],[-132.65,54.91],[-132.77,54.93],[-132.81,54.89],[-132.86,54.89]]],[[[-159.87,55.13],[-159.84,55.18],[-159.9,55.22],[-159.87,55.26],[-159.92,55.27],[-159.98,55.2],[-160.04,55.19],[-160.1,55.13],[-160.17,55.12],[-160.15,55.04],[-160.23,54.92],[-160.17,54.94],[-160,55.07],[-159.95,55.08],[-159.93,55.11],[-159.87,55.13]]],[[[-131.34,55.08],[-131.4,55.21],[-131.51,55.26],[-131.58,55.25],[-131.56,55.14],[-131.6,55.09],[-131.59,55.03],[-131.54,55.05],[-131.48,55.04],[-131.43,55],[-131.46,54.93],[-131.41,54.89],[-131.23,54.9],[-131.24,54.95],[-131.34,55.08]]],[[[-159.52,55.15],[-159.55,55.23],[-159.6,55.18],[-159.6,55.13],[-159.64,55.12],[-159.65,55.07],[-159.62,55.06],[-159.56,55.08],[-159.53,55.06],[-159.52,55.15]]],[[[-159.36,54.97],[-159.39,55.04],[-159.46,55.06],[-159.42,54.98],[-159.36,54.97]]],[[[-163.48,54.98],[-163.55,55.04],[-163.81,55.05],[-164.15,54.96],[-164.27,54.9],[-164.48,54.91],[-164.75,54.66],[-164.89,54.61],[-164.9,54.54],[-164.87,54.46],[-164.82,54.42],[-164.59,54.4],[-164.4,54.45],[-164.23,54.57],[-164.07,54.62],[-163.58,54.63],[-163.53,54.64],[-163.36,54.74],[-163.08,54.67],[-163.19,54.75],[-163.34,54.78],[-163.48,54.98]]],[[[-162.3,54.85],[-162.23,54.93],[-162.26,54.98],[-162.43,54.93],[-162.39,54.87],[-162.32,54.84],[-162.3,54.85]]],[[[-162.55,54.4],[-162.61,54.45],[-162.82,54.49],[-162.81,54.44],[-162.73,54.4],[-162.64,54.38],[-162.55,54.4]]],[[[-165.56,54.14],[-165.41,54.2],[-165.49,54.22],[-165.55,54.28],[-165.59,54.28],[-165.65,54.25],[-165.62,54.14],[-165.56,54.14]]],[[[-165.84,54.07],[-165.69,54.1],[-165.7,54.12],[-165.89,54.21],[-165.97,54.21],[-166.04,54.19],[-166.11,54.14],[-166.06,54.05],[-165.93,54.06],[-165.88,54.05],[-165.84,54.07]]],[[[-166.62,53.9],[-166.63,54],[-166.67,54.01],[-167.04,53.94],[-167.12,53.87],[-167.11,53.81],[-167.07,53.78],[-166.89,53.76],[-166.74,53.71],[-166.8,53.69],[-166.82,53.64],[-166.89,53.7],[-167.02,53.7],[-167.04,53.65],[-167.09,53.64],[-167.14,53.53],[-167.2,53.49],[-167.42,53.44],[-167.53,53.39],[-167.64,53.39],[-167.81,53.32],[-167.67,53.26],[-167.52,53.28],[-167.43,53.33],[-167.3,53.35],[-167.15,53.41],[-166.96,53.45],[-166.85,53.45],[-166.77,53.48],[-166.7,53.54],[-166.44,53.65],[-166.35,53.67],[-166.31,53.7],[-166.34,53.72],[-166.55,53.7],[-166.55,53.73],[-166.49,53.79],[-166.23,53.93],[-166.34,53.97],[-166.37,54],[-166.44,53.92],[-166.57,53.85],[-166.62,53.9]]],[[[-166.21,53.72],[-166.11,53.84],[-166.19,53.82],[-166.25,53.77],[-166.21,53.72]]],[[[-167.96,53.35],[-167.87,53.39],[-167.8,53.48],[-167.83,53.51],[-167.99,53.56],[-168.07,53.56],[-168.29,53.5],[-168.36,53.46],[-168.4,53.41],[-168.4,53.32],[-168.36,53.3],[-168.38,53.28],[-168.44,53.26],[-168.57,53.27],[-168.64,53.26],[-168.69,53.23],[-168.78,53.15],[-168.8,53.04],[-169.09,52.83],[-168.74,52.96],[-168.7,52.96],[-168.55,53.04],[-168.51,53.04],[-168.27,53.24],[-167.96,53.35]]],[[[-169.69,52.85],[-169.75,52.88],[-169.82,52.88],[-169.98,52.85],[-169.99,52.83],[-169.98,52.81],[-169.72,52.79],[-169.69,52.85]]],[[[-170.73,52.58],[-170.61,52.61],[-170.58,52.67],[-170.68,52.7],[-170.83,52.6],[-170.8,52.55],[-170.73,52.58]]],[[[-174.68,52.04],[-174.34,52.08],[-174.12,52.14],[-174.18,52.2],[-174.16,52.22],[-174.05,52.25],[-174.02,52.33],[-174.05,52.37],[-174.17,52.42],[-174.31,52.38],[-174.44,52.32],[-174.41,52.3],[-174.26,52.27],[-174.31,52.22],[-174.67,52.13],[-175.3,52.02],[-175.21,51.99],[-174.68,52.04]]],[[[-172.46,52.27],[-172.31,52.33],[-172.38,52.37],[-172.47,52.39],[-172.58,52.33],[-172.62,52.27],[-172.54,52.26],[-172.46,52.27]]],[[[-173.55,52.14],[-173.78,52.12],[-173.79,52.1],[-173.94,52.13],[-173.99,52.12],[-173.99,52.1],[-173.88,52.05],[-173.67,52.06],[-173.46,52.04],[-173.02,52.08],[-173.11,52.1],[-173.36,52.1],[-173.55,52.14]]],[[[-176.02,52],[-175.98,52.03],[-176.03,52.08],[-176.08,52.1],[-176.16,52.1],[-176.18,52.03],[-176.14,52],[-176.05,51.97],[-176.02,52]]],[[[-176.59,51.87],[-176.55,51.94],[-176.6,51.98],[-176.7,51.99],[-176.75,51.89],[-176.74,51.84],[-176.87,51.79],[-176.96,51.6],[-176.84,51.68],[-176.77,51.63],[-176.56,51.71],[-176.51,51.75],[-176.47,51.73],[-176.45,51.74],[-176.44,51.82],[-176.47,51.84],[-176.59,51.83],[-176.59,51.87]]],[[[-177.15,51.72],[-177.14,51.81],[-177.06,51.9],[-177.11,51.93],[-177.17,51.91],[-177.26,51.8],[-177.67,51.72],[-177.67,51.7],[-177.65,51.68],[-177.47,51.7],[-177.23,51.69],[-177.15,51.72]]],[[[-177.88,51.65],[-177.77,51.78],[-177.64,51.83],[-177.8,51.84],[-177.87,51.86],[-177.95,51.92],[-178.12,51.92],[-178.19,51.88],[-177.99,51.76],[-178,51.72],[-178.08,51.69],[-178.06,51.67],[-177.93,51.62],[-177.9,51.62],[-177.88,51.65]]],[[[-176.01,51.81],[-176.19,51.89],[-176.2,51.83],[-176.09,51.79],[-176.01,51.81]]],[[[-176.29,51.79],[-176.28,51.8],[-176.38,51.86],[-176.41,51.84],[-176.4,51.76],[-176.35,51.73],[-176.29,51.79]]]]}},
{"type":"Feature","properties":{"r":50,"c":16,"name":"Alabama","code":"AL"},"geometry":{"type":"MultiPolygon","coordinates":[[[[-87.49,30.38],[-87.48,30.41],[-87.44,30.44],[-87.41,30.64],[-87.42,30.67],[-87.57,30.8],[-87.6,30.86],[-87.61,30.93],[-87.59,31],[-85.33,31],[-85.01,31],[-85.07,31.12],[-85.09,31.3],[-85.05,31.57],[-85.12,31.78],[-85.12,31.88],[-85.03,32.15],[-84.93,32.25],[-84.92,32.29],[-84.97,32.32],[-84.99,32.36],[-84.97,32.41],[-85.16,32.8],[-85.6,34.87],[-85.62,35],[-85.78,35],[-87.23,35.02],[-88.2,35.02],[-88.19,35.01],[-88.17,35],[-88.08,34.93],[-88.49,31.89],[-88.4,30.37],[-88.35,30.37],[-88.25,30.36],[-88.14,30.37],[-88.08,30.57],[-88.03,30.68],[-88.01,30.69],[-87.95,30.63],[-87.92,30.56],[-87.92,30.45],[-87.9,30.41],[-87.86,30.41],[-87.81,30.35],[-87.79,30.29],[-87.99,30.25],[-88.01,30.23],[-87.62,30.26],[-87.51,30.37],[-87.49,30.38]]],[[[-88.07,30.25],[-88.11,30.27],[-88.32,30.24],[-88.16,30.23],[-88.07,30.25]]]]}},
{"type":"Feature","properties":{"r":51,"c":16,"name":"Arkansas","code":"AR"},"geometry":{"type":"Polygon","coordinates":[[[-89.7,36],[-89.89,36],[-90.38,35.99],[-90.3,36.1],[-90.22,36.18],[-90.15,36.22],[-90.08,36.3],[-90.07,36.37],[-90.12,36.42],[-90.16,36.5],[-94.34,36.5],[-94.62,36.5],[-94.6,36.36],[-94.44,35.39],[-94.48,33.76],[-94.48,33.65],[-94.43,33.6],[-94.39,33.59],[-94.36,33.56],[-94.29,33.59],[-94.24,33.58],[-94.19,33.59],[-94.1,33.58],[-94.05,33.55],[-94.04,33.15],[-94.04,33.01],[-93.86,33.01],[-91.35,33.02],[-91.15,33.02],[-91.15,33.04],[-91.11,33.22],[-91.16,33.29],[-91.17,33.36],[-91.14,33.44],[-91.15,33.5],[-91.19,33.52],[-91.21,33.58],[-91.17,33.62],[-91.17,33.65],[-91.21,33.68],[-91.05,33.83],[-91.04,33.9],[-91.07,33.97],[-91.06,33.99],[-90.91,34.05],[-90.94,34.13],[-90.91,34.19],[-90.82,34.25],[-90.77,34.31],[-90.76,34.36],[-90.72,34.39],[-90.64,34.41],[-90.58,34.5],[-90.54,34.73],[-90.47,34.76],[-90.47,34.81],[-90.42,34.85],[-90.32,34.9],[-90.28,34.95],[-90.29,34.97],[-90.29,35],[-90.26,35.05],[-90.14,35.11],[-90.09,35.2],[-90.11,35.31],[-90.07,35.41],[-89.97,35.5],[-89.93,35.59],[-89.94,35.68],[-89.89,35.75],[-89.76,35.83],[-89.76,35.89],[-89.69,35.92],[-89.71,35.98],[-89.7,36]]]}},
{"type":"Feature","properties":{"r":52,"c":16,"name":"Arizona","code":"AZ"},"geometry":{"type":"Polygon","coordinates":[[[-109.05,31.33],[-109.05,36.65],[-109.05,37],[-109.36,37],[-113.73,37],[-114.04,37],[-114.04,36.61],[-114.04,36.18],[-114.06,36.18],[-114.12,36.08],[-114.18,36.03],[-114.23,36.03],[-114.28,36.06],[-114.33,36.12],[-114.41,36.15],[-114.51,36.16],[-114.67,36.12],[-114.72,36.08],[-114.74,36.01],[-114.69,35.92],[-114.68,35.73],[-114.65,35.68],[-114.65,35.48],[-114.59,35.35],[-114.61,35],[-114.61,34.99],[-114.61,34.91],[-114.56,34.79],[-114.4,34.59],[-114.37,34.49],[-114.31,34.43],[-114.16,34.36],[-114.13,34.32],[-114.13,34.29],[-114.16,34.25],[-114.33,34.14],[-114.42,34.05],[-114.51,33.9],[-114.5,33.69],[-114.52,33.61],[-114.6,33.47],[-114.65,33.43],[-114.7,33.42],[-114.72,33.33],[-114.7,33.17],[-114.65,33.07],[-114.55,33.04],[-114.49,32.98],[-114.47,32.91],[-114.48,32.84],[-114.52,32.77],[-114.58,32.73],[-114.72,32.72],[-114.79,32.56],[-114.84,32.51],[-111.04,31.32],[-109.27,31.33],[-109.05,31.33]]]}},
{"type":"Feature","properties":{"r":53,"c":16,"name":"California","code":"CA"},"geometry":{"type":"MultiPolygon","coordinates":[[[[-114.61,34.99],[-114.88,35.2],[-116.84,36.73],[-117.76,37.42],[-118.36,37.86],[-120,39],[-120,41.81],[-120,42],[-120.26,42],[-124.23,42],[-124.21,41.98],[-124.21,41.89],[-124.24,41.79],[-124.16,41.72],[-124.07,41.46],[-124.07,41.38],[-124.14,41.16],[-124.13,40.97],[-124.22,40.79],[-124.19,40.77],[-124.22,40.7],[-124.25,40.7],[-124.25,40.74],[-124.28,40.71],[-124.37,40.49],[-124.36,40.37],[-124.32,40.25],[-124.11,40.09],[-123.88,39.86],[-123.83,39.78],[-123.78,39.62],[-123.78,39.51],[-123.82,39.37],[-123.72,39.11],[-123.7,38.91],[-123.42,38.68],[-123.29,38.54],[-123.12,38.45],[-123.05,38.31],[-122.99,38.28],[-122.91,38.2],[-122.88,38.12],[-122.98,38.23],[-122.97,38.1],[-123,37.99],[-122.93,38.06],[-122.68,37.9],[-122.58,37.87],[-122.52,37.83],[-122.47,37.84],[-122.49,37.95],[-122.48,38.11],[-122.39,38.14],[-122.34,38.14],[-122.21,38.07],[-122.15,38.07],[-122.03,38.12],[-121.99,38.12],[-121.88,38.08],[-121.63,38.08],[-121.53,38.06],[-121.57,38.05],[-121.64,38.06],[-121.72,38.03],[-122.09,38.05],[-122.22,38.04],[-122.31,38.01],[-122.39,37.96],[-122.37,37.92],[-122.33,37.9],[-122.3,37.79],[-122.22,37.73],[-122.12,37.54],[-122.07,37.48],[-122.17,37.5],[-122.23,37.56],[-122.3,37.59],[-122.37,37.66],[-122.39,37.74],[-122.38,37.79],[-122.45,37.8],[-122.51,37.77],[-122.5,37.54],[-122.41,37.37],[-122.39,37.21],[-122.16,36.99],[-121.88,36.94],[-121.81,36.85],[-121.79,36.73],[-121.92,36.57],[-121.91,36.43],[-121.88,36.33],[-121.66,36.15],[-121.47,35.93],[-121.43,35.86],[-121.34,35.79],[-121.28,35.68],[-121.14,35.61],[-121.02,35.48],[-120.9,35.43],[-120.86,35.37],[-120.88,35.27],[-120.86,35.21],[-120.71,35.16],[-120.63,35.08],[-120.66,34.95],[-120.62,34.81],[-120.64,34.75],[-120.64,34.58],[-120.56,34.54],[-120.48,34.47],[-120.4,34.46],[-120.17,34.48],[-120.05,34.47],[-119.85,34.41],[-119.71,34.4],[-119.61,34.42],[-119.41,34.34],[-119.27,34.26],[-119.24,34.16],[-119.14,34.11],[-118.83,34.02],[-118.6,34.04],[-118.51,34.02],[-118.39,33.86],[-118.41,33.74],[-118.29,33.71],[-118.26,33.76],[-118.16,33.75],[-118.08,33.72],[-117.95,33.62],[-117.79,33.54],[-117.47,33.3],[-117.32,33.1],[-117.26,32.94],[-117.27,32.81],[-117.24,32.66],[-117.18,32.69],[-117.14,32.65],[-117.13,32.53],[-114.84,32.7],[-114.72,32.72],[-114.58,32.73],[-114.52,32.77],[-114.48,32.84],[-114.47,32.91],[-114.49,32.98],[-114.55,33.04],[-114.65,33.07],[-114.7,33.17],[-114.72,33.33],[-114.7,33.42],[-114.65,33.43],[-114.6,33.47],[-114.52,33.61],[-114.5,33.69],[-114.51,33.9],[-114.42,34.05],[-114.33,34.14],[-114.16,34.25],[-114.13,34.29],[-114.13,34.32],[-114.16,34.36],[-114.31,34.43],[-114.37,34.49],[-114.4,34.59],[-114.56,34.79],[-114.61,34.91],[-114.61,34.99]]],[[[-119.88,34.08],[-119.92,34.07],[-119.89,34.03],[-119.89,33.99],[-119.81,33.97],[-119.56,34.01],[-119.55,34.03],[-119.57,34.05],[-119.68,34.03],[-119.88,34.08]]],[[[-120.31,34.02],[-120.37,34.07],[-120.41,34.06],[-120.44,34.03],[-120.31,34.02]]],[[[-120.04,33.92],[-119.98,33.97],[-120.07,34.03],[-120.25,34.01],[-120.17,33.92],[-120.11,33.9],[-120.04,33.92]]],[[[-118.35,33.39],[-118.39,33.42],[-118.55,33.48],[-118.57,33.46],[-118.56,33.43],[-118.51,33.43],[-118.49,33.41],[-118.45,33.32],[-118.3,33.31],[-118.35,33.39]]],[[[-119.44,33.22],[-119.48,33.27],[-119.58,33.28],[-119.54,33.22],[-119.44,33.22]]],[[[-118.35,32.83],[-118.51,32.96],[-118.56,33.03],[-118.59,33.01],[-118.47,32.84],[-118.41,32.82],[-118.35,32.83]]]]}},
{"type":"Feature","properties":{"r":54,"c":16,"name":"Colorado","code":"CO"},"geometry":{"type":"Polygon","coordinates":[[[-109.05,37],[-108.67,37],[-103.38,37],[-103,37],[-102.75,37],[-102.26,37],[-102.01,37],[-102.01,37.19],[-102.02,39.81],[-102.02,40],[-102.02,40.13],[-102.03,41],[-103.77,41],[-104.02,41],[-104.34,41],[-108.73,41],[-109.05,41],[-109.05,40.75],[-109.05,37.25],[-109.05,37]]]}},
{"type":"Feature","properties":{"r":55,"c":16,"name":"Connecticut","code":"CT"},"geometry":{"type":"Polygon","coordinates":[[[-71.8,42.01],[-71.8,42.02],[-72.76,42.03],[-72.76,42.01],[-72.81,42.01],[-72.81,42.03],[-72.89,42.04],[-73.4,42.05],[-73.48,42.06],[-73.49,41.96],[-73.54,41.3],[-73.48,41.22],[-73.72,41.1],[-73.63,40.99],[-73.58,41.02],[-73.18,41.18],[-73.02,41.22],[-72.92,41.29],[-72.85,41.27],[-72.48,41.28],[-72.37,41.31],[-72.27,41.29],[-72.07,41.33],[-71.93,41.34],[-71.84,41.34],[-71.83,41.39],[-71.8,41.42],[-71.8,41.96],[-71.8,42.01]]]}},
{"type":"Feature","properties":{"r":56,"c":16,"name":"District of Columbia","code":"DC"},"geometry":{"type":"Polygon","coordinates":[[[-77.03,38.89],[-77.02,38.81],[-76.93,38.89],[-77.04,39.01],[-77.12,38.94],[-77.1,38.94],[-77.05,38.92],[-77.03,38.89]]]}},
{"type":"Feature","properties":{"r":57,"c":16,"name":"Delaware","code":"DE"},"geometry":{"type":"Polygon","coordinates":[[[-75.04,38.46],[-75.04,38.5],[-75.07,38.58],[-75.11,38.6],[-75.19,38.59],[-75.13,38.63],[-75.08,38.72],[-75.09,38.78],[-75.19,38.82],[-75.31,38.97],[-75.39,39.09],[-75.41,39.28],[-75.57,39.48],[-75.59,39.64],[-75.46,39.78],[-75.42,39.82],[-75.51,39.84],[-75.68,39.83],[-75.71,39.8],[-75.78,39.72],[-75.78,39.56],[-75.71,38.46],[-75.04,38.46]]]}},
{"type":"Feature","properties":{"r":58,"c":16,"name":"Florida","code":"FL"},"geometry":{"type":"MultiPolygon","coordinates":[[[[-87.49,30.38],[-87.45,30.39],[-87.44,30.36],[-87.5,30.31],[-87.48,30.29],[-87.28,30.34],[-87.25,30.4],[-87.18,30.45],[-87.17,30.54],[-87.12,30.54],[-87.07,30.5],[-87,30.57],[-86.97,30.5],[-86.99,30.43],[-87.12,30.4],[-87.2,30.34],[-86.68,30.4],[-86.45,30.5],[-86.37,30.48],[-86.26,30.49],[-86.17,30.46],[-86.12,30.41],[-86.24,30.43],[-86.45,30.4],[-86.18,30.33],[-85.86,30.21],[-85.79,30.17],[-85.76,30.17],[-85.74,30.24],[-85.68,30.28],[-85.6,30.29],[-85.66,30.19],[-85.61,30.15],[-85.62,30.12],[-85.68,30.12],[-85.35,29.88],[-85.31,29.8],[-85.31,29.76],[-85.34,29.74],[-85.41,29.84],[-85.41,29.77],[-85.38,29.7],[-85.32,29.68],[-85.19,29.71],[-85.03,29.72],[-84.89,29.78],[-84.8,29.77],[-84.55,29.9],[-84.38,29.91],[-84.36,29.93],[-84.38,29.98],[-84.36,30.03],[-84.31,30.06],[-84.04,30.1],[-83.69,29.93],[-83.29,29.45],[-82.77,29.05],[-82.65,28.89],[-82.64,28.81],[-82.66,28.49],[-82.75,28.24],[-82.84,27.85],[-82.78,27.73],[-82.74,27.71],[-82.72,27.73],[-82.66,27.72],[-82.61,27.78],[-82.6,27.87],[-82.68,27.96],[-82.64,27.98],[-82.58,27.96],[-82.52,27.88],[-82.5,27.87],[-82.45,27.9],[-82.41,27.86],[-82.4,27.84],[-82.43,27.77],[-82.52,27.68],[-82.64,27.52],[-82.69,27.52],[-82.71,27.5],[-82.62,27.4],[-82.44,27.06],[-82.29,26.87],[-82.18,26.84],[-82.18,26.94],[-82.1,26.96],[-82.01,26.96],[-82.07,26.89],[-82.08,26.7],[-82.04,26.55],[-82.01,26.54],[-81.97,26.55],[-81.92,26.63],[-81.83,26.69],[-81.96,26.49],[-81.87,26.43],[-81.81,26.15],[-81.72,25.98],[-81.57,25.89],[-81.36,25.83],[-81.35,25.73],[-81.23,25.58],[-81.11,25.37],[-80.98,25.31],[-80.94,25.26],[-80.97,25.22],[-81.1,25.32],[-81.14,25.31],[-81.17,25.23],[-81.11,25.14],[-81.01,25.13],[-80.86,25.18],[-80.74,25.16],[-80.56,25.23],[-80.48,25.23],[-80.37,25.33],[-80.33,25.43],[-80.3,25.62],[-80.22,25.74],[-80.16,25.88],[-80.14,25.87],[-80.13,25.83],[-80.11,26.13],[-80.04,26.57],[-80.05,26.81],[-80.09,26.99],[-80.13,27.08],[-80.23,27.21],[-80.75,28.38],[-80.84,28.76],[-80.81,28.76],[-80.77,28.73],[-80.77,28.63],[-80.7,28.6],[-80.69,28.58],[-80.73,28.52],[-80.73,28.46],[-80.69,28.34],[-80.63,28.52],[-80.61,28.52],[-80.61,28.18],[-80.5,27.93],[-80.46,27.9],[-80.57,28.18],[-80.58,28.27],[-80.57,28.43],[-80.52,28.49],[-80.9,29.05],[-81.25,29.79],[-81.34,30.14],[-81.39,30.27],[-81.46,30.64],[-81.5,30.73],[-81.67,30.74],[-81.88,30.81],[-81.94,30.82],[-81.96,30.81],[-82.01,30.78],[-82.04,30.73],[-82.02,30.56],[-82.03,30.48],[-82.06,30.4],[-82.11,30.37],[-82.19,30.39],[-82.21,30.42],[-82.21,30.48],[-82.24,30.53],[-82.24,30.57],[-84.88,30.72],[-84.97,30.92],[-85.01,31],[-85.33,31],[-87.59,31],[-87.61,30.93],[-87.6,30.86],[-87.57,30.8],[-87.42,30.67],[-87.41,30.64],[-87.44,30.44],[-87.48,30.41],[-87.49,30.38]]],[[[-84.91,29.64],[-84.74,29.73],[-84.81,29.72],[-85,29.63],[-85.05,29.64],[-85.12,29.63],[-85.01,29.61],[-84.91,29.64]]],[[[-80.19,27.28],[-80.4,27.79],[-80.44,27.85],[-80.38,27.64],[-80.17,27.2],[-80.19,27.28]]],[[[-82.08,26.55],[-82.12,26.67],[-82.17,26.7],[-82.14,26.59],[-82.09,26.49],[-82.08,26.55]]],[[[-82.04,26.45],[-82.12,26.46],[-82.2,26.55],[-82.18,26.48],[-82.14,26.45],[-82.07,26.43],[-82.04,26.45]]],[[[-80.38,25.14],[-80.26,25.35],[-80.35,25.3],[-80.35,25.23],[-80.4,25.18],[-80.46,25.15],[-80.58,24.95],[-80.38,25.14]]],[[[-80.64,24.9],[-80.61,24.94],[-80.63,24.94],[-80.67,24.9],[-80.64,24.9]]],[[[-80.83,24.8],[-80.79,24.82],[-80.8,24.85],[-80.85,24.8],[-80.83,24.8]]],[[[-81.04,24.72],[-80.93,24.76],[-81.14,24.71],[-81.09,24.69],[-81.04,24.72]]],[[[-81.33,24.65],[-81.32,24.69],[-81.42,24.75],[-81.38,24.64],[-81.36,24.63],[-81.33,24.65]]],[[[-81.57,24.6],[-81.53,24.61],[-81.56,24.69],[-81.58,24.63],[-81.63,24.59],[-81.57,24.6]]],[[[-81.78,24.54],[-81.74,24.55],[-81.74,24.58],[-81.81,24.56],[-81.81,24.54],[-81.78,24.54]]]]}},
{"type":"Feature","properties":{"r":59,"c":16,"name":"Georgia","code":"GA"},"geometry":{"type":"MultiPolygon","coordinates":[[[[-85.01,31],[-84.97,30.92],[-84.88,30.72],[-82.24,30.57],[-82.24,30.53],[-82.21,30.48],[-82.21,30.42],[-82.19,30.39],[-82.11,30.37],[-82.06,30.4],[-82.03,30.48],[-82.02,30.56],[-82.04,30.73],[-82.01,30.78],[-81.96,30.81],[-81.94,30.82],[-81.88,30.81],[-81.67,30.74],[-81.5,30.73],[-81.52,30.8],[-81.52,30.87],[-81.45,31.09],[-81.46,31.13],[-81.44,31.2],[-81.36,31.17],[-81.29,31.26],[-81.33,31.31],[-81.38,31.33],[-81.38,31.35],[-81.29,31.37],[-81.26,31.44],[-81.18,31.53],[-81.26,31.54],[-81.24,31.57],[-81.17,31.61],[-81.17,31.65],[-81.2,31.7],[-81.16,31.74],[-81.1,31.75],[-81.07,31.79],[-81.11,31.88],[-80.92,31.94],[-80.87,32.03],[-81.07,32.11],[-81.14,32.18],[-81.13,32.27],[-81.17,32.38],[-81.29,32.56],[-81.38,32.61],[-81.49,32.94],[-81.58,33.07],[-81.7,33.13],[-81.78,33.2],[-81.86,33.33],[-81.91,33.35],[-81.94,33.45],[-82.01,33.52],[-82.21,33.66],[-82.26,33.75],[-82.35,33.84],[-82.59,34.02],[-82.85,34.44],[-82.9,34.47],[-82.98,34.48],[-83.05,34.51],[-83.36,34.71],[-83.32,34.81],[-83.17,34.93],[-83.12,35],[-83.11,35],[-83.42,35],[-84.02,34.99],[-84.32,34.99],[-84.65,34.99],[-85.3,35],[-85.62,35],[-85.6,34.87],[-85.16,32.8],[-84.97,32.41],[-84.99,32.36],[-84.97,32.32],[-84.92,32.29],[-84.93,32.25],[-85.03,32.15],[-85.12,31.88],[-85.12,31.78],[-85.05,31.57],[-85.09,31.3],[-85.07,31.12],[-85.01,31]]],[[[-81.42,30.97],[-81.48,30.9],[-81.46,30.73],[-81.42,30.97]]]]}},
{"type":"Feature","properties":{"r":60,"c":16,"name":"Hawaii","code":"HI"},"geometry":{"type":"MultiPolygon","coordinates":[[[[-177.37,28.2],[-177.35,28.22],[-177.39,28.21],[-177.37,28.2]]],[[[-159.37,21.93],[-159.34,21.97],[-159.33,22.05],[-159.3,22.11],[-159.3,22.15],[-159.35,22.22],[-159.58,22.22],[-159.73,22.14],[-159.79,22.04],[-159.75,21.99],[-159.65,21.95],[-159.61,21.91],[-159.46,21.88],[-159.37,21.93]]],[[[-160.18,21.84],[-160.15,21.88],[-160.08,21.91],[-160.08,21.96],[-160.05,22],[-160.1,22.02],[-160.16,21.94],[-160.22,21.9],[-160.24,21.84],[-160.23,21.8],[-160.2,21.8],[-160.18,21.84]]],[[[-157.8,21.46],[-157.83,21.47],[-157.85,21.55],[-157.96,21.7],[-158.02,21.69],[-158.12,21.6],[-158.27,21.59],[-158.24,21.53],[-158.24,21.49],[-158.14,21.38],[-158.11,21.32],[-158.08,21.31],[-157.98,21.32],[-158.02,21.37],[-157.98,21.38],[-157.96,21.33],[-157.9,21.34],[-157.85,21.29],[-157.8,21.27],[-157.69,21.28],[-157.64,21.31],[-157.71,21.38],[-157.72,21.46],[-157.76,21.45],[-157.8,21.46]]],[[[-157.21,21.22],[-157.25,21.23],[-157.25,21.18],[-157.28,21.15],[-157.29,21.11],[-157.02,21.1],[-156.86,21.06],[-156.75,21.1],[-156.71,21.16],[-156.92,21.18],[-156.95,21.2],[-157,21.19],[-157.21,21.22]]],[[[-156.49,20.93],[-156.53,20.99],[-156.59,21.03],[-156.66,21.02],[-156.7,20.95],[-156.69,20.9],[-156.62,20.82],[-156.54,20.79],[-156.48,20.8],[-156.44,20.62],[-156.31,20.6],[-156.23,20.63],[-156.11,20.64],[-156.01,20.71],[-155.99,20.76],[-156.15,20.89],[-156.28,20.95],[-156.46,20.91],[-156.49,20.93]]],[[[-156.85,20.77],[-156.81,20.83],[-156.85,20.88],[-156.94,20.93],[-157.05,20.91],[-156.99,20.83],[-156.97,20.76],[-156.91,20.74],[-156.85,20.77]]],[[[-155.58,19.01],[-155.54,19.11],[-155.31,19.26],[-155.05,19.32],[-154.85,19.45],[-154.8,19.52],[-154.84,19.57],[-154.95,19.64],[-154.99,19.73],[-155.07,19.75],[-155.09,19.88],[-155.2,19.99],[-155.62,20.16],[-155.83,20.28],[-155.87,20.26],[-155.89,20.17],[-155.82,20.01],[-155.91,19.89],[-155.99,19.83],[-156.05,19.75],[-155.89,19.38],[-155.91,19.13],[-155.88,19.07],[-155.68,18.97],[-155.63,18.96],[-155.58,19.01]]]]}},
{"type":"Feature","properties":{"r":61,"c":16,"name":"Iowa","code":"IA"},"geometry":{"type":"Polygon","coordinates":[[[-91.44,40.38],[-91.39,40.4],[-91.39,40.54],[-91.34,40.6],[-91.22,40.65],[-91.1,40.75],[-91,40.9],[-90.95,41.02],[-91,41.15],[-91.07,41.21],[-91.08,41.28],[-91.05,41.37],[-90.94,41.43],[-90.75,41.45],[-90.59,41.49],[-90.44,41.56],[-90.35,41.63],[-90.28,41.77],[-90.22,41.81],[-90.18,41.88],[-90.15,41.98],[-90.17,42.1],[-90.23,42.15],[-90.35,42.21],[-90.48,42.38],[-90.59,42.44],[-90.65,42.51],[-90.66,42.52],[-90.69,42.61],[-90.79,42.68],[-90.96,42.72],[-91.07,42.79],[-91.15,42.99],[-91.16,43.1],[-91.15,43.2],[-91.11,43.28],[-91.12,43.33],[-91.18,43.36],[-91.24,43.44],[-91.25,43.5],[-91.58,43.5],[-96.13,43.5],[-96.45,43.5],[-96.6,43.5],[-96.53,43.34],[-96.57,43.28],[-96.56,43.23],[-96.49,43.21],[-96.46,43.13],[-96.56,42.86],[-96.63,42.76],[-96.62,42.73],[-96.54,42.66],[-96.51,42.59],[-96.48,42.51],[-96.45,42.51],[-96.38,42.42],[-96.36,42.26],[-96.3,42.13],[-96.15,41.97],[-96.15,41.92],[-96.09,41.82],[-96.07,41.73],[-96.08,41.61],[-96.06,41.55],[-96.01,41.54],[-95.99,41.52],[-96,41.49],[-95.94,41.46],[-95.94,41.33],[-95.89,41.32],[-95.88,41.29],[-95.91,41.25],[-95.91,41.21],[-95.87,41.19],[-95.85,41.08],[-95.83,40.89],[-95.84,40.78],[-95.86,40.75],[-95.83,40.68],[-95.77,40.6],[-95.52,40.6],[-91.73,40.62],[-91.68,40.55],[-91.55,40.47],[-91.53,40.43],[-91.44,40.38]]]}},
{"type":"Feature","properties":{"r":62,"c":16,"name":"Idaho","code":"ID"},"geometry":{"type":"Polygon","coordinates":[[[-117.04,48.99],[-117.04,48.83],[-117.04,46.4],[-116.94,46.23],[-116.92,46.16],[-116.95,46.12],[-116.93,46.06],[-116.9,46],[-116.87,45.96],[-116.76,45.87],[-116.62,45.8],[-116.52,45.72],[-116.48,45.64],[-116.55,45.46],[-116.74,45.17],[-116.84,44.99],[-116.86,44.91],[-116.95,44.77],[-117.12,44.58],[-117.2,44.44],[-117.2,44.34],[-117.14,44.29],[-117.03,44.28],[-116.95,44.25],[-116.91,44.2],[-116.91,44.16],[-116.96,44.08],[-116.94,44.04],[-116.96,43.96],[-117.02,43.81],[-117.02,42.22],[-117.02,42],[-116.64,42],[-114.41,42],[-114.04,42],[-113.86,42],[-111.24,42],[-111.05,42],[-111.05,42.16],[-111.05,44.34],[-111.05,44.5],[-111.12,44.53],[-111.2,44.59],[-111.3,44.72],[-111.37,44.75],[-111.45,44.71],[-111.49,44.62],[-111.47,44.56],[-111.5,44.54],[-111.66,44.56],[-111.8,44.54],[-112.23,44.56],[-112.29,44.55],[-112.38,44.47],[-112.72,44.5],[-112.79,44.46],[-112.83,44.4],[-112.85,44.4],[-112.97,44.45],[-113,44.48],[-113.06,44.67],[-113.14,44.77],[-113.23,44.81],[-113.32,44.8],[-113.46,44.9],[-113.45,45.03],[-113.5,45.11],[-113.56,45.14],[-113.7,45.3],[-113.8,45.54],[-113.81,45.61],[-113.94,45.68],[-113.99,45.69],[-114.12,45.58],[-114.3,45.49],[-114.53,45.58],[-114.5,45.69],[-114.53,45.78],[-114.52,45.82],[-114.41,45.87],[-114.4,45.89],[-114.42,45.98],[-114.48,46.04],[-114.46,46.11],[-114.49,46.16],[-114.45,46.2],[-114.38,46.45],[-114.39,46.5],[-114.35,46.55],[-114.33,46.64],[-114.35,46.67],[-114.52,46.65],[-114.6,46.66],[-114.66,46.75],[-114.75,46.73],[-114.79,46.78],[-114.89,46.84],[-114.94,46.92],[-115.35,47.26],[-115.49,47.31],[-115.71,47.45],[-115.67,47.5],[-115.71,47.55],[-115.69,47.61],[-115.73,47.71],[-116.05,48],[-116.05,48.75],[-116.05,48.99],[-116.29,48.99],[-116.72,48.99],[-117.04,48.99]]]}},
{"type":"Feature","properties":{"r":63,"c":16,"name":"Illinois","code":"IL"},"geometry":{"type":"Polygon","coordinates":[[[-91.44,40.38],[-91.5,40.23],[-91.5,40.1],[-91.47,39.94],[-91.38,39.75],[-91.21,39.6],[-90.92,39.39],[-90.74,39.18],[-90.66,38.99],[-90.58,38.91],[-90.48,38.95],[-90.22,38.9],[-90.13,38.85],[-90.13,38.82],[-90.32,38.46],[-90.37,38.31],[-90.37,38.25],[-90.3,38.17],[-90.17,38.07],[-90.06,38],[-89.97,37.97],[-89.62,37.75],[-89.52,37.64],[-89.5,37.51],[-89.46,37.43],[-89.46,37.37],[-89.5,37.3],[-89.49,37.21],[-89.41,37.1],[-89.3,37.01],[-89.28,37.08],[-89.22,37.05],[-89.15,36.99],[-89.17,37.04],[-89.05,37.18],[-88.87,37.19],[-88.61,37.11],[-88.47,37.09],[-88.45,37.12],[-88.45,37.18],[-88.51,37.32],[-88.49,37.36],[-88.39,37.41],[-88.19,37.46],[-88.11,37.53],[-88.14,37.62],[-88.13,37.7],[-88.07,37.77],[-88.04,37.79],[-88.1,37.88],[-88.09,37.9],[-88.06,37.9],[-88.04,37.94],[-88.03,38.06],[-87.99,38.09],[-88.01,38.11],[-87.96,38.14],[-87.95,38.18],[-87.98,38.21],[-87.98,38.25],[-87.92,38.3],[-87.87,38.3],[-87.74,38.47],[-87.68,38.49],[-87.53,38.74],[-87.53,38.91],[-87.65,39.17],[-87.61,39.19],[-87.61,39.29],[-87.58,39.34],[-87.53,39.37],[-87.52,41.76],[-87.37,41.76],[-87.22,41.76],[-87.18,41.94],[-87.08,42.31],[-87.04,42.49],[-87.49,42.5],[-90.19,42.51],[-90.65,42.51],[-90.59,42.44],[-90.48,42.38],[-90.35,42.21],[-90.23,42.15],[-90.17,42.1],[-90.15,41.98],[-90.18,41.88],[-90.22,41.81],[-90.28,41.77],[-90.35,41.63],[-90.44,41.56],[-90.59,41.49],[-90.75,41.45],[-90.94,41.43],[-91.05,41.37],[-91.08,41.28],[-91.07,41.21],[-91,41.15],[-90.95,41.02],[-91,40.9],[-91.1,40.75],[-91.22,40.65],[-91.34,40.6],[-91.39,40.54],[-91.39,40.4],[-91.44,40.38]]]}},
{"type":"Feature","properties":{"r":64,"c":16,"name":"Indiana","code":"IN"},"geometry":{"type":"Polygon","coordinates":[[[-88.04,37.79],[-88.02,37.8],[-87.94,37.79],[-87.91,37.82],[-87.91,37.9],[-87.87,37.92],[-87.83,37.89],[-87.68,37.89],[-87.64,37.83],[-87.6,37.89],[-87.59,37.96],[-87.56,37.93],[-87.52,37.92],[-87.46,37.94],[-87.37,37.92],[-87.14,37.81],[-87.09,37.82],[-87.04,37.89],[-86.97,37.94],[-86.87,37.98],[-86.77,37.96],[-86.67,37.89],[-86.6,37.87],[-86.52,37.96],[-86.5,38.05],[-86.46,38.06],[-86.46,38.12],[-86.43,38.14],[-86.37,38.14],[-86.35,38.16],[-86.36,38.18],[-86.31,38.16],[-86.28,38.13],[-86.27,38.08],[-86.21,38.04],[-86.1,37.99],[-86.02,37.98],[-85.96,38.01],[-85.85,38.22],[-85.79,38.29],[-85.71,38.3],[-85.65,38.35],[-85.55,38.48],[-85.46,38.53],[-85.42,38.6],[-85.44,38.68],[-85.41,38.73],[-85.31,38.74],[-85.25,38.73],[-85.17,38.69],[-84.9,38.77],[-84.8,38.82],[-84.79,38.87],[-84.86,38.93],[-84.84,38.96],[-84.86,39.04],[-84.84,39.08],[-84.82,39.09],[-84.82,39.42],[-84.8,41.38],[-84.8,41.7],[-84.8,41.76],[-86.92,41.76],[-87.22,41.76],[-87.37,41.76],[-87.52,41.76],[-87.53,39.37],[-87.58,39.34],[-87.61,39.29],[-87.61,39.19],[-87.65,39.17],[-87.53,38.91],[-87.53,38.74],[-87.68,38.49],[-87.74,38.47],[-87.87,38.3],[-87.92,38.3],[-87.98,38.25],[-87.98,38.21],[-87.95,38.18],[-87.96,38.14],[-88.01,38.11],[-87.99,38.09],[-88.03,38.06],[-88.04,37.94],[-88.06,37.9],[-88.09,37.9],[-88.1,37.88],[-88.04,37.79]]]}},
{"type":"Feature","properties":{"r":65,"c":16,"name":"Kansas","code":"KS"},"geometry":{"type":"Polygon","coordinates":[[[-102.01,37],[-101.78,37],[-94.85,37],[-94.62,37],[-94.62,37.13],[-94.62,39.12],[-94.78,39.19],[-94.85,39.26],[-94.88,39.34],[-94.95,39.43],[-95.06,39.51],[-95.08,39.6],[-94.95,39.74],[-94.9,39.74],[-94.89,39.78],[-94.93,39.86],[-94.98,39.89],[-95.12,39.87],[-95.35,40],[-95.53,40],[-101.81,40],[-102.02,40],[-102.02,39.81],[-102.01,37.19],[-102.01,37]]]}},
{"type":"Feature","properties":{"r":66,"c":16,"name":"Kentucky","code":"KY"},"geometry":{"type":"MultiPolygon","coordinates":[[[[-89.15,36.99],[-89.12,36.91],[-89.13,36.81],[-89.2,36.63],[-89.26,36.59],[-89.33,36.62],[-89.4,36.59],[-89.45,36.5],[-89.25,36.5],[-88.06,36.5],[-88.06,36.59],[-88.1,36.69],[-87.87,36.68],[-87.84,36.64],[-86.16,36.66],[-83.73,36.59],[-83.68,36.6],[-83.67,36.61],[-83.57,36.65],[-83.15,36.76],[-83.04,36.85],[-82.89,36.91],[-82.83,36.98],[-82.73,37.05],[-82.68,37.14],[-82.34,37.3],[-81.97,37.54],[-82.1,37.57],[-82.28,37.69],[-82.62,38.15],[-82.58,38.27],[-82.59,38.42],[-82.61,38.45],[-82.62,38.45],[-82.76,38.54],[-82.84,38.63],[-82.88,38.71],[-83,38.71],[-83.2,38.64],[-83.36,38.63],[-83.54,38.7],[-83.69,38.65],[-83.75,38.67],[-83.83,38.73],[-84.11,38.8],[-84.23,38.87],[-84.36,39.05],[-84.43,39.09],[-84.66,39.09],[-84.71,39.13],[-84.77,39.12],[-84.82,39.09],[-84.84,39.08],[-84.86,39.04],[-84.84,38.96],[-84.86,38.93],[-84.79,38.87],[-84.8,38.82],[-84.9,38.77],[-85.17,38.69],[-85.25,38.73],[-85.31,38.74],[-85.41,38.73],[-85.44,38.68],[-85.42,38.6],[-85.46,38.53],[-85.55,38.48],[-85.65,38.35],[-85.71,38.3],[-85.79,38.29],[-85.85,38.22],[-85.96,38.01],[-86.02,37.98],[-86.1,37.99],[-86.21,38.04],[-86.27,38.08],[-86.28,38.13],[-86.31,38.16],[-86.36,38.18],[-86.35,38.16],[-86.37,38.14],[-86.43,38.14],[-86.46,38.12],[-86.46,38.06],[-86.5,38.05],[-86.52,37.96],[-86.6,37.87],[-86.67,37.89],[-86.77,37.96],[-86.87,37.98],[-86.97,37.94],[-87.04,37.89],[-87.09,37.82],[-87.14,37.81],[-87.37,37.92],[-87.46,37.94],[-87.52,37.92],[-87.56,37.93],[-87.59,37.96],[-87.6,37.89],[-87.64,37.83],[-87.68,37.89],[-87.83,37.89],[-87.87,37.92],[-87.91,37.9],[-87.91,37.82],[-87.94,37.79],[-88.02,37.8],[-88.04,37.79],[-88.07,37.77],[-88.13,37.7],[-88.14,37.62],[-88.11,37.53],[-88.19,37.46],[-88.39,37.41],[-88.49,37.36],[-88.51,37.32],[-88.45,37.18],[-88.45,37.12],[-88.47,37.09],[-88.61,37.11],[-88.87,37.19],[-89.05,37.18],[-89.17,37.04],[-89.15,36.99]]],[[[-89.49,36.5],[-89.5,36.53],[-89.54,36.56],[-89.56,36.54],[-89.56,36.51],[-89.56,36.5],[-89.49,36.5]]]]}},
{"type":"Feature","properties":{"r":67,"c":16,"name":"Louisiana","code":"LA"},"geometry":{"type":"MultiPolygon","coordinates":[[[[-94.04,33.01],[-94.04,32.89],[-94.04,32],[-93.91,31.88],[-93.85,31.79],[-93.83,31.75],[-93.81,31.57],[-93.74,31.51],[-93.74,31.48],[-93.66,31.37],[-93.67,31.32],[-93.6,31.21],[-93.56,31.18],[-93.53,31.05],[-93.56,31],[-93.55,30.95],[-93.62,30.71],[-93.67,30.66],[-93.72,30.56],[-93.72,30.47],[-93.75,30.34],[-93.72,30.28],[-93.71,30.11],[-93.79,29.98],[-93.77,29.95],[-93.77,29.91],[-93.81,29.85],[-93.88,29.81],[-93.87,29.76],[-93.83,29.73],[-93.69,29.77],[-93.28,29.79],[-93.18,29.78],[-92.95,29.71],[-92.79,29.63],[-92.67,29.6],[-92.26,29.56],[-92.08,29.59],[-92.06,29.62],[-92.14,29.7],[-92.02,29.8],[-91.89,29.84],[-91.82,29.75],[-91.67,29.75],[-91.51,29.56],[-91.33,29.51],[-91.28,29.56],[-91.25,29.56],[-91.26,29.51],[-91.24,29.46],[-91.15,29.32],[-91.24,29.33],[-91.28,29.32],[-91.29,29.29],[-91,29.19],[-90.75,29.13],[-90.68,29.15],[-90.59,29.27],[-90.5,29.3],[-90.38,29.3],[-90.3,29.26],[-90.25,29.13],[-90.21,29.1],[-90.14,29.14],[-90.1,29.18],[-90.08,29.24],[-90.05,29.34],[-90.05,29.43],[-90.16,29.5],[-90.16,29.54],[-89.88,29.46],[-89.82,29.42],[-89.79,29.33],[-89.72,29.31],[-89.67,29.32],[-89.52,29.25],[-89.44,29.19],[-89.35,29.07],[-89.38,28.98],[-89.33,29],[-89.24,29.08],[-89.16,29.02],[-89.11,29.1],[-89.02,29.14],[-89.02,29.2],[-89.12,29.25],[-89.18,29.34],[-89.25,29.33],[-89.51,29.42],[-89.58,29.49],[-89.67,29.54],[-89.72,29.62],[-89.68,29.67],[-89.62,29.67],[-89.56,29.7],[-89.59,29.73],[-89.53,29.77],[-89.35,29.82],[-89.36,29.92],[-89.41,30.01],[-89.4,30.05],[-89.49,30.06],[-89.56,30],[-89.59,29.92],[-89.63,29.9],[-89.74,29.93],[-89.82,30.01],[-89.67,30.12],[-89.67,30.14],[-89.74,30.17],[-89.81,30.12],[-89.89,30.13],[-89.99,30.06],[-90.18,30.03],[-90.41,30.14],[-90.33,30.28],[-90.23,30.38],[-90.05,30.35],[-89.95,30.27],[-89.59,30.17],[-89.52,30.19],[-89.59,30.22],[-89.69,30.46],[-89.82,30.61],[-89.84,30.73],[-89.76,30.89],[-89.74,31],[-91.66,31],[-91.65,31.03],[-91.61,31.06],[-91.6,31.11],[-91.63,31.22],[-91.62,31.28],[-91.56,31.29],[-91.53,31.35],[-91.51,31.52],[-91.46,31.55],[-91.41,31.64],[-91.37,31.77],[-91.29,31.88],[-91.16,31.97],[-91.09,32.05],[-91.09,32.1],[-91.07,32.13],[-90.95,32.24],[-90.94,32.33],[-91.06,32.42],[-91.1,32.49],[-91.12,32.59],[-91.15,32.63],[-91.14,32.66],[-91.09,32.69],[-91.09,32.73],[-91.14,32.76],[-91.14,32.81],[-91.09,32.89],[-91.1,32.94],[-91.14,32.97],[-91.15,33.02],[-91.35,33.02],[-93.86,33.01],[-94.04,33.01]]],[[[-89.22,30.08],[-89.18,30.17],[-89.34,30.06],[-89.27,30.06],[-89.22,30.04],[-89.22,30.08]]],[[[-88.83,29.81],[-88.81,29.93],[-88.87,30.06],[-88.83,29.93],[-88.86,29.78],[-88.83,29.81]]],[[[-88.89,29.71],[-88.87,29.75],[-88.94,29.68],[-88.94,29.66],[-88.89,29.71]]],[[[-91.79,29.5],[-91.75,29.57],[-91.88,29.64],[-91.93,29.64],[-92.01,29.61],[-92,29.57],[-91.83,29.49],[-91.79,29.5]]]]}},
{"type":"Feature","properties":{"r":68,"c":16,"name":"Massachusetts","code":"MA"},"geometry":{"type":"MultiPolygon","coordinates":[[[[-71.8,42.01],[-71.73,42.01],[-71.39,42.02],[-71.38,41.9],[-71.34,41.89],[-71.34,41.8],[-71.23,41.71],[-71.18,41.74],[-71.15,41.75],[-71.2,41.64],[-71.19,41.52],[-71.17,41.49],[-71.08,41.54],[-70.97,41.55],[-70.7,41.71],[-70.67,41.71],[-70.66,41.53],[-70.48,41.58],[-70.4,41.63],[-70.06,41.68],[-69.95,41.68],[-69.93,41.71],[-69.98,41.96],[-70.11,42.08],[-70.16,42.1],[-70.24,42.09],[-70.24,42.07],[-70.2,42.04],[-70.17,42.06],[-70.11,42.03],[-70,41.83],[-70.14,41.77],[-70.3,41.73],[-70.43,41.76],[-70.51,41.8],[-70.55,41.94],[-70.66,41.99],[-70.62,42.04],[-70.74,42.23],[-71,42.3],[-71.05,42.33],[-70.93,42.43],[-70.83,42.55],[-70.75,42.57],[-70.66,42.62],[-70.61,42.62],[-70.6,42.65],[-70.62,42.67],[-70.7,42.66],[-70.74,42.67],[-70.83,42.83],[-70.81,42.88],[-70.97,42.87],[-71.14,42.81],[-71.24,42.73],[-71.33,42.7],[-72.32,42.73],[-72.47,42.73],[-72.57,42.73],[-73.16,42.75],[-73.25,42.75],[-73.29,42.67],[-73.51,42.08],[-73.48,42.06],[-73.4,42.05],[-72.89,42.04],[-72.81,42.03],[-72.81,42.01],[-72.76,42.01],[-72.76,42.03],[-71.8,42.02],[-71.8,42.01]]],[[[-70.51,41.38],[-70.53,41.41],[-70.62,41.46],[-70.67,41.45],[-70.76,41.37],[-70.83,41.36],[-70.79,41.33],[-70.51,41.38]]],[[[-69.98,41.27],[-70.04,41.4],[-70.06,41.33],[-70.23,41.29],[-70.06,41.25],[-69.98,41.27]]]]}},
{"type":"Feature","properties":{"r":69,"c":16,"name":"Maryland","code":"MD"},"geometry":{"type":"MultiPolygon","coordinates":[[[[-77.03,38.89],[-77.02,38.78],[-77.05,38.71],[-77.13,38.65],[-77.22,38.54],[-77.24,38.49],[-77.23,38.41],[-77.16,38.4],[-77.08,38.44],[-77,38.45],[-76.99,38.39],[-76.89,38.29],[-76.87,38.39],[-76.77,38.26],[-76.59,38.23],[-76.45,38.17],[-76.34,38.09],[-76.33,38.14],[-76.41,38.27],[-76.64,38.45],[-76.67,38.54],[-76.68,38.61],[-76.65,38.54],[-76.57,38.44],[-76.44,38.36],[-76.39,38.37],[-76.5,38.53],[-76.54,38.74],[-76.52,38.79],[-76.52,38.9],[-76.49,38.95],[-76.56,39.07],[-76.47,39.03],[-76.42,39.07],[-76.43,39.13],[-76.49,39.16],[-76.57,39.27],[-76.42,39.22],[-76.4,39.25],[-76.41,39.3],[-76.36,39.32],[-76.35,39.39],[-76.33,39.4],[-76.28,39.32],[-76.25,39.44],[-76.22,39.42],[-76.22,39.38],[-76.14,39.4],[-76.08,39.47],[-76.09,39.53],[-76.06,39.56],[-75.96,39.59],[-75.97,39.5],[-75.87,39.51],[-76,39.41],[-75.88,39.38],[-76.07,39.37],[-76.15,39.32],[-76.24,39.19],[-76.22,39.06],[-76.13,39.12],[-76.14,39.08],[-76.19,38.99],[-76.31,39.01],[-76.33,38.91],[-76.24,38.94],[-76.19,38.92],[-76.17,38.85],[-76.25,38.82],[-76.3,38.82],[-76.34,38.71],[-76.31,38.72],[-76.28,38.77],[-76.21,38.76],[-76.06,38.62],[-76.02,38.63],[-76,38.6],[-76.11,38.6],[-76.2,38.62],[-76.26,38.6],[-76.29,38.49],[-76.21,38.36],[-76.05,38.28],[-76.02,38.29],[-75.99,38.33],[-75.97,38.29],[-75.89,38.36],[-75.86,38.36],[-75.88,38.32],[-75.86,38.26],[-75.88,38.21],[-75.93,38.17],[-75.86,38.14],[-75.8,38.09],[-75.85,37.97],[-75.74,37.97],[-75.66,37.95],[-75.62,38],[-75.38,38.02],[-75.35,38.07],[-75.29,38.13],[-75.23,38.24],[-75.16,38.26],[-75.12,38.41],[-75.09,38.43],[-75.07,38.41],[-75.07,38.37],[-75.05,38.38],[-75.04,38.43],[-75.04,38.46],[-75.71,38.46],[-75.78,39.56],[-75.78,39.72],[-76.02,39.72],[-79.25,39.72],[-79.48,39.72],[-79.48,39.59],[-79.49,39.21],[-79.36,39.29],[-79.29,39.31],[-79.08,39.48],[-78.97,39.45],[-78.81,39.57],[-78.78,39.63],[-78.74,39.58],[-78.68,39.55],[-78.5,39.53],[-78.41,39.63],[-78.33,39.64],[-78.18,39.69],[-78.1,39.68],[-78.03,39.63],[-77.96,39.61],[-77.86,39.6],[-77.87,39.58],[-77.85,39.55],[-77.78,39.49],[-77.8,39.46],[-77.74,39.4],[-77.74,39.35],[-77.73,39.35],[-77.67,39.31],[-77.53,39.27],[-77.48,39.22],[-77.51,39.14],[-77.48,39.11],[-77.3,39.05],[-77.19,38.97],[-77.12,38.94],[-77.04,39.01],[-76.93,38.89],[-77.02,38.81],[-77.03,38.89]]],[[[-75.23,38.04],[-75.2,38.07],[-75.1,38.3],[-75.23,38.07],[-75.25,38.04],[-75.23,38.04]]]]}},
{"type":"Feature","properties":{"r":70,"c":16,"name":"Maine","code":"ME"},"geometry":{"type":"MultiPolygon","coordinates":[[[[-69.05,47.29],[-69.06,47.34],[-69.05,47.43],[-69.24,47.46],[-70.01,46.71],[-70.07,46.44],[-70.25,46.25],[-70.3,46.06],[-70.3,45.91],[-70.41,45.8],[-70.42,45.74],[-70.6,45.64],[-70.7,45.55],[-70.69,45.43],[-70.71,45.41],[-70.8,45.4],[-70.84,45.37],[-70.84,45.31],[-70.87,45.27],[-70.9,45.26],[-70.96,45.33],[-71,45.34],[-71.06,45.31],[-71.08,45.29],[-71.08,45.19],[-70.96,43.39],[-70.83,43.24],[-70.81,43.16],[-70.73,43.07],[-70.69,43.11],[-70.64,43.13],[-70.52,43.35],[-70.2,43.63],[-70.27,43.67],[-70.18,43.77],[-69.97,43.86],[-69.97,43.79],[-69.87,43.82],[-69.81,43.77],[-69.79,43.81],[-69.8,43.91],[-69.77,43.9],[-69.76,43.86],[-69.73,43.85],[-69.7,43.96],[-69.65,43.99],[-69.62,43.88],[-69.59,43.89],[-69.56,43.98],[-69.52,43.9],[-69.34,44],[-69.23,43.99],[-69.14,44.04],[-69.07,44.1],[-69.06,44.17],[-68.96,44.35],[-68.96,44.43],[-68.85,44.49],[-68.76,44.57],[-68.79,44.45],[-68.71,44.44],[-68.79,44.38],[-68.81,44.34],[-68.72,44.34],[-68.61,44.31],[-68.57,44.27],[-68.53,44.26],[-68.51,44.3],[-68.52,44.38],[-68.45,44.51],[-68.42,44.47],[-68.37,44.45],[-68.28,44.51],[-68.2,44.52],[-68.12,44.49],[-68.06,44.38],[-67.98,44.42],[-67.96,44.46],[-67.91,44.45],[-67.84,44.58],[-67.79,44.59],[-67.65,44.56],[-67.6,44.58],[-67.56,44.64],[-67.36,44.7],[-67.19,44.68],[-66.99,44.83],[-67.01,44.87],[-67.11,44.89],[-67.11,44.94],[-67.08,44.99],[-67.13,45.14],[-67.12,45.17],[-67.25,45.2],[-67.32,45.15],[-67.37,45.17],[-67.47,45.28],[-67.43,45.38],[-67.49,45.5],[-67.42,45.53],[-67.41,45.57],[-67.43,45.6],[-67.66,45.64],[-67.73,45.69],[-67.78,45.7],[-67.8,45.73],[-67.77,45.93],[-67.79,46.04],[-67.81,47.08],[-67.93,47.17],[-68.24,47.35],[-68.36,47.34],[-68.48,47.29],[-68.83,47.2],[-68.94,47.21],[-69.05,47.27],[-69.05,47.29]]],[[[-68.19,44.33],[-68.24,44.44],[-68.3,44.46],[-68.41,44.36],[-68.41,44.29],[-68.32,44.25],[-68.31,44.32],[-68.25,44.31],[-68.19,44.33]]],[[[-68.62,44.2],[-68.68,44.26],[-68.69,44.25],[-68.7,44.18],[-68.62,44.2]]]]}},
{"type":"Feature","properties":{"r":71,"c":16,"name":"Michigan","code":"MI"},"geometry":{"type":"Polygon","coordinates":[[[-89.5,48],[-89.61,47.82],[-89.84,47.46],[-89.96,47.29],[-90.01,47.2],[-90.41,46.59],[-90.39,46.55],[-90.34,46.56],[-90.23,46.51],[-90.12,46.34],[-89.12,46.15],[-88.84,46.04],[-88.63,46.01],[-88.49,46.01],[-88.15,45.95],[-88.1,45.91],[-88.12,45.82],[-87.92,45.76],[-87.81,45.69],[-87.79,45.6],[-87.86,45.45],[-87.87,45.37],[-87.77,45.36],[-87.7,45.38],[-87.66,45.37],[-87.72,45.2],[-87.65,45.12],[-87.46,45.07],[-87.42,45.18],[-87.24,45.29],[-87.12,45.45],[-86.77,45.45],[-86.26,45.23],[-86.54,45.04],[-86.71,44.85],[-87.03,44.09],[-87.14,43.66],[-87.16,43.33],[-87.08,42.78],[-87.04,42.49],[-87.08,42.31],[-87.18,41.94],[-87.22,41.76],[-86.92,41.76],[-84.8,41.76],[-84.8,41.7],[-84.46,41.71],[-83.46,41.74],[-83.3,41.84],[-83.12,41.95],[-83.14,41.98],[-83.15,42.14],[-83.11,42.25],[-83.07,42.3],[-82.87,42.39],[-82.55,42.62],[-82.49,42.74],[-82.41,43.07],[-82.14,43.57],[-82.55,45.35],[-83.59,45.82],[-83.47,45.99],[-83.52,46.06],[-83.62,46.12],[-83.76,46.11],[-83.91,46.07],[-83.98,46.08],[-84.09,46.23],[-84.11,46.29],[-84.15,46.44],[-84.12,46.5],[-84.13,46.53],[-84.19,46.55],[-84.4,46.52],[-84.5,46.46],[-84.56,46.46],[-84.78,46.64],[-84.88,46.9],[-86.67,47.64],[-88.16,48.23],[-88.38,48.3],[-88.61,48.26],[-89.27,48.02],[-89.46,48],[-89.5,48]]]}},
{"type":"Feature","properties":{"r":72,"c":16,"name":"Minnesota","code":"MN"},"geometry":{"type":"Polygon","coordinates":[[[-97.23,48.99],[-97.13,48.68],[-97.13,48.17],[-97.01,47.93],[-96.99,47.82],[-96.86,47.59],[-96.83,47.02],[-96.82,46.97],[-96.77,46.92],[-96.8,46.8],[-96.79,46.65],[-96.73,46.47],[-96.62,46.33],[-96.56,46.14],[-96.57,46.02],[-96.56,45.94],[-96.59,45.84],[-96.61,45.8],[-96.85,45.63],[-96.85,45.6],[-96.7,45.43],[-96.53,45.37],[-96.45,45.3],[-96.45,43.73],[-96.45,43.5],[-96.13,43.5],[-91.58,43.5],[-91.25,43.5],[-91.28,43.8],[-91.32,43.94],[-91.38,43.99],[-91.84,44.19],[-91.91,44.29],[-92.15,44.45],[-92.24,44.46],[-92.44,44.59],[-92.54,44.6],[-92.77,44.73],[-92.8,44.79],[-92.76,44.93],[-92.79,45.07],[-92.76,45.11],[-92.77,45.24],[-92.68,45.43],[-92.76,45.54],[-92.89,45.59],[-92.9,45.66],[-92.69,45.91],[-92.29,46.08],[-92.29,46.66],[-92.22,46.67],[-92.13,46.76],[-91.96,46.73],[-91.26,47.02],[-90.65,47.31],[-90.13,47.29],[-89.96,47.29],[-89.84,47.46],[-89.61,47.82],[-89.5,48],[-89.55,48],[-89.78,48.02],[-89.9,48],[-89.99,48.02],[-90.09,48.12],[-90.32,48.1],[-90.74,48.1],[-90.8,48.13],[-90.84,48.2],[-90.92,48.21],[-91.04,48.19],[-91.22,48.1],[-91.39,48.06],[-91.52,48.06],[-91.65,48.1],[-91.86,48.2],[-92.01,48.3],[-92.17,48.34],[-92.3,48.33],[-92.35,48.28],[-92.41,48.28],[-92.5,48.44],[-92.84,48.57],[-93,48.61],[-93.16,48.63],[-93.38,48.62],[-93.46,48.56],[-93.71,48.53],[-93.8,48.55],[-93.85,48.61],[-94.06,48.66],[-94.62,48.74],[-94.68,48.77],[-94.71,48.81],[-94.71,48.86],[-94.8,49],[-94.84,49.12],[-94.85,49.3],[-94.94,49.35],[-95.16,49.37],[-95.16,49.2],[-95.16,48.99],[-97.1,48.99],[-97.23,48.99]]]}},
{"type":"Feature","properties":{"r":73,"c":16,"name":"Missouri","code":"MO"},"geometry":{"type":"Polygon","coordinates":[[[-89.7,36],[-89.7,36.03],[-89.64,36.1],[-89.63,36.17],[-89.67,36.22],[-89.65,36.25],[-89.58,36.27],[-89.61,36.32],[-89.6,36.35],[-89.56,36.37],[-89.54,36.43],[-89.56,36.5],[-89.56,36.51],[-89.54,36.56],[-89.5,36.53],[-89.49,36.5],[-89.47,36.49],[-89.45,36.5],[-89.4,36.59],[-89.33,36.62],[-89.26,36.59],[-89.2,36.63],[-89.13,36.81],[-89.12,36.91],[-89.15,36.99],[-89.22,37.05],[-89.28,37.08],[-89.3,37.01],[-89.41,37.1],[-89.49,37.21],[-89.5,37.3],[-89.46,37.37],[-89.46,37.43],[-89.52,37.58],[-89.52,37.64],[-89.62,37.75],[-89.97,37.97],[-90.06,38],[-90.17,38.07],[-90.3,38.17],[-90.37,38.25],[-90.37,38.31],[-90.32,38.46],[-90.13,38.82],[-90.13,38.85],[-90.22,38.9],[-90.48,38.95],[-90.58,38.91],[-90.66,38.99],[-90.74,39.18],[-90.92,39.39],[-91.21,39.6],[-91.38,39.75],[-91.47,39.94],[-91.5,40.1],[-91.5,40.23],[-91.44,40.38],[-91.53,40.43],[-91.55,40.47],[-91.68,40.55],[-91.73,40.62],[-95.52,40.6],[-95.77,40.6],[-95.74,40.57],[-95.68,40.47],[-95.66,40.36],[-95.61,40.3],[-95.52,40.26],[-95.46,40.2],[-95.43,40.1],[-95.36,40.01],[-95.35,40],[-95.12,39.87],[-94.98,39.89],[-94.93,39.86],[-94.89,39.78],[-94.9,39.74],[-94.95,39.74],[-95.08,39.6],[-95.06,39.51],[-94.95,39.43],[-94.88,39.34],[-94.85,39.26],[-94.78,39.19],[-94.62,39.12],[-94.62,37.13],[-94.62,37],[-94.62,36.88],[-94.62,36.63],[-94.62,36.5],[-94.34,36.5],[-90.16,36.5],[-90.12,36.42],[-90.07,36.37],[-90.08,36.3],[-90.15,36.22],[-90.22,36.18],[-90.3,36.1],[-90.38,35.99],[-89.89,36],[-89.7,36]]]}},
{"type":"Feature","properties":{"r":74,"c":16,"name":"Mississippi","code":"MS"},"geometry":{"type":"MultiPolygon","coordinates":[[[[-88.17,35],[-88.44,35],[-90.04,35],[-90.29,35],[-90.29,34.97],[-90.28,34.95],[-90.32,34.9],[-90.42,34.85],[-90.47,34.81],[-90.47,34.76],[-90.54,34.73],[-90.58,34.5],[-90.64,34.41],[-90.72,34.39],[-90.76,34.36],[-90.77,34.31],[-90.82,34.25],[-90.91,34.19],[-90.94,34.13],[-90.91,34.05],[-91.06,33.99],[-91.07,33.97],[-91.04,33.9],[-91.05,33.83],[-91.21,33.68],[-91.17,33.65],[-91.17,33.62],[-91.21,33.58],[-91.19,33.52],[-91.15,33.5],[-91.14,33.44],[-91.17,33.36],[-91.16,33.29],[-91.11,33.22],[-91.15,33.04],[-91.15,33.02],[-91.14,32.97],[-91.1,32.94],[-91.09,32.89],[-91.14,32.81],[-91.14,32.76],[-91.09,32.73],[-91.09,32.69],[-91.14,32.66],[-91.15,32.63],[-91.12,32.59],[-91.1,32.49],[-91.06,32.42],[-90.94,32.33],[-90.95,32.24],[-91.07,32.13],[-91.09,32.1],[-91.09,32.05],[-91.16,31.97],[-91.29,31.88],[-91.37,31.77],[-91.41,31.64],[-91.46,31.55],[-91.51,31.52],[-91.53,31.35],[-91.56,31.29],[-91.62,31.28],[-91.63,31.22],[-91.6,31.11],[-91.61,31.06],[-91.65,31.03],[-91.66,31],[-89.74,31],[-89.76,30.89],[-89.84,30.73],[-89.82,30.61],[-89.69,30.46],[-89.59,30.22],[-89.52,30.19],[-89.44,30.22],[-89.32,30.35],[-89.22,30.33],[-88.91,30.42],[-88.82,30.41],[-88.69,30.36],[-88.4,30.37],[-88.49,31.89],[-88.08,34.93],[-88.17,35]]],[[[-88.56,30.22],[-88.72,30.26],[-88.71,30.24],[-88.57,30.2],[-88.56,30.22]]]]}},
{"type":"Feature","properties":{"r":75,"c":16,"name":"Montana","code":"MT"},"geometry":{"type":"Polygon","coordinates":[[[-114.06,48.99],[-114.16,48.99],[-115.86,48.99],[-116.05,48.99],[-116.05,48.75],[-116.05,48],[-115.73,47.71],[-115.69,47.61],[-115.71,47.55],[-115.67,47.5],[-115.71,47.45],[-115.49,47.31],[-115.35,47.26],[-115.31,47.23],[-114.94,46.92],[-114.89,46.84],[-114.79,46.78],[-114.75,46.73],[-114.66,46.75],[-114.6,46.66],[-114.52,46.65],[-114.35,46.67],[-114.33,46.64],[-114.35,46.55],[-114.39,46.5],[-114.38,46.45],[-114.45,46.2],[-114.49,46.16],[-114.46,46.11],[-114.48,46.04],[-114.42,45.98],[-114.4,45.89],[-114.41,45.87],[-114.52,45.82],[-114.53,45.78],[-114.5,45.69],[-114.53,45.58],[-114.3,45.49],[-114.12,45.58],[-113.99,45.69],[-113.94,45.68],[-113.81,45.61],[-113.8,45.54],[-113.7,45.3],[-113.56,45.14],[-113.5,45.11],[-113.45,45.03],[-113.46,44.9],[-113.32,44.8],[-113.23,44.81],[-113.14,44.77],[-113.06,44.67],[-113,44.48],[-112.97,44.45],[-112.85,44.4],[-112.83,44.4],[-112.79,44.46],[-112.72,44.5],[-112.38,44.47],[-112.29,44.55],[-112.23,44.56],[-111.8,44.54],[-111.66,44.56],[-111.5,44.54],[-111.47,44.56],[-111.49,44.62],[-111.45,44.71],[-111.37,44.75],[-111.3,44.72],[-111.2,44.59],[-111.12,44.53],[-111.05,44.5],[-111.05,44.62],[-111.05,45],[-104.26,45],[-104.04,45],[-104.03,45],[-104,45.01],[-104.01,45.71],[-104.01,45.94],[-104.01,46.13],[-104.03,48.8],[-104.03,48.99],[-104.35,48.99],[-109.89,48.99],[-110,48.99],[-110.32,48.99],[-113.73,48.99],[-114.06,48.99]]]}},
{"type":"Feature","properties":{"r":76,"c":16,"name":"North Carolina","code":"NC"},"geometry":{"type":"MultiPolygon","coordinates":[[[[-83.11,35],[-83.1,35],[-82.78,35.09],[-82.74,35.08],[-82.65,35.13],[-82.39,35.21],[-81.88,35.18],[-81.09,35.16],[-81.05,35.13],[-81.05,35.07],[-80.93,35.11],[-80.88,35.06],[-80.79,34.96],[-80.78,34.83],[-79.65,34.8],[-78.56,33.88],[-78.41,33.92],[-78.01,33.91],[-77.97,33.99],[-77.95,34.17],[-77.93,33.94],[-77.86,34.15],[-77.75,34.28],[-77.7,34.33],[-77.38,34.53],[-77.41,34.59],[-77.41,34.73],[-77.36,34.62],[-77.3,34.6],[-77.13,34.71],[-76.73,34.71],[-76.71,34.75],[-76.52,34.78],[-76.44,34.84],[-76.36,34.94],[-76.46,34.99],[-76.74,34.94],[-76.9,34.97],[-76.97,35.03],[-77.07,35.15],[-76.86,35],[-76.78,34.99],[-76.63,35.07],[-76.57,35.22],[-76.51,35.27],[-76.55,35.31],[-76.97,35.46],[-77.04,35.53],[-76.89,35.46],[-76.74,35.43],[-76.63,35.45],[-76.61,35.53],[-76.58,35.53],[-76.53,35.51],[-76.52,35.44],[-76.49,35.4],[-76.45,35.41],[-76.17,35.35],[-76.1,35.38],[-75.97,35.51],[-75.77,35.65],[-75.74,35.77],[-75.77,35.9],[-75.81,35.96],[-75.85,35.96],[-75.98,35.9],[-76,35.72],[-76.05,35.69],[-76.08,35.69],[-76.06,35.88],[-76.07,35.97],[-76.21,35.99],[-76.36,35.95],[-76.5,35.96],[-76.61,35.94],[-76.73,35.96],[-76.73,36.23],[-76.72,36.15],[-76.68,36.08],[-76.56,36.02],[-76.48,36.03],[-76.42,36.07],[-76.38,36.13],[-76.32,36.14],[-76.23,36.12],[-76.27,36.19],[-76.15,36.15],[-76.15,36.28],[-76.05,36.23],[-75.88,36.18],[-75.82,36.11],[-75.92,36.38],[-75.98,36.43],[-75.99,36.47],[-75.97,36.55],[-81.64,36.6],[-81.66,36.61],[-81.7,36.53],[-81.73,36.36],[-81.85,36.34],[-81.91,36.31],[-82.05,36.12],[-82.1,36.11],[-82.18,36.15],[-82.29,36.13],[-82.37,36.1],[-82.55,35.97],[-82.58,35.97],[-82.61,36.05],[-82.7,36.03],[-82.76,36],[-82.81,35.95],[-82.89,35.95],[-82.95,35.83],[-82.99,35.8],[-83.12,35.77],[-83.28,35.68],[-83.51,35.58],[-83.72,35.56],[-83.87,35.51],[-84,35.41],[-84.06,35.29],[-84.13,35.26],[-84.26,35.25],[-84.29,35.2],[-84.32,34.99],[-84.02,34.99],[-83.42,35],[-83.11,35]]],[[[-75.89,36.55],[-75.81,36.27],[-75.73,36.1],[-75.58,35.87],[-75.53,35.82],[-75.76,36.23],[-75.86,36.55],[-75.89,36.55]]],[[[-75.64,35.86],[-75.65,35.91],[-75.72,35.95],[-75.65,35.84],[-75.64,35.86]]],[[[-75.54,35.24],[-75.51,35.28],[-75.46,35.45],[-75.46,35.56],[-75.5,35.77],[-75.48,35.57],[-75.54,35.28],[-75.69,35.22],[-75.68,35.21],[-75.54,35.24]]],[[[-76.5,34.64],[-76.21,34.94],[-76.44,34.76],[-76.53,34.63],[-76.5,34.64]]],[[[-76.55,34.65],[-76.67,34.7],[-76.66,34.68],[-76.55,34.65]]]]}},
{"type":"Feature","properties":{"r":77,"c":16,"name":"North Dakota","code":"ND"},"geometry":{"type":"Polygon","coordinates":[[[-101.37,48.99],[-101.79,48.99],[-103.93,48.99],[-104.03,48.99],[-104.03,48.8],[-104.01,46.13],[-104.01,45.94],[-103.78,45.94],[-96.79,45.94],[-96.56,45.94],[-96.57,46.02],[-96.56,46.14],[-96.62,46.33],[-96.73,46.47],[-96.79,46.65],[-96.8,46.8],[-96.77,46.92],[-96.82,46.97],[-96.83,47.02],[-96.86,47.59],[-96.99,47.82],[-97.01,47.93],[-97.13,48.17],[-97.13,48.68],[-97.23,48.99],[-97.53,48.99],[-100.94,48.99],[-101.37,48.99]]]}},
{"type":"Feature","properties":{"r":78,"c":16,"name":"Nebraska","code":"NE"},"geometry":{"type":"Polygon","coordinates":[[[-102.02,40],[-101.81,40],[-95.53,40],[-95.35,40],[-95.36,40.01],[-95.43,40.1],[-95.46,40.2],[-95.52,40.26],[-95.61,40.3],[-95.66,40.36],[-95.68,40.47],[-95.74,40.57],[-95.77,40.6],[-95.83,40.68],[-95.86,40.75],[-95.84,40.78],[-95.83,40.89],[-95.85,41.08],[-95.87,41.19],[-95.91,41.21],[-95.91,41.25],[-95.88,41.29],[-95.89,41.32],[-95.94,41.33],[-95.94,41.46],[-96,41.49],[-95.99,41.52],[-96.01,41.54],[-96.06,41.55],[-96.08,41.61],[-96.07,41.73],[-96.09,41.82],[-96.15,41.92],[-96.15,41.97],[-96.3,42.13],[-96.36,42.26],[-96.38,42.42],[-96.45,42.51],[-96.48,42.51],[-96.56,42.52],[-96.63,42.57],[-96.68,42.64],[-96.8,42.7],[-97.16,42.81],[-97.24,42.86],[-97.42,42.88],[-97.7,42.87],[-97.88,42.85],[-97.96,42.81],[-98.14,42.85],[-98.44,43],[-103.68,43],[-104.03,43],[-104.03,42.75],[-104.02,41.25],[-104.02,41],[-103.77,41],[-102.03,41],[-102.02,40.13],[-102.02,40]]]}},
{"type":"Feature","properties":{"r":79,"c":16,"name":"New Hampshire","code":"NH"},"geometry":{"type":"Polygon","coordinates":[[[-71.52,45.01],[-71.53,44.99],[-71.51,44.91],[-71.62,44.77],[-71.57,44.61],[-71.61,44.51],[-71.68,44.45],[-71.83,44.37],[-71.87,44.35],[-72,44.33],[-72.03,44.3],[-72.11,43.97],[-72.22,43.79],[-72.3,43.71],[-72.36,43.59],[-72.47,43.04],[-72.55,42.89],[-72.54,42.83],[-72.48,42.77],[-72.47,42.73],[-72.32,42.73],[-71.33,42.7],[-71.24,42.73],[-71.14,42.81],[-70.97,42.87],[-70.81,42.88],[-70.78,42.94],[-70.73,43.07],[-70.81,43.16],[-70.83,43.24],[-70.96,43.39],[-71.08,45.19],[-71.08,45.29],[-71.13,45.26],[-71.2,45.26],[-71.33,45.29],[-71.42,45.2],[-71.52,45.01]]]}},
{"type":"Feature","properties":{"r":80,"c":16,"name":"New Jersey","code":"NJ"},"geometry":{"type":"MultiPolygon","coordinates":[[[[-75.07,39.98],[-75.1,39.93],[-75.15,39.87],[-75.35,39.83],[-75.42,39.79],[-75.52,39.6],[-75.52,39.49],[-75.35,39.34],[-75.23,39.28],[-75.14,39.21],[-75.05,39.21],[-74.9,39.15],[-74.95,38.95],[-74.92,38.94],[-74.79,39],[-74.65,39.21],[-74.6,39.25],[-74.58,39.32],[-74.52,39.35],[-74.47,39.34],[-74.39,39.49],[-74.41,39.55],[-74.33,39.54],[-74.26,39.61],[-74.18,39.73],[-74.1,39.98],[-74.06,39.99],[-74.08,39.79],[-74.03,40.07],[-73.97,40.25],[-73.97,40.4],[-74,40.45],[-74.05,40.43],[-74.24,40.46],[-74.26,40.53],[-74.23,40.61],[-74.07,40.72],[-73.93,40.91],[-73.91,40.99],[-74.6,41.31],[-74.7,41.36],[-74.78,41.33],[-74.91,41.16],[-75.03,41.05],[-75.12,41],[-75.07,40.88],[-75.11,40.8],[-75.17,40.78],[-75.19,40.74],[-75.19,40.6],[-75.1,40.54],[-75.03,40.42],[-74.98,40.41],[-74.73,40.15],[-74.91,40.08],[-75.07,39.98]]],[[[-74.13,39.68],[-74.11,39.75],[-74.25,39.56],[-74.25,39.53],[-74.13,39.68]]]]}},
{"type":"Feature","properties":{"r":81,"c":16,"name":"New Mexico","code":"NM"},"geometry":{"type":"Polygon","coordinates":[[[-109.05,31.33],[-108.92,31.33],[-108.21,31.33],[-108.21,31.78],[-106.67,31.77],[-106.45,31.77],[-106.57,31.82],[-106.67,32],[-103.07,32],[-103.04,36.5],[-103,36.5],[-103,36.63],[-103,36.88],[-103,37],[-103.38,37],[-108.67,37],[-109.05,37],[-109.05,36.65],[-109.05,31.33]]]}},
{"type":"Feature","properties":{"r":82,"c":16,"name":"Nevada","code":"NV"},"geometry":{"type":"Polygon","coordinates":[[[-114.04,37],[-114.04,37.16],[-114.04,41.84],[-114.04,42],[-114.41,42],[-116.64,42],[-117.02,42],[-117.39,42],[-119.63,42],[-120,42],[-120,41.81],[-120,39],[-118.36,37.86],[-117.76,37.42],[-116.84,36.73],[-114.88,35.2],[-114.61,34.99],[-114.61,35],[-114.59,35.35],[-114.65,35.48],[-114.65,35.68],[-114.68,35.73],[-114.69,35.92],[-114.74,36.01],[-114.72,36.08],[-114.67,36.12],[-114.51,36.16],[-114.41,36.15],[-114.33,36.12],[-114.28,36.06],[-114.23,36.03],[-114.18,36.03],[-114.12,36.08],[-114.06,36.18],[-114.04,36.18],[-114.04,36.61],[-114.04,37]]]}},
{"type":"Feature","properties":{"r":83,"c":16,"name":"New York","code":"NY"},"geometry":{"type":"MultiPolygon","coordinates":[[[[-79.76,42.54],[-79.76,42.4],[-79.76,42],[-75.35,42],[-75.27,41.95],[-75.24,41.89],[-75.12,41.85],[-75.05,41.77],[-75.07,41.67],[-75.05,41.61],[-75.02,41.55],[-74.94,41.47],[-74.76,41.42],[-74.72,41.39],[-74.7,41.36],[-74.6,41.31],[-73.91,40.99],[-73.91,41],[-73.92,41.14],[-73.97,41.25],[-73.88,41.17],[-73.87,41.06],[-73.91,40.91],[-73.99,40.75],[-73.91,40.82],[-73.85,40.83],[-73.67,40.97],[-73.63,40.99],[-73.72,41.1],[-73.48,41.22],[-73.54,41.3],[-73.49,41.96],[-73.48,42.06],[-73.51,42.08],[-73.29,42.67],[-73.25,42.75],[-73.28,42.81],[-73.26,42.94],[-73.25,43.55],[-73.33,43.63],[-73.39,43.58],[-73.42,43.59],[-73.37,43.8],[-73.43,44.07],[-73.38,44.19],[-73.32,44.27],[-73.31,44.46],[-73.37,44.6],[-73.35,44.78],[-73.37,44.86],[-73.35,44.94],[-73.35,45.01],[-73.6,45.01],[-74.66,45],[-74.71,45],[-74.76,45],[-74.86,45],[-75,44.97],[-75.18,44.9],[-75.4,44.77],[-75.79,44.5],[-75.88,44.42],[-76.15,44.3],[-76.19,44.24],[-76.46,44.06],[-76.82,43.63],[-78.72,43.62],[-79.17,43.47],[-79.06,43.28],[-79.07,43.11],[-79.03,43.06],[-79.03,43.02],[-78.92,42.94],[-78.92,42.91],[-78.94,42.86],[-79.04,42.8],[-79.45,42.65],[-79.76,42.54]]],[[[-72.51,40.99],[-72.27,41.15],[-72.37,41.13],[-72.63,40.99],[-73.03,40.97],[-73.28,40.92],[-73.41,40.94],[-73.61,40.91],[-73.65,40.84],[-73.7,40.87],[-73.76,40.83],[-73.88,40.79],[-73.96,40.73],[-74.03,40.64],[-74.01,40.58],[-73.93,40.6],[-73.88,40.65],[-73.82,40.66],[-73.8,40.62],[-73.9,40.57],[-73.27,40.66],[-73.19,40.65],[-72.76,40.78],[-72.68,40.79],[-72.43,40.88],[-72.34,40.89],[-71.9,41.06],[-72.1,41.02],[-72.15,41.05],[-72.18,41.05],[-72.29,41.02],[-72.52,40.91],[-72.58,40.92],[-72.51,40.99]]],[[[-74.19,40.52],[-74.08,40.59],[-74.07,40.65],[-74.1,40.66],[-74.19,40.61],[-74.24,40.52],[-74.19,40.52]]]]}},
{"type":"Feature","properties":{"r":84,"c":16,"name":"Ohio","code":"OH"},"geometry":{"type":"Polygon","coordinates":[[[-83.12,41.95],[-83.3,41.84],[-83.46,41.74],[-84.46,41.71],[-84.8,41.7],[-84.8,41.38],[-84.82,39.42],[-84.82,39.09],[-84.77,39.12],[-84.71,39.13],[-84.66,39.09],[-84.43,39.09],[-84.36,39.05],[-84.23,38.87],[-84.11,38.8],[-83.83,38.73],[-83.75,38.67],[-83.69,38.65],[-83.54,38.7],[-83.36,38.63],[-83.2,38.64],[-83,38.71],[-82.88,38.71],[-82.84,38.63],[-82.76,38.54],[-82.62,38.45],[-82.61,38.45],[-82.5,38.41],[-82.39,38.43],[-82.32,38.48],[-82.29,38.55],[-82.25,38.59],[-82.2,38.61],[-82.18,38.64],[-82.2,38.77],[-82.07,38.96],[-82,39.01],[-81.95,38.99],[-81.91,38.9],[-81.88,38.89],[-81.81,38.95],[-81.78,38.95],[-81.8,39.09],[-81.77,39.1],[-81.66,39.27],[-81.61,39.27],[-81.49,39.37],[-81.44,39.39],[-81.39,39.36],[-81.33,39.36],[-81.26,39.39],[-80.96,39.57],[-80.87,39.66],[-80.87,39.74],[-80.6,40.36],[-80.6,40.45],[-80.66,40.56],[-80.64,40.6],[-80.52,40.65],[-80.52,40.75],[-80.52,42.22],[-80.52,42.32],[-80.68,42.3],[-81.28,42.21],[-82.44,41.67],[-82.69,41.68],[-83.03,41.83],[-83.12,41.95]]]}},
{"type":"Feature","properties":{"r":85,"c":16,"name":"Oklahoma","code":"OK"},"geometry":{"type":"Polygon","coordinates":[[[-94.62,36.5],[-94.62,36.63],[-94.62,36.88],[-94.62,37],[-94.85,37],[-101.78,37],[-102.01,37],[-102.26,37],[-102.75,37],[-103,37],[-103,36.88],[-103,36.63],[-103,36.5],[-102.81,36.5],[-100,36.5],[-100,34.59],[-99.94,34.58],[-99.63,34.39],[-99.4,34.39],[-99.38,34.45],[-99.36,34.46],[-99.25,34.39],[-99.2,34.32],[-99.19,34.24],[-99.16,34.22],[-98.97,34.21],[-98.8,34.15],[-98.61,34.16],[-98.45,34.08],[-98.36,34.14],[-98.1,34.15],[-98.07,34.04],[-97.95,33.97],[-97.95,33.9],[-97.92,33.88],[-97.88,33.87],[-97.84,33.88],[-97.66,33.99],[-97.62,33.99],[-97.57,33.92],[-97.48,33.89],[-97.4,33.83],[-97.31,33.87],[-97.26,33.87],[-97.21,33.9],[-97.19,33.89],[-97.19,33.78],[-97.12,33.73],[-97.06,33.83],[-97.06,33.86],[-97,33.88],[-96.98,33.94],[-96.93,33.95],[-96.91,33.95],[-96.85,33.88],[-96.75,33.85],[-96.69,33.86],[-96.65,33.91],[-96.61,33.91],[-96.59,33.85],[-96.49,33.79],[-96.41,33.78],[-96.32,33.71],[-96.28,33.76],[-96.21,33.77],[-96.14,33.82],[-95.94,33.88],[-95.78,33.86],[-95.76,33.89],[-95.59,33.95],[-95.52,33.89],[-95.37,33.87],[-95.28,33.91],[-95.24,33.96],[-95.22,33.96],[-95.15,33.94],[-94.96,33.84],[-94.87,33.77],[-94.71,33.7],[-94.48,33.65],[-94.48,33.76],[-94.44,35.39],[-94.6,36.36],[-94.62,36.5]]]}},
{"type":"Feature","properties":{"r":86,"c":16,"name":"Oregon","code":"OR"},"geometry":{"type":"Polygon","coordinates":[[[-120,42],[-119.63,42],[-117.39,42],[-117.02,42],[-117.02,42.22],[-117.02,43.81],[-116.96,43.96],[-116.94,44.04],[-116.96,44.08],[-116.91,44.16],[-116.91,44.2],[-116.95,44.25],[-117.03,44.28],[-117.14,44.29],[-117.2,44.34],[-117.2,44.44],[-117.12,44.58],[-116.95,44.77],[-116.86,44.91],[-116.84,44.99],[-116.74,45.17],[-116.55,45.46],[-116.48,45.64],[-116.52,45.72],[-116.62,45.8],[-116.76,45.87],[-116.87,45.96],[-116.9,46],[-117.14,46],[-119.02,46],[-119.18,45.95],[-119.43,45.93],[-119.93,45.84],[-120.16,45.76],[-120.35,45.73],[-121.05,45.64],[-121.18,45.64],[-121.24,45.69],[-121.66,45.72],[-121.88,45.69],[-122.09,45.6],[-122.2,45.59],[-122.65,45.63],[-122.73,45.67],[-122.84,45.98],[-122.94,46.11],[-123.12,46.18],[-123.22,46.15],[-123.32,46.14],[-123.4,46.15],[-123.47,46.21],[-123.52,46.22],[-123.67,46.18],[-123.91,46.18],[-123.96,46.23],[-123.99,46.22],[-123.95,46.14],[-123.96,45.84],[-123.93,45.58],[-124.06,44.78],[-124.04,44.65],[-124.07,44.52],[-124.05,44.43],[-124.1,44.33],[-124.15,43.69],[-124.24,43.54],[-124.29,43.41],[-124.23,43.44],[-124.2,43.42],[-124.28,43.37],[-124.32,43.37],[-124.35,43.34],[-124.45,43.01],[-124.5,42.94],[-124.54,42.81],[-124.44,42.67],[-124.41,42.58],[-124.42,42.38],[-124.36,42.12],[-124.23,42],[-120.26,42],[-120,42]]]}},
{"type":"Feature","properties":{"r":87,"c":16,"name":"Pennsylvania","code":"PA"},"geometry":{"type":"Polygon","coordinates":[[[-80.52,42.32],[-80.52,42.22],[-80.52,40.75],[-80.52,40.65],[-80.52,40.53],[-80.52,39.72],[-79.61,39.72],[-79.48,39.72],[-79.25,39.72],[-76.02,39.72],[-75.78,39.72],[-75.71,39.8],[-75.68,39.83],[-75.63,39.84],[-75.51,39.84],[-75.42,39.82],[-75.4,39.83],[-75.17,39.89],[-75.07,39.98],[-74.91,40.08],[-74.73,40.15],[-74.98,40.41],[-75.03,40.42],[-75.1,40.54],[-75.19,40.6],[-75.19,40.74],[-75.17,40.78],[-75.11,40.8],[-75.07,40.88],[-75.12,41],[-75.03,41.05],[-74.91,41.16],[-74.78,41.33],[-74.7,41.36],[-74.72,41.39],[-74.76,41.42],[-74.94,41.47],[-75.02,41.55],[-75.05,41.61],[-75.07,41.71],[-75.05,41.77],[-75.12,41.85],[-75.24,41.89],[-75.27,41.95],[-75.35,42],[-79.76,42],[-79.76,42.4],[-79.76,42.54],[-80.04,42.44],[-80.25,42.37],[-80.52,42.32]]]}},
{"type":"Feature","properties":{"r":88,"c":16,"name":"Rhode Island","code":"RI"},"geometry":{"type":"MultiPolygon","coordinates":[[[[-71.84,41.34],[-71.77,41.33],[-71.52,41.38],[-71.44,41.45],[-71.43,41.63],[-71.36,41.7],[-71.39,41.8],[-71.33,41.76],[-71.27,41.68],[-71.23,41.71],[-71.34,41.8],[-71.34,41.89],[-71.38,41.9],[-71.39,42.02],[-71.73,42.01],[-71.8,42.01],[-71.8,41.96],[-71.8,41.42],[-71.83,41.39],[-71.84,41.34]]],[[[-71.24,41.49],[-71.23,41.65],[-71.28,41.62],[-71.35,41.47],[-71.29,41.46],[-71.24,41.49]]],[[[-71.37,41.49],[-71.35,41.54],[-71.36,41.57],[-71.38,41.57],[-71.4,41.52],[-71.39,41.47],[-71.37,41.49]]]]}},
{"type":"Feature","properties":{"r":89,"c":16,"name":"South Carolina","code":"SC"},"geometry":{"type":"Polygon","coordinates":[[[-80.87,32.03],[-80.88,32.07],[-80.85,32.11],[-80.76,32.14],[-80.69,32.22],[-80.7,32.25],[-80.77,32.3],[-80.8,32.36],[-80.8,32.45],[-80.71,32.34],[-80.68,32.35],[-80.68,32.38],[-80.65,32.4],[-80.61,32.29],[-80.58,32.29],[-80.51,32.32],[-80.47,32.42],[-80.53,32.48],[-80.63,32.51],[-80.57,32.53],[-80.36,32.5],[-80.27,32.54],[-80.23,32.58],[-80.12,32.59],[-80.02,32.62],[-79.94,32.67],[-79.89,32.73],[-79.93,32.81],[-79.8,32.79],[-79.74,32.82],[-79.61,32.91],[-79.59,33],[-79.42,33.04],[-79.28,33.14],[-79.23,33.19],[-79.28,33.32],[-79.23,33.4],[-79.24,33.31],[-79.19,33.24],[-79.14,33.41],[-78.92,33.66],[-78.58,33.87],[-78.56,33.88],[-79.65,34.8],[-80.78,34.83],[-80.79,34.96],[-80.88,35.06],[-80.93,35.11],[-81.05,35.07],[-81.05,35.13],[-81.09,35.16],[-81.88,35.18],[-82.39,35.21],[-82.65,35.13],[-82.74,35.08],[-82.78,35.09],[-83.1,35],[-83.11,35],[-83.12,35],[-83.17,34.93],[-83.32,34.81],[-83.36,34.71],[-83.05,34.51],[-82.98,34.48],[-82.9,34.47],[-82.85,34.44],[-82.59,34.02],[-82.35,33.84],[-82.26,33.75],[-82.21,33.66],[-82.01,33.52],[-81.94,33.45],[-81.91,33.35],[-81.86,33.33],[-81.78,33.2],[-81.7,33.13],[-81.58,33.07],[-81.49,32.94],[-81.38,32.61],[-81.29,32.56],[-81.17,32.38],[-81.13,32.27],[-81.14,32.18],[-81.07,32.11],[-80.87,32.03]]]}},
{"type":"Feature","properties":{"r":90,"c":16,"name":"South Dakota","code":"SD"},"geometry":{"type":"Polygon","coordinates":[[[-96.45,43.5],[-96.45,43.73],[-96.45,45.3],[-96.53,45.37],[-96.7,45.43],[-96.85,45.6],[-96.85,45.63],[-96.61,45.8],[-96.59,45.84],[-96.56,45.94],[-96.79,45.94],[-103.78,45.94],[-104.01,45.94],[-104.01,45.71],[-104,45.01],[-104.03,45],[-104.04,45],[-104.04,44.75],[-104.03,43.25],[-104.03,43],[-103.68,43],[-98.44,43],[-98.14,42.85],[-97.96,42.81],[-97.88,42.85],[-97.7,42.87],[-97.42,42.88],[-97.24,42.86],[-97.16,42.81],[-96.8,42.7],[-96.68,42.64],[-96.63,42.57],[-96.56,42.52],[-96.48,42.51],[-96.51,42.59],[-96.54,42.66],[-96.62,42.73],[-96.63,42.76],[-96.56,42.86],[-96.46,43.13],[-96.49,43.21],[-96.56,43.23],[-96.57,43.28],[-96.53,43.34],[-96.6,43.5],[-96.45,43.5]]]}},
{"type":"Feature","properties":{"r":91,"c":16,"name":"Tennessee","code":"TN"},"geometry":{"type":"Polygon","coordinates":[[[-85.62,35],[-85.3,35],[-84.65,34.99],[-84.32,34.99],[-84.29,35.2],[-84.26,35.25],[-84.13,35.26],[-84.06,35.29],[-84,35.41],[-83.87,35.51],[-83.72,35.56],[-83.51,35.58],[-83.28,35.68],[-83.12,35.77],[-82.99,35.8],[-82.95,35.83],[-82.89,35.95],[-82.81,35.95],[-82.76,36],[-82.7,36.03],[-82.61,36.05],[-82.58,35.97],[-82.55,35.97],[-82.37,36.1],[-82.29,36.13],[-82.18,36.15],[-82.1,36.11],[-82.05,36.12],[-81.91,36.31],[-81.85,36.34],[-81.73,36.36],[-81.7,36.53],[-81.66,36.61],[-81.8,36.62],[-81.91,36.62],[-81.95,36.6],[-83.44,36.6],[-83.67,36.61],[-83.68,36.6],[-83.73,36.59],[-86.16,36.66],[-87.84,36.64],[-87.87,36.68],[-88.1,36.69],[-88.06,36.59],[-88.06,36.5],[-89.25,36.5],[-89.45,36.5],[-89.47,36.49],[-89.49,36.5],[-89.56,36.5],[-89.54,36.43],[-89.56,36.37],[-89.6,36.35],[-89.61,36.32],[-89.58,36.27],[-89.65,36.25],[-89.67,36.22],[-89.63,36.17],[-89.64,36.1],[-89.7,36.03],[-89.7,36],[-89.71,35.98],[-89.69,35.92],[-89.76,35.89],[-89.76,35.83],[-89.89,35.75],[-89.94,35.68],[-89.93,35.59],[-89.97,35.5],[-90.07,35.41],[-90.11,35.31],[-90.09,35.2],[-90.14,35.11],[-90.26,35.05],[-90.29,35],[-90.04,35],[-88.44,35],[-88.17,35],[-88.19,35.01],[-88.2,35.02],[-87.23,35.02],[-85.78,35],[-85.62,35]]]}},
{"type":"Feature","properties":{"r":92,"c":16,"name":"Texas","code":"TX"},"geometry":{"type":"MultiPolygon","coordinates":[[[[-94.48,33.65],[-94.71,33.7],[-94.87,33.77],[-94.96,33.84],[-95.15,33.94],[-95.22,33.96],[-95.24,33.96],[-95.28,33.91],[-95.37,33.87],[-95.52,33.89],[-95.59,33.95],[-95.76,33.89],[-95.78,33.86],[-95.94,33.88],[-96.14,33.82],[-96.21,33.77],[-96.28,33.76],[-96.32,33.71],[-96.41,33.78],[-96.49,33.79],[-96.59,33.85],[-96.61,33.91],[-96.65,33.91],[-96.69,33.86],[-96.75,33.85],[-96.85,33.88],[-96.91,33.95],[-96.93,33.95],[-96.98,33.94],[-97,33.88],[-97.06,33.86],[-97.06,33.83],[-97.12,33.73],[-97.19,33.78],[-97.19,33.89],[-97.21,33.9],[-97.26,33.87],[-97.31,33.87],[-97.4,33.83],[-97.48,33.89],[-97.57,33.92],[-97.62,33.99],[-97.66,33.99],[-97.84,33.88],[-97.88,33.87],[-97.92,33.88],[-97.95,33.9],[-97.95,33.97],[-98.07,34.04],[-98.1,34.15],[-98.36,34.14],[-98.45,34.08],[-98.61,34.16],[-98.8,34.15],[-98.97,34.21],[-99.16,34.22],[-99.19,34.24],[-99.2,34.32],[-99.25,34.39],[-99.36,34.46],[-99.38,34.45],[-99.4,34.39],[-99.63,34.39],[-99.94,34.58],[-100,34.59],[-100,36.5],[-102.81,36.5],[-103,36.5],[-103.04,36.5],[-103.07,32],[-106.67,32],[-106.57,31.82],[-106.45,31.77],[-106.44,31.76],[-106.35,31.68],[-106.26,31.54],[-106.15,31.45],[-106.02,31.4],[-105.28,30.81],[-104.98,30.65],[-104.84,30.45],[-104.68,30.13],[-104.68,29.99],[-104.62,29.85],[-104.4,29.57],[-104.31,29.54],[-103.99,29.32],[-103.85,29.29],[-103.66,29.21],[-103.42,29.07],[-103.26,29],[-103.17,29],[-103.09,29.04],[-102.96,29.19],[-102.89,29.22],[-102.87,29.26],[-102.88,29.32],[-102.73,29.64],[-102.61,29.75],[-102.48,29.77],[-102.39,29.81],[-102.34,29.86],[-102.27,29.87],[-102.16,29.83],[-101.99,29.8],[-101.75,29.78],[-101.61,29.79],[-101.55,29.81],[-101.54,29.78],[-101.51,29.77],[-101.44,29.78],[-101.38,29.74],[-101.3,29.63],[-101.04,29.46],[-101.02,29.4],[-100.75,29.18],[-100.66,29.07],[-100.64,28.97],[-100.55,28.82],[-100.33,28.5],[-100.35,28.49],[-100.34,28.43],[-100.3,28.33],[-100.22,28.24],[-100.11,28.17],[-100,28.05],[-99.89,27.87],[-99.75,27.73],[-99.6,27.64],[-99.51,27.55],[-99.48,27.47],[-99.51,27.34],[-99.44,27.17],[-99.46,27.06],[-99.3,26.88],[-99.23,26.76],[-99.17,26.56],[-99.11,26.45],[-99.02,26.4],[-98.87,26.38],[-98.77,26.34],[-98.69,26.28],[-98.6,26.24],[-98.38,26.18],[-98.28,26.11],[-98.08,26.06],[-97.8,26.04],[-97.59,25.98],[-97.38,25.87],[-97.36,25.87],[-97.34,25.91],[-97.28,25.94],[-97.15,25.96],[-97.14,26.03],[-97.15,26.07],[-97.21,26.07],[-97.44,26.49],[-97.47,26.69],[-97.55,26.97],[-97.48,27.12],[-97.47,27.17],[-97.49,27.24],[-97.69,27.29],[-97.77,27.46],[-97.68,27.39],[-97.52,27.31],[-97.44,27.33],[-97.38,27.42],[-97.29,27.67],[-97.43,27.84],[-97.37,27.87],[-97.25,27.85],[-97.17,27.88],[-97.07,27.99],[-97.03,28.09],[-97.14,28.06],[-97.16,28.14],[-97.1,28.16],[-97.02,28.16],[-96.93,28.22],[-96.89,28.16],[-96.84,28.19],[-96.81,28.22],[-96.77,28.42],[-96.68,28.34],[-96.56,28.37],[-96.42,28.46],[-96.52,28.49],[-96.64,28.71],[-96.58,28.72],[-96.53,28.65],[-96.45,28.59],[-96.37,28.63],[-96.37,28.66],[-96.28,28.66],[-96.12,28.62],[-96.01,28.63],[-96.23,28.49],[-96.18,28.5],[-96.02,28.59],[-95.85,28.64],[-95.27,28.96],[-95.15,29.08],[-95.14,29.17],[-94.89,29.37],[-94.99,29.53],[-95.02,29.7],[-94.98,29.71],[-94.93,29.68],[-94.89,29.68],[-94.83,29.75],[-94.74,29.75],[-94.72,29.66],[-94.78,29.55],[-94.73,29.54],[-94.61,29.57],[-94.53,29.55],[-94.75,29.42],[-94.76,29.38],[-94.57,29.48],[-94.1,29.67],[-93.89,29.69],[-93.89,29.72],[-93.95,29.82],[-93.84,29.98],[-93.79,29.98],[-93.71,30.11],[-93.72,30.28],[-93.75,30.34],[-93.72,30.47],[-93.72,30.56],[-93.67,30.66],[-93.62,30.71],[-93.55,30.95],[-93.56,31],[-93.53,31.05],[-93.56,31.18],[-93.6,31.21],[-93.67,31.32],[-93.66,31.37],[-93.74,31.48],[-93.74,31.51],[-93.81,31.57],[-93.83,31.75],[-93.85,31.79],[-93.91,31.88],[-94.04,32],[-94.04,32.89],[-94.04,33.01],[-94.04,33.15],[-94.05,33.55],[-94.1,33.58],[-94.19,33.59],[-94.24,33.58],[-94.29,33.59],[-94.36,33.56],[-94.39,33.59],[-94.43,33.6],[-94.48,33.65]]],[[[-95.04,29.15],[-94.86,29.25],[-94.77,29.34],[-94.83,29.34],[-94.87,29.29],[-95.09,29.14],[-95.04,29.15]]],[[[-96.76,28.15],[-96.41,28.34],[-96.4,28.38],[-96.42,28.38],[-96.45,28.34],[-96.52,28.33],[-96.68,28.23],[-96.76,28.2],[-96.8,28.15],[-96.76,28.15]]],[[[-97.01,27.9],[-96.92,28.02],[-96.84,28.09],[-96.86,28.13],[-96.9,28.12],[-96.98,28.01],[-97.04,27.9],[-97.01,27.9]]],[[[-97.35,27.3],[-97.25,27.54],[-97.06,27.82],[-97.13,27.78],[-97.3,27.52],[-97.38,27.33],[-97.38,27.24],[-97.35,27.3]]],[[[-97.17,26.16],[-97.35,26.8],[-97.39,27.2],[-97.41,27.1],[-97.4,26.82],[-97.27,26.33],[-97.18,26.11],[-97.17,26.16]]]]}},
{"type":"Feature","properties":{"r":93,"c":16,"name":"Utah","code":"UT"},"geometry":{"type":"Polygon","coordinates":[[[-109.05,37],[-109.05,37.25],[-109.05,40.75],[-109.05,41],[-109.3,41],[-111.05,41],[-111.05,41.88],[-111.05,42],[-111.24,42],[-113.86,42],[-114.04,42],[-114.04,41.84],[-114.04,37.16],[-114.04,37],[-113.73,37],[-109.36,37],[-109.05,37]]]}},
{"type":"Feature","properties":{"r":94,"c":16,"name":"Virginia","code":"VA"},"geometry":{"type":"MultiPolygon","coordinates":[[[[-77.12,38.94],[-77.19,38.97],[-77.3,39.05],[-77.48,39.11],[-77.51,39.14],[-77.48,39.22],[-77.53,39.27],[-77.67,39.31],[-77.73,39.35],[-77.79,39.23],[-77.84,39.15],[-78.32,39.45],[-78.44,39.16],[-78.58,39],[-78.69,38.92],[-78.76,38.91],[-78.87,38.82],[-78.99,38.82],[-79.04,38.79],[-79.1,38.67],[-79.24,38.48],[-79.3,38.45],[-79.4,38.45],[-79.5,38.49],[-79.52,38.53],[-79.6,38.58],[-79.64,38.57],[-79.67,38.54],[-79.72,38.4],[-79.78,38.34],[-79.81,38.27],[-79.9,38.18],[-79.97,38.05],[-80.25,37.75],[-80.29,37.68],[-80.25,37.62],[-80.32,37.51],[-80.46,37.43],[-80.51,37.47],[-80.72,37.4],[-80.84,37.42],[-80.87,37.4],[-80.87,37.34],[-80.94,37.3],[-81.18,37.26],[-81.23,37.26],[-81.35,37.33],[-81.56,37.21],[-81.59,37.21],[-81.66,37.22],[-81.88,37.33],[-81.97,37.47],[-81.96,37.51],[-81.97,37.54],[-82.34,37.3],[-82.68,37.14],[-82.73,37.05],[-82.83,36.98],[-82.89,36.91],[-83.04,36.85],[-83.15,36.76],[-83.57,36.65],[-83.67,36.61],[-83.44,36.6],[-81.95,36.6],[-81.91,36.62],[-81.8,36.62],[-81.66,36.61],[-81.64,36.6],[-75.86,36.55],[-75.89,36.66],[-76,36.91],[-76.24,36.95],[-76.4,36.89],[-76.49,36.9],[-76.5,36.96],[-76.63,37.05],[-76.67,37.17],[-76.77,37.18],[-76.93,37.23],[-77,37.27],[-77.2,37.3],[-77.25,37.33],[-77.01,37.32],[-76.7,37.22],[-76.63,37.22],[-76.6,37.14],[-76.4,36.99],[-76.28,37.05],[-76.33,37.15],[-76.4,37.21],[-76.5,37.25],[-76.61,37.32],[-76.76,37.48],[-76.76,37.51],[-76.54,37.31],[-76.45,37.27],[-76.39,37.3],[-76.41,37.33],[-76.4,37.39],[-76.26,37.36],[-76.25,37.43],[-76.27,37.5],[-76.37,37.53],[-76.31,37.57],[-76.55,37.67],[-76.62,37.76],[-76.72,37.81],[-76.93,38.03],[-77.11,38.17],[-77.07,38.17],[-76.94,38.1],[-76.83,37.96],[-76.49,37.68],[-76.34,37.68],[-76.26,37.85],[-76.26,37.89],[-76.35,37.96],[-76.47,38.01],[-76.55,38.09],[-76.64,38.13],[-76.91,38.2],[-77.05,38.36],[-77.11,38.37],[-77.23,38.34],[-77.27,38.35],[-77.31,38.4],[-77.26,38.6],[-77.09,38.72],[-77.05,38.78],[-77.03,38.89],[-77.05,38.92],[-77.1,38.94],[-77.12,38.94]]],[[[-75.66,37.95],[-75.72,37.82],[-75.79,37.76],[-75.89,37.62],[-75.98,37.4],[-76,37.26],[-75.93,37.15],[-75.85,37.3],[-75.81,37.43],[-75.7,37.52],[-75.59,37.56],[-75.6,37.63],[-75.38,38.02],[-75.62,38],[-75.66,37.95]]],[[[-75.25,38.04],[-75.38,37.87],[-75.33,37.89],[-75.23,38.04],[-75.25,38.04]]]]}},
{"type":"Feature","properties":{"r":95,"c":16,"name":"Vermont","code":"VT"},"geometry":{"type":"Polygon","coordinates":[[[-73.35,45.01],[-73.35,44.94],[-73.37,44.86],[-73.35,44.78],[-73.37,44.6],[-73.31,44.46],[-73.32,44.27],[-73.38,44.19],[-73.43,44.07],[-73.37,43.8],[-73.42,43.59],[-73.39,43.58],[-73.33,43.63],[-73.25,43.55],[-73.26,42.94],[-73.28,42.81],[-73.25,42.75],[-73.16,42.75],[-72.57,42.73],[-72.47,42.73],[-72.48,42.77],[-72.54,42.83],[-72.55,42.89],[-72.47,43.04],[-72.36,43.59],[-72.3,43.71],[-72.22,43.79],[-72.11,43.97],[-72.03,44.3],[-72,44.33],[-71.87,44.35],[-71.83,44.37],[-71.68,44.45],[-71.61,44.51],[-71.57,44.61],[-71.62,44.77],[-71.51,44.91],[-71.53,44.99],[-71.52,45.01],[-71.93,45.01],[-73.18,45.01],[-73.35,45.01]]]}},
{"type":"Feature","properties":{"r":96,"c":16,"name":"Washington","code":"WA"},"geometry":{"type":"MultiPolygon","coordinates":[[[[-122.79,48.99],[-122.72,48.85],[-122.65,48.76],[-122.56,48.78],[-122.51,48.67],[-122.5,48.51],[-122.54,48.49],[-122.63,48.5],[-122.67,48.47],[-122.64,48.43],[-122.58,48.43],[-122.54,48.41],[-122.4,48.27],[-122.47,48.26],[-122.52,48.23],[-122.52,48.16],[-122.39,48.08],[-122.42,48.18],[-122.39,48.17],[-122.24,48.01],[-122.32,47.93],[-122.4,47.78],[-122.38,47.72],[-122.41,47.65],[-122.37,47.6],[-122.38,47.53],[-122.35,47.37],[-122.42,47.31],[-122.54,47.28],[-122.6,47.17],[-122.7,47.11],[-122.81,47.15],[-122.91,47.13],[-123.03,47.14],[-122.99,47.17],[-122.92,47.29],[-122.83,47.34],[-122.77,47.22],[-122.71,47.32],[-122.65,47.28],[-122.6,47.27],[-122.58,47.29],[-122.55,47.4],[-122.56,47.46],[-122.59,47.53],[-122.68,47.61],[-122.61,47.62],[-122.62,47.71],[-122.52,47.77],[-122.53,47.92],[-122.59,47.93],[-122.59,47.86],[-122.61,47.84],[-122.72,47.76],[-122.81,47.66],[-122.98,47.56],[-123.05,47.48],[-123.07,47.4],[-122.92,47.42],[-122.92,47.41],[-123.03,47.36],[-123.14,47.36],[-123.13,47.44],[-123.05,47.55],[-122.82,47.79],[-122.8,47.74],[-122.78,47.74],[-122.66,47.88],[-122.74,48.01],[-122.78,48.14],[-122.86,48.09],[-122.97,48.07],[-123.02,48.08],[-123.12,48.15],[-123.29,48.12],[-123.98,48.17],[-124.1,48.2],[-124.18,48.24],[-124.43,48.3],[-124.63,48.38],[-124.71,48.38],[-124.68,48.29],[-124.7,48.15],[-124.66,47.97],[-124.62,47.9],[-124.46,47.78],[-124.38,47.66],[-124.31,47.4],[-124.2,47.21],[-124.14,46.95],[-124.11,47.04],[-124.04,47.03],[-123.99,46.98],[-123.84,46.96],[-124.11,46.86],[-124.07,46.74],[-123.96,46.71],[-123.89,46.66],[-123.95,46.43],[-124.02,46.52],[-124.04,46.61],[-124.07,46.28],[-123.96,46.3],[-123.9,46.27],[-123.69,46.3],[-123.65,46.27],[-123.46,46.27],[-123.3,46.17],[-123.25,46.17],[-123.22,46.15],[-123.12,46.18],[-122.94,46.11],[-122.84,45.98],[-122.73,45.67],[-122.65,45.63],[-122.2,45.59],[-122.09,45.6],[-121.88,45.69],[-121.66,45.72],[-121.24,45.69],[-121.18,45.64],[-121.05,45.64],[-120.35,45.73],[-120.16,45.76],[-119.93,45.84],[-119.43,45.93],[-119.18,45.95],[-119.02,46],[-117.14,46],[-116.9,46],[-116.93,46.06],[-116.95,46.12],[-116.92,46.16],[-116.94,46.23],[-117.04,46.4],[-117.04,48.83],[-117.04,48.99],[-117.14,48.99],[-122.79,48.99]]],[[[-123.09,48.99],[-123.08,48.98],[-123.06,48.98],[-123.05,48.99],[-123.09,48.99]]],[[[-122.78,48.67],[-122.92,48.71],[-123,48.65],[-122.99,48.63],[-122.89,48.59],[-122.9,48.66],[-122.81,48.63],[-122.77,48.65],[-122.78,48.67]]],[[[-123.01,48.5],[-123.02,48.54],[-123.11,48.61],[-123.16,48.61],[-123.14,48.51],[-122.99,48.47],[-123.01,48.5]]],[[[-122.82,48.43],[-122.81,48.45],[-122.86,48.5],[-122.87,48.55],[-122.91,48.54],[-122.92,48.46],[-122.89,48.43],[-122.82,48.43]]],[[[-122.57,48.16],[-122.6,48.2],[-122.7,48.23],[-122.54,48.29],[-122.57,48.36],[-122.63,48.38],[-122.75,48.24],[-122.69,48.17],[-122.62,48.15],[-122.56,47.99],[-122.49,47.98],[-122.44,47.93],[-122.38,47.92],[-122.37,47.99],[-122.5,48.08],[-122.52,48.03],[-122.57,48.16]]],[[[-122.5,47.59],[-122.51,47.68],[-122.56,47.7],[-122.58,47.62],[-122.56,47.6],[-122.5,47.58],[-122.5,47.59]]],[[[-122.39,47.4],[-122.47,47.49],[-122.49,47.49],[-122.51,47.36],[-122.46,47.39],[-122.44,47.35],[-122.4,47.37],[-122.39,47.4]]],[[[-122.85,47.2],[-122.89,47.27],[-122.91,47.23],[-122.88,47.19],[-122.85,47.2]]]]}},
{"type":"Feature","properties":{"r":97,"c":16,"name":"Wisconsin","code":"WI"},"geometry":{"type":"Polygon","coordinates":[[[-90.65,42.51],[-90.19,42.51],[-87.49,42.5],[-87.04,42.49],[-87.08,42.78],[-87.16,43.33],[-87.14,43.66],[-87.03,44.09],[-86.71,44.85],[-86.54,45.04],[-86.26,45.23],[-86.77,45.45],[-87.12,45.45],[-87.24,45.29],[-87.42,45.18],[-87.46,45.07],[-87.65,45.12],[-87.72,45.2],[-87.66,45.37],[-87.7,45.38],[-87.77,45.36],[-87.87,45.37],[-87.86,45.45],[-87.79,45.6],[-87.81,45.69],[-87.92,45.76],[-88.12,45.82],[-88.1,45.91],[-88.15,45.95],[-88.49,46.01],[-88.63,46.01],[-88.84,46.04],[-89.12,46.15],[-90.12,46.34],[-90.23,46.51],[-90.34,46.56],[-90.39,46.55],[-90.41,46.59],[-90.01,47.2],[-89.96,47.29],[-90.13,47.29],[-90.65,47.31],[-91.26,47.02],[-91.96,46.73],[-92.13,46.76],[-92.22,46.67],[-92.29,46.66],[-92.29,46.08],[-92.69,45.91],[-92.9,45.66],[-92.89,45.59],[-92.76,45.54],[-92.68,45.43],[-92.77,45.24],[-92.76,45.11],[-92.79,45.07],[-92.76,44.93],[-92.8,44.79],[-92.77,44.73],[-92.54,44.6],[-92.44,44.59],[-92.24,44.46],[-92.15,44.45],[-91.91,44.29],[-91.84,44.19],[-91.38,43.99],[-91.32,43.94],[-91.28,43.8],[-91.25,43.5],[-91.24,43.44],[-91.18,43.36],[-91.12,43.33],[-91.11,43.28],[-91.15,43.2],[-91.16,43.1],[-91.15,42.99],[-91.07,42.79],[-90.96,42.72],[-90.79,42.68],[-90.69,42.61],[-90.66,42.52],[-90.65,42.51]]]}},
{"type":"Feature","properties":{"r":98,"c":16,"name":"West Virginia","code":"WV"},"geometry":{"type":"Polygon","coordinates":[[[-81.97,37.54],[-81.96,37.51],[-81.97,37.47],[-81.88,37.33],[-81.66,37.22],[-81.59,37.21],[-81.56,37.21],[-81.35,37.33],[-81.23,37.26],[-81.18,37.26],[-80.94,37.3],[-80.87,37.34],[-80.87,37.4],[-80.84,37.42],[-80.72,37.4],[-80.51,37.47],[-80.46,37.43],[-80.32,37.51],[-80.25,37.62],[-80.29,37.68],[-80.25,37.75],[-79.97,38.05],[-79.9,38.18],[-79.81,38.27],[-79.78,38.34],[-79.72,38.4],[-79.67,38.54],[-79.64,38.57],[-79.6,38.58],[-79.56,38.56],[-79.5,38.49],[-79.4,38.45],[-79.3,38.45],[-79.24,38.48],[-79.1,38.67],[-79.04,38.79],[-78.99,38.82],[-78.87,38.82],[-78.76,38.91],[-78.69,38.92],[-78.58,39],[-78.44,39.16],[-78.32,39.45],[-77.84,39.15],[-77.79,39.23],[-77.73,39.35],[-77.74,39.35],[-77.74,39.4],[-77.8,39.46],[-77.78,39.49],[-77.85,39.55],[-77.87,39.58],[-77.86,39.6],[-78.03,39.63],[-78.1,39.68],[-78.18,39.69],[-78.33,39.64],[-78.41,39.63],[-78.5,39.53],[-78.68,39.55],[-78.74,39.58],[-78.78,39.63],[-78.81,39.57],[-78.97,39.45],[-79.08,39.48],[-79.29,39.31],[-79.36,39.29],[-79.49,39.21],[-79.48,39.59],[-79.48,39.72],[-79.61,39.72],[-80.52,39.72],[-80.52,40.53],[-80.52,40.65],[-80.64,40.6],[-80.66,40.56],[-80.6,40.45],[-80.6,40.36],[-80.87,39.74],[-80.87,39.66],[-80.96,39.57],[-81.26,39.39],[-81.33,39.36],[-81.39,39.36],[-81.44,39.39],[-81.49,39.37],[-81.61,39.27],[-81.66,39.27],[-81.77,39.1],[-81.8,39.09],[-81.78,38.95],[-81.81,38.95],[-81.88,38.89],[-81.91,38.9],[-81.95,38.99],[-82,39.01],[-82.07,38.96],[-82.2,38.77],[-82.18,38.64],[-82.2,38.61],[-82.25,38.59],[-82.29,38.55],[-82.32,38.48],[-82.39,38.43],[-82.5,38.41],[-82.61,38.45],[-82.59,38.42],[-82.58,38.27],[-82.62,38.15],[-82.28,37.69],[-82.1,37.57],[-81.97,37.54]]]}},
{"type":"Feature","properties":{"r":99,"c":16,"name":"Wyoming","code":"WY"},"geometry":{"type":"Polygon","coordinates":[[[-104.02,41],[-104.02,41.25],[-104.03,42.75],[-104.03,43],[-104.03,43.25],[-104.04,44.75],[-104.04,45],[-104.26,45],[-111.05,45],[-111.05,44.62],[-111.05,44.5],[-111.05,44.34],[-111.05,42.16],[-111.05,42],[-111.05,41.88],[-111.05,41],[-109.3,41],[-109.05,41],[-108.73,41],[-104.34,41],[-104.02,41]]]}},
{"type":"Feature","properties":{"r":100,"c":195,"name":"Gansu","code":"GS"},"geometry":{"type":"Polygon","coordinates":[[[96.37,42.73],[96.09,42.59],[96.04,42.5],[96.02,42.14],[96.04,42],[95.86,41.86],[95.77,41.83],[95.49,41.86],[95.06,41.79],[94.58,41.59],[94.01,41.1],[93.58,40.59],[93.29,40.47],[93.04,40.49],[92.93,40.42],[92.92,40.12],[92.78,39.91],[92.77,39.81],[92.95,39.45],[92.94,39.15],[93.04,39.15],[93.14,39.2],[93.28,39.19],[93.41,39.22],[93.5,39.27],[93.72,39.31],[93.91,39.29],[94.12,39.32],[94.48,39.32],[94.63,39.3],[94.72,39.24],[95.06,39.15],[95.31,39.18],[95.46,39.05],[95.57,39.02],[95.72,38.87],[95.79,38.86],[95.89,38.78],[96.01,38.75],[96.05,38.68],[96.32,38.63],[96.5,38.55],[96.51,38.47],[96.85,38.36],[96.95,38.36],[96.97,38.57],[96.94,38.64],[96.98,38.74],[96.97,38.86],[96.99,39],[96.96,39.1],[97.03,39.2],[97.14,39.2],[97.36,39.15],[98.02,38.84],[98.07,38.8],[98.26,38.93],[98.32,39.02],[98.44,38.96],[98.6,38.95],[98.78,39.07],[98.9,39.04],[98.96,38.98],[99.09,38.96],[99.1,38.89],[99.5,38.6],[99.56,38.52],[99.8,38.37],[100.08,38.28],[100.16,38.3],[100.08,38.39],[100.14,38.49],[100.36,38.31],[100.5,38.29],[100.55,38.25],[100.64,38.11],[101.05,37.96],[101.29,37.8],[101.65,37.61],[101.77,37.52],[101.94,37.73],[102,37.61],[102.07,37.55],[102.03,37.48],[102.14,37.41],[102.25,37.38],[102.43,37.28],[102.55,37.16],[102.5,37.09],[102.46,36.96],[102.67,36.8],[102.62,36.73],[102.61,36.66],[102.7,36.61],[102.77,36.5],[102.82,36.33],[102.89,36.31],[103.04,36.22],[102.93,36.09],[103,35.99],[102.98,35.83],[102.84,35.86],[102.7,35.84],[102.68,35.76],[102.72,35.62],[102.7,35.52],[102.53,35.54],[102.43,35.44],[102.29,35.41],[102.32,35.27],[102.38,35.2],[102.27,35.06],[102.01,34.94],[101.91,34.84],[101.92,34.79],[101.76,34.7],[101.79,34.63],[101.91,34.66],[101.93,34.59],[102.01,34.54],[102.15,34.5],[102.21,34.35],[102.08,34.27],[102.01,34.18],[101.86,34.14],[101.78,34.07],[101.65,34.14],[101.61,34.19],[101.32,34.26],[101.26,34.3],[101.04,34.34],[100.94,34.39],[100.82,34.29],[100.79,34.15],[100.95,33.93],[101.01,33.88],[101.13,33.85],[101.17,33.76],[101.16,33.66],[101.4,33.65],[101.5,33.7],[101.58,33.63],[101.61,33.51],[101.78,33.53],[101.88,33.55],[101.92,33.41],[101.83,33.27],[101.86,33.12],[102,33.22],[102.1,33.22],[102.13,33.28],[102.28,33.38],[102.48,33.47],[102.48,33.54],[102.36,33.61],[102.34,33.73],[102.17,33.94],[102.32,33.99],[102.37,33.98],[102.44,34.06],[102.62,34.08],[102.6,34.17],[102.78,34.27],[102.93,34.3],[103,34.21],[103.12,34.17],[103.15,34.11],[103.14,33.96],[103.19,33.88],[103.18,33.82],[103.27,33.77],[103.35,33.76],[103.56,33.81],[103.52,33.71],[103.66,33.71],[103.75,33.68],[104.09,33.67],[104.16,33.62],[104.17,33.49],[104.29,33.36],[104.28,33.27],[104.33,33.14],[104.41,33.06],[104.38,32.96],[104.32,32.95],[104.29,32.85],[104.41,32.81],[104.56,32.69],[104.65,32.66],[104.84,32.64],[104.9,32.61],[105.03,32.64],[105.15,32.61],[105.27,32.64],[105.44,32.77],[105.39,32.82],[105.43,32.91],[105.5,32.91],[105.64,32.89],[105.89,32.98],[105.91,33.03],[105.91,33.23],[105.75,33.29],[105.72,33.39],[105.79,33.41],[105.83,33.5],[105.95,33.55],[105.99,33.61],[106.07,33.62],[106.17,33.56],[106.39,33.62],[106.5,33.54],[106.56,33.6],[106.48,33.7],[106.45,33.8],[106.48,33.87],[106.43,33.94],[106.51,34.11],[106.59,34.14],[106.55,34.28],[106.66,34.25],[106.67,34.38],[106.61,34.46],[106.5,34.52],[106.37,34.52],[106.32,34.58],[106.49,34.74],[106.55,34.86],[106.5,34.93],[106.49,35.03],[106.56,35.08],[106.91,35.09],[107.05,35.04],[107.21,34.89],[107.32,34.94],[107.5,34.93],[107.57,34.97],[107.71,34.95],[107.83,34.98],[107.67,35.23],[107.74,35.32],[107.92,35.27],[107.98,35.22],[108.15,35.29],[108.28,35.26],[108.49,35.27],[108.62,35.39],[108.6,35.55],[108.51,35.7],[108.52,35.78],[108.49,35.88],[108.68,36.01],[108.7,36.13],[108.65,36.23],[108.7,36.36],[108.61,36.43],[108.44,36.46],[108.36,36.55],[108.04,36.6],[107.89,36.76],[107.7,36.83],[107.55,36.84],[107.5,36.89],[107.3,36.91],[107.29,37.07],[107.19,37.12],[106.93,37.11],[106.79,37.19],[106.64,37.18],[106.63,37],[106.57,36.93],[106.65,36.83],[106.6,36.73],[106.5,36.71],[106.49,36.56],[106.44,36.51],[106.5,36.44],[106.5,36.27],[106.6,36.28],[106.74,36.21],[106.81,36.21],[106.94,36.08],[106.91,35.91],[106.84,35.88],[106.91,35.79],[106.77,35.71],[106.47,35.73],[106.43,35.7],[106.5,35.55],[106.46,35.33],[106.38,35.26],[106.31,35.27],[106.21,35.4],[106.11,35.42],[106.07,35.49],[105.94,35.52],[105.83,35.49],[105.69,35.66],[105.43,35.76],[105.32,35.93],[105.35,36.06],[105.44,36.11],[105.45,36.25],[105.39,36.38],[105.27,36.55],[105.22,36.69],[105.32,36.78],[105.18,36.97],[104.92,37.1],[104.86,37.22],[104.76,37.25],[104.71,37.22],[104.62,37.25],[104.72,37.34],[104.69,37.41],[104.46,37.44],[104.36,37.4],[104.26,37.39],[104.11,37.46],[103.86,37.63],[103.68,37.78],[103.44,37.84],[103.39,38],[103.39,38.1],[103.52,38.14],[103.47,38.44],[103.79,38.59],[103.98,38.76],[104.04,38.87],[104.17,38.96],[104.22,39.09],[104.06,39.31],[104.02,39.44],[103.75,39.42],[103.46,39.36],[103.28,39.29],[102.97,39.12],[102.83,39.13],[102.39,39.24],[101.83,39.06],[102.02,38.89],[102.02,38.86],[101.83,38.69],[101.58,38.69],[101.41,38.75],[101.32,38.76],[101.33,38.83],[101.25,38.87],[101.18,39.02],[101.05,39],[100.89,39.11],[100.85,39.17],[100.83,39.38],[100.79,39.41],[100.54,39.41],[100.45,39.5],[100.31,39.55],[100.29,39.63],[100.19,39.69],[100.04,39.73],[99.69,39.88],[99.43,39.88],[99.53,40],[99.63,40.07],[99.9,40.2],[100.01,40.4],[100.14,40.52],[100.2,40.62],[100.18,40.74],[100.08,40.86],[100.01,40.9],[99.66,40.9],[99.5,40.84],[99.16,40.84],[98.83,40.73],[98.65,40.57],[98.52,40.53],[98.23,40.54],[98.33,40.86],[98.29,40.92],[98.2,40.95],[97.95,41.12],[97.71,41.35],[97.65,41.46],[97.68,41.5],[97.85,41.62],[97.21,42.79],[96.83,42.76],[96.39,42.72],[96.37,42.73]]]}},
{"type":"Feature","properties":{"r":101,"c":195,"name":"Qinghai","code":"QH"},"geometry":{"type":"Polygon","coordinates":[[[101.78,33.53],[101.61,33.51],[101.58,33.63],[101.5,33.7],[101.4,33.65],[101.16,33.66],[101.17,33.76],[101.13,33.85],[101.01,33.88],[100.95,33.93],[100.79,34.15],[100.82,34.29],[100.94,34.39],[101.04,34.34],[101.26,34.3],[101.32,34.26],[101.61,34.19],[101.65,34.14],[101.78,34.07],[101.86,34.14],[102.01,34.18],[102.08,34.27],[102.21,34.35],[102.15,34.5],[102.01,34.54],[101.93,34.59],[101.91,34.66],[101.79,34.63],[101.76,34.7],[101.92,34.79],[101.91,34.84],[102.01,34.94],[102.27,35.06],[102.38,35.2],[102.32,35.27],[102.29,35.41],[102.43,35.44],[102.53,35.54],[102.7,35.52],[102.72,35.62],[102.68,35.76],[102.7,35.84],[102.84,35.86],[102.98,35.83],[103,35.99],[102.93,36.09],[103.04,36.22],[102.89,36.31],[102.82,36.33],[102.77,36.5],[102.7,36.61],[102.61,36.66],[102.62,36.73],[102.67,36.8],[102.46,36.96],[102.5,37.09],[102.55,37.16],[102.43,37.28],[102.25,37.38],[102.14,37.41],[102.03,37.48],[102.07,37.55],[102,37.61],[101.94,37.73],[101.77,37.52],[101.65,37.61],[101.29,37.8],[101.05,37.96],[100.64,38.11],[100.55,38.25],[100.5,38.29],[100.36,38.31],[100.14,38.49],[100.08,38.39],[100.16,38.3],[100.08,38.28],[99.8,38.37],[99.56,38.52],[99.5,38.6],[99.1,38.89],[99.09,38.96],[98.96,38.98],[98.9,39.04],[98.78,39.07],[98.6,38.95],[98.44,38.96],[98.32,39.02],[98.26,38.93],[98.07,38.8],[98.02,38.84],[97.36,39.15],[97.14,39.2],[97.03,39.2],[96.96,39.1],[96.99,39],[96.97,38.86],[96.98,38.74],[96.94,38.64],[96.97,38.57],[96.95,38.36],[96.85,38.36],[96.51,38.47],[96.5,38.55],[96.32,38.63],[96.05,38.68],[96.01,38.75],[95.89,38.78],[95.79,38.86],[95.72,38.87],[95.57,39.02],[95.46,39.05],[95.31,39.18],[95.06,39.15],[94.72,39.24],[94.63,39.3],[94.48,39.32],[94.12,39.32],[93.91,39.29],[93.72,39.31],[93.5,39.27],[93.41,39.22],[93.28,39.19],[93.14,39.2],[93.04,39.15],[92.94,39.15],[92.33,39.05],[92.12,38.94],[91.88,38.88],[91.63,38.83],[91.49,38.82],[91.29,38.75],[91.01,38.7],[90.65,38.67],[90.64,38.62],[90.48,38.53],[90.15,38.43],[90.19,38.33],[90.44,38],[90.41,37.85],[90.44,37.78],[90.83,37.61],[90.96,37.52],[91.07,37.49],[91.15,37.32],[91.23,37.2],[91.32,37.12],[91.29,37.01],[91.19,37],[91.05,36.95],[90.89,36.94],[90.81,36.91],[90.71,36.82],[90.69,36.7],[90.71,36.64],[90.81,36.56],[91.01,36.5],[91.06,36.31],[91.14,36.14],[91.11,36.07],[90.91,36.01],[90.83,36.01],[90.62,36.11],[90.17,36.13],[90.01,36.25],[89.97,36.1],[89.87,36.07],[89.68,36.08],[89.51,36.05],[89.44,35.99],[89.48,35.88],[89.58,35.84],[89.79,35.83],[89.79,35.78],[89.72,35.64],[89.69,35.51],[89.73,35.44],[89.48,35.34],[89.45,35.21],[89.57,35.07],[89.58,34.94],[89.79,34.93],[89.83,34.85],[89.72,34.74],[89.79,34.55],[89.8,34.41],[89.84,34.38],[89.79,34.2],[89.64,34.09],[89.74,33.91],[89.88,33.82],[89.98,33.63],[90.14,33.58],[90.2,33.5],[90.21,33.4],[90.32,33.29],[90.44,33.28],[90.66,33.16],[90.8,33.14],[90.95,33.24],[91.13,33.25],[91.19,33.34],[91.36,33.34],[91.38,33.27],[91.54,33.08],[91.72,32.98],[91.81,32.97],[91.98,32.85],[92.09,32.89],[92.2,32.87],[92.22,32.74],[92.47,32.77],[92.65,32.74],[92.73,32.76],[92.85,32.73],[93.01,32.73],[93.03,32.66],[93.22,32.66],[93.35,32.58],[93.44,32.56],[93.51,32.52],[93.6,32.56],[93.73,32.57],[93.88,32.5],[94.11,32.48],[94.18,32.52],[94.32,32.54],[94.58,32.67],[94.72,32.59],[94.76,32.54],[94.85,32.5],[94.94,32.43],[94.95,32.34],[95.06,32.26],[95.26,32.24],[95.38,32.17],[95.43,32.09],[95.35,31.95],[95.41,31.81],[95.5,31.74],[95.59,31.76],[95.73,31.75],[95.77,31.7],[95.85,31.71],[96.09,31.7],[96.17,31.55],[96.21,31.61],[96.21,31.74],[96.15,31.78],[96.18,31.87],[96.28,31.91],[96.48,31.75],[96.66,31.72],[96.74,31.68],[96.8,31.72],[96.75,31.84],[96.79,31.91],[96.75,31.97],[97.02,32.02],[97.12,32.01],[97.25,32.08],[97.25,32.2],[97.36,32.26],[97.39,32.38],[97.33,32.42],[97.36,32.5],[97.56,32.48],[97.63,32.44],[97.72,32.54],[97.66,32.56],[97.43,32.7],[97.38,32.78],[97.36,32.9],[97.47,32.98],[97.5,33.05],[97.48,33.12],[97.5,33.19],[97.62,33.33],[97.72,33.41],[97.54,33.45],[97.48,33.56],[97.39,33.61],[97.38,33.87],[97.61,33.93],[97.7,34.01],[97.75,33.86],[97.82,33.86],[98.03,33.96],[98.21,33.94],[98.3,33.85],[98.46,33.84],[98.65,33.68],[98.63,33.61],[98.74,33.49],[98.77,33.3],[98.85,33.17],[99.1,33.07],[99.23,33],[99.29,32.89],[99.51,32.84],[99.7,32.74],[99.73,32.76],[99.77,32.92],[99.84,32.96],[100.05,32.94],[100.14,32.85],[100.16,32.78],[100.12,32.67],[100.22,32.64],[100.25,32.73],[100.4,32.76],[100.5,32.67],[100.56,32.56],[100.47,32.49],[100.53,32.4],[100.6,32.45],[100.64,32.59],[100.7,32.69],[100.9,32.63],[101.05,32.68],[101.17,32.69],[101.24,32.81],[101.23,32.86],[101.13,32.94],[101.16,33.13],[101.22,33.17],[101.45,33.24],[101.64,33.13],[101.73,33.27],[101.67,33.32],[101.69,33.42],[101.78,33.53]]]}},
{"type":"Feature","properties":{"r":102,"c":195,"name":"Guangxi","code":"GX"},"geometry":{"type":"Polygon","coordinates":[[[105.51,23.15],[105.53,23.12],[105.55,23.07],[105.69,23.03],[105.84,22.92],[105.9,22.92],[106,22.97],[106.07,22.98],[106.15,22.97],[106.18,22.96],[106.25,22.87],[106.28,22.86],[106.34,22.86],[106.54,22.91],[106.78,22.78],[106.7,22.64],[106.58,22.57],[106.55,22.5],[106.55,22.34],[106.64,22.29],[106.66,21.98],[106.73,22],[106.93,21.92],[106.97,21.92],[107.01,21.89],[107.02,21.83],[107.06,21.79],[107.18,21.72],[107.27,21.71],[107.35,21.61],[107.43,21.64],[107.47,21.6],[107.64,21.61],[107.76,21.66],[107.8,21.65],[107.97,21.51],[108.07,21.53],[108.15,21.57],[108.25,21.56],[108.3,21.62],[108.32,21.69],[108.35,21.7],[108.44,21.61],[108.5,21.63],[108.53,21.67],[108.49,21.74],[108.48,21.9],[108.59,21.9],[108.62,21.87],[108.59,21.82],[108.62,21.77],[108.77,21.63],[109.03,21.63],[109.1,21.59],[109.13,21.54],[109.08,21.44],[109.15,21.43],[109.35,21.45],[109.44,21.48],[109.54,21.54],[109.52,21.69],[109.57,21.69],[109.59,21.67],[109.69,21.52],[109.74,21.53],[109.76,21.56],[109.92,21.69],[109.97,21.87],[110.14,21.9],[110.22,21.87],[110.36,21.89],[110.36,22.1],[110.33,22.19],[110.41,22.2],[110.47,22.15],[110.64,22.18],[110.67,22.27],[110.77,22.28],[110.7,22.37],[110.75,22.58],[111.02,22.64],[111.07,22.74],[111.18,22.75],[111.28,22.82],[111.35,22.91],[111.41,23.05],[111.37,23.14],[111.36,23.27],[111.39,23.43],[111.47,23.56],[111.47,23.61],[111.6,23.66],[111.61,23.76],[111.66,23.84],[111.79,23.85],[111.81,23.91],[111.9,23.99],[111.87,24.23],[111.98,24.28],[112.05,24.38],[111.99,24.47],[112.01,24.55],[111.93,24.6],[111.93,24.7],[112,24.74],[111.93,24.77],[111.8,24.76],[111.67,24.78],[111.62,24.71],[111.52,24.64],[111.43,24.68],[111.47,24.79],[111.43,24.94],[111.46,25.02],[111.43,25.11],[111.27,25.15],[111.13,25.04],[111.08,24.94],[111.01,24.94],[110.95,25.03],[110.99,25.15],[111.11,25.24],[111.16,25.36],[111.25,25.4],[111.32,25.5],[111.3,25.64],[111.32,25.73],[111.41,25.8],[111.41,25.91],[111.26,25.87],[111.2,25.93],[111.26,26.21],[111.25,26.28],[111.12,26.31],[110.94,26.38],[110.88,26.28],[110.72,26.27],[110.69,26.33],[110.58,26.35],[110.54,26.22],[110.48,26.17],[110.34,26.11],[110.25,25.98],[110.14,26.05],[110.03,26.04],[110.06,26.15],[109.91,26.18],[109.84,26.05],[109.78,26.02],[109.77,25.91],[109.68,25.89],[109.67,25.99],[109.6,26.05],[109.46,26.04],[109.4,26],[109.3,25.74],[109.15,25.75],[109.09,25.81],[108.95,25.78],[108.95,25.69],[109.04,25.71],[109.02,25.59],[108.94,25.55],[108.77,25.52],[108.77,25.6],[108.69,25.6],[108.57,25.42],[108.4,25.51],[108.29,25.54],[108.13,25.39],[108.13,25.27],[108.07,25.21],[107.97,25.21],[107.86,25.15],[107.78,25.15],[107.64,25.27],[107.5,25.21],[107.42,25.3],[107.4,25.39],[107.24,25.56],[107.02,25.5],[106.97,25.44],[107.01,25.35],[107,25.26],[106.91,25.25],[106.89,25.2],[106.67,25.17],[106.59,25.1],[106.31,24.98],[106.16,24.96],[106.2,24.88],[106.18,24.78],[106,24.65],[105.92,24.73],[105.79,24.72],[105.68,24.79],[105.51,24.82],[105.44,24.92],[105.38,24.96],[105.29,24.93],[105.21,25],[105.1,24.95],[105.01,24.8],[104.88,24.76],[104.85,24.71],[104.73,24.63],[104.54,24.74],[104.49,24.7],[104.5,24.58],[104.6,24.4],[104.67,24.34],[104.73,24.36],[104.75,24.47],[104.96,24.42],[105.06,24.43],[105.18,24.31],[105.17,24.17],[105.25,24.09],[105.32,24.12],[105.45,24.04],[105.53,24.13],[105.61,24.14],[105.64,24.08],[105.79,24.02],[105.87,24.02],[105.97,24.09],[106.16,23.97],[106.19,23.87],[106.13,23.8],[106.15,23.75],[106.13,23.54],[105.98,23.47],[105.85,23.52],[105.7,23.36],[105.63,23.35],[105.62,23.28],[105.51,23.15]]]}},
{"type":"Feature","properties":{"r":103,"c":195,"name":"Guizhou","code":"GZ"},"geometry":{"type":"Polygon","coordinates":[[[106.38,28.57],[106.34,28.48],[106.27,28.56],[106.19,28.58],[105.98,28.75],[105.89,28.61],[105.68,28.58],[105.62,28.48],[105.66,28.44],[105.67,28.32],[105.85,28.27],[105.91,28.15],[106.01,28.14],[106.11,28.17],[106.2,28.12],[106.22,28.06],[106.3,28],[106.35,27.83],[106.25,27.78],[106.1,27.79],[106.04,27.76],[105.88,27.75],[105.65,27.68],[105.52,27.77],[105.36,27.76],[105.3,27.72],[105.2,27.4],[105.08,27.41],[104.87,27.31],[104.78,27.33],[104.59,27.31],[104.44,27.35],[104.34,27.44],[104.17,27.27],[103.98,27.4],[103.91,27.39],[103.7,27.15],[103.6,27.08],[103.7,27.05],[103.78,26.96],[103.78,26.88],[103.72,26.8],[103.78,26.73],[103.76,26.63],[103.83,26.55],[104.02,26.51],[104.15,26.65],[104.22,26.63],[104.36,26.65],[104.43,26.71],[104.47,26.61],[104.56,26.58],[104.63,26.5],[104.68,26.38],[104.55,26.27],[104.5,26.15],[104.5,26.03],[104.39,25.95],[104.42,25.86],[104.31,25.66],[104.42,25.58],[104.43,25.51],[104.55,25.48],[104.57,25.38],[104.67,25.3],[104.72,25.21],[104.69,25.1],[104.71,25.02],[104.55,24.81],[104.54,24.74],[104.73,24.63],[104.85,24.71],[104.88,24.76],[105.01,24.8],[105.1,24.95],[105.21,25],[105.29,24.93],[105.38,24.96],[105.44,24.92],[105.51,24.82],[105.68,24.79],[105.79,24.72],[105.92,24.73],[106,24.65],[106.18,24.78],[106.2,24.88],[106.16,24.96],[106.31,24.98],[106.59,25.1],[106.67,25.17],[106.89,25.2],[106.91,25.25],[107,25.26],[107.01,25.35],[106.97,25.44],[107.02,25.5],[107.24,25.56],[107.4,25.39],[107.42,25.3],[107.5,25.21],[107.64,25.27],[107.78,25.15],[107.86,25.15],[107.97,25.21],[108.07,25.21],[108.13,25.27],[108.13,25.39],[108.29,25.54],[108.4,25.51],[108.57,25.42],[108.69,25.6],[108.77,25.6],[108.77,25.52],[108.94,25.55],[109.02,25.59],[109.04,25.71],[108.95,25.69],[108.95,25.78],[109.09,25.81],[109.15,25.75],[109.3,25.74],[109.4,26],[109.46,26.04],[109.43,26.1],[109.4,26.27],[109.3,26.31],[109.32,26.43],[109.4,26.54],[109.38,26.65],[109.29,26.73],[109.4,26.75],[109.51,26.82],[109.44,26.9],[109.51,26.98],[109.5,27.06],[109.44,27.13],[109.23,27.15],[109.16,27.08],[109.1,27.13],[109.01,27.09],[108.95,27.03],[108.87,27.02],[108.79,27.08],[108.9,27.15],[108.9,27.19],[109.01,27.26],[109.21,27.44],[109.28,27.44],[109.32,27.5],[109.42,27.56],[109.45,27.65],[109.41,27.74],[109.33,27.81],[109.31,27.97],[109.36,28.03],[109.3,28.09],[109.35,28.27],[109.26,28.32],[109.26,28.51],[109.16,28.44],[109.09,28.21],[108.94,28.2],[108.73,28.24],[108.78,28.43],[108.73,28.48],[108.58,28.37],[108.58,28.6],[108.33,28.69],[108.37,28.78],[108.29,29.08],[108.05,29.06],[107.88,28.98],[107.79,29.04],[107.78,29.14],[107.56,29.19],[107.5,29.25],[107.43,29.18],[107.42,29.08],[107.5,28.99],[107.44,28.88],[107.3,28.81],[107.16,28.88],[107.03,28.89],[106.97,28.8],[106.89,28.8],[106.84,28.73],[106.83,28.61],[106.76,28.59],[106.75,28.5],[106.56,28.51],[106.63,28.64],[106.56,28.77],[106.49,28.54],[106.38,28.57]]]}},
{"type":"Feature","properties":{"r":104,"c":195,"name":"Chongqing","code":"CQ"},"geometry":{"type":"Polygon","coordinates":[[[109.26,28.51],[109.28,28.57],[109.21,28.63],[109.28,28.73],[109.25,28.79],[109.27,29.05],[109.21,29.1],[109.08,29.21],[109.01,29.31],[108.92,29.35],[108.87,29.5],[108.87,29.64],[108.7,29.7],[108.66,29.82],[108.61,29.86],[108.51,29.72],[108.45,29.74],[108.4,29.83],[108.54,29.89],[108.55,30.01],[108.53,30.11],[108.53,30.32],[108.38,30.4],[108.43,30.49],[108.57,30.5],[108.67,30.57],[108.71,30.52],[108.87,30.55],[108.96,30.61],[109.18,30.57],[109.25,30.6],[109.39,30.58],[109.64,30.72],[109.75,30.84],[109.87,30.89],[110,30.83],[110.07,30.83],[110.13,30.91],[110.14,31],[110.11,31.12],[110.17,31.19],[110.15,31.33],[110.11,31.4],[109.93,31.52],[109.73,31.56],[109.72,31.64],[109.66,31.72],[109.59,31.74],[109.34,31.71],[109.25,31.74],[109.19,31.84],[109.06,31.94],[108.79,32.05],[108.52,32.2],[108.39,32.18],[108.42,32.1],[108.34,32.07],[108.27,31.97],[108.29,31.92],[108.5,31.79],[108.52,31.71],[108.41,31.57],[108.32,31.5],[108.22,31.47],[108.19,31.33],[108.03,31.22],[108.01,31.04],[107.93,30.95],[107.93,30.87],[107.85,30.81],[107.77,30.83],[107.74,30.88],[107.51,30.82],[107.46,30.76],[107.48,30.61],[107.37,30.5],[107.23,30.24],[107.03,30.06],[106.77,30.04],[106.72,30.06],[106.62,30.27],[106.53,30.34],[106.45,30.32],[106.38,30.26],[106.24,30.22],[106.12,30.34],[106,30.39],[105.79,30.42],[105.71,30.27],[105.56,30.15],[105.74,30.03],[105.71,29.87],[105.56,29.8],[105.55,29.75],[105.41,29.7],[105.29,29.58],[105.31,29.47],[105.41,29.43],[105.42,29.33],[105.51,29.29],[105.64,29.27],[105.7,29.22],[105.75,28.99],[105.8,28.94],[105.88,28.92],[106.01,28.97],[106.26,28.87],[106.26,28.79],[106.3,28.67],[106.38,28.57],[106.49,28.54],[106.56,28.77],[106.63,28.64],[106.56,28.51],[106.75,28.5],[106.76,28.59],[106.83,28.61],[106.84,28.73],[106.89,28.8],[106.97,28.8],[107.03,28.89],[107.16,28.88],[107.3,28.81],[107.44,28.88],[107.5,28.99],[107.42,29.08],[107.43,29.18],[107.5,29.25],[107.56,29.19],[107.78,29.14],[107.79,29.04],[107.88,28.98],[108.05,29.06],[108.29,29.08],[108.37,28.78],[108.33,28.69],[108.58,28.6],[108.58,28.37],[108.73,28.48],[108.78,28.43],[108.73,28.24],[108.94,28.2],[109.09,28.21],[109.16,28.44],[109.26,28.51]]]}},
{"type":"Feature","properties":{"r":105,"c":195,"name":"Beijing","code":"BJ"},"geometry":{"type":"Polygon","coordinates":[[[116.79,39.6],[116.88,39.69],[116.92,39.77],[116.78,39.89],[116.74,39.96],[116.83,40.04],[116.99,40.03],[117.24,40.09],[117.31,40.11],[117.37,40.2],[117.36,40.26],[117.25,40.34],[117.24,40.45],[117.18,40.5],[117.24,40.57],[117.41,40.6],[117.43,40.67],[117.3,40.66],[117.2,40.69],[117.06,40.68],[116.91,40.75],[116.68,40.94],[116.65,41.03],[116.44,40.9],[116.46,40.79],[116.29,40.74],[116.21,40.75],[116.13,40.66],[115.99,40.6],[115.87,40.61],[115.73,40.54],[115.95,40.29],[115.82,40.15],[115.58,40.1],[115.43,39.96],[115.5,39.92],[115.51,39.84],[115.44,39.75],[115.46,39.64],[115.62,39.6],[115.76,39.51],[115.95,39.58],[116,39.56],[116.21,39.57],[116.25,39.51],[116.39,39.44],[116.43,39.52],[116.6,39.61],[116.79,39.6]]]}},
{"type":"Feature","properties":{"r":106,"c":195,"name":"Fujian","code":"FJ"},"geometry":{"type":"MultiPolygon","coordinates":[[[[120.42,27.2],[120.41,27.3],[120.34,27.38],[120.25,27.41],[120.15,27.4],[120.06,27.34],[119.77,27.32],[119.69,27.41],[119.69,27.51],[119.62,27.67],[119.51,27.64],[119.47,27.53],[119.39,27.51],[119.27,27.42],[119.19,27.42],[119.01,27.48],[118.92,27.55],[118.89,27.72],[118.82,27.91],[118.75,27.97],[118.77,28.18],[118.8,28.21],[118.74,28.33],[118.5,28.26],[118.45,28.29],[118.35,28.22],[118.37,28.1],[118.13,28.04],[118.06,27.98],[117.82,27.94],[117.75,27.81],[117.61,27.87],[117.54,27.97],[117.28,27.86],[117.29,27.77],[117.23,27.72],[117.11,27.57],[117.12,27.43],[117.1,27.35],[117.15,27.28],[117.04,27.11],[116.92,27.02],[116.67,26.99],[116.55,26.87],[116.5,26.69],[116.54,26.56],[116.62,26.49],[116.59,26.4],[116.5,26.41],[116.4,26.29],[116.42,26.15],[116.4,26.06],[116.32,25.96],[116.18,25.91],[116.14,25.87],[116.12,25.76],[116.03,25.64],[116.04,25.57],[116,25.5],[115.98,25.35],[115.91,25.24],[115.84,25.19],[115.89,25],[115.89,24.92],[116.04,24.89],[116.11,24.85],[116.37,24.84],[116.53,24.62],[116.6,24.66],[116.75,24.67],[116.75,24.55],[116.88,24.39],[116.97,24.19],[116.92,24.08],[117.04,23.74],[117.18,23.62],[117.23,23.65],[117.29,23.71],[117.33,23.71],[117.37,23.59],[117.42,23.62],[117.46,23.74],[117.46,23.77],[117.43,23.79],[117.47,23.84],[117.58,23.86],[117.63,23.84],[117.67,23.94],[117.74,24.01],[117.84,24.01],[117.9,24.11],[118.06,24.25],[118.05,24.33],[118.02,24.38],[117.88,24.4],[117.85,24.43],[117.84,24.47],[118.01,24.48],[118.01,24.56],[118.09,24.63],[118.19,24.63],[118.3,24.57],[118.41,24.6],[118.56,24.58],[118.66,24.62],[118.72,24.75],[118.64,24.81],[118.64,24.84],[118.71,24.85],[118.82,24.91],[118.91,24.93],[118.96,25],[118.91,25.13],[118.98,25.21],[119.24,25.21],[119.29,25.23],[119.24,25.31],[119.17,25.36],[119.15,25.41],[119.18,25.45],[119.26,25.47],[119.34,25.45],[119.42,25.46],[119.59,25.37],[119.62,25.39],[119.62,25.44],[119.54,25.59],[119.55,25.7],[119.62,25.82],[119.65,25.92],[119.62,26],[119.5,26.01],[119.42,25.95],[119.33,25.95],[119.26,25.97],[119.14,26.12],[119.23,26.1],[119.31,26.06],[119.46,26.05],[119.69,26.24],[119.88,26.33],[119.88,26.37],[119.84,26.41],[119.78,26.55],[119.73,26.61],[119.64,26.62],[119.59,26.73],[119.59,26.78],[119.71,26.73],[119.77,26.77],[119.79,26.83],[119.82,26.85],[119.82,26.74],[119.84,26.69],[119.88,26.68],[119.88,26.61],[119.97,26.59],[120.09,26.67],[120.1,26.78],[120.14,26.89],[120.28,27.1],[120.38,27.16],[120.42,27.2]]],[[[118.08,24.5],[118.09,24.45],[118.15,24.44],[118.18,24.5],[118.17,24.52],[118.1,24.55],[118.08,24.5]]],[[[119.8,25.62],[119.78,25.65],[119.72,25.64],[119.7,25.59],[119.72,25.55],[119.7,25.43],[119.75,25.41],[119.83,25.48],[119.81,25.51],[119.84,25.59],[119.8,25.62]]]]}},
{"type":"Feature","properties":{"r":107,"c":195,"name":"Anhui","code":"AH"},"geometry":{"type":"Polygon","coordinates":[[[116.15,29.79],[116.24,29.78],[116.39,29.88],[116.49,29.88],[116.65,30.05],[116.79,30.02],[116.89,29.92],[116.8,29.76],[116.67,29.71],[116.65,29.63],[116.75,29.54],[116.89,29.56],[116.96,29.65],[117.08,29.71],[117.11,29.79],[117.07,29.84],[117.13,29.91],[117.23,29.91],[117.27,29.83],[117.41,29.83],[117.4,29.77],[117.53,29.62],[117.65,29.61],[117.71,29.56],[117.9,29.55],[117.99,29.57],[118.11,29.52],[118.17,29.41],[118.37,29.45],[118.47,29.52],[118.56,29.63],[118.65,29.66],[118.72,29.73],[118.74,29.83],[118.82,29.88],[118.89,29.98],[118.85,30.16],[118.91,30.22],[118.88,30.32],[118.93,30.35],[119.06,30.31],[119.21,30.31],[119.36,30.4],[119.32,30.52],[119.24,30.55],[119.35,30.68],[119.44,30.64],[119.5,30.77],[119.57,30.85],[119.63,31.13],[119.36,31.19],[119.32,31.27],[119.16,31.29],[119.07,31.24],[118.82,31.23],[118.76,31.28],[118.75,31.36],[118.83,31.4],[118.88,31.52],[118.86,31.63],[118.68,31.65],[118.68,31.7],[118.48,31.79],[118.48,31.86],[118.35,31.95],[118.38,32.05],[118.5,32.14],[118.51,32.2],[118.65,32.24],[118.68,32.34],[118.67,32.45],[118.61,32.48],[118.55,32.57],[118.75,32.61],[118.89,32.6],[119.08,32.45],[119.2,32.59],[119.19,32.71],[119.11,32.83],[119.01,32.91],[118.99,32.96],[118.86,32.97],[118.8,32.87],[118.75,32.84],[118.72,32.73],[118.4,32.73],[118.3,32.78],[118.24,32.92],[118.25,33.01],[118.22,33.18],[118.08,33.15],[118,33.17],[117.93,33.24],[118.12,33.61],[118.18,33.69],[118.12,33.77],[117.93,33.73],[117.75,33.72],[117.75,33.88],[117.69,33.89],[117.65,33.98],[117.57,33.99],[117.5,34.05],[117.39,34.03],[117.32,34.08],[117.16,34.09],[117.03,34.16],[116.97,34.28],[116.95,34.39],[116.8,34.4],[116.77,34.45],[116.62,34.49],[116.43,34.64],[116.38,34.64],[116.27,34.58],[116.15,34.57],[116.16,34.45],[116.4,34.28],[116.55,34.29],[116.58,34.19],[116.54,34.12],[116.64,33.95],[116.45,33.85],[116.42,33.79],[116.18,33.72],[116.08,33.78],[115.97,33.9],[115.96,34],[115.84,34.01],[115.73,34.07],[115.65,34.05],[115.59,33.98],[115.56,33.9],[115.63,33.84],[115.57,33.75],[115.63,33.59],[115.44,33.55],[115.35,33.45],[115.32,33.37],[115.35,33.25],[115.25,33.12],[115.14,33.08],[114.97,33.12],[114.89,33.08],[114.88,32.99],[115.18,32.86],[115.2,32.59],[115.37,32.56],[115.46,32.51],[115.56,32.4],[115.65,32.4],[115.69,32.49],[115.79,32.47],[115.89,32.39],[115.93,32.02],[115.9,31.79],[115.66,31.78],[115.53,31.74],[115.39,31.51],[115.37,31.42],[115.55,31.18],[115.67,31.22],[115.77,31.14],[115.88,31.13],[115.95,31.03],[116.04,30.99],[115.86,30.86],[115.86,30.78],[115.78,30.75],[115.77,30.69],[115.83,30.59],[115.95,30.49],[115.88,30.39],[115.91,30.32],[116.04,30.22],[116.08,30.05],[116.08,29.97],[116.13,29.9],[116.15,29.79]]]}},
{"type":"Feature","properties":{"r":108,"c":195,"name":"Guangdong","code":"GD"},"geometry":{"type":"MultiPolygon","coordinates":[[[[113.46,22.9],[113.4,22.9],[113.46,22.83],[113.49,22.83],[113.56,22.76],[113.56,22.8],[113.46,22.9]]],[[[112.78,21.77],[112.76,21.73],[112.71,21.7],[112.77,21.58],[112.79,21.6],[112.81,21.71],[112.86,21.75],[112.78,21.77]]],[[[112.56,21.67],[112.53,21.62],[112.64,21.64],[112.65,21.71],[112.56,21.67]]],[[[110.52,21.08],[110.42,21.06],[110.39,21.09],[110.31,21.07],[110.26,21.03],[110.28,21],[110.42,21.01],[110.5,20.97],[110.54,21.02],[110.52,21.08]]],[[[109.76,21.56],[109.83,21.48],[109.93,21.48],[109.92,21.38],[109.78,21.34],[109.76,21.23],[109.68,21.13],[109.7,21.05],[109.66,20.92],[109.68,20.87],[109.73,20.84],[109.81,20.71],[109.79,20.62],[109.86,20.51],[109.97,20.45],[109.98,20.4],[109.89,20.41],[109.88,20.36],[109.94,20.3],[110.12,20.26],[110.34,20.29],[110.45,20.36],[110.52,20.46],[110.51,20.52],[110.31,20.67],[110.33,20.72],[110.37,20.75],[110.39,20.79],[110.37,20.84],[110.18,20.86],[110.15,20.94],[110.19,21.04],[110.37,21.17],[110.4,21.25],[110.41,21.34],[110.43,21.33],[110.46,21.23],[110.5,21.21],[110.57,21.21],[110.77,21.39],[111,21.43],[111.02,21.51],[111.06,21.51],[111.1,21.48],[111.32,21.49],[111.39,21.54],[111.6,21.56],[111.68,21.61],[111.71,21.66],[111.78,21.72],[111.87,21.72],[111.93,21.78],[111.94,21.85],[112.03,21.84],[112.12,21.81],[112.19,21.76],[112.3,21.74],[112.39,21.8],[112.36,21.98],[112.4,21.98],[112.43,21.96],[112.44,21.93],[112.42,21.88],[112.49,21.82],[112.59,21.78],[112.66,21.86],[112.81,21.94],[112.9,21.88],[112.95,21.91],[112.98,21.94],[113.01,22.12],[113.09,22.21],[113.15,22.08],[113.27,22.09],[113.33,22.15],[113.48,22.2],[113.49,22.24],[113.53,22.25],[113.55,22.22],[113.59,22.35],[113.55,22.4],[113.55,22.59],[113.45,22.73],[113.43,22.79],[113.34,22.86],[113.33,22.91],[113.44,22.94],[113.46,23],[113.45,23.06],[113.52,23.1],[113.62,23.13],[113.59,23.08],[113.59,23.02],[113.62,22.86],[113.66,22.8],[113.75,22.73],[113.83,22.61],[113.93,22.53],[114.02,22.51],[114.05,22.54],[114.1,22.55],[114.12,22.57],[114.19,22.57],[114.27,22.54],[114.34,22.59],[114.42,22.58],[114.5,22.53],[114.55,22.53],[114.54,22.62],[114.65,22.76],[114.71,22.74],[114.75,22.63],[114.85,22.62],[114.9,22.64],[114.91,22.68],[115.01,22.71],[115.09,22.78],[115.2,22.82],[115.38,22.72],[115.5,22.72],[115.56,22.82],[115.64,22.85],[115.85,22.8],[116.06,22.88],[116.16,22.89],[116.21,22.92],[116.25,22.98],[116.35,22.94],[116.47,22.95],[116.52,23.01],[116.54,23.18],[116.59,23.22],[116.67,23.23],[116.7,23.28],[116.68,23.33],[116.63,23.35],[116.76,23.38],[116.86,23.45],[116.91,23.65],[117.03,23.62],[117.08,23.58],[117.15,23.6],[117.18,23.62],[117.04,23.74],[116.92,24.08],[116.97,24.19],[116.88,24.39],[116.75,24.55],[116.75,24.67],[116.6,24.66],[116.53,24.62],[116.37,24.84],[116.11,24.85],[116.04,24.89],[115.89,24.92],[115.79,24.86],[115.75,24.75],[115.8,24.57],[115.71,24.55],[115.6,24.61],[115.54,24.69],[115.42,24.78],[115.24,24.75],[115.14,24.68],[115.05,24.71],[114.94,24.67],[114.86,24.59],[114.74,24.63],[114.71,24.55],[114.64,24.59],[114.5,24.56],[114.42,24.5],[114.19,24.7],[114.3,24.76],[114.38,24.88],[114.41,24.98],[114.73,25.12],[114.68,25.16],[114.71,25.29],[114.58,25.36],[114.57,25.41],[114.43,25.39],[114.38,25.34],[114.28,25.29],[114.11,25.31],[114.03,25.27],[114.01,25.44],[113.93,25.45],[113.83,25.36],[113.71,25.36],[113.58,25.33],[113.52,25.39],[113.42,25.38],[113.22,25.51],[113.09,25.41],[112.92,25.32],[112.89,25.24],[112.97,25.18],[112.96,25.06],[112.99,24.96],[112.81,24.94],[112.71,25],[112.66,25.11],[112.21,25.2],[112.18,25.15],[112.12,24.95],[112.16,24.91],[112.14,24.79],[112.07,24.8],[112,24.74],[111.93,24.7],[111.93,24.6],[112.01,24.55],[111.99,24.47],[112.05,24.38],[111.98,24.28],[111.87,24.23],[111.9,23.99],[111.81,23.91],[111.79,23.85],[111.66,23.84],[111.61,23.76],[111.6,23.66],[111.47,23.61],[111.47,23.56],[111.39,23.43],[111.36,23.27],[111.37,23.14],[111.41,23.05],[111.35,22.91],[111.28,22.82],[111.18,22.75],[111.07,22.74],[111.02,22.64],[110.75,22.58],[110.7,22.37],[110.77,22.28],[110.67,22.27],[110.64,22.18],[110.47,22.15],[110.41,22.2],[110.33,22.19],[110.36,22.1],[110.36,21.89],[110.22,21.87],[110.14,21.9],[109.97,21.87],[109.92,21.69],[109.76,21.56]]]]}},
{"type":"Feature","properties":{"r":109,"c":195,"name":"Xizang","code":"XZ"},"geometry":{"type":"Polygon","coordinates":[[[78.95,34.34],[78.97,34.3],[78.97,34.23],[78.93,34.19],[78.75,34.09],[78.73,34.06],[78.78,33.81],[78.8,33.5],[79.01,33.29],[79.07,33.25],[79.36,33.17],[79.38,33.15],[79.33,32.98],[79.5,32.73],[79.47,32.64],[79.38,32.57],[79.29,32.51],[79.17,32.5],[79.13,32.48],[79.07,32.39],[79,32.37],[78.92,32.36],[78.84,32.41],[78.77,32.47],[78.74,32.56],[78.7,32.6],[78.63,32.58],[78.41,32.56],[78.39,32.54],[78.49,32.23],[78.74,31.96],[78.69,31.81],[78.69,31.74],[78.8,31.62],[78.73,31.47],[78.76,31.44],[78.74,31.32],[78.76,31.3],[78.79,31.29],[78.9,31.33],[78.95,31.34],[78.97,31.33],[79.01,31.41],[79.04,31.43],[79.11,31.4],[79.34,31.11],[79.49,30.99],[79.57,30.95],[79.66,30.97],[79.79,30.97],[80.08,30.78],[80.15,30.79],[80.19,30.76],[80.21,30.68],[80.19,30.57],[80.61,30.45],[80.87,30.29],[80.99,30.24],[81.01,30.16],[81.11,30.04],[81.18,30.04],[81.26,30.09],[81.42,30.34],[81.64,30.39],[82.04,30.33],[82.1,30.25],[82.16,30.12],[82.22,30.06],[82.49,29.94],[82.85,29.68],[83.01,29.62],[83.16,29.61],[83.36,29.44],[83.58,29.18],[83.67,29.19],[83.94,29.28],[84.1,29.22],[84.23,28.91],[84.31,28.87],[84.47,28.75],[84.65,28.66],[84.71,28.6],[84.8,28.56],[84.86,28.55],[85.07,28.61],[85.16,28.59],[85.09,28.37],[85.12,28.32],[85.21,28.29],[85.68,28.28],[85.84,28.14],[85.95,27.93],[85.99,27.91],[86.06,27.93],[86.08,27.99],[86.08,28.08],[86.14,28.11],[86.22,28.02],[86.41,27.93],[86.52,27.96],[86.55,28.09],[86.61,28.1],[86.69,28.09],[86.75,28.02],[87.02,27.93],[87.14,27.84],[87.29,27.82],[87.68,27.82],[87.86,27.89],[88.11,27.87],[88.11,27.93],[88.14,27.95],[88.43,28.01],[88.49,28.03],[88.58,28.09],[88.62,28.09],[88.76,28.04],[88.8,28.01],[88.85,27.87],[88.75,27.52],[88.76,27.43],[88.89,27.32],[88.95,27.46],[89.1,27.59],[89.16,27.71],[89.48,28.06],[89.54,28.11],[89.75,28.19],[89.82,28.26],[89.98,28.31],[90.22,28.28],[90.35,28.24],[90.36,28.22],[90.33,28.09],[90.35,28.08],[90.72,28.07],[90.91,28.03],[90.96,27.99],[91.02,27.97],[91.08,27.97],[91.15,28.03],[91.27,28.08],[91.37,28.02],[91.61,27.95],[91.64,27.92],[91.63,27.76],[91.98,27.73],[92.1,27.81],[92.16,27.81],[92.25,27.84],[92.41,27.82],[92.55,27.88],[92.66,27.95],[92.69,27.99],[92.69,28.03],[92.64,28.06],[92.7,28.15],[92.88,28.23],[93.12,28.4],[93.21,28.59],[93.25,28.63],[93.66,28.69],[93.76,28.73],[93.9,28.8],[93.97,28.86],[94.01,28.91],[94.02,28.96],[94.11,28.98],[94.29,29.14],[94.47,29.22],[94.62,29.31],[94.68,29.3],[94.77,29.18],[94.97,29.14],[95,29.15],[95.28,29.05],[95.39,29.04],[95.42,29.05],[95.49,29.14],[95.52,29.15],[95.52,29.21],[95.71,29.31],[96.04,29.45],[96.13,29.38],[96.19,29.27],[96.23,29.25],[96.34,29.26],[96.36,29.25],[96.34,29.21],[96.27,29.16],[96.12,29.08],[96.14,28.92],[96.16,28.91],[96.35,29.03],[96.44,29.05],[96.47,29.02],[96.48,28.96],[96.58,28.76],[96.4,28.61],[96.33,28.53],[96.33,28.47],[96.28,28.43],[96.28,28.41],[96.39,28.37],[96.43,28.41],[96.6,28.46],[96.65,28.45],[96.78,28.37],[96.83,28.36],[96.98,28.34],[97.08,28.37],[97.15,28.34],[97.32,28.22],[97.36,28.25],[97.54,28.51],[97.6,28.52],[97.66,28.5],[97.77,28.36],[97.89,28.36],[98.02,28.21],[98.06,28.19],[98.1,28.14],[98.23,28.2],[98.3,28.35],[98.41,28.25],[98.49,28.25],[98.58,28.32],[98.64,28.42],[98.59,28.67],[98.68,28.76],[98.64,28.88],[98.66,28.97],[98.79,29],[98.82,28.89],[98.87,28.81],[98.95,28.84],[98.91,28.91],[98.93,28.99],[99.01,29.07],[98.99,29.2],[99.11,29.22],[99.06,29.31],[99.04,29.56],[98.99,29.65],[99.01,29.82],[99.06,29.92],[99.03,30.06],[98.99,30.14],[98.96,30.46],[98.93,30.49],[98.91,30.66],[98.95,30.75],[98.78,30.9],[98.8,30.99],[98.62,31.19],[98.61,31.26],[98.68,31.32],[98.77,31.23],[98.88,31.35],[98.59,31.6],[98.56,31.68],[98.45,31.8],[98.42,31.88],[98.45,31.98],[98.22,32.25],[98.21,32.36],[98.08,32.4],[98.01,32.46],[97.72,32.54],[97.63,32.44],[97.56,32.48],[97.36,32.5],[97.33,32.42],[97.39,32.38],[97.36,32.26],[97.25,32.2],[97.25,32.08],[97.12,32.01],[97.02,32.02],[96.75,31.97],[96.79,31.91],[96.75,31.84],[96.8,31.72],[96.74,31.68],[96.66,31.72],[96.48,31.75],[96.28,31.91],[96.18,31.87],[96.15,31.78],[96.21,31.74],[96.21,31.61],[96.17,31.55],[96.09,31.7],[95.85,31.71],[95.77,31.7],[95.73,31.75],[95.59,31.76],[95.5,31.74],[95.41,31.81],[95.35,31.95],[95.43,32.09],[95.38,32.17],[95.26,32.24],[95.06,32.26],[94.95,32.34],[94.94,32.43],[94.85,32.5],[94.76,32.54],[94.72,32.59],[94.58,32.67],[94.32,32.54],[94.18,32.52],[94.11,32.48],[93.88,32.5],[93.73,32.57],[93.6,32.56],[93.51,32.52],[93.44,32.56],[93.35,32.58],[93.22,32.66],[93.03,32.66],[93.01,32.73],[92.85,32.73],[92.73,32.76],[92.65,32.74],[92.47,32.77],[92.22,32.74],[92.2,32.87],[92.09,32.89],[91.98,32.85],[91.81,32.97],[91.72,32.98],[91.54,33.08],[91.38,33.27],[91.36,33.34],[91.19,33.34],[91.13,33.25],[90.95,33.24],[90.8,33.14],[90.66,33.16],[90.44,33.28],[90.32,33.29],[90.21,33.4],[90.2,33.5],[90.14,33.58],[89.98,33.63],[89.88,33.82],[89.74,33.91],[89.64,34.09],[89.79,34.2],[89.84,34.38],[89.8,34.41],[89.79,34.55],[89.72,34.74],[89.83,34.85],[89.79,34.93],[89.58,34.94],[89.57,35.07],[89.45,35.21],[89.48,35.34],[89.73,35.44],[89.69,35.51],[89.72,35.64],[89.79,35.78],[89.79,35.83],[89.58,35.84],[89.48,35.88],[89.44,35.99],[89.51,36.05],[89.68,36.08],[89.22,36.26],[88.96,36.29],[88.83,36.37],[88.71,36.37],[88.52,36.41],[88.46,36.45],[88,36.43],[87.92,36.38],[87.57,36.33],[87.35,36.37],[87.19,36.3],[87,36.27],[86.79,36.26],[86.71,36.23],[86.46,36.22],[86.4,36.17],[86.21,36.12],[86.09,35.88],[85.93,35.76],[85.72,35.76],[85.62,35.68],[85.39,35.76],[85.26,35.73],[85.15,35.75],[84.92,35.69],[84.78,35.6],[84.56,35.56],[84.21,35.39],[84.13,35.38],[83.98,35.42],[83.87,35.37],[83.56,35.36],[83.25,35.42],[83.1,35.41],[82.97,35.49],[82.98,35.6],[82.94,35.67],[82.78,35.68],[82.71,35.65],[82.43,35.69],[82.32,35.63],[82.29,35.54],[82.09,35.45],[82,35.32],[81.71,35.25],[81.55,35.25],[81.46,35.31],[81.36,35.33],[81.21,35.32],[81.06,35.39],[80.98,35.29],[80.86,35.35],[80.77,35.34],[80.66,35.38],[80.49,35.4],[80.32,35.51],[80.26,35.44],[80.18,35.25],[80.01,35.09],[80.05,35.02],[79.88,34.92],[79.96,34.68],[79.79,34.43],[79.72,34.41],[79.51,34.47],[79.34,34.43],[79.2,34.44],[78.95,34.34]]]}},
{"type":"Feature","properties":{"r":110,"c":195,"name":"Xinjiang","code":"XJ"},"geometry":{"type":"Polygon","coordinates":[[[78.95,34.34],[79.2,34.44],[79.34,34.43],[79.51,34.47],[79.72,34.41],[79.79,34.43],[79.96,34.68],[79.88,34.92],[80.05,35.02],[80.01,35.09],[80.18,35.25],[80.26,35.44],[80.32,35.51],[80.49,35.4],[80.66,35.38],[80.77,35.34],[80.86,35.35],[80.98,35.29],[81.06,35.39],[81.21,35.32],[81.36,35.33],[81.46,35.31],[81.55,35.25],[81.71,35.25],[82,35.32],[82.09,35.45],[82.29,35.54],[82.32,35.63],[82.43,35.69],[82.71,35.65],[82.78,35.68],[82.94,35.67],[82.98,35.6],[82.97,35.49],[83.1,35.41],[83.25,35.42],[83.56,35.36],[83.87,35.37],[83.98,35.42],[84.13,35.38],[84.21,35.39],[84.56,35.56],[84.78,35.6],[84.92,35.69],[85.15,35.75],[85.26,35.73],[85.39,35.76],[85.62,35.68],[85.72,35.76],[85.93,35.76],[86.09,35.88],[86.21,36.12],[86.4,36.17],[86.46,36.22],[86.71,36.23],[86.79,36.26],[87,36.27],[87.19,36.3],[87.35,36.37],[87.57,36.33],[87.92,36.38],[88,36.43],[88.46,36.45],[88.52,36.41],[88.71,36.37],[88.83,36.37],[88.96,36.29],[89.22,36.26],[89.68,36.08],[89.87,36.07],[89.97,36.1],[90.01,36.25],[90.17,36.13],[90.62,36.11],[90.83,36.01],[90.91,36.01],[91.11,36.07],[91.14,36.14],[91.06,36.31],[91.01,36.5],[90.81,36.56],[90.71,36.64],[90.69,36.7],[90.71,36.82],[90.81,36.91],[90.89,36.94],[91.05,36.95],[91.19,37],[91.29,37.01],[91.32,37.12],[91.23,37.2],[91.15,37.32],[91.07,37.49],[90.96,37.52],[90.83,37.61],[90.44,37.78],[90.41,37.85],[90.44,38],[90.19,38.33],[90.15,38.43],[90.48,38.53],[90.64,38.62],[90.65,38.67],[91.01,38.7],[91.29,38.75],[91.49,38.82],[91.63,38.83],[91.88,38.88],[92.12,38.94],[92.33,39.05],[92.94,39.15],[92.95,39.45],[92.77,39.81],[92.78,39.91],[92.92,40.12],[92.93,40.42],[93.04,40.49],[93.29,40.47],[93.58,40.59],[94.01,41.1],[94.58,41.59],[95.06,41.79],[95.49,41.86],[95.77,41.83],[95.86,41.86],[96.04,42],[96.02,42.14],[96.04,42.5],[96.09,42.59],[96.37,42.73],[96.35,42.75],[96.34,42.85],[96.3,42.93],[95.91,43.21],[95.86,43.28],[95.84,43.38],[95.53,43.95],[95.47,43.99],[95.36,44.01],[95.33,44.04],[95.34,44.2],[95.37,44.26],[95.35,44.28],[95.05,44.26],[94.71,44.35],[94.49,44.47],[94.36,44.52],[94.2,44.65],[93.96,44.67],[93.87,44.72],[93.76,44.83],[93.66,44.9],[93.52,44.94],[92.79,45.04],[92.58,45.01],[92.42,45.01],[92.03,45.07],[91.58,45.08],[91.44,45.12],[91.31,45.12],[91.22,45.14],[91.14,45.19],[91.05,45.22],[90.95,45.22],[90.91,45.19],[90.88,45.2],[90.76,45.37],[90.75,45.42],[90.69,45.47],[90.66,45.53],[90.71,45.73],[90.8,45.85],[91,46.04],[91,46.1],[90.91,46.27],[91.03,46.53],[91.03,46.57],[91,46.6],[90.99,46.75],[90.87,46.95],[90.8,46.99],[90.72,47],[90.55,47.21],[90.48,47.33],[90.43,47.5],[90.35,47.6],[90.33,47.66],[90.31,47.68],[90.19,47.7],[90.1,47.75],[90.03,47.88],[89.96,47.89],[89.91,47.84],[89.83,47.82],[89.78,47.83],[89.64,47.91],[89.56,48],[89.48,48.03],[89.33,48.02],[89.2,47.98],[89.05,48],[88.92,48.09],[88.84,48.1],[88.58,48.22],[88.57,48.32],[88.52,48.38],[88.41,48.4],[88.31,48.47],[87.98,48.56],[87.97,48.6],[88.06,48.71],[88.03,48.74],[87.83,48.79],[87.81,48.84],[87.74,48.88],[87.75,48.92],[87.86,48.97],[87.87,49],[87.83,49.03],[87.82,49.08],[87.83,49.12],[87.81,49.16],[87.76,49.17],[87.52,49.12],[87.48,49.09],[87.42,49.08],[87.32,49.09],[87.23,49.11],[87.05,49.11],[86.89,49.09],[86.75,49.01],[86.73,48.94],[86.76,48.86],[86.72,48.7],[86.55,48.53],[86.37,48.49],[86.27,48.45],[86.06,48.42],[85.83,48.41],[85.75,48.39],[85.65,48.25],[85.56,48.05],[85.53,47.92],[85.59,47.49],[85.67,47.34],[85.66,47.25],[85.58,47.19],[85.53,47.1],[85.48,47.06],[85.23,47.04],[85.01,46.91],[84.86,46.84],[84.79,46.83],[84.75,46.86],[84.72,46.94],[84.67,46.97],[84.34,47],[84.02,46.97],[83.63,47.04],[83.19,47.19],[83.09,47.21],[83.03,47.19],[83,47.03],[82.56,46.16],[82.43,45.81],[82.31,45.56],[82.33,45.52],[82.61,45.42],[82.63,45.37],[82.6,45.22],[82.52,45.13],[82.48,45.12],[82.32,45.21],[82.27,45.22],[81.94,45.16],[81.87,45.18],[81.79,45.23],[81.76,45.31],[81.69,45.35],[81.6,45.31],[80.85,45.13],[80.63,45.13],[80.23,45.03],[80.06,45.01],[79.87,44.88],[79.88,44.86],[80,44.8],[80.26,44.81],[80.46,44.75],[80.48,44.71],[80.46,44.68],[80.4,44.68],[80.38,44.66],[80.39,44.63],[80.34,44.44],[80.37,44.22],[80.36,44.1],[80.4,44.05],[80.43,43.95],[80.5,43.89],[80.65,43.56],[80.7,43.43],[80.67,43.31],[80.73,43.27],[80.79,43.16],[80.78,43.12],[80.75,43.1],[80.62,43.13],[80.39,43.04],[80.37,43.02],[80.38,42.97],[80.54,42.91],[80.54,42.87],[80.42,42.86],[80.25,42.8],[80.17,42.67],[80.18,42.52],[80.26,42.27],[80.26,42.24],[80.21,42.19],[80.25,42.06],[80.24,42.04],[79.91,42.02],[79.84,42],[79.77,41.9],[79.35,41.78],[79.29,41.78],[78.74,41.56],[78.36,41.37],[78.35,41.28],[78.12,41.08],[77.96,41.05],[77.82,41.06],[77.72,41.02],[77.58,40.99],[77.18,41.01],[76.99,41.04],[76.91,41.02],[76.82,40.98],[76.71,40.82],[76.66,40.78],[76.58,40.58],[76.48,40.45],[76.32,40.35],[76.26,40.43],[76.16,40.38],[76.06,40.39],[76,40.37],[75.87,40.3],[75.68,40.31],[75.66,40.33],[75.62,40.52],[75.56,40.63],[75.52,40.63],[75.24,40.48],[75.11,40.45],[75,40.45],[74.87,40.49],[74.84,40.48],[74.8,40.43],[74.83,40.33],[74.68,40.31],[74.41,40.14],[74.24,40.09],[74.02,40.06],[73.99,40.04],[73.84,39.8],[73.91,39.58],[73.82,39.49],[73.63,39.45],[73.64,39.4],[73.61,39.23],[73.69,39.1],[73.8,39],[73.81,38.97],[73.71,38.89],[73.7,38.85],[73.8,38.61],[73.87,38.56],[73.97,38.53],[74.03,38.54],[74.07,38.61],[74.13,38.66],[74.28,38.66],[74.51,38.6],[74.75,38.51],[74.81,38.46],[74.84,38.4],[74.77,38.27],[74.79,38.1],[74.84,38.04],[74.89,37.93],[74.9,37.83],[74.94,37.77],[74.89,37.6],[75.1,37.45],[75.12,37.39],[75.01,37.29],[74.89,37.23],[74.77,37.25],[74.73,37.29],[74.56,37.24],[74.37,37.16],[74.38,37.14],[74.54,37.02],[74.6,37.04],[74.69,37.04],[74.89,36.95],[75.05,36.99],[75.35,36.91],[75.38,36.88],[75.42,36.74],[75.46,36.73],[75.57,36.76],[75.67,36.74],[75.84,36.65],[75.89,36.6],[75.93,36.52],[75.97,36.38],[75.97,36.17],[75.9,36.09],[75.91,36.05],[75.95,36.02],[76.07,35.98],[76.1,35.95],[76.15,35.83],[76.18,35.81],[76.39,35.84],[76.55,35.89],[76.56,35.77],[76.88,35.61],[77.09,35.55],[77.52,35.47],[77.72,35.48],[77.8,35.5],[77.81,35.48],[77.89,35.45],[78.01,35.49],[78.04,35.48],[78.05,35.45],[78.01,35.25],[78.08,35.13],[78.28,34.65],[78.33,34.61],[78.67,34.52],[78.76,34.45],[78.94,34.35],[78.95,34.34]]]}},
{"type":"Feature","properties":{"r":111,"c":195,"name":"Hainan","code":"HA"},"geometry":{"type":"Polygon","coordinates":[[[110.97,19.88],[110.94,19.95],[110.89,19.99],[110.81,20.01],[110.74,20.06],[110.68,20.14],[110.65,20.14],[110.6,20.1],[110.59,19.98],[110.39,20.06],[110.39,19.98],[110.34,20.04],[110.21,20.06],[110.17,20.05],[110.08,19.99],[109.91,19.96],[109.65,19.98],[109.58,19.97],[109.51,19.9],[109.31,19.9],[109.26,19.88],[109.18,19.77],[109.28,19.76],[109.18,19.67],[109.06,19.61],[108.9,19.48],[108.79,19.42],[108.69,19.34],[108.65,19.27],[108.64,18.87],[108.68,18.75],[108.7,18.54],[109.03,18.37],[109.34,18.3],[109.52,18.22],[109.7,18.26],[109.76,18.35],[109.82,18.4],[110.02,18.42],[110.07,18.45],[110.05,18.51],[110.16,18.57],[110.25,18.66],[110.33,18.67],[110.4,18.7],[110.45,18.75],[110.57,19.1],[110.57,19.17],[110.64,19.29],[110.82,19.56],[110.91,19.59],[111.01,19.66],[110.97,19.88]]]}},
{"type":"Feature","properties":{"r":112,"c":195,"name":"Ningxia","code":"NX"},"geometry":{"type":"Polygon","coordinates":[[[107.66,37.85],[107.4,37.92],[107.32,38.07],[107.16,38.14],[107.06,38.11],[106.83,38.15],[106.47,38.29],[106.64,38.46],[106.7,38.64],[106.93,38.92],[106.98,39.04],[106.91,39.07],[106.81,39.2],[106.79,39.36],[106.61,39.36],[106.5,39.29],[106.35,39.29],[106.28,39.27],[106.28,39.16],[106.11,39.12],[106.06,38.98],[105.9,38.74],[105.84,38.57],[105.83,38.23],[105.76,38.14],[105.82,38.01],[105.79,37.81],[105.66,37.74],[105.53,37.72],[105.35,37.75],[105.08,37.66],[104.94,37.55],[104.65,37.51],[104.52,37.53],[104.43,37.5],[104.36,37.4],[104.46,37.44],[104.69,37.41],[104.72,37.34],[104.62,37.25],[104.71,37.22],[104.76,37.25],[104.86,37.22],[104.92,37.1],[105.18,36.97],[105.32,36.78],[105.22,36.69],[105.27,36.55],[105.39,36.38],[105.45,36.25],[105.44,36.11],[105.35,36.06],[105.32,35.93],[105.43,35.76],[105.69,35.66],[105.83,35.49],[105.94,35.52],[106.07,35.49],[106.11,35.42],[106.21,35.4],[106.31,35.27],[106.38,35.26],[106.46,35.33],[106.5,35.55],[106.43,35.7],[106.47,35.73],[106.77,35.71],[106.91,35.79],[106.84,35.88],[106.91,35.91],[106.94,36.08],[106.81,36.21],[106.74,36.21],[106.6,36.28],[106.5,36.27],[106.5,36.44],[106.44,36.51],[106.49,36.56],[106.5,36.71],[106.6,36.73],[106.65,36.83],[106.57,36.93],[106.63,37],[106.64,37.18],[106.79,37.19],[106.93,37.11],[107.19,37.12],[107.29,37.07],[107.32,37.16],[107.24,37.3],[107.32,37.53],[107.32,37.59],[107.44,37.66],[107.51,37.76],[107.61,37.77],[107.66,37.85]]]}},
{"type":"Feature","properties":{"r":113,"c":195,"name":"Shaanxi","code":"SA"},"geometry":{"type":"Polygon","coordinates":[[[107.29,37.07],[107.3,36.91],[107.5,36.89],[107.55,36.84],[107.7,36.83],[107.89,36.76],[108.04,36.6],[108.36,36.55],[108.44,36.46],[108.61,36.43],[108.7,36.36],[108.65,36.23],[108.7,36.13],[108.68,36.01],[108.49,35.88],[108.52,35.78],[108.51,35.7],[108.6,35.55],[108.62,35.39],[108.49,35.27],[108.28,35.26],[108.15,35.29],[107.98,35.22],[107.92,35.27],[107.74,35.32],[107.67,35.23],[107.83,34.98],[107.71,34.95],[107.57,34.97],[107.5,34.93],[107.32,34.94],[107.21,34.89],[107.05,35.04],[106.91,35.09],[106.56,35.08],[106.49,35.03],[106.5,34.93],[106.55,34.86],[106.49,34.74],[106.32,34.58],[106.37,34.52],[106.5,34.52],[106.61,34.46],[106.67,34.38],[106.66,34.25],[106.55,34.28],[106.59,34.14],[106.51,34.11],[106.43,33.94],[106.48,33.87],[106.45,33.8],[106.48,33.7],[106.56,33.6],[106.5,33.54],[106.39,33.62],[106.17,33.56],[106.07,33.62],[105.99,33.61],[105.95,33.55],[105.83,33.5],[105.79,33.41],[105.72,33.39],[105.75,33.29],[105.91,33.23],[105.91,33.03],[105.89,32.98],[105.64,32.89],[105.5,32.91],[105.57,32.73],[105.63,32.71],[105.72,32.76],[105.81,32.76],[105.88,32.84],[106.08,32.87],[106.06,32.71],[106.11,32.65],[106.23,32.59],[106.36,32.64],[106.6,32.68],[106.71,32.74],[107.07,32.71],[107.1,32.67],[107.07,32.52],[107.2,32.45],[107.28,32.45],[107.37,32.52],[107.45,32.52],[107.46,32.41],[107.66,32.39],[107.77,32.31],[107.84,32.23],[107.96,32.16],[108.05,32.23],[108.24,32.26],[108.48,32.25],[108.52,32.2],[108.79,32.05],[109.06,31.94],[109.19,31.84],[109.25,31.74],[109.34,31.71],[109.59,31.74],[109.61,31.93],[109.67,32.04],[109.62,32.19],[109.55,32.23],[109.49,32.34],[109.56,32.41],[109.58,32.54],[109.63,32.59],[109.88,32.59],[110,32.55],[110.07,32.62],[110.17,32.62],[110.15,32.73],[110.1,32.84],[109.9,32.91],[109.84,32.9],[109.74,32.93],[109.78,33.04],[109.76,33.08],[109.49,33.15],[109.52,33.24],[109.66,33.26],[109.88,33.24],[109.96,33.21],[110.09,33.21],[110.23,33.16],[110.43,33.17],[110.55,33.25],[110.6,33.15],[110.71,33.11],[110.82,33.2],[110.9,33.21],[110.97,33.27],[111.02,33.37],[111.01,33.5],[110.97,33.6],[110.79,33.71],[110.75,33.8],[110.59,33.88],[110.64,33.98],[110.59,34.07],[110.61,34.17],[110.43,34.26],[110.48,34.33],[110.37,34.4],[110.33,34.48],[110.34,34.62],[110.25,34.66],[110.24,34.8],[110.26,34.94],[110.34,35.2],[110.42,35.29],[110.62,35.6],[110.58,35.71],[110.56,35.85],[110.51,35.89],[110.45,36.14],[110.47,36.26],[110.46,36.35],[110.5,36.48],[110.48,36.59],[110.4,36.78],[110.39,37.02],[110.46,37.05],[110.67,37.28],[110.69,37.36],[110.63,37.4],[110.75,37.48],[110.79,37.56],[110.75,37.75],[110.65,37.81],[110.59,37.92],[110.52,37.95],[110.51,38.2],[110.58,38.29],[110.67,38.32],[110.77,38.43],[110.86,38.47],[110.9,38.55],[110.87,38.62],[110.98,38.82],[111,39],[111.12,39.07],[111.22,39.31],[111.11,39.39],[111.04,39.42],[111.14,39.56],[111.01,39.56],[110.85,39.47],[110.68,39.26],[110.6,39.27],[110.49,39.37],[110.34,39.32],[110.23,39.42],[110.11,39.43],[110.18,39.29],[109.96,39.18],[109.82,39.05],[109.67,39.01],[109.64,38.91],[109.54,38.79],[109.42,38.77],[109.31,38.62],[109.16,38.54],[108.99,38.34],[108.95,38.2],[109.03,38.11],[109,37.99],[108.95,37.93],[108.86,37.99],[108.79,37.94],[108.76,37.68],[108.5,37.67],[108.33,37.63],[108.04,37.63],[107.99,37.73],[107.88,37.8],[107.66,37.85],[107.61,37.77],[107.51,37.76],[107.44,37.66],[107.32,37.59],[107.32,37.53],[107.24,37.3],[107.32,37.16],[107.29,37.07]]]}},
{"type":"Feature","properties":{"r":114,"c":195,"name":"Shanxi","code":"SX"},"geometry":{"type":"Polygon","coordinates":[[[110.34,34.62],[110.53,34.58],[110.71,34.62],[110.77,34.66],[110.88,34.67],[111.03,34.75],[111.33,34.84],[111.39,34.82],[111.56,34.86],[111.62,34.95],[111.83,35.08],[112.06,35.11],[112.06,35.23],[112.53,35.22],[112.68,35.31],[112.81,35.24],[112.9,35.24],[113.02,35.33],[113.13,35.35],[113.49,35.53],[113.61,35.65],[113.58,35.69],[113.63,35.95],[113.69,36.06],[113.67,36.22],[113.72,36.36],[113.63,36.44],[113.54,36.48],[113.55,36.55],[113.46,36.64],[113.45,36.74],[113.61,36.77],[113.68,36.87],[113.78,36.89],[113.75,37.11],[113.86,37.21],[113.89,37.3],[114.05,37.5],[114.1,37.6],[114.1,37.7],[114.03,37.75],[113.99,37.84],[113.89,37.95],[113.79,38.15],[113.56,38.24],[113.52,38.38],[113.53,38.54],[113.61,38.64],[113.67,38.66],[113.83,38.81],[113.76,38.91],[113.85,39.07],[114.01,39.12],[114.09,39.07],[114.22,39.07],[114.39,39.17],[114.42,39.3],[114.54,39.53],[114.4,39.66],[114.38,39.86],[114.23,39.88],[114.09,39.92],[113.94,40.02],[114,40.13],[114.09,40.19],[114.45,40.29],[114.43,40.36],[114.29,40.38],[114.26,40.55],[114.15,40.67],[114.15,40.74],[114.03,40.64],[114.08,40.55],[114.04,40.49],[113.81,40.43],[113.68,40.43],[113.52,40.34],[113.33,40.32],[113.23,40.42],[113.09,40.4],[112.96,40.36],[112.84,40.23],[112.73,40.17],[112.6,40.24],[112.4,40.29],[112.28,40.23],[112.17,40.06],[112.1,40.01],[111.92,39.69],[111.76,39.6],[111.67,39.64],[111.49,39.65],[111.43,39.63],[111.42,39.52],[111.34,39.44],[111.2,39.43],[111.11,39.39],[111.22,39.31],[111.12,39.07],[111,39],[110.98,38.82],[110.87,38.62],[110.9,38.55],[110.86,38.47],[110.77,38.43],[110.67,38.32],[110.58,38.29],[110.51,38.2],[110.52,37.95],[110.59,37.92],[110.65,37.81],[110.75,37.75],[110.79,37.56],[110.75,37.48],[110.63,37.4],[110.69,37.36],[110.67,37.28],[110.46,37.05],[110.39,37.02],[110.4,36.78],[110.48,36.59],[110.5,36.48],[110.46,36.35],[110.47,36.26],[110.45,36.14],[110.51,35.89],[110.56,35.85],[110.58,35.71],[110.62,35.6],[110.42,35.29],[110.34,35.2],[110.26,34.94],[110.24,34.8],[110.25,34.66],[110.34,34.62]]]}},
{"type":"Feature","properties":{"r":115,"c":195,"name":"Hubei","code":"HU"},"geometry":{"type":"Polygon","coordinates":[[[113.9,29.07],[114.06,29.2],[114.25,29.25],[114.24,29.31],[114.31,29.35],[114.47,29.32],[114.71,29.39],[114.82,29.39],[114.9,29.52],[114.97,29.56],[115.27,29.61],[115.42,29.71],[115.49,29.86],[115.71,29.86],[115.86,29.74],[116,29.74],[116.15,29.79],[116.13,29.9],[116.08,29.97],[116.08,30.05],[116.04,30.22],[115.91,30.32],[115.88,30.39],[115.95,30.49],[115.83,30.59],[115.77,30.69],[115.78,30.75],[115.86,30.78],[115.86,30.86],[116.04,30.99],[115.95,31.03],[115.88,31.13],[115.77,31.14],[115.67,31.22],[115.55,31.18],[115.37,31.42],[115.29,31.4],[115.22,31.45],[115.21,31.55],[115.13,31.59],[115.08,31.52],[115,31.48],[114.77,31.49],[114.64,31.57],[114.55,31.57],[114.56,31.74],[114.5,31.76],[114.36,31.73],[114.27,31.81],[114.14,31.85],[114.09,31.78],[113.97,31.75],[113.96,31.83],[113.86,31.86],[113.79,31.97],[113.75,32.14],[113.78,32.19],[113.78,32.36],[113.73,32.42],[113.62,32.39],[113.53,32.3],[113.44,32.29],[113.18,32.41],[113.07,32.42],[112.75,32.35],[112.53,32.38],[112.29,32.35],[112.14,32.39],[112.05,32.45],[111.78,32.52],[111.71,32.6],[111.63,32.63],[111.53,32.61],[111.51,32.68],[111.36,32.82],[111.21,32.93],[111.22,32.98],[111.11,33.15],[111,33.21],[110.97,33.27],[110.9,33.21],[110.82,33.2],[110.71,33.11],[110.6,33.15],[110.55,33.25],[110.43,33.17],[110.23,33.16],[110.09,33.21],[109.96,33.21],[109.88,33.24],[109.66,33.26],[109.52,33.24],[109.49,33.15],[109.76,33.08],[109.78,33.04],[109.74,32.93],[109.84,32.9],[109.9,32.91],[110.1,32.84],[110.15,32.73],[110.17,32.62],[110.07,32.62],[110,32.55],[109.88,32.59],[109.63,32.59],[109.58,32.54],[109.56,32.41],[109.49,32.34],[109.55,32.23],[109.62,32.19],[109.67,32.04],[109.61,31.93],[109.59,31.74],[109.66,31.72],[109.72,31.64],[109.73,31.56],[109.93,31.52],[110.11,31.4],[110.15,31.33],[110.17,31.19],[110.11,31.12],[110.14,31],[110.13,30.91],[110.07,30.83],[110,30.83],[109.87,30.89],[109.75,30.84],[109.64,30.72],[109.39,30.58],[109.25,30.6],[109.18,30.57],[108.96,30.61],[108.87,30.55],[108.71,30.52],[108.67,30.57],[108.57,30.5],[108.43,30.49],[108.38,30.4],[108.53,30.32],[108.53,30.11],[108.55,30.01],[108.54,29.89],[108.4,29.83],[108.45,29.74],[108.51,29.72],[108.61,29.86],[108.66,29.82],[108.7,29.7],[108.87,29.64],[108.87,29.5],[108.92,29.35],[109.01,29.31],[109.08,29.21],[109.21,29.1],[109.27,29.24],[109.34,29.29],[109.43,29.53],[109.47,29.57],[109.7,29.66],[109.78,29.73],[110.1,29.79],[110.23,29.74],[110.36,29.65],[110.45,29.73],[110.53,29.73],[110.59,29.77],[110.5,29.86],[110.46,30.01],[110.54,30.06],[110.72,30.03],[110.74,30.1],[110.94,30.06],[111.25,30.03],[111.41,29.93],[111.58,29.9],[111.77,29.92],[111.92,29.86],[112.13,29.71],[112.17,29.65],[112.36,29.57],[112.44,29.64],[112.65,29.63],[112.79,29.74],[112.89,29.79],[112.95,29.71],[112.91,29.6],[112.93,29.5],[113.01,29.52],[113.15,29.47],[113.19,29.53],[113.52,29.84],[113.54,29.69],[113.63,29.68],[113.67,29.54],[113.73,29.44],[113.59,29.29],[113.64,29.22],[113.65,29.12],[113.71,29.07],[113.77,29.13],[113.9,29.07]]]}},
{"type":"Feature","properties":{"r":116,"c":195,"name":"Hunan","code":"HN"},"geometry":{"type":"Polygon","coordinates":[[[109.21,29.1],[109.27,29.05],[109.25,28.79],[109.28,28.73],[109.21,28.63],[109.28,28.57],[109.26,28.51],[109.26,28.32],[109.35,28.27],[109.3,28.09],[109.36,28.03],[109.31,27.97],[109.33,27.81],[109.41,27.74],[109.45,27.65],[109.42,27.56],[109.32,27.5],[109.28,27.44],[109.21,27.44],[109.01,27.26],[108.9,27.19],[108.9,27.15],[108.79,27.08],[108.87,27.02],[108.95,27.03],[109.01,27.09],[109.1,27.13],[109.16,27.08],[109.23,27.15],[109.44,27.13],[109.5,27.06],[109.51,26.98],[109.44,26.9],[109.51,26.82],[109.4,26.75],[109.29,26.73],[109.38,26.65],[109.4,26.54],[109.32,26.43],[109.3,26.31],[109.4,26.27],[109.43,26.1],[109.46,26.04],[109.6,26.05],[109.67,25.99],[109.68,25.89],[109.77,25.91],[109.78,26.02],[109.84,26.05],[109.91,26.18],[110.06,26.15],[110.03,26.04],[110.14,26.05],[110.25,25.98],[110.34,26.11],[110.48,26.17],[110.54,26.22],[110.58,26.35],[110.69,26.33],[110.72,26.27],[110.88,26.28],[110.94,26.38],[111.12,26.31],[111.25,26.28],[111.26,26.21],[111.2,25.93],[111.26,25.87],[111.41,25.91],[111.41,25.8],[111.32,25.73],[111.3,25.64],[111.32,25.5],[111.25,25.4],[111.16,25.36],[111.11,25.24],[110.99,25.15],[110.95,25.03],[111.01,24.94],[111.08,24.94],[111.13,25.04],[111.27,25.15],[111.43,25.11],[111.46,25.02],[111.43,24.94],[111.47,24.79],[111.43,24.68],[111.52,24.64],[111.62,24.71],[111.67,24.78],[111.8,24.76],[111.93,24.77],[112,24.74],[112.07,24.8],[112.14,24.79],[112.16,24.91],[112.12,24.95],[112.18,25.15],[112.21,25.2],[112.66,25.11],[112.71,25],[112.81,24.94],[112.99,24.96],[112.96,25.06],[112.97,25.18],[112.89,25.24],[112.92,25.32],[113.09,25.41],[113.22,25.51],[113.42,25.38],[113.52,25.39],[113.58,25.33],[113.71,25.36],[113.83,25.36],[113.93,25.45],[113.98,25.58],[113.92,25.66],[113.91,25.75],[114.02,25.93],[114.04,26.07],[114.21,26.17],[114.16,26.22],[114.06,26.18],[113.94,26.21],[114,26.28],[114.01,26.39],[114.07,26.45],[114.09,26.58],[113.86,26.66],[113.83,26.83],[113.89,26.95],[113.75,27.14],[113.82,27.23],[113.85,27.35],[113.78,27.37],[113.67,27.33],[113.6,27.37],[113.56,27.59],[113.61,27.7],[113.7,27.82],[113.71,27.94],[113.74,27.98],[113.92,28.02],[114.01,28.11],[114.03,28.18],[114.09,28.26],[114.18,28.29],[114.23,28.41],[114.18,28.51],[114.06,28.56],[114.11,28.62],[114.14,28.79],[114.01,28.91],[113.91,28.96],[113.9,29.07],[113.77,29.13],[113.71,29.07],[113.65,29.12],[113.64,29.22],[113.59,29.29],[113.73,29.44],[113.67,29.54],[113.63,29.68],[113.54,29.69],[113.52,29.84],[113.19,29.53],[113.15,29.47],[113.01,29.52],[112.93,29.5],[112.91,29.6],[112.95,29.71],[112.89,29.79],[112.79,29.74],[112.65,29.63],[112.44,29.64],[112.36,29.57],[112.17,29.65],[112.13,29.71],[111.92,29.86],[111.77,29.92],[111.58,29.9],[111.41,29.93],[111.25,30.03],[110.94,30.06],[110.74,30.1],[110.72,30.03],[110.54,30.06],[110.46,30.01],[110.5,29.86],[110.59,29.77],[110.53,29.73],[110.45,29.73],[110.36,29.65],[110.23,29.74],[110.1,29.79],[109.78,29.73],[109.7,29.66],[109.47,29.57],[109.43,29.53],[109.34,29.29],[109.27,29.24],[109.21,29.1]]]}},
{"type":"Feature","properties":{"r":117,"c":195,"name":"Sichuan","code":"SC"},"geometry":{"type":"Polygon","coordinates":[[[105.5,32.91],[105.43,32.91],[105.39,32.82],[105.44,32.77],[105.27,32.64],[105.15,32.61],[105.03,32.64],[104.9,32.61],[104.84,32.64],[104.65,32.66],[104.56,32.69],[104.41,32.81],[104.29,32.85],[104.32,32.95],[104.38,32.96],[104.41,33.06],[104.33,33.14],[104.28,33.27],[104.29,33.36],[104.17,33.49],[104.16,33.62],[104.09,33.67],[103.75,33.68],[103.66,33.71],[103.52,33.71],[103.56,33.81],[103.35,33.76],[103.27,33.77],[103.18,33.82],[103.19,33.88],[103.14,33.96],[103.15,34.11],[103.12,34.17],[103,34.21],[102.93,34.3],[102.78,34.27],[102.6,34.17],[102.62,34.08],[102.44,34.06],[102.37,33.98],[102.32,33.99],[102.17,33.94],[102.34,33.73],[102.36,33.61],[102.48,33.54],[102.48,33.47],[102.28,33.38],[102.13,33.28],[102.1,33.22],[102,33.22],[101.86,33.12],[101.83,33.27],[101.92,33.41],[101.88,33.55],[101.78,33.53],[101.69,33.42],[101.67,33.32],[101.73,33.27],[101.64,33.13],[101.45,33.24],[101.22,33.17],[101.16,33.13],[101.13,32.94],[101.23,32.86],[101.24,32.81],[101.17,32.69],[101.05,32.68],[100.9,32.63],[100.7,32.69],[100.64,32.59],[100.6,32.45],[100.53,32.4],[100.47,32.49],[100.56,32.56],[100.5,32.67],[100.4,32.76],[100.25,32.73],[100.22,32.64],[100.12,32.67],[100.16,32.78],[100.14,32.85],[100.05,32.94],[99.84,32.96],[99.77,32.92],[99.73,32.76],[99.7,32.74],[99.51,32.84],[99.29,32.89],[99.23,33],[99.1,33.07],[98.85,33.17],[98.77,33.3],[98.74,33.49],[98.63,33.61],[98.65,33.68],[98.46,33.84],[98.3,33.85],[98.21,33.94],[98.03,33.96],[97.82,33.86],[97.75,33.86],[97.7,34.01],[97.61,33.93],[97.38,33.87],[97.39,33.61],[97.48,33.56],[97.54,33.45],[97.72,33.41],[97.62,33.33],[97.5,33.19],[97.48,33.12],[97.5,33.05],[97.47,32.98],[97.36,32.9],[97.38,32.78],[97.43,32.7],[97.66,32.56],[97.72,32.54],[98.01,32.46],[98.08,32.4],[98.21,32.36],[98.22,32.25],[98.45,31.98],[98.42,31.88],[98.45,31.8],[98.56,31.68],[98.59,31.6],[98.88,31.35],[98.77,31.23],[98.68,31.32],[98.61,31.26],[98.62,31.19],[98.8,30.99],[98.78,30.9],[98.95,30.75],[98.91,30.66],[98.93,30.49],[98.96,30.46],[98.99,30.14],[99.03,30.06],[99.06,29.92],[99.01,29.82],[98.99,29.65],[99.04,29.56],[99.06,29.31],[99.11,29.22],[99.12,28.96],[99.1,28.86],[99.12,28.71],[99.17,28.6],[99.16,28.44],[99.27,28.28],[99.38,28.18],[99.42,28.25],[99.39,28.33],[99.39,28.54],[99.5,28.58],[99.53,28.68],[99.63,28.81],[99.7,28.84],[99.73,28.75],[99.83,28.67],[99.85,28.6],[99.93,28.57],[100,28.46],[100.14,28.34],[100.16,28.24],[100.05,28.19],[100.06,28.07],[100.2,27.9],[100.3,27.85],[100.35,27.75],[100.41,27.83],[100.53,27.82],[100.63,27.9],[100.66,27.88],[100.87,27.56],[100.87,27.49],[100.94,27.43],[100.99,27.33],[101,27.2],[101.17,27.19],[101.14,27.04],[101.34,26.87],[101.37,26.77],[101.5,26.77],[101.49,26.71],[101.41,26.57],[101.54,26.49],[101.64,26.35],[101.58,26.31],[101.59,26.21],[101.68,26.23],[101.76,26.18],[101.78,26.11],[101.85,26.03],[101.92,26.1],[102.11,26.08],[102.25,26.23],[102.36,26.26],[102.4,26.31],[102.57,26.38],[102.63,26.35],[102.61,26.26],[102.72,26.24],[102.88,26.37],[102.95,26.35],[103,26.4],[103,26.49],[103.06,26.56],[102.98,26.83],[102.9,26.92],[102.88,27.03],[102.91,27.11],[102.89,27.29],[102.98,27.39],[103.12,27.41],[103.22,27.57],[103.41,27.74],[103.51,27.86],[103.51,27.97],[103.43,28.07],[103.46,28.13],[103.57,28.24],[103.67,28.26],[103.71,28.22],[103.88,28.33],[103.8,28.53],[103.84,28.6],[104.06,28.63],[104.41,28.64],[104.44,28.61],[104.25,28.53],[104.27,28.33],[104.38,28.28],[104.44,28.1],[104.33,28.05],[104.38,27.96],[104.48,27.89],[104.6,27.85],[104.7,27.88],[104.9,27.9],[104.96,27.96],[104.97,28.05],[105.06,28.09],[105.17,28.06],[105.2,28],[105.28,28],[105.23,27.86],[105.3,27.72],[105.36,27.76],[105.52,27.77],[105.65,27.68],[105.88,27.75],[106.04,27.76],[106.1,27.79],[106.25,27.78],[106.35,27.83],[106.3,28],[106.22,28.06],[106.2,28.12],[106.11,28.17],[106.01,28.14],[105.91,28.15],[105.85,28.27],[105.67,28.32],[105.66,28.44],[105.62,28.48],[105.68,28.58],[105.89,28.61],[105.98,28.75],[106.19,28.58],[106.27,28.56],[106.34,28.48],[106.38,28.57],[106.3,28.67],[106.26,28.79],[106.26,28.87],[106.01,28.97],[105.88,28.92],[105.8,28.94],[105.75,28.99],[105.7,29.22],[105.64,29.27],[105.51,29.29],[105.42,29.33],[105.41,29.43],[105.31,29.47],[105.29,29.58],[105.41,29.7],[105.55,29.75],[105.56,29.8],[105.71,29.87],[105.74,30.03],[105.56,30.15],[105.71,30.27],[105.79,30.42],[106,30.39],[106.12,30.34],[106.24,30.22],[106.38,30.26],[106.45,30.32],[106.53,30.34],[106.62,30.27],[106.72,30.06],[106.77,30.04],[107.03,30.06],[107.23,30.24],[107.37,30.5],[107.48,30.61],[107.46,30.76],[107.51,30.82],[107.74,30.88],[107.77,30.83],[107.85,30.81],[107.93,30.87],[107.93,30.95],[108.01,31.04],[108.03,31.22],[108.19,31.33],[108.22,31.47],[108.32,31.5],[108.41,31.57],[108.52,31.71],[108.5,31.79],[108.29,31.92],[108.27,31.97],[108.34,32.07],[108.42,32.1],[108.39,32.18],[108.52,32.2],[108.48,32.25],[108.24,32.26],[108.05,32.23],[107.96,32.16],[107.84,32.23],[107.77,32.31],[107.66,32.39],[107.46,32.41],[107.45,32.52],[107.37,32.52],[107.28,32.45],[107.2,32.45],[107.07,32.52],[107.1,32.67],[107.07,32.71],[106.71,32.74],[106.6,32.68],[106.36,32.64],[106.23,32.59],[106.11,32.65],[106.06,32.71],[106.08,32.87],[105.88,32.84],[105.81,32.76],[105.72,32.76],[105.63,32.71],[105.57,32.73],[105.5,32.91]]]}},
{"type":"Feature","properties":{"r":118,"c":195,"name":"Yunnan","code":"YN"},"geometry":{"type":"Polygon","coordinates":[[[98.1,28.14],[98.12,28.06],[98.13,27.97],[98.24,27.66],[98.3,27.55],[98.35,27.54],[98.41,27.64],[98.45,27.66],[98.5,27.65],[98.65,27.57],[98.68,27.42],[98.67,27.19],[98.72,27.04],[98.74,26.7],[98.71,26.43],[98.67,26.3],[98.69,26.19],[98.66,26.14],[98.57,26.11],[98.56,26.07],[98.65,25.92],[98.66,25.86],[98.63,25.83],[98.47,25.79],[98.4,25.68],[98.3,25.57],[98.17,25.59],[98.14,25.57],[98.1,25.42],[98.01,25.29],[97.92,25.24],[97.82,25.25],[97.71,25.03],[97.71,24.97],[97.74,24.87],[97.72,24.84],[97.58,24.77],[97.53,24.63],[97.53,24.49],[97.56,24.44],[97.62,24.42],[97.67,24.38],[97.67,24.31],[97.71,24.23],[97.69,24.13],[97.57,23.99],[97.56,23.91],[97.63,23.89],[97.69,23.9],[97.76,23.93],[97.84,23.99],[98.02,24.07],[98.21,24.11],[98.5,24.12],[98.56,24.1],[98.58,24.07],[98.76,24.12],[98.84,24.12],[98.83,24.09],[98.7,23.96],[98.68,23.91],[98.68,23.84],[98.79,23.74],[98.83,23.62],[98.8,23.52],[98.86,23.44],[98.89,23.31],[98.86,23.19],[99.22,23.1],[99.34,23.1],[99.46,23.05],[99.5,23],[99.51,22.96],[99.39,22.83],[99.34,22.69],[99.34,22.5],[99.24,22.37],[99.17,22.19],[99.17,22.15],[99.23,22.11],[99.59,22.09],[99.92,22.03],[99.95,21.99],[99.93,21.82],[99.94,21.76],[99.98,21.7],[100.1,21.66],[100.11,21.62],[100.09,21.56],[100.15,21.48],[100.21,21.46],[100.35,21.5],[100.53,21.46],[100.6,21.47],[100.68,21.5],[100.84,21.66],[101.08,21.76],[101.13,21.74],[101.14,21.57],[101.2,21.52],[101.18,21.41],[101.21,21.38],[101.22,21.34],[101.22,21.22],[101.28,21.18],[101.44,21.23],[101.54,21.23],[101.7,21.15],[101.8,21.21],[101.8,21.24],[101.72,21.31],[101.75,21.61],[101.74,21.83],[101.6,21.99],[101.56,22.16],[101.52,22.25],[101.62,22.33],[101.67,22.46],[101.71,22.49],[101.74,22.5],[101.76,22.49],[101.84,22.39],[101.95,22.44],[102.02,22.44],[102.13,22.38],[102.24,22.47],[102.41,22.71],[102.47,22.75],[102.52,22.74],[102.83,22.59],[102.87,22.53],[102.94,22.47],[103.01,22.45],[103.14,22.54],[103.14,22.59],[103.27,22.71],[103.3,22.76],[103.33,22.77],[103.36,22.75],[103.49,22.59],[103.53,22.61],[103.57,22.73],[103.62,22.78],[103.92,22.54],[103.94,22.54],[103.97,22.55],[104.05,22.75],[104.14,22.8],[104.21,22.81],[104.3,22.71],[104.37,22.7],[104.58,22.82],[104.69,22.82],[104.8,22.91],[104.83,23.1],[104.86,23.14],[105.19,23.28],[105.28,23.35],[105.44,23.24],[105.49,23.18],[105.51,23.15],[105.62,23.28],[105.63,23.35],[105.7,23.36],[105.85,23.52],[105.98,23.47],[106.13,23.54],[106.15,23.75],[106.13,23.8],[106.19,23.87],[106.16,23.97],[105.97,24.09],[105.87,24.02],[105.79,24.02],[105.64,24.08],[105.61,24.14],[105.53,24.13],[105.45,24.04],[105.32,24.12],[105.25,24.09],[105.17,24.17],[105.18,24.31],[105.06,24.43],[104.96,24.42],[104.75,24.47],[104.73,24.36],[104.67,24.34],[104.6,24.4],[104.5,24.58],[104.49,24.7],[104.54,24.74],[104.55,24.81],[104.71,25.02],[104.69,25.1],[104.72,25.21],[104.67,25.3],[104.57,25.38],[104.55,25.48],[104.43,25.51],[104.42,25.58],[104.31,25.66],[104.42,25.86],[104.39,25.95],[104.5,26.03],[104.5,26.15],[104.55,26.27],[104.68,26.38],[104.63,26.5],[104.56,26.58],[104.47,26.61],[104.43,26.71],[104.36,26.65],[104.22,26.63],[104.15,26.65],[104.02,26.51],[103.83,26.55],[103.76,26.63],[103.78,26.73],[103.72,26.8],[103.78,26.88],[103.78,26.96],[103.7,27.05],[103.6,27.08],[103.7,27.15],[103.91,27.39],[103.98,27.4],[104.17,27.27],[104.34,27.44],[104.44,27.35],[104.59,27.31],[104.78,27.33],[104.87,27.31],[105.08,27.41],[105.2,27.4],[105.3,27.72],[105.23,27.86],[105.28,28],[105.2,28],[105.17,28.06],[105.06,28.09],[104.97,28.05],[104.96,27.96],[104.9,27.9],[104.7,27.88],[104.6,27.85],[104.48,27.89],[104.38,27.96],[104.33,28.05],[104.44,28.1],[104.38,28.28],[104.27,28.33],[104.25,28.53],[104.44,28.61],[104.41,28.64],[104.06,28.63],[103.84,28.6],[103.8,28.53],[103.88,28.33],[103.71,28.22],[103.67,28.26],[103.57,28.24],[103.46,28.13],[103.43,28.07],[103.51,27.97],[103.51,27.86],[103.41,27.74],[103.22,27.57],[103.12,27.41],[102.98,27.39],[102.89,27.29],[102.91,27.11],[102.88,27.03],[102.9,26.92],[102.98,26.83],[103.06,26.56],[103,26.49],[103,26.4],[102.95,26.35],[102.88,26.37],[102.72,26.24],[102.61,26.26],[102.63,26.35],[102.57,26.38],[102.4,26.31],[102.36,26.26],[102.25,26.23],[102.11,26.08],[101.92,26.1],[101.85,26.03],[101.78,26.11],[101.76,26.18],[101.68,26.23],[101.59,26.21],[101.58,26.31],[101.64,26.35],[101.54,26.49],[101.41,26.57],[101.49,26.71],[101.5,26.77],[101.37,26.77],[101.34,26.87],[101.14,27.04],[101.17,27.19],[101,27.2],[100.99,27.33],[100.94,27.43],[100.87,27.49],[100.87,27.56],[100.66,27.88],[100.63,27.9],[100.53,27.82],[100.41,27.83],[100.35,27.75],[100.3,27.85],[100.2,27.9],[100.06,28.07],[100.05,28.19],[100.16,28.24],[100.14,28.34],[100,28.46],[99.93,28.57],[99.85,28.6],[99.83,28.67],[99.73,28.75],[99.7,28.84],[99.63,28.81],[99.53,28.68],[99.5,28.58],[99.39,28.54],[99.39,28.33],[99.42,28.25],[99.38,28.18],[99.27,28.28],[99.16,28.44],[99.17,28.6],[99.12,28.71],[99.1,28.86],[99.12,28.96],[99.11,29.22],[98.99,29.2],[99.01,29.07],[98.93,28.99],[98.91,28.91],[98.95,28.84],[98.87,28.81],[98.82,28.89],[98.79,29],[98.66,28.97],[98.64,28.88],[98.68,28.76],[98.59,28.67],[98.64,28.42],[98.58,28.32],[98.49,28.25],[98.41,28.25],[98.3,28.35],[98.23,28.2],[98.1,28.14]]]}},
{"type":"Feature","properties":{"r":119,"c":195,"name":"Hebei","code":"HB"},"geometry":{"type":"MultiPolygon","coordinates":[[[[116.88,39.69],[117.15,39.62],[117.2,39.76],[117.15,39.95],[117.24,40.09],[116.99,40.03],[116.83,40.04],[116.74,39.96],[116.78,39.89],[116.92,39.77],[116.88,39.69]]],[[[117.56,38.63],[117.27,38.56],[117.19,38.61],[117.09,38.61],[117.02,38.71],[116.88,38.7],[116.71,38.82],[116.68,38.92],[116.71,39.01],[116.89,39.1],[116.83,39.22],[116.85,39.34],[116.79,39.49],[116.79,39.6],[116.6,39.61],[116.43,39.52],[116.39,39.44],[116.25,39.51],[116.21,39.57],[116,39.56],[115.95,39.58],[115.76,39.51],[115.62,39.6],[115.46,39.64],[115.44,39.75],[115.51,39.84],[115.5,39.92],[115.43,39.96],[115.58,40.1],[115.82,40.15],[115.95,40.29],[115.73,40.54],[115.87,40.61],[115.99,40.6],[116.13,40.66],[116.21,40.75],[116.29,40.74],[116.46,40.79],[116.44,40.9],[116.65,41.03],[116.68,40.94],[116.91,40.75],[117.06,40.68],[117.2,40.69],[117.3,40.66],[117.43,40.67],[117.41,40.6],[117.24,40.57],[117.18,40.5],[117.24,40.45],[117.25,40.34],[117.36,40.26],[117.45,40.23],[117.75,40.06],[117.77,39.96],[117.5,39.99],[117.53,39.75],[117.62,39.67],[117.63,39.58],[117.89,39.56],[117.9,39.4],[118.01,39.34],[118.01,39.22],[118.04,39.23],[118.15,39.2],[118.3,39.07],[118.63,39.18],[118.75,39.16],[118.98,39.18],[119.04,39.22],[119.22,39.41],[119.26,39.56],[119.39,39.75],[119.59,39.9],[119.85,39.99],[119.74,40.1],[119.74,40.21],[119.63,40.21],[119.58,40.37],[119.6,40.48],[119.56,40.54],[119.29,40.53],[119.19,40.62],[119.19,40.7],[119.07,40.65],[118.85,40.82],[118.96,41.07],[119.05,41.09],[119.16,41.18],[119.23,41.27],[119.15,41.31],[118.48,41.36],[118.37,41.31],[118.31,41.57],[118.24,41.59],[118.16,41.72],[118.28,41.75],[118.32,41.86],[118.27,42.07],[118.13,42.02],[118.09,42.18],[117.99,42.22],[118.04,42.29],[118.02,42.38],[117.8,42.57],[117.74,42.59],[117.59,42.55],[117.45,42.55],[117.41,42.46],[117.24,42.48],[117.06,42.46],[116.89,42.4],[116.83,42.31],[116.88,42.22],[116.86,42.02],[116.6,41.92],[116.47,41.95],[116.38,42.01],[116.21,41.88],[116.13,41.87],[116.04,41.8],[115.94,41.93],[115.86,41.93],[115.53,41.77],[115.34,41.72],[115.35,41.62],[115.23,41.59],[115.1,41.62],[114.89,41.61],[114.88,41.81],[114.93,41.84],[114.92,41.94],[114.8,42.18],[114.75,42.14],[114.6,42.14],[114.48,42.08],[114.42,41.96],[114.26,41.86],[114.21,41.77],[114.2,41.59],[114.03,41.53],[113.93,41.42],[113.91,41.29],[113.98,41.24],[113.96,41.15],[113.88,41.1],[113.91,41.03],[114.02,40.92],[114.06,40.81],[114.15,40.74],[114.15,40.67],[114.26,40.55],[114.29,40.38],[114.43,40.36],[114.45,40.29],[114.09,40.19],[114,40.13],[113.94,40.02],[114.09,39.92],[114.23,39.88],[114.38,39.86],[114.4,39.66],[114.54,39.53],[114.42,39.3],[114.39,39.17],[114.22,39.07],[114.09,39.07],[114.01,39.12],[113.85,39.07],[113.76,38.91],[113.83,38.81],[113.67,38.66],[113.61,38.64],[113.53,38.54],[113.52,38.38],[113.56,38.24],[113.79,38.15],[113.89,37.95],[113.99,37.84],[114.03,37.75],[114.1,37.7],[114.1,37.6],[114.05,37.5],[113.89,37.3],[113.86,37.21],[113.75,37.11],[113.78,36.89],[113.68,36.87],[113.61,36.77],[113.45,36.74],[113.46,36.64],[113.55,36.55],[113.54,36.48],[113.63,36.44],[113.72,36.36],[113.81,36.34],[113.99,36.36],[114.06,36.28],[114.16,36.25],[114.34,36.24],[114.55,36.14],[114.71,36.15],[114.89,36.12],[114.93,36.06],[115.03,36.1],[115.11,36.18],[115.25,36.16],[115.35,36.08],[115.46,36.16],[115.45,36.25],[115.34,36.35],[115.28,36.47],[115.34,36.6],[115.48,36.75],[115.63,36.79],[115.85,37.06],[115.91,37.21],[115.98,37.32],[116.12,37.37],[116.26,37.39],[116.22,37.46],[116.35,37.62],[116.41,37.48],[116.61,37.64],[116.74,37.8],[116.84,37.83],[117.42,37.85],[117.57,38.05],[117.69,38.07],[117.78,38.16],[117.84,38.27],[117.77,38.31],[117.66,38.42],[117.56,38.63]]]]}},
{"type":"Feature","properties":{"r":120,"c":195,"name":"Henan","code":"HE"},"geometry":{"type":"Polygon","coordinates":[[[115.37,31.42],[115.39,31.51],[115.53,31.74],[115.66,31.78],[115.9,31.79],[115.93,32.02],[115.89,32.39],[115.79,32.47],[115.69,32.49],[115.65,32.4],[115.56,32.4],[115.46,32.51],[115.37,32.56],[115.2,32.59],[115.18,32.86],[114.88,32.99],[114.89,33.08],[114.97,33.12],[115.14,33.08],[115.25,33.12],[115.35,33.25],[115.32,33.37],[115.35,33.45],[115.44,33.55],[115.63,33.59],[115.57,33.75],[115.63,33.84],[115.56,33.9],[115.59,33.98],[115.65,34.05],[115.73,34.07],[115.84,34.01],[115.96,34],[115.97,33.9],[116.08,33.78],[116.18,33.72],[116.42,33.79],[116.45,33.85],[116.64,33.95],[116.54,34.12],[116.58,34.19],[116.55,34.29],[116.4,34.28],[116.16,34.45],[116.15,34.57],[116.04,34.6],[115.82,34.57],[115.71,34.6],[115.65,34.57],[115.54,34.58],[115.44,34.68],[115.43,34.78],[115.32,34.84],[115.22,34.84],[115.17,34.94],[115,35.01],[114.83,35.02],[114.86,35.19],[114.94,35.22],[115.07,35.38],[115.23,35.42],[115.35,35.5],[115.4,35.62],[115.5,35.72],[115.65,35.75],[115.76,35.85],[115.87,35.87],[115.86,35.93],[115.97,35.99],[116.03,35.97],[116.08,36.1],[115.93,36.02],[115.83,36.03],[115.74,35.97],[115.53,35.91],[115.47,35.91],[115.42,35.82],[115.32,35.79],[115.33,35.93],[115.42,35.99],[115.46,36.16],[115.35,36.08],[115.25,36.16],[115.11,36.18],[115.03,36.1],[114.93,36.06],[114.89,36.12],[114.71,36.15],[114.55,36.14],[114.34,36.24],[114.16,36.25],[114.06,36.28],[113.99,36.36],[113.81,36.34],[113.72,36.36],[113.67,36.22],[113.69,36.06],[113.63,35.95],[113.58,35.69],[113.61,35.65],[113.49,35.53],[113.13,35.35],[113.02,35.33],[112.9,35.24],[112.81,35.24],[112.68,35.31],[112.53,35.22],[112.06,35.23],[112.06,35.11],[111.83,35.08],[111.62,34.95],[111.56,34.86],[111.39,34.82],[111.33,34.84],[111.03,34.75],[110.88,34.67],[110.77,34.66],[110.71,34.62],[110.53,34.58],[110.34,34.62],[110.33,34.48],[110.37,34.4],[110.48,34.33],[110.43,34.26],[110.61,34.17],[110.59,34.07],[110.64,33.98],[110.59,33.88],[110.75,33.8],[110.79,33.71],[110.97,33.6],[111.01,33.5],[111.02,33.37],[110.97,33.27],[111,33.21],[111.11,33.15],[111.22,32.98],[111.21,32.93],[111.36,32.82],[111.51,32.68],[111.53,32.61],[111.63,32.63],[111.71,32.6],[111.78,32.52],[112.05,32.45],[112.14,32.39],[112.29,32.35],[112.53,32.38],[112.75,32.35],[113.07,32.42],[113.18,32.41],[113.44,32.29],[113.53,32.3],[113.62,32.39],[113.73,32.42],[113.78,32.36],[113.78,32.19],[113.75,32.14],[113.79,31.97],[113.86,31.86],[113.96,31.83],[113.97,31.75],[114.09,31.78],[114.14,31.85],[114.27,31.81],[114.36,31.73],[114.5,31.76],[114.56,31.74],[114.55,31.57],[114.64,31.57],[114.77,31.49],[115,31.48],[115.08,31.52],[115.13,31.59],[115.21,31.55],[115.22,31.45],[115.29,31.4],[115.37,31.42]]]}},
{"type":"Feature","properties":{"r":121,"c":195,"name":"Liaoning","code":"LN"},"geometry":{"type":"Polygon","coordinates":[[[125.71,40.85],[125.58,40.91],[125.69,41],[125.77,41.14],[125.74,41.25],[125.65,41.29],[125.47,41.57],[125.45,41.68],[125.31,41.68],[125.33,41.75],[125.29,41.83],[125.3,41.96],[125.46,42.11],[125.48,42.15],[125.28,42.23],[125.27,42.31],[125.18,42.33],[125.21,42.41],[125.1,42.49],[125.1,42.58],[125.02,42.65],[124.94,42.8],[124.86,42.89],[124.89,43.09],[124.77,43.11],[124.52,42.87],[124.38,42.99],[124.42,43.08],[124.3,43.16],[124.28,43.23],[124.01,43.31],[123.81,43.45],[123.75,43.47],[123.7,43.35],[123.61,43.08],[123.35,43.01],[123.18,42.94],[123.13,42.83],[122.89,42.74],[122.73,42.74],[122.48,42.85],[122.37,42.8],[122.43,42.72],[122.4,42.66],[122.3,42.64],[122.05,42.72],[121.92,42.65],[121.88,42.54],[121.72,42.46],[121.65,42.45],[121.54,42.54],[121.37,42.5],[121.03,42.26],[120.91,42.3],[120.74,42.23],[120.63,42.16],[120.51,42.15],[120.47,42.04],[120.34,41.97],[120.14,41.79],[120.11,41.71],[120.03,41.73],[120.03,41.86],[119.96,41.97],[119.89,42],[119.81,42.12],[119.82,42.21],[119.63,42.25],[119.56,42.37],[119.34,42.29],[119.25,42.19],[119.37,42.1],[119.32,41.97],[119.33,41.87],[119.3,41.78],[119.32,41.66],[119.39,41.47],[119.36,41.37],[119.23,41.27],[119.16,41.18],[119.05,41.09],[118.96,41.07],[118.85,40.82],[119.07,40.65],[119.19,40.7],[119.19,40.62],[119.29,40.53],[119.56,40.54],[119.6,40.48],[119.58,40.37],[119.63,40.21],[119.74,40.21],[119.74,40.1],[119.85,39.99],[120.37,40.2],[120.48,40.23],[120.77,40.59],[120.84,40.65],[120.92,40.68],[121.17,40.9],[121.54,40.88],[121.6,40.84],[121.73,40.85],[121.77,40.88],[121.81,40.97],[121.83,40.97],[121.86,40.84],[122.14,40.69],[122.18,40.6],[122.28,40.54],[122.19,40.36],[121.98,40.14],[121.87,40.05],[121.8,39.95],[121.52,39.84],[121.47,39.75],[121.52,39.64],[121.41,39.62],[121.27,39.54],[121.3,39.45],[121.28,39.38],[121.51,39.37],[121.79,39.4],[121.82,39.39],[121.66,39.27],[121.63,39.22],[121.68,39.11],[121.11,38.92],[121.12,38.81],[121.16,38.73],[121.21,38.74],[121.32,38.81],[121.52,38.83],[121.65,38.87],[121.67,38.89],[121.63,38.95],[121.68,39],[121.74,39.01],[121.81,38.99],[121.86,39],[121.92,39.04],[121.98,39.05],[122.12,39.15],[122.33,39.37],[122.84,39.6],[122.96,39.62],[123.03,39.67],[123.23,39.69],[123.27,39.73],[123.35,39.76],[123.58,39.79],[123.65,39.88],[123.76,39.82],[124.11,39.84],[124.27,39.92],[124.35,40.01],[124.36,40],[124.39,40.1],[124.48,40.18],[124.71,40.32],[124.89,40.46],[125,40.46],[125.01,40.5],[125.07,40.55],[125.31,40.64],[125.42,40.66],[125.59,40.78],[125.65,40.78],[125.69,40.84],[125.71,40.85]]]}},
{"type":"Feature","properties":{"r":122,"c":195,"name":"Shandong","code":"SD"},"geometry":{"type":"Polygon","coordinates":[[[117.84,38.27],[117.78,38.16],[117.69,38.07],[117.57,38.05],[117.42,37.85],[116.84,37.83],[116.74,37.8],[116.61,37.64],[116.41,37.48],[116.35,37.62],[116.22,37.46],[116.26,37.39],[116.12,37.37],[115.98,37.32],[115.91,37.21],[115.85,37.06],[115.63,36.79],[115.48,36.75],[115.34,36.6],[115.28,36.47],[115.34,36.35],[115.45,36.25],[115.46,36.16],[115.42,35.99],[115.33,35.93],[115.32,35.79],[115.42,35.82],[115.47,35.91],[115.53,35.91],[115.74,35.97],[115.83,36.03],[115.93,36.02],[116.08,36.1],[116.03,35.97],[115.97,35.99],[115.86,35.93],[115.87,35.87],[115.76,35.85],[115.65,35.75],[115.5,35.72],[115.4,35.62],[115.35,35.5],[115.23,35.42],[115.07,35.38],[114.94,35.22],[114.86,35.19],[114.83,35.02],[115,35.01],[115.17,34.94],[115.22,34.84],[115.32,34.84],[115.43,34.78],[115.44,34.68],[115.54,34.58],[115.65,34.57],[115.71,34.6],[115.82,34.57],[116.04,34.6],[116.15,34.57],[116.27,34.58],[116.38,34.64],[116.42,34.83],[116.47,34.9],[116.63,34.94],[116.83,34.96],[116.94,34.88],[116.99,34.77],[117.06,34.71],[117.18,34.45],[117.24,34.46],[117.27,34.56],[117.34,34.59],[117.47,34.48],[117.59,34.47],[117.65,34.53],[117.77,34.53],[117.79,34.65],[117.91,34.68],[118.05,34.65],[118.17,34.4],[118.39,34.44],[118.42,34.58],[118.48,34.69],[118.6,34.71],[118.68,34.68],[118.76,34.75],[118.87,35.04],[119.08,35.05],[119.18,35.11],[119.3,35.07],[119.35,35.11],[119.43,35.3],[119.53,35.36],[119.72,35.59],[119.87,35.64],[120.03,35.8],[120.05,35.86],[120.22,35.93],[120.28,35.98],[120.26,36.01],[120.18,36.02],[120.09,36.12],[120.18,36.2],[120.27,36.23],[120.33,36.23],[120.33,36.11],[120.39,36.05],[120.52,36.11],[120.64,36.13],[120.68,36.17],[120.68,36.34],[120.71,36.41],[120.78,36.46],[120.85,36.43],[120.9,36.44],[120.88,36.54],[120.8,36.61],[120.81,36.63],[120.88,36.64],[120.99,36.6],[121.05,36.61],[121.14,36.66],[121.41,36.74],[121.67,36.84],[121.93,36.96],[122.16,36.96],[122.2,36.93],[122.24,36.85],[122.27,36.83],[122.34,36.83],[122.52,36.95],[122.52,37],[122.45,37.07],[122.52,37.14],[122.59,37.18],[122.57,37.32],[122.67,37.4],[122.6,37.43],[122.49,37.41],[122.34,37.41],[122.17,37.46],[122.11,37.52],[122.06,37.53],[121.96,37.45],[121.64,37.46],[121.39,37.58],[121.22,37.6],[121.05,37.73],[120.75,37.83],[120.37,37.7],[120.26,37.68],[120.31,37.62],[120.16,37.5],[119.88,37.35],[119.89,37.25],[119.76,37.16],[119.45,37.12],[119.29,37.14],[119.11,37.2],[118.95,37.33],[118.95,37.49],[118.99,37.64],[119.09,37.7],[119.04,37.78],[119.03,37.9],[118.94,38.04],[118.8,38.13],[118.67,38.13],[118.54,38.09],[118.01,38.18],[117.84,38.27]]]}},
{"type":"Feature","properties":{"r":123,"c":195,"name":"Tianjin","code":"TJ"},"geometry":{"type":"Polygon","coordinates":[[[118.01,39.22],[118.01,39.34],[117.9,39.4],[117.89,39.56],[117.63,39.58],[117.62,39.67],[117.53,39.75],[117.5,39.99],[117.77,39.96],[117.75,40.06],[117.45,40.23],[117.36,40.26],[117.37,40.2],[117.31,40.11],[117.24,40.09],[117.15,39.95],[117.2,39.76],[117.15,39.62],[116.88,39.69],[116.79,39.6],[116.79,39.49],[116.85,39.34],[116.83,39.22],[116.89,39.1],[116.71,39.01],[116.68,38.92],[116.71,38.82],[116.88,38.7],[117.02,38.71],[117.09,38.61],[117.19,38.61],[117.27,38.56],[117.56,38.63],[117.55,38.69],[117.78,39.13],[117.87,39.19],[118.01,39.22]]]}},
{"type":"Feature","properties":{"r":124,"c":195,"name":"Jiangxi","code":"JX"},"geometry":{"type":"Polygon","coordinates":[[[113.93,25.45],[114.01,25.44],[114.03,25.27],[114.11,25.31],[114.28,25.29],[114.38,25.34],[114.43,25.39],[114.57,25.41],[114.58,25.36],[114.71,25.29],[114.68,25.16],[114.73,25.12],[114.41,24.98],[114.38,24.88],[114.3,24.76],[114.19,24.7],[114.42,24.5],[114.5,24.56],[114.64,24.59],[114.71,24.55],[114.74,24.63],[114.86,24.59],[114.94,24.67],[115.05,24.71],[115.14,24.68],[115.24,24.75],[115.42,24.78],[115.54,24.69],[115.6,24.61],[115.71,24.55],[115.8,24.57],[115.75,24.75],[115.79,24.86],[115.89,24.92],[115.89,25],[115.84,25.19],[115.91,25.24],[115.98,25.35],[116,25.5],[116.04,25.57],[116.03,25.64],[116.12,25.76],[116.14,25.87],[116.18,25.91],[116.32,25.96],[116.4,26.06],[116.42,26.15],[116.4,26.29],[116.5,26.41],[116.59,26.4],[116.62,26.49],[116.54,26.56],[116.5,26.69],[116.55,26.87],[116.67,26.99],[116.92,27.02],[117.04,27.11],[117.15,27.28],[117.1,27.35],[117.12,27.43],[117.11,27.57],[117.23,27.72],[117.29,27.77],[117.28,27.86],[117.54,27.97],[117.61,27.87],[117.75,27.81],[117.82,27.94],[118.06,27.98],[118.13,28.04],[118.37,28.1],[118.35,28.22],[118.45,28.29],[118.48,28.33],[118.46,28.52],[118.42,28.6],[118.43,28.7],[118.37,28.8],[118.3,28.84],[118.23,28.95],[118.06,29.05],[118,29.14],[118.05,29.28],[118.13,29.3],[118.17,29.41],[118.11,29.52],[117.99,29.57],[117.9,29.55],[117.71,29.56],[117.65,29.61],[117.53,29.62],[117.4,29.77],[117.41,29.83],[117.27,29.83],[117.23,29.91],[117.13,29.91],[117.07,29.84],[117.11,29.79],[117.08,29.71],[116.96,29.65],[116.89,29.56],[116.75,29.54],[116.65,29.63],[116.67,29.71],[116.8,29.76],[116.89,29.92],[116.79,30.02],[116.65,30.05],[116.49,29.88],[116.39,29.88],[116.24,29.78],[116.15,29.79],[116,29.74],[115.86,29.74],[115.71,29.86],[115.49,29.86],[115.42,29.71],[115.27,29.61],[114.97,29.56],[114.9,29.52],[114.82,29.39],[114.71,29.39],[114.47,29.32],[114.31,29.35],[114.24,29.31],[114.25,29.25],[114.06,29.2],[113.9,29.07],[113.91,28.96],[114.01,28.91],[114.14,28.79],[114.11,28.62],[114.06,28.56],[114.18,28.51],[114.23,28.41],[114.18,28.29],[114.09,28.26],[114.03,28.18],[114.01,28.11],[113.92,28.02],[113.74,27.98],[113.71,27.94],[113.7,27.82],[113.61,27.7],[113.56,27.59],[113.6,27.37],[113.67,27.33],[113.78,27.37],[113.85,27.35],[113.82,27.23],[113.75,27.14],[113.89,26.95],[113.83,26.83],[113.86,26.66],[114.09,26.58],[114.07,26.45],[114.01,26.39],[114,26.28],[113.94,26.21],[114.06,26.18],[114.16,26.22],[114.21,26.17],[114.04,26.07],[114.02,25.93],[113.91,25.75],[113.92,25.66],[113.98,25.58],[113.93,25.45]]]}},
{"type":"Feature","properties":{"r":125,"c":195,"name":"Jiangsu","code":"JS"},"geometry":{"type":"Polygon","coordinates":[[[119.3,35.07],[119.18,35.11],[119.08,35.05],[118.87,35.04],[118.76,34.75],[118.68,34.68],[118.6,34.71],[118.48,34.69],[118.42,34.58],[118.39,34.44],[118.17,34.4],[118.05,34.65],[117.91,34.68],[117.79,34.65],[117.77,34.53],[117.65,34.53],[117.59,34.47],[117.47,34.48],[117.34,34.59],[117.27,34.56],[117.24,34.46],[117.18,34.45],[117.06,34.71],[116.99,34.77],[116.94,34.88],[116.83,34.96],[116.63,34.94],[116.47,34.9],[116.42,34.83],[116.38,34.64],[116.43,34.64],[116.62,34.49],[116.77,34.45],[116.8,34.4],[116.95,34.39],[116.97,34.28],[117.03,34.16],[117.16,34.09],[117.32,34.08],[117.39,34.03],[117.5,34.05],[117.57,33.99],[117.65,33.98],[117.69,33.89],[117.75,33.88],[117.75,33.72],[117.93,33.73],[118.12,33.77],[118.18,33.69],[118.12,33.61],[117.93,33.24],[118,33.17],[118.08,33.15],[118.22,33.18],[118.25,33.01],[118.24,32.92],[118.3,32.78],[118.4,32.73],[118.72,32.73],[118.75,32.84],[118.8,32.87],[118.86,32.97],[118.99,32.96],[119.01,32.91],[119.11,32.83],[119.19,32.71],[119.2,32.59],[119.08,32.45],[118.89,32.6],[118.75,32.61],[118.55,32.57],[118.61,32.48],[118.67,32.45],[118.68,32.34],[118.65,32.24],[118.51,32.2],[118.5,32.14],[118.38,32.05],[118.35,31.95],[118.48,31.86],[118.48,31.79],[118.68,31.7],[118.68,31.65],[118.86,31.63],[118.88,31.52],[118.83,31.4],[118.75,31.36],[118.76,31.28],[118.82,31.23],[119.07,31.24],[119.16,31.29],[119.32,31.27],[119.36,31.19],[119.63,31.13],[119.74,31.18],[119.93,31.15],[119.94,31.09],[120.13,30.94],[120.21,30.92],[120.36,30.94],[120.45,30.89],[120.49,30.76],[120.58,30.85],[120.71,30.89],[120.69,30.98],[120.91,31.01],[120.88,31.14],[121.03,31.14],[121.06,31.25],[121.13,31.28],[121.14,31.37],[121.19,31.46],[121.35,31.49],[121.2,31.63],[121.06,31.72],[120.94,31.75],[120.79,31.82],[120.72,31.98],[120.5,32.02],[120.35,31.95],[120.19,31.91],[120.04,31.94],[120.1,31.98],[120.18,31.97],[120.52,32.11],[120.66,32.08],[120.79,32.03],[120.97,31.87],[121.15,31.84],[121.35,31.86],[121.68,31.71],[121.87,31.7],[121.86,31.82],[121.83,31.9],[121.75,31.99],[121.67,32.05],[121.49,32.12],[121.45,32.15],[121.4,32.21],[121.4,32.37],[121.34,32.43],[120.99,32.57],[120.85,32.66],[120.85,32.76],[120.9,32.84],[120.87,33.02],[120.73,33.24],[120.62,33.49],[120.5,33.64],[120.5,33.72],[120.27,34.27],[120.2,34.33],[119.96,34.45],[119.77,34.5],[119.58,34.58],[119.43,34.71],[119.35,34.75],[119.2,34.75],[119.17,34.85],[119.22,35.01],[119.3,35.07]]]}},
{"type":"Feature","properties":{"r":126,"c":195,"name":"Shanghai","code":"SH"},"geometry":{"type":"MultiPolygon","coordinates":[[[[121.35,31.49],[121.19,31.46],[121.14,31.37],[121.13,31.28],[121.06,31.25],[121.03,31.14],[120.88,31.14],[120.91,31.01],[120.97,31.01],[120.98,30.83],[121.1,30.83],[121.26,30.74],[121.28,30.69],[121.31,30.7],[121.42,30.79],[121.53,30.84],[121.77,30.87],[121.88,30.92],[121.79,31.16],[121.66,31.32],[121.35,31.49]]],[[[121.58,31.64],[121.49,31.69],[121.46,31.76],[121.34,31.8],[121.21,31.81],[121.23,31.76],[121.34,31.64],[121.52,31.55],[121.78,31.46],[121.86,31.49],[121.81,31.55],[121.58,31.64]]]]}},
{"type":"Feature","properties":{"r":127,"c":195,"name":"Zhejiang","code":"ZJ"},"geometry":{"type":"MultiPolygon","coordinates":[[[[121.21,28.2],[121.13,28.14],[121.13,28.06],[121.25,28.09],[121.25,28.15],[121.21,28.2]]],[[[121.28,30.69],[121.26,30.74],[121.1,30.83],[120.98,30.83],[120.97,31.01],[120.91,31.01],[120.69,30.98],[120.71,30.89],[120.58,30.85],[120.49,30.76],[120.45,30.89],[120.36,30.94],[120.21,30.92],[120.13,30.94],[119.94,31.09],[119.93,31.15],[119.74,31.18],[119.63,31.13],[119.57,30.85],[119.5,30.77],[119.44,30.64],[119.35,30.68],[119.24,30.55],[119.32,30.52],[119.36,30.4],[119.21,30.31],[119.06,30.31],[118.93,30.35],[118.88,30.32],[118.91,30.22],[118.85,30.16],[118.89,29.98],[118.82,29.88],[118.74,29.83],[118.72,29.73],[118.65,29.66],[118.56,29.63],[118.47,29.52],[118.37,29.45],[118.17,29.41],[118.13,29.3],[118.05,29.28],[118,29.14],[118.06,29.05],[118.23,28.95],[118.3,28.84],[118.37,28.8],[118.43,28.7],[118.42,28.6],[118.46,28.52],[118.48,28.33],[118.45,28.29],[118.5,28.26],[118.74,28.33],[118.8,28.21],[118.77,28.18],[118.75,27.97],[118.82,27.91],[118.89,27.72],[118.92,27.55],[119.01,27.48],[119.19,27.42],[119.27,27.42],[119.39,27.51],[119.47,27.53],[119.51,27.64],[119.62,27.67],[119.69,27.51],[119.69,27.41],[119.77,27.32],[120.06,27.34],[120.15,27.4],[120.25,27.41],[120.34,27.38],[120.41,27.3],[120.42,27.2],[120.47,27.26],[120.61,27.41],[120.63,27.48],[120.59,27.58],[120.66,27.64],[120.66,27.69],[120.69,27.74],[120.83,27.89],[120.83,27.94],[120.76,27.98],[120.75,28.01],[120.89,28],[120.96,28.04],[121.04,28.16],[121.1,28.29],[121.15,28.33],[121.22,28.35],[121.27,28.22],[121.35,28.23],[121.51,28.32],[121.61,28.29],[121.6,28.37],[121.48,28.64],[121.52,28.71],[121.59,28.73],[121.63,28.77],[121.66,28.85],[121.54,28.93],[121.64,28.92],[121.68,28.95],[121.66,29.01],[121.52,29.12],[121.45,29.13],[121.53,29.24],[121.66,29.24],[121.72,29.26],[121.79,29.23],[121.85,29.13],[121.92,29.14],[121.97,29.49],[121.94,29.61],[121.89,29.63],[121.69,29.51],[121.51,29.48],[121.57,29.54],[121.68,29.58],[121.91,29.78],[122.08,29.87],[122.02,29.89],[121.94,29.89],[121.81,29.95],[121.68,29.98],[121.43,30.23],[121.34,30.28],[121.26,30.3],[121.16,30.3],[120.9,30.16],[120.63,30.13],[120.49,30.3],[120.35,30.25],[120.26,30.26],[120.19,30.24],[120.45,30.39],[120.63,30.39],[120.82,30.35],[120.9,30.39],[121,30.56],[121.28,30.69]]],[[[122.4,29.95],[122.35,29.96],[122.33,29.93],[122.37,29.85],[122.39,29.85],[122.4,29.95]]],[[[122.28,30.07],[122.11,30.14],[121.97,30.14],[121.98,30.06],[122.02,30.01],[122.16,30],[122.28,29.94],[122.32,30.03],[122.28,30.07]]],[[[122.12,29.78],[122.06,29.77],[122.04,29.74],[122.08,29.73],[122.17,29.66],[122.17,29.7],[122.12,29.78]]]]}},
{"type":"Feature","properties":{"r":128,"c":195,"name":"Jilin","code":"JL"},"geometry":{"type":"Polygon","coordinates":[[[131.25,43.47],[131.15,43.44],[130.99,43.51],[130.92,43.45],[130.59,43.63],[130.41,43.67],[130.33,43.93],[130.28,43.96],[130.1,43.85],[130.03,43.86],[130,43.98],[129.91,44.02],[129.8,43.97],[129.75,43.87],[129.53,43.87],[129.25,43.79],[129.22,43.74],[129.23,43.61],[129.01,43.54],[128.88,43.56],[128.76,43.71],[128.75,43.8],[128.63,43.91],[128.53,44.08],[128.45,44.15],[128.45,44.32],[128.42,44.45],[128.36,44.5],[128.21,44.44],[128.16,44.35],[128.04,44.34],[128.05,44.13],[127.85,44.06],[127.74,44.09],[127.71,44.16],[127.61,44.22],[127.62,44.27],[127.49,44.41],[127.56,44.57],[127.38,44.65],[127.23,44.62],[127.15,44.65],[127.04,44.6],[127.03,44.73],[126.98,44.83],[127.08,44.93],[126.95,45.13],[126.79,45.15],[126.56,45.25],[126.42,45.23],[126.15,45.14],[125.84,45.23],[125.7,45.36],[125.7,45.51],[125.52,45.47],[125.43,45.48],[125.31,45.42],[125.1,45.4],[125.03,45.5],[124.87,45.45],[124.61,45.45],[124.56,45.42],[124.4,45.45],[124.33,45.55],[124.22,45.64],[124.14,45.63],[124.02,45.78],[124.06,45.87],[123.98,45.98],[124.03,46.02],[123.92,46.27],[123.36,46.24],[123.26,46.27],[123.16,46.22],[123.07,46.11],[122.8,46.09],[122.8,45.91],[122.77,45.79],[122.65,45.73],[122.5,45.83],[122.4,45.95],[122.24,45.81],[122,45.98],[121.77,46.01],[121.81,45.91],[121.67,45.72],[121.78,45.68],[121.93,45.69],[121.96,45.57],[122.03,45.48],[122.14,45.45],[122.23,45.29],[122.19,45.2],[122.01,45.12],[122.04,44.93],[122.02,44.85],[122.05,44.69],[122.09,44.62],[122.28,44.43],[122.25,44.25],[122.38,44.22],[122.72,44.34],[122.96,44.45],[123.04,44.51],[123.12,44.49],[123.12,44.41],[123.17,44.37],[123.26,44.2],[123.36,44.15],[123.32,44.04],[123.52,43.7],[123.49,43.59],[123.36,43.54],[123.38,43.45],[123.61,43.37],[123.7,43.35],[123.75,43.47],[123.81,43.45],[124.01,43.31],[124.28,43.23],[124.3,43.16],[124.42,43.08],[124.38,42.99],[124.52,42.87],[124.77,43.11],[124.89,43.09],[124.86,42.89],[124.94,42.8],[125.02,42.65],[125.1,42.58],[125.1,42.49],[125.21,42.41],[125.18,42.33],[125.27,42.31],[125.28,42.23],[125.48,42.15],[125.46,42.11],[125.3,41.96],[125.29,41.83],[125.33,41.75],[125.31,41.68],[125.45,41.68],[125.47,41.57],[125.65,41.29],[125.74,41.25],[125.77,41.14],[125.69,41],[125.58,40.91],[125.71,40.85],[125.73,40.87],[125.99,40.9],[126.07,40.97],[126.14,41.08],[126.25,41.14],[126.41,41.32],[126.49,41.36],[126.6,41.64],[126.7,41.69],[126.72,41.72],[126.79,41.72],[126.9,41.78],[127.01,41.74],[127.13,41.61],[127.14,41.55],[127.18,41.53],[127.42,41.48],[127.52,41.48],[127.57,41.45],[127.69,41.44],[127.92,41.46],[128.01,41.45],[128.11,41.39],[128.15,41.39],[128.2,41.43],[128.29,41.56],[128.29,41.61],[128.26,41.66],[128.18,41.7],[128.03,41.9],[128.05,41.99],[128.31,42.03],[128.43,42.01],[128.75,42.04],[128.92,42.04],[129.2,42.22],[129.22,42.31],[129.31,42.41],[129.37,42.44],[129.42,42.44],[129.52,42.38],[129.57,42.39],[129.6,42.44],[129.7,42.45],[129.72,42.47],[129.78,42.78],[129.86,42.97],[129.9,43],[129.94,43],[130.02,42.96],[130.12,42.96],[130.15,42.92],[130.24,42.89],[130.25,42.74],[130.36,42.63],[130.5,42.57],[130.53,42.54],[130.58,42.57],[130.58,42.62],[130.52,42.67],[130.42,42.7],[130.42,42.73],[130.45,42.76],[130.58,42.81],[130.8,42.86],[130.94,42.85],[131.07,42.9],[131.09,43.04],[131.18,43.14],[131.26,43.43],[131.25,43.47]]]}},
{"type":"Feature","properties":{"r":129,"c":195,"name":"Inner Mongol","code":"NM"},"geometry":{"type":"Polygon","coordinates":[[[97.21,42.79],[97.85,41.62],[97.68,41.5],[97.65,41.46],[97.71,41.35],[97.95,41.12],[98.2,40.95],[98.29,40.92],[98.33,40.86],[98.23,40.54],[98.52,40.53],[98.65,40.57],[98.83,40.73],[99.16,40.84],[99.5,40.84],[99.66,40.9],[100.01,40.9],[100.08,40.86],[100.18,40.74],[100.2,40.62],[100.14,40.52],[100.01,40.4],[99.9,40.2],[99.63,40.07],[99.53,40],[99.43,39.88],[99.69,39.88],[100.04,39.73],[100.19,39.69],[100.29,39.63],[100.31,39.55],[100.45,39.5],[100.54,39.41],[100.79,39.41],[100.83,39.38],[100.85,39.17],[100.89,39.11],[101.05,39],[101.18,39.02],[101.25,38.87],[101.33,38.83],[101.32,38.76],[101.41,38.75],[101.58,38.69],[101.83,38.69],[102.02,38.86],[102.02,38.89],[101.83,39.06],[102.39,39.24],[102.83,39.13],[102.97,39.12],[103.28,39.29],[103.46,39.36],[103.75,39.42],[104.02,39.44],[104.06,39.31],[104.22,39.09],[104.17,38.96],[104.04,38.87],[103.98,38.76],[103.79,38.59],[103.47,38.44],[103.52,38.14],[103.39,38.1],[103.39,38],[103.44,37.84],[103.68,37.78],[103.86,37.63],[104.11,37.46],[104.26,37.39],[104.36,37.4],[104.43,37.5],[104.52,37.53],[104.65,37.51],[104.94,37.55],[105.08,37.66],[105.35,37.75],[105.53,37.72],[105.66,37.74],[105.79,37.81],[105.82,38.01],[105.76,38.14],[105.83,38.23],[105.84,38.57],[105.9,38.74],[106.06,38.98],[106.11,39.12],[106.28,39.16],[106.28,39.27],[106.35,39.29],[106.5,39.29],[106.61,39.36],[106.79,39.36],[106.81,39.2],[106.91,39.07],[106.98,39.04],[106.93,38.92],[106.7,38.64],[106.64,38.46],[106.47,38.29],[106.83,38.15],[107.06,38.11],[107.16,38.14],[107.32,38.07],[107.4,37.92],[107.66,37.85],[107.88,37.8],[107.99,37.73],[108.04,37.63],[108.33,37.63],[108.5,37.67],[108.76,37.68],[108.79,37.94],[108.86,37.99],[108.95,37.93],[109,37.99],[109.03,38.11],[108.95,38.2],[108.99,38.34],[109.16,38.54],[109.31,38.62],[109.42,38.77],[109.54,38.79],[109.64,38.91],[109.67,39.01],[109.82,39.05],[109.96,39.18],[110.18,39.29],[110.11,39.43],[110.23,39.42],[110.34,39.32],[110.49,39.37],[110.6,39.27],[110.68,39.26],[110.85,39.47],[111.01,39.56],[111.14,39.56],[111.04,39.42],[111.11,39.39],[111.2,39.43],[111.34,39.44],[111.42,39.52],[111.43,39.63],[111.49,39.65],[111.67,39.64],[111.76,39.6],[111.92,39.69],[112.1,40.01],[112.17,40.06],[112.28,40.23],[112.4,40.29],[112.6,40.24],[112.73,40.17],[112.84,40.23],[112.96,40.36],[113.09,40.4],[113.23,40.42],[113.33,40.32],[113.52,40.34],[113.68,40.43],[113.81,40.43],[114.04,40.49],[114.08,40.55],[114.03,40.64],[114.15,40.74],[114.06,40.81],[114.02,40.92],[113.91,41.03],[113.88,41.1],[113.96,41.15],[113.98,41.24],[113.91,41.29],[113.93,41.42],[114.03,41.53],[114.2,41.59],[114.21,41.77],[114.26,41.86],[114.42,41.96],[114.48,42.08],[114.6,42.14],[114.75,42.14],[114.8,42.18],[114.92,41.94],[114.93,41.84],[114.88,41.81],[114.89,41.61],[115.1,41.62],[115.23,41.59],[115.35,41.62],[115.34,41.72],[115.53,41.77],[115.86,41.93],[115.94,41.93],[116.04,41.8],[116.13,41.87],[116.21,41.88],[116.38,42.01],[116.47,41.95],[116.6,41.92],[116.86,42.02],[116.88,42.22],[116.83,42.31],[116.89,42.4],[117.06,42.46],[117.24,42.48],[117.41,42.46],[117.45,42.55],[117.59,42.55],[117.74,42.59],[117.8,42.57],[118.02,42.38],[118.04,42.29],[117.99,42.22],[118.09,42.18],[118.13,42.02],[118.27,42.07],[118.32,41.86],[118.28,41.75],[118.16,41.72],[118.24,41.59],[118.31,41.57],[118.37,41.31],[118.48,41.36],[119.15,41.31],[119.23,41.27],[119.36,41.37],[119.39,41.47],[119.32,41.66],[119.3,41.78],[119.33,41.87],[119.32,41.97],[119.37,42.1],[119.25,42.19],[119.34,42.29],[119.56,42.37],[119.63,42.25],[119.82,42.21],[119.81,42.12],[119.89,42],[119.96,41.97],[120.03,41.86],[120.03,41.73],[120.11,41.71],[120.14,41.79],[120.34,41.97],[120.47,42.04],[120.51,42.15],[120.63,42.16],[120.74,42.23],[120.91,42.3],[121.03,42.26],[121.37,42.5],[121.54,42.54],[121.65,42.45],[121.72,42.46],[121.88,42.54],[121.92,42.65],[122.05,42.72],[122.3,42.64],[122.4,42.66],[122.43,42.72],[122.37,42.8],[122.48,42.85],[122.73,42.74],[122.89,42.74],[123.13,42.83],[123.18,42.94],[123.35,43.01],[123.61,43.08],[123.7,43.35],[123.61,43.37],[123.38,43.45],[123.36,43.54],[123.49,43.59],[123.52,43.7],[123.32,44.04],[123.36,44.15],[123.26,44.2],[123.17,44.37],[123.12,44.41],[123.12,44.49],[123.04,44.51],[122.96,44.45],[122.72,44.34],[122.38,44.22],[122.25,44.25],[122.28,44.43],[122.09,44.62],[122.05,44.69],[122.02,44.85],[122.04,44.93],[122.01,45.12],[122.19,45.2],[122.23,45.29],[122.14,45.45],[122.03,45.48],[121.96,45.57],[121.93,45.69],[121.78,45.68],[121.67,45.72],[121.81,45.91],[121.77,46.01],[122,45.98],[122.24,45.81],[122.4,45.95],[122.5,45.83],[122.65,45.73],[122.77,45.79],[122.8,45.91],[122.8,46.09],[123.07,46.11],[123.16,46.22],[122.99,46.41],[123.02,46.61],[123.09,46.62],[123.29,46.59],[123.4,46.6],[123.54,46.69],[123.61,46.77],[123.49,46.82],[123.38,46.9],[123.33,46.83],[123.19,46.76],[123,46.84],[122.8,47.03],[122.57,47.13],[122.41,47.33],[122.57,47.53],[123.21,47.81],[123.29,47.95],[123.58,48.05],[123.73,48.19],[124.08,48.45],[124.23,48.53],[124.3,48.49],[124.33,48.33],[124.43,48.17],[124.52,48.13],[124.56,48.24],[124.52,48.37],[124.54,48.57],[124.62,48.67],[124.62,48.74],[124.82,49.06],[124.86,49.18],[125.16,49.15],[125.22,49.22],[125.27,49.44],[125.24,49.55],[125.13,49.64],[125.22,49.67],[125.23,49.85],[125.19,49.94],[125.3,50.01],[125.26,50.11],[125.42,50.19],[125.53,50.39],[125.81,50.56],[125.82,50.77],[126,50.9],[126.06,50.98],[125.98,51.1],[125.87,51.14],[125.84,51.21],[125.72,51.25],[125.49,51.51],[125.33,51.58],[125.13,51.62],[125.06,51.53],[124.82,51.37],[124.67,51.34],[124.5,51.36],[124.35,51.28],[124.16,51.33],[124,51.3],[123.87,51.31],[123.79,51.23],[123.57,51.2],[123.44,51.27],[123.27,51.27],[123.09,51.31],[122.96,51.39],[122.84,51.51],[122.84,51.57],[122.71,51.7],[122.75,51.85],[122.64,52.09],[122.78,52.2],[122.73,52.25],[122.49,52.29],[122.34,52.45],[122.17,52.48],[122.02,52.28],[121.83,52.27],[121.69,52.39],[121.49,52.44],[121.17,52.59],[121.5,52.77],[121.69,52.91],[121.8,53.02],[121.61,53.24],[121.41,53.32],[120.99,53.28],[120.7,53.17],[120.22,52.84],[120.09,52.79],[120.04,52.72],[120.07,52.63],[120.17,52.6],[120.36,52.63],[120.52,52.62],[120.66,52.57],[120.7,52.49],[120.65,52.4],[120.67,52.3],[120.74,52.21],[120.75,52.1],[120.68,51.97],[120.51,51.85],[120.24,51.72],[120.07,51.6],[119.97,51.42],[119.81,51.27],[119.75,51.11],[119.68,51.03],[119.57,50.95],[119.51,50.86],[119.5,50.78],[119.45,50.7],[119.34,50.63],[119.28,50.56],[119.26,50.48],[119.22,50.43],[119.16,50.41],[119.19,50.38],[119.3,50.35],[119.35,50.28],[119.33,50.15],[119.26,50.07],[119.15,50.01],[118.76,49.96],[118.45,49.84],[117.87,49.51],[117.81,49.51],[117.48,49.61],[117.25,49.62],[116.68,49.82],[116.59,49.68],[116.03,48.84],[116.03,48.78],[115.82,48.58],[115.79,48.46],[115.79,48.25],[115.53,48.13],[115.56,47.95],[115.62,47.87],[115.9,47.69],[115.99,47.71],[116.07,47.79],[116.23,47.86],[116.51,47.84],[116.76,47.87],[117.07,47.81],[117.29,47.67],[117.35,47.65],[117.56,47.8],[117.77,47.99],[117.98,48],[118.15,48.03],[118.24,48],[118.5,47.98],[118.57,47.94],[118.76,47.76],[119.02,47.69],[119.08,47.65],[119.12,47.56],[119.29,47.47],[119.33,47.41],[119.71,47.15],[119.76,47.09],[119.76,47.03],[119.79,46.98],[119.9,46.86],[119.88,46.79],[119.9,46.73],[119.87,46.67],[119.71,46.61],[119.62,46.6],[119.47,46.63],[119.33,46.61],[119.16,46.64],[118.96,46.73],[118.84,46.76],[118.79,46.75],[118.72,46.69],[118.4,46.7],[118.31,46.72],[118.07,46.67],[117.91,46.62],[117.81,46.54],[117.74,46.52],[117.67,46.52],[117.55,46.59],[117.44,46.59],[117.39,46.54],[117.36,46.39],[117.33,46.36],[116.98,46.36],[116.86,46.39],[116.79,46.38],[116.69,46.32],[116.56,46.29],[116.52,46.21],[116.36,46.1],[116.21,45.89],[116.24,45.8],[116.2,45.74],[116.11,45.69],[116.04,45.68],[115.93,45.63],[115.68,45.46],[115.16,45.39],[114.92,45.38],[114.74,45.42],[114.56,45.39],[114.52,45.36],[114.49,45.27],[114.42,45.2],[114.17,45.05],[114.03,44.94],[113.88,44.9],[113.65,44.76],[113.59,44.75],[113.3,44.79],[113.2,44.79],[112.71,44.88],[112.6,44.92],[112.5,45.01],[112.41,45.06],[112.11,45.06],[112.03,45.08],[111.9,45.06],[111.75,44.97],[111.62,44.83],[111.49,44.51],[111.41,44.42],[111.4,44.37],[111.49,44.27],[111.52,44.19],[111.6,44.11],[111.84,43.93],[111.93,43.81],[111.93,43.71],[111.88,43.68],[111.77,43.66],[111.55,43.5],[111.01,43.34],[110.52,42.9],[110.4,42.77],[109.86,42.61],[109.44,42.46],[109.34,42.44],[108.69,42.42],[108.17,42.45],[106.77,42.29],[105.87,41.99],[105.2,41.74],[105.12,41.66],[104.98,41.6],[104.86,41.64],[104.5,41.66],[104.5,41.88],[103.71,41.75],[103.07,42.01],[102.16,42.16],[101.97,42.22],[101.66,42.5],[101.5,42.54],[101.09,42.55],[99.98,42.68],[99.47,42.57],[97.72,42.74],[97.21,42.79]]]}},
{"type":"Feature","properties":{"r":130,"c":195,"name":"Heilongjiang","code":"HL"},"geometry":{"type":"Polygon","coordinates":[[[121.41,53.32],[121.61,53.24],[121.8,53.02],[121.69,52.91],[121.5,52.77],[121.17,52.59],[121.49,52.44],[121.69,52.39],[121.83,52.27],[122.02,52.28],[122.17,52.48],[122.34,52.45],[122.49,52.29],[122.73,52.25],[122.78,52.2],[122.64,52.09],[122.75,51.85],[122.71,51.7],[122.84,51.57],[122.84,51.51],[122.96,51.39],[123.09,51.31],[123.27,51.27],[123.44,51.27],[123.57,51.2],[123.79,51.23],[123.87,51.31],[124,51.3],[124.16,51.33],[124.35,51.28],[124.5,51.36],[124.67,51.34],[124.82,51.37],[125.06,51.53],[125.13,51.62],[125.33,51.58],[125.49,51.51],[125.72,51.25],[125.84,51.21],[125.87,51.14],[125.98,51.1],[126.06,50.98],[126,50.9],[125.82,50.77],[125.81,50.56],[125.53,50.39],[125.42,50.19],[125.26,50.11],[125.3,50.01],[125.19,49.94],[125.23,49.85],[125.22,49.67],[125.13,49.64],[125.24,49.55],[125.27,49.44],[125.22,49.22],[125.16,49.15],[124.86,49.18],[124.82,49.06],[124.62,48.74],[124.62,48.67],[124.54,48.57],[124.52,48.37],[124.56,48.24],[124.52,48.13],[124.43,48.17],[124.33,48.33],[124.3,48.49],[124.23,48.53],[124.08,48.45],[123.73,48.19],[123.58,48.05],[123.29,47.95],[123.21,47.81],[122.57,47.53],[122.41,47.33],[122.57,47.13],[122.8,47.03],[123,46.84],[123.19,46.76],[123.33,46.83],[123.38,46.9],[123.49,46.82],[123.61,46.77],[123.54,46.69],[123.4,46.6],[123.29,46.59],[123.09,46.62],[123.02,46.61],[122.99,46.41],[123.16,46.22],[123.26,46.27],[123.36,46.24],[123.92,46.27],[124.03,46.02],[123.98,45.98],[124.06,45.87],[124.02,45.78],[124.14,45.63],[124.22,45.64],[124.33,45.55],[124.4,45.45],[124.56,45.42],[124.61,45.45],[124.87,45.45],[125.03,45.5],[125.1,45.4],[125.31,45.42],[125.43,45.48],[125.52,45.47],[125.7,45.51],[125.7,45.36],[125.84,45.23],[126.15,45.14],[126.42,45.23],[126.56,45.25],[126.79,45.15],[126.95,45.13],[127.08,44.93],[126.98,44.83],[127.03,44.73],[127.04,44.6],[127.15,44.65],[127.23,44.62],[127.38,44.65],[127.56,44.57],[127.49,44.41],[127.62,44.27],[127.61,44.22],[127.71,44.16],[127.74,44.09],[127.85,44.06],[128.05,44.13],[128.04,44.34],[128.16,44.35],[128.21,44.44],[128.36,44.5],[128.42,44.45],[128.45,44.32],[128.45,44.15],[128.53,44.08],[128.63,43.91],[128.75,43.8],[128.76,43.71],[128.88,43.56],[129.01,43.54],[129.23,43.61],[129.22,43.74],[129.25,43.79],[129.53,43.87],[129.75,43.87],[129.8,43.97],[129.91,44.02],[130,43.98],[130.03,43.86],[130.1,43.85],[130.28,43.96],[130.33,43.93],[130.41,43.67],[130.59,43.63],[130.92,43.45],[130.99,43.51],[131.15,43.44],[131.25,43.47],[131.24,43.47],[131.18,43.51],[131.17,43.7],[131.21,44],[131.26,44.07],[131.09,44.6],[130.97,44.8],[130.98,44.84],[131.03,44.89],[131.08,44.91],[131.23,44.92],[131.45,44.98],[131.58,45.08],[131.65,45.21],[131.74,45.24],[131.79,45.31],[131.85,45.33],[131.91,45.27],[131.98,45.24],[132.94,45.03],[133.01,45.07],[133.11,45.13],[133.11,45.32],[133.19,45.49],[133.27,45.55],[133.31,45.55],[133.44,45.6],[133.47,45.65],[133.45,45.71],[133.51,45.88],[133.61,45.92],[133.65,45.96],[133.71,46.07],[133.7,46.14],[133.75,46.19],[133.83,46.22],[133.86,46.25],[133.9,46.37],[133.87,46.5],[133.96,46.61],[133.97,46.64],[134.02,46.71],[134.07,46.95],[134.14,47.07],[134.2,47.13],[134.16,47.26],[134.17,47.3],[134.29,47.41],[134.38,47.44],[134.48,47.45],[134.6,47.52],[134.7,47.62],[134.75,47.72],[134.57,48.02],[134.67,48.15],[134.67,48.25],[134.46,48.36],[134.33,48.37],[134.32,48.37],[134.29,48.37],[133.84,48.27],[133.67,48.21],[133.57,48.13],[133.47,48.1],[133.14,48.11],[132.88,47.98],[132.77,47.94],[132.71,47.95],[132.64,47.89],[132.56,47.77],[132.48,47.71],[132.38,47.73],[131.79,47.68],[131.56,47.68],[131.46,47.72],[131.32,47.73],[131,47.69],[130.96,47.71],[130.92,47.84],[130.85,47.93],[130.73,48.02],[130.71,48.13],[130.79,48.25],[130.8,48.34],[130.75,48.43],[130.66,48.48],[130.6,48.57],[130.55,48.6],[130.62,48.77],[130.55,48.86],[130.36,48.87],[130.2,48.89],[130.04,48.97],[129.79,49.2],[129.67,49.28],[129.59,49.29],[129.53,49.32],[129.5,49.39],[129.38,49.39],[129.31,49.35],[129.25,49.38],[129.12,49.36],[129.07,49.37],[129.02,49.42],[128.94,49.45],[128.82,49.46],[128.77,49.49],[128.79,49.54],[128.77,49.58],[128.7,49.6],[128.24,49.56],[128,49.57],[127.81,49.62],[127.71,49.67],[127.69,49.72],[127.55,49.8],[127.5,49.87],[127.49,49.98],[127.51,50.07],[127.59,50.21],[127.4,50.3],[127.34,50.35],[127.35,50.39],[127.31,50.49],[127.35,50.55],[127.35,50.62],[127.31,50.71],[126.92,51.1],[126.89,51.23],[126.83,51.31],[126.85,51.37],[126.8,51.45],[126.81,51.51],[126.77,51.55],[126.71,51.57],[126.69,51.61],[126.7,51.7],[126.51,51.93],[126.46,52.13],[126.39,52.17],[126.38,52.29],[126.32,52.33],[126.34,52.36],[126.2,52.48],[126.16,52.55],[126.05,52.57],[126.02,52.64],[126.06,52.69],[126.05,52.74],[125.94,52.8],[125.87,52.87],[125.73,52.89],[125.68,52.93],[125.69,53],[125.65,53.04],[125.6,53.06],[125.55,53.05],[125.42,53.08],[125.23,53.17],[125.08,53.2],[124.97,53.2],[124.91,53.17],[124.88,53.13],[124.81,53.13],[124.64,53.21],[124.47,53.23],[124.37,53.27],[124.29,53.34],[124.22,53.37],[124.15,53.36],[123.61,53.55],[123.56,53.53],[123.42,53.53],[123.31,53.56],[122.74,53.47],[122.38,53.46],[122.34,53.49],[122.09,53.45],[122.02,53.44],[121.74,53.38],[121.41,53.32]]]}},
{"type":"Feature","properties":{"r":131,"c":143,"name":"Aceh","code":"AC"},"geometry":{"type":"MultiPolygon","coordinates":[[[[95.24,5.91],[95.22,5.89],[95.28,5.8],[95.34,5.78],[95.37,5.84],[95.36,5.88],[95.24,5.91]]],[[[97.29,2.2],[97.25,2.22],[97.16,2.23],[97.11,2.22],[97.23,2.16],[97.33,2.05],[97.33,2.15],[97.29,2.2]]],[[[96.42,2.52],[96.18,2.66],[96.1,2.74],[96,2.78],[95.9,2.89],[95.81,2.92],[95.77,2.85],[95.72,2.83],[95.73,2.77],[95.81,2.66],[95.88,2.64],[95.94,2.6],[96.02,2.6],[96.29,2.43],[96.34,2.37],[96.4,2.35],[96.46,2.36],[96.46,2.42],[96.42,2.52]]],[[[98.09,2.2],[98.13,2.33],[98.06,2.44],[98.03,2.58],[98.07,2.68],[98.06,2.81],[97.92,2.91],[97.9,3.08],[97.94,3.14],[97.86,3.26],[97.99,3.33],[97.91,3.43],[97.91,3.48],[97.84,3.58],[97.78,3.74],[97.89,3.85],[97.89,3.92],[98,3.98],[98.06,4.24],[98.19,4.29],[98.26,4.29],[98.27,4.32],[98.25,4.41],[98,4.66],[97.97,4.78],[97.91,4.88],[97.71,5.04],[97.55,5.21],[97.45,5.24],[97.19,5.21],[96.97,5.27],[96.84,5.27],[96.62,5.22],[96.49,5.23],[96.13,5.29],[96.03,5.35],[95.74,5.58],[95.63,5.61],[95.4,5.63],[95.23,5.56],[95.22,5.52],[95.25,5.41],[95.22,5.35],[95.21,5.28],[95.49,4.76],[95.99,4.26],[96.23,4.07],[96.44,3.82],[96.53,3.77],[96.8,3.71],[96.97,3.58],[97.39,2.98],[97.59,2.85],[97.62,2.79],[97.66,2.49],[97.7,2.36],[97.8,2.28],[98.01,2.24],[98.09,2.2]]]]}},
{"type":"Feature","properties":{"r":132,"c":143,"name":"Kalimantan Timur","code":"KI"},"geometry":{"type":"MultiPolygon","coordinates":[[[[117.55,3.43],[117.54,3.39],[117.56,3.33],[117.65,3.25],[117.68,3.41],[117.64,3.44],[117.55,3.43]]],[[[117.65,4.17],[117.63,4.12],[117.74,4],[117.92,4.05],[117.92,4.09],[117.88,4.19],[117.65,4.17]]],[[[114.21,1.46],[114.19,1.21],[113.86,0.98],[113.86,0.9],[113.95,0.86],[113.92,0.74],[113.78,0.56],[113.97,0.6],[114.04,0.65],[114.18,0.65],[114.38,0.59],[114.66,0.62],[114.74,0.67],[114.98,0.74],[115.06,0.64],[115.08,0.53],[114.97,0.36],[114.95,0.28],[115.02,0.06],[114.97,-0.1],[115,-0.18],[115.09,-0.12],[115.19,0.01],[115.28,0.03],[115.35,0],[115.28,-0.22],[115.27,-0.31],[115.33,-0.51],[115.38,-0.58],[115.46,-0.89],[115.52,-0.94],[115.63,-0.98],[115.74,-1.1],[115.81,-1.09],[115.8,-1.29],[115.72,-1.43],[115.68,-1.43],[115.61,-1.47],[115.74,-1.78],[115.75,-2],[115.83,-2.05],[115.81,-2.18],[115.87,-2.35],[115.99,-2.27],[116.04,-2.29],[116.39,-2.31],[116.56,-2.36],[116.57,-2.3],[116.53,-2.21],[116.42,-2.19],[116.31,-2.14],[116.42,-2.05],[116.45,-1.92],[116.42,-1.78],[116.28,-1.78],[116.33,-1.71],[116.52,-1.6],[116.55,-1.55],[116.55,-1.47],[116.72,-1.38],[116.77,-1.27],[116.73,-1.15],[116.74,-1.04],[116.76,-1.12],[116.8,-1.18],[116.85,-1.22],[116.91,-1.22],[117,-1.19],[117.15,-1.01],[117.24,-0.93],[117.56,-0.77],[117.57,-0.73],[117.55,-0.55],[117.46,-0.32],[117.46,-0.2],[117.52,0.24],[117.55,0.34],[117.75,0.73],[117.92,0.83],[117.96,0.89],[117.98,0.96],[117.91,1.1],[118.02,1.04],[118.1,0.93],[118.2,0.87],[118.53,0.81],[118.76,0.84],[118.89,0.89],[118.98,0.98],[118.96,1.04],[118.85,1.1],[118.64,1.32],[118.47,1.42],[118.08,1.7],[117.86,1.97],[117.79,2.03],[117.88,2.06],[117.89,2.09],[118.04,2.22],[118.07,2.26],[118.07,2.32],[117.8,2.67],[117.79,2.75],[117.64,2.83],[117.7,2.89],[117.57,2.93],[117.64,2.95],[117.61,3],[117.61,3.06],[117.57,3.1],[117.51,3.1],[117.42,3.17],[117.35,3.19],[117.32,3.24],[117.38,3.37],[117.35,3.43],[117.17,3.59],[117.06,3.62],[117.17,3.64],[117.45,3.63],[117.49,3.67],[117.51,3.73],[117.63,3.64],[117.71,3.64],[117.78,3.69],[117.73,3.77],[117.73,3.8],[117.57,3.93],[117.56,3.99],[117.47,4.08],[117.5,4.13],[117.57,4.17],[117.45,4.19],[117.28,4.3],[117.1,4.34],[116.59,4.34],[116.51,4.37],[116.41,4.31],[116.32,4.35],[116.13,4.36],[116.02,4.29],[115.9,4.35],[115.86,4.35],[115.78,4.25],[115.68,4.19],[115.6,3.98],[115.57,3.94],[115.56,3.73],[115.54,3.63],[115.57,3.45],[115.51,3.34],[115.49,3.21],[115.5,3.17],[115.45,3.03],[115.31,2.99],[115.25,3.03],[115.09,2.84],[115.08,2.63],[115.18,2.57],[115.18,2.52],[114.97,2.35],[114.79,2.25],[114.76,2.16],[114.79,2.05],[114.82,2.02],[114.83,1.98],[114.8,1.89],[114.7,1.85],[114.66,1.69],[114.55,1.47],[114.51,1.45],[114.39,1.5],[114.27,1.47],[114.21,1.46]]]]}},
{"type":"Feature","properties":{"r":133,"c":143,"name":"Jawa Barat","code":"JR"},"geometry":{"type":"Polygon","coordinates":[[[106.99,-6.03],[106.98,-6.24],[106.92,-6.38],[106.76,-6.3],[106.74,-6.39],[106.56,-6.36],[106.42,-6.37],[106.43,-6.44],[106.41,-6.52],[106.43,-6.7],[106.51,-6.78],[106.45,-6.84],[106.4,-7.01],[106.52,-7.05],[106.42,-7.24],[106.41,-7.31],[106.46,-7.37],[106.63,-7.42],[107.28,-7.47],[107.55,-7.54],[107.8,-7.69],[108.22,-7.78],[108.45,-7.8],[108.57,-7.71],[108.74,-7.67],[108.8,-7.67],[108.73,-7.6],[108.74,-7.54],[108.7,-7.39],[108.55,-7.28],[108.6,-7.14],[108.7,-7.14],[108.79,-7.06],[108.8,-6.93],[108.9,-6.81],[108.78,-6.81],[108.68,-6.79],[108.6,-6.73],[108.52,-6.47],[108.3,-6.27],[108.14,-6.3],[108.01,-6.28],[107.88,-6.23],[107.67,-6.22],[107.56,-6.18],[107.47,-6.12],[107.33,-5.98],[107.16,-5.96],[107.05,-5.9],[107.01,-6.01],[106.99,-6.03]]]}},
{"type":"Feature","properties":{"r":134,"c":143,"name":"Jawa Tengah","code":"JT"},"geometry":{"type":"Polygon","coordinates":[[[110.95,-8.22],[110.97,-8.12],[111.1,-8.01],[111.23,-7.94],[111.31,-7.84],[111.26,-7.73],[111.19,-7.71],[111.22,-7.61],[111.18,-7.53],[111.2,-7.31],[111.22,-7.25],[111.44,-7.31],[111.46,-7.27],[111.61,-7.15],[111.6,-6.96],[111.63,-6.8],[111.68,-6.73],[111.64,-6.7],[111.54,-6.65],[111.48,-6.65],[111.34,-6.7],[111.18,-6.69],[111.15,-6.67],[111,-6.46],[110.97,-6.44],[110.83,-6.42],[110.74,-6.47],[110.7,-6.52],[110.58,-6.81],[110.52,-6.9],[110.43,-6.95],[110.32,-6.94],[110.2,-6.9],[109.94,-6.92],[109.5,-6.81],[109.4,-6.86],[109.29,-6.87],[109.02,-6.82],[108.9,-6.81],[108.8,-6.93],[108.79,-7.06],[108.7,-7.14],[108.6,-7.14],[108.55,-7.28],[108.7,-7.39],[108.74,-7.54],[108.73,-7.6],[108.8,-7.67],[108.86,-7.67],[108.99,-7.7],[109.28,-7.7],[109.85,-7.83],[110.04,-7.89],[110.12,-7.76],[110.14,-7.68],[110.3,-7.67],[110.44,-7.57],[110.51,-7.78],[110.58,-7.82],[110.75,-7.83],[110.79,-7.87],[110.8,-8.12],[110.84,-8.2],[110.95,-8.22]]]}},
{"type":"Feature","properties":{"r":135,"c":143,"name":"Bengkulu","code":"BE"},"geometry":{"type":"MultiPolygon","coordinates":[[[[102.37,-5.37],[102.2,-5.29],[102.15,-5.29],[102.11,-5.32],[102.29,-5.48],[102.37,-5.48],[102.41,-5.4],[102.37,-5.37]]],[[[103.59,-4.93],[103.77,-4.8],[103.72,-4.76],[103.69,-4.64],[103.62,-4.51],[103.62,-4.42],[103.19,-4.24],[103.14,-4.05],[103.11,-4.02],[102.98,-4.04],[102.91,-3.99],[102.85,-4],[102.77,-3.96],[102.63,-3.81],[102.7,-3.79],[102.9,-3.63],[102.99,-3.58],[103.02,-3.49],[102.97,-3.4],[102.87,-3.38],[102.77,-3.28],[102.63,-3.37],[102.56,-3.34],[102.46,-3.25],[102.49,-3.15],[102.43,-3.09],[102.24,-3.06],[102.22,-2.95],[102.07,-2.78],[101.96,-2.74],[101.9,-2.74],[101.74,-2.64],[101.56,-2.45],[101.52,-2.31],[101.44,-2.24],[101.34,-2.3],[101.17,-2.37],[101.04,-2.47],[101.12,-2.59],[101.31,-2.73],[101.58,-3.17],[101.82,-3.38],[102.13,-3.6],[102.19,-3.67],[102.37,-3.97],[102.54,-4.15],[102.92,-4.47],[103.14,-4.6],[103.33,-4.77],[103.41,-4.82],[103.59,-4.93]]]]}},
{"type":"Feature","properties":{"r":136,"c":143,"name":"Banten","code":"BT"},"geometry":{"type":"MultiPolygon","coordinates":[[[[105.12,-6.61],[105.14,-6.64],[105.19,-6.66],[105.25,-6.64],[105.28,-6.56],[105.26,-6.52],[105.19,-6.55],[105.12,-6.61]]],[[[106.4,-7.01],[106.45,-6.84],[106.51,-6.78],[106.43,-6.7],[106.41,-6.52],[106.43,-6.44],[106.42,-6.37],[106.56,-6.36],[106.74,-6.39],[106.76,-6.3],[106.7,-6.21],[106.68,-6.1],[106.73,-6.06],[106.68,-6.04],[106.46,-6.02],[106.35,-5.98],[106.17,-5.96],[106.08,-5.91],[106.03,-5.93],[105.94,-6.02],[105.87,-6.12],[105.79,-6.46],[105.71,-6.5],[105.66,-6.47],[105.61,-6.62],[105.48,-6.78],[105.46,-6.79],[105.4,-6.77],[105.37,-6.66],[105.27,-6.73],[105.24,-6.78],[105.26,-6.84],[105.42,-6.83],[105.6,-6.86],[105.83,-6.85],[105.94,-6.86],[106.2,-6.93],[106.4,-7.01]]]]}},
{"type":"Feature","properties":{"r":137,"c":143,"name":"Jakarta Raya","code":"JK"},"geometry":{"type":"Polygon","coordinates":[[[106.73,-6.06],[106.68,-6.1],[106.7,-6.21],[106.76,-6.3],[106.92,-6.38],[106.98,-6.24],[106.99,-6.03],[106.93,-6.07],[106.83,-6.1],[106.73,-6.06]]]}},
{"type":"Feature","properties":{"r":138,"c":143,"name":"Kalimantan Barat","code":"KB"},"geometry":{"type":"MultiPolygon","coordinates":[[[[108.88,-1.54],[108.8,-1.57],[108.84,-1.66],[108.95,-1.62],[108.96,-1.56],[108.88,-1.54]]],[[[109.7,-1.01],[109.61,-0.98],[109.48,-0.99],[109.45,-1.04],[109.43,-1.24],[109.46,-1.28],[109.51,-1.28],[109.75,-1.15],[109.76,-1.11],[109.74,-1.04],[109.7,-1.01]]],[[[114.21,1.46],[114.13,1.45],[114,1.46],[113.9,1.43],[113.76,1.31],[113.62,1.24],[113.51,1.31],[113.46,1.3],[113.07,1.43],[113.01,1.43],[112.99,1.46],[112.99,1.55],[112.94,1.57],[112.48,1.56],[112.25,1.48],[112.19,1.44],[112.17,1.34],[112.08,1.14],[111.92,1.11],[111.81,1.01],[111.77,1],[111.61,1.02],[111.55,0.99],[111.29,1.04],[111.1,1.05],[110.94,1.02],[110.61,0.88],[110.51,0.86],[110.46,0.88],[109.99,1.28],[109.65,1.61],[109.64,1.78],[109.57,1.81],[109.54,1.9],[109.63,2.03],[109.38,1.92],[109.27,1.71],[109.08,1.5],[109.01,1.24],[109.1,1.26],[109.13,1.25],[109.03,1.2],[108.96,1.13],[108.91,0.79],[108.94,0.36],[109.15,0.17],[109.22,0.07],[109.25,0.06],[109.26,0.03],[109.19,-0.01],[109.12,-0.27],[109.12,-0.39],[109.13,-0.45],[109.16,-0.49],[109.26,-0.58],[109.37,-0.64],[109.37,-0.67],[109.31,-0.68],[109.27,-0.73],[109.26,-0.81],[109.33,-0.88],[109.45,-0.87],[109.68,-0.94],[109.79,-1.01],[109.94,-1.18],[109.98,-1.27],[110.04,-1.53],[110.02,-1.64],[109.96,-1.74],[109.96,-1.86],[110.08,-1.95],[110.1,-2],[110.12,-2.23],[110.22,-2.69],[110.23,-2.93],[110.26,-2.97],[110.3,-2.99],[110.38,-2.93],[110.57,-2.89],[110.7,-3.02],[110.81,-2.94],[110.9,-2.91],[111.07,-2.76],[111.14,-2.73],[111.14,-2.4],[111.01,-2.13],[110.99,-1.99],[111.03,-1.87],[111.02,-1.66],[110.92,-1.61],[111.01,-1.53],[111.13,-1.53],[111.24,-1.42],[111.33,-1.37],[111.42,-1.27],[111.58,-1.19],[111.59,-1.1],[111.65,-1.02],[111.97,-0.82],[112.06,-0.8],[112.12,-0.74],[112.38,-0.75],[112.5,-0.7],[112.58,-0.7],[112.76,-0.64],[113,-0.52],[113.08,-0.52],[113.16,-0.47],[113.26,-0.55],[113.3,-0.42],[113.25,-0.36],[113.33,-0.25],[113.43,-0.19],[113.48,-0.05],[113.45,0.07],[113.32,0.25],[113.42,0.28],[113.53,0.26],[113.62,0.31],[113.65,0.41],[113.78,0.56],[113.92,0.74],[113.95,0.86],[113.86,0.9],[113.86,0.98],[114.19,1.21],[114.21,1.46]]]]}},
{"type":"Feature","properties":{"r":139,"c":143,"name":"Lampung","code":"LA"},"geometry":{"type":"Polygon","coordinates":[[[105.83,-4.16],[105.71,-4.15],[105.51,-3.87],[105.31,-3.76],[105.27,-3.89],[105.13,-3.96],[105.11,-4.06],[105.01,-4.17],[104.84,-4.22],[104.67,-4.3],[104.53,-4.32],[104.4,-4.41],[104.31,-4.44],[104.29,-4.49],[104.31,-4.63],[104.26,-4.71],[104.34,-4.81],[104.3,-4.89],[104.21,-4.89],[104.08,-4.95],[103.89,-4.93],[103.85,-4.85],[103.77,-4.8],[103.59,-4.93],[103.77,-5.03],[103.83,-5.08],[104.07,-5.39],[104.24,-5.54],[104.48,-5.8],[104.6,-5.9],[104.63,-5.91],[104.68,-5.89],[104.68,-5.82],[104.62,-5.64],[104.62,-5.57],[104.64,-5.52],[105.02,-5.73],[105.08,-5.75],[105.3,-5.57],[105.35,-5.55],[105.52,-5.67],[105.62,-5.8],[105.68,-5.82],[105.75,-5.82],[105.82,-5.68],[105.89,-5.01],[105.89,-4.55],[105.83,-4.16]]]}},
{"type":"Feature","properties":{"r":140,"c":143,"name":"Sumatera Selatan","code":"SL"},"geometry":{"type":"Polygon","coordinates":[[[104.52,-1.73],[104.43,-1.69],[104.38,-1.71],[104.32,-1.8],[104.13,-1.83],[103.96,-1.79],[103.89,-1.79],[103.54,-1.97],[103.52,-2.22],[103.46,-2.24],[103.46,-2.35],[103.42,-2.39],[103.3,-2.28],[103.27,-2.21],[103.22,-2.19],[103.17,-2.29],[103.2,-2.36],[103.12,-2.4],[102.86,-2.35],[102.86,-2.46],[102.79,-2.57],[102.62,-2.67],[102.6,-2.71],[102.49,-2.73],[102.4,-2.71],[102.26,-2.64],[102.23,-2.68],[102.07,-2.78],[102.22,-2.95],[102.24,-3.06],[102.43,-3.09],[102.49,-3.15],[102.46,-3.25],[102.56,-3.34],[102.63,-3.37],[102.77,-3.28],[102.87,-3.38],[102.97,-3.4],[103.02,-3.49],[102.99,-3.58],[102.9,-3.63],[102.7,-3.79],[102.63,-3.81],[102.77,-3.96],[102.85,-4],[102.91,-3.99],[102.98,-4.04],[103.11,-4.02],[103.14,-4.05],[103.19,-4.24],[103.62,-4.42],[103.62,-4.51],[103.69,-4.64],[103.72,-4.76],[103.77,-4.8],[103.85,-4.85],[103.89,-4.93],[104.08,-4.95],[104.21,-4.89],[104.3,-4.89],[104.34,-4.81],[104.26,-4.71],[104.31,-4.63],[104.29,-4.49],[104.31,-4.44],[104.4,-4.41],[104.53,-4.32],[104.67,-4.3],[104.84,-4.22],[105.01,-4.17],[105.11,-4.06],[105.13,-3.96],[105.27,-3.89],[105.31,-3.76],[105.51,-3.87],[105.71,-4.15],[105.83,-4.16],[105.84,-4.12],[105.93,-3.88],[105.93,-3.83],[105.85,-3.73],[105.84,-3.61],[105.9,-3.41],[106.06,-3.22],[106.06,-3.16],[106.04,-3.11],[105.9,-2.89],[105.58,-2.49],[105.4,-2.38],[105.29,-2.36],[104.97,-2.37],[104.88,-2.42],[104.7,-2.6],[104.65,-2.6],[104.63,-2.54],[104.65,-2.43],[104.67,-2.39],[104.83,-2.23],[104.85,-2.09],[104.79,-2.04],[104.57,-1.92],[104.52,-1.82],[104.52,-1.73]]]}},
{"type":"Feature","properties":{"r":141,"c":143,"name":"Bangka-Belitung","code":"BB"},"geometry":{"type":"MultiPolygon","coordinates":[[[[107.43,-2.93],[107.47,-2.9],[107.5,-2.85],[107.47,-2.83],[107.42,-2.84],[107.4,-2.87],[107.43,-2.93]]],[[[106.8,-2.9],[106.74,-2.93],[106.75,-2.96],[106.77,-2.99],[106.87,-3.03],[106.89,-3.01],[106.91,-2.93],[106.8,-2.9]]],[[[108.22,-2.7],[108.07,-2.6],[107.87,-2.56],[107.84,-2.53],[107.67,-2.57],[107.64,-2.73],[107.6,-2.8],[107.6,-2.86],[107.56,-2.92],[107.59,-2.98],[107.59,-3.06],[107.64,-3.12],[107.61,-3.21],[107.66,-3.21],[107.82,-3.16],[107.84,-3.1],[107.86,-3.09],[107.94,-3.13],[107.97,-3.17],[107.98,-3.22],[108.06,-3.23],[108.08,-3.19],[108.17,-3.14],[108.21,-3],[108.29,-2.83],[108.22,-2.7]]],[[[106.37,-2.46],[106.21,-2.19],[106.16,-1.87],[106.13,-1.8],[106.08,-1.74],[106.03,-1.59],[105.91,-1.5],[105.72,-1.53],[105.75,-1.66],[105.7,-1.73],[105.59,-1.53],[105.46,-1.57],[105.37,-1.66],[105.36,-1.71],[105.39,-1.75],[105.37,-1.81],[105.32,-1.86],[105.19,-1.92],[105.14,-1.97],[105.13,-2.04],[105.25,-2.08],[105.34,-2.13],[105.55,-2.08],[105.71,-2.13],[105.79,-2.18],[105.81,-2.31],[105.86,-2.42],[105.91,-2.45],[105.94,-2.49],[105.91,-2.64],[105.94,-2.74],[106,-2.82],[106.25,-2.89],[106.34,-2.95],[106.45,-2.99],[106.55,-3.06],[106.67,-3.07],[106.66,-3],[106.61,-2.9],[106.68,-2.7],[106.74,-2.62],[106.82,-2.57],[106.37,-2.46]]]]}},
{"type":"Feature","properties":{"r":142,"c":143,"name":"Bali","code":"BA"},"geometry":{"type":"MultiPolygon","coordinates":[[[[115.48,-8.72],[115.58,-8.8],[115.61,-8.77],[115.61,-8.71],[115.56,-8.67],[115.48,-8.72]]],[[[115.55,-8.21],[115.45,-8.16],[115.19,-8.07],[115.15,-8.07],[115,-8.17],[114.94,-8.19],[114.5,-8.12],[114.48,-8.12],[114.47,-8.17],[114.5,-8.26],[114.61,-8.38],[114.73,-8.39],[114.84,-8.43],[115.06,-8.57],[115.11,-8.63],[115.14,-8.7],[115.14,-8.77],[115.09,-8.83],[115.14,-8.85],[115.19,-8.84],[115.24,-8.8],[115.33,-8.62],[115.56,-8.51],[115.7,-8.41],[115.69,-8.36],[115.55,-8.21]]]]}},
{"type":"Feature","properties":{"r":143,"c":143,"name":"Jawa Timur","code":"JI"},"geometry":{"type":"MultiPolygon","coordinates":[[[[112.59,-5.8],[112.6,-5.84],[112.7,-5.85],[112.73,-5.75],[112.65,-5.73],[112.59,-5.8]]],[[[113.07,-6.88],[112.87,-6.9],[112.77,-7],[112.73,-7.07],[112.76,-7.14],[113.04,-7.21],[113.47,-7.22],[113.55,-7.19],[113.66,-7.11],[113.83,-7.12],[113.89,-7.05],[114.08,-6.99],[114.07,-6.96],[113.97,-6.87],[113.07,-6.88]]],[[[114.3,-7.1],[114.35,-7.16],[114.4,-7.17],[114.41,-7.13],[114.38,-7.08],[114.35,-7.07],[114.3,-7.1]]],[[[111.68,-6.73],[111.63,-6.8],[111.6,-6.96],[111.61,-7.15],[111.46,-7.27],[111.44,-7.31],[111.22,-7.25],[111.2,-7.31],[111.18,-7.53],[111.22,-7.61],[111.19,-7.71],[111.26,-7.73],[111.31,-7.84],[111.23,-7.94],[111.1,-8.01],[110.97,-8.12],[110.95,-8.22],[111.06,-8.24],[111.34,-8.26],[111.51,-8.31],[112.12,-8.32],[112.68,-8.41],[112.77,-8.4],[113.02,-8.31],[113.13,-8.29],[113.25,-8.29],[113.69,-8.48],[113.94,-8.57],[114.16,-8.63],[114.28,-8.61],[114.34,-8.65],[114.38,-8.71],[114.58,-8.77],[114.6,-8.73],[114.6,-8.68],[114.48,-8.6],[114.39,-8.41],[114.38,-8.26],[114.44,-8],[114.44,-7.9],[114.41,-7.79],[114.07,-7.63],[113.88,-7.68],[113.5,-7.72],[113.25,-7.72],[113.01,-7.66],[112.79,-7.55],[112.79,-7.3],[112.65,-7.22],[112.54,-6.93],[112.43,-6.9],[112.31,-6.89],[112.14,-6.91],[112.09,-6.89],[111.99,-6.81],[111.74,-6.77],[111.69,-6.74],[111.68,-6.73]]]]}},
{"type":"Feature","properties":{"r":144,"c":143,"name":"Kalimantan Selatan","code":"KS"},"geometry":{"type":"MultiPolygon","coordinates":[[[[116.33,-3.54],[116.39,-3.64],[116.43,-3.4],[116.4,-3.42],[116.33,-3.54]]],[[[116.28,-3.53],[116.3,-3.5],[116.26,-3.39],[116.27,-3.25],[116.12,-3.34],[116.06,-3.46],[116.02,-3.61],[116.02,-3.7],[116.08,-3.82],[116.06,-4.01],[116.09,-4.05],[116.3,-3.87],[116.29,-3.82],[116.32,-3.76],[116.28,-3.53]]],[[[116.56,-2.36],[116.39,-2.31],[116.04,-2.29],[115.99,-2.27],[115.87,-2.35],[115.81,-2.18],[115.83,-2.05],[115.75,-2],[115.74,-1.78],[115.61,-1.47],[115.68,-1.43],[115.68,-1.36],[115.43,-1.43],[115.4,-1.47],[115.34,-1.77],[115.36,-1.9],[115.31,-1.99],[115.33,-2.04],[115.13,-2.21],[114.9,-2.26],[114.88,-2.33],[114.91,-2.42],[114.82,-2.56],[114.79,-2.69],[114.68,-2.76],[114.63,-2.82],[114.5,-2.88],[114.32,-3.42],[114.34,-3.44],[114.45,-3.48],[114.53,-3.38],[114.54,-3.49],[114.61,-3.7],[114.63,-4.11],[114.65,-4.15],[114.69,-4.17],[115.96,-3.6],[116.06,-3.35],[116.15,-3.23],[116.17,-3.18],[116.26,-3.13],[116.17,-3.03],[116.15,-2.98],[116.17,-2.93],[116.23,-2.98],[116.29,-2.96],[116.33,-2.9],[116.37,-2.71],[116.38,-2.58],[116.31,-2.6],[116.32,-2.55],[116.35,-2.52],[116.45,-2.54],[116.53,-2.51],[116.55,-2.41],[116.56,-2.36]]]]}},
{"type":"Feature","properties":{"r":145,"c":143,"name":"Nusa Tenggara Timur","code":"NT"},"geometry":{"type":"MultiPolygon","coordinates":[[[[123.01,-8.45],[122.9,-8.53],[122.89,-8.59],[122.95,-8.6],[123.03,-8.49],[123.15,-8.48],[123.14,-8.46],[123.09,-8.44],[123.01,-8.45]]],[[[123.22,-8.24],[123.13,-8.25],[123.03,-8.34],[123.03,-8.4],[123.3,-8.4],[123.34,-8.27],[123.22,-8.24]]],[[[119.47,-8.46],[119.45,-8.43],[119.43,-8.45],[119.42,-8.54],[119.38,-8.59],[119.4,-8.65],[119.39,-8.74],[119.42,-8.75],[119.46,-8.74],[119.44,-8.67],[119.54,-8.59],[119.56,-8.55],[119.55,-8.48],[119.5,-8.48],[119.47,-8.46]]],[[[124.75,-8.16],[124.6,-8.2],[124.58,-8.14],[124.51,-8.14],[124.43,-8.18],[124.39,-8.25],[124.43,-8.3],[124.36,-8.39],[124.38,-8.42],[124.44,-8.44],[125.1,-8.35],[125.13,-8.33],[125.12,-8.2],[125.05,-8.18],[124.75,-8.16]]],[[[124.24,-8.2],[124.11,-8.36],[124.07,-8.32],[124.01,-8.32],[123.97,-8.35],[123.93,-8.45],[124.02,-8.44],[124.07,-8.55],[124.15,-8.53],[124.18,-8.5],[124.23,-8.39],[124.29,-8.33],[124.3,-8.23],[124.29,-8.21],[124.24,-8.2]]],[[[123.34,-10.49],[123.27,-10.52],[123.15,-10.64],[123.06,-10.7],[122.85,-10.76],[122.82,-10.81],[122.83,-10.9],[122.95,-10.91],[123.21,-10.81],[123.31,-10.7],[123.42,-10.65],[123.38,-10.57],[123.37,-10.47],[123.34,-10.49]]],[[[121.8,-10.51],[121.7,-10.56],[121.83,-10.6],[121.88,-10.59],[121.98,-10.53],[122,-10.45],[121.95,-10.43],[121.87,-10.44],[121.8,-10.51]]],[[[123.4,-10.17],[123.33,-10.26],[123.33,-10.34],[123.42,-10.3],[123.41,-10.23],[123.5,-10.19],[123.46,-10.14],[123.4,-10.17]]],[[[120.7,-9.9],[120.56,-9.72],[120.5,-9.67],[120.44,-9.65],[120.29,-9.65],[120.26,-9.6],[120.25,-9.54],[120.06,-9.42],[119.94,-9.3],[119.8,-9.38],[119.61,-9.35],[119.19,-9.38],[119.03,-9.44],[118.99,-9.47],[118.96,-9.52],[119.04,-9.67],[119.09,-9.71],[119.36,-9.77],[119.6,-9.77],[119.81,-9.92],[119.93,-9.97],[120,-10.04],[120.05,-10.12],[120.14,-10.2],[120.26,-10.24],[120.39,-10.26],[120.44,-10.29],[120.56,-10.24],[120.7,-10.21],[120.8,-10.11],[120.83,-10.04],[120.78,-9.96],[120.7,-9.9]]],[[[122.98,-8.15],[122.92,-8.11],[122.85,-8.09],[122.79,-8.13],[122.76,-8.19],[122.92,-8.22],[122.85,-8.3],[122.6,-8.4],[122.51,-8.47],[122.48,-8.51],[122.47,-8.57],[122.43,-8.6],[122.32,-8.63],[122.26,-8.62],[122.02,-8.47],[121.97,-8.46],[121.61,-8.53],[121.55,-8.58],[121.44,-8.58],[121.37,-8.55],[121.28,-8.48],[120.89,-8.33],[120.71,-8.31],[120.61,-8.24],[120.49,-8.27],[120.42,-8.25],[120.35,-8.26],[120.23,-8.29],[120.1,-8.38],[119.96,-8.44],[119.92,-8.45],[119.87,-8.42],[119.87,-8.47],[119.82,-8.57],[119.81,-8.7],[119.91,-8.86],[120.01,-8.81],[120.12,-8.78],[120.32,-8.82],[120.55,-8.8],[120.78,-8.85],[120.98,-8.93],[121.04,-8.94],[121.14,-8.9],[121.33,-8.92],[121.41,-8.81],[121.5,-8.81],[121.58,-8.82],[121.62,-8.85],[121.65,-8.9],[121.74,-8.87],[121.84,-8.86],[122.09,-8.74],[122.47,-8.73],[122.55,-8.68],[122.82,-8.6],[122.85,-8.56],[122.81,-8.48],[122.9,-8.42],[122.92,-8.38],[122.96,-8.35],[123.01,-8.33],[122.98,-8.15]]],[[[124.04,-9.34],[123.88,-9.45],[123.71,-9.61],[123.59,-9.97],[123.6,-10.02],[123.72,-10.08],[123.61,-10.22],[123.6,-10.27],[123.64,-10.31],[123.75,-10.35],[123.86,-10.34],[124.18,-10.18],[124.43,-10.15],[124.51,-10.09],[124.6,-9.99],[124.71,-9.91],[124.84,-9.76],[124.96,-9.67],[125,-9.57],[125.07,-9.51],[125.03,-9.38],[124.97,-9.29],[124.96,-9.21],[124.98,-9.19],[125.1,-9.19],[125.15,-9.12],[125.15,-9.04],[125.1,-9],[124.97,-9.06],[124.94,-9.05],[124.92,-9.03],[124.92,-8.94],[124.89,-8.97],[124.71,-9.06],[124.65,-9.12],[124.58,-9.16],[124.44,-9.19],[124.44,-9.24],[124.41,-9.31],[124.32,-9.41],[124.28,-9.43],[124.13,-9.41],[124.09,-9.42],[124.05,-9.38],[124.04,-9.34]]]]}},
{"type":"Feature","properties":{"r":146,"c":143,"name":"Sulawesi Selatan","code":"SE"},"geometry":{"type":"MultiPolygon","coordinates":[[[[120.63,-7.02],[120.64,-7.12],[120.77,-7.12],[120.78,-7.06],[120.63,-7.02]]],[[[120.48,-5.78],[120.45,-5.88],[120.44,-6.18],[120.46,-6.25],[120.47,-6.41],[120.49,-6.46],[120.53,-6.3],[120.55,-5.97],[120.48,-5.78]]],[[[121.07,-2.92],[121.16,-2.87],[121.28,-2.88],[121.48,-3.02],[121.6,-2.97],[121.77,-2.8],[121.79,-2.67],[121.74,-2.61],[121.64,-2.56],[121.45,-2.39],[121.35,-2.35],[120.8,-2.24],[120.55,-2.03],[120.45,-1.87],[120.29,-1.9],[120.16,-1.86],[120.05,-1.86],[119.87,-1.96],[119.83,-2.05],[119.75,-2.08],[119.65,-2.18],[119.62,-2.29],[119.71,-2.35],[119.74,-2.57],[119.79,-2.7],[119.66,-2.76],[119.56,-2.75],[119.54,-2.91],[119.64,-3.12],[119.41,-3.21],[119.45,-3.28],[119.47,-3.51],[119.49,-3.55],[119.49,-3.77],[119.62,-4.03],[119.61,-4.42],[119.59,-4.52],[119.54,-4.63],[119.52,-4.74],[119.52,-4.88],[119.43,-5.08],[119.36,-5.31],[119.38,-5.42],[119.46,-5.52],[119.56,-5.61],[119.72,-5.69],[119.76,-5.69],[119.95,-5.58],[120.08,-5.58],[120.31,-5.54],[120.43,-5.59],[120.39,-5.39],[120.28,-5.15],[120.28,-5.09],[120.31,-4.96],[120.4,-4.73],[120.42,-4.62],[120.38,-4.42],[120.36,-4.09],[120.38,-3.85],[120.44,-3.75],[120.44,-3.71],[120.39,-3.35],[120.36,-3.25],[120.25,-3.05],[120.26,-2.95],[120.34,-2.87],[120.54,-2.73],[120.65,-2.67],[120.77,-2.64],[120.99,-2.67],[121.05,-2.75],[121.07,-2.88],[121.07,-2.92]]]]}},
{"type":"Feature","properties":{"r":147,"c":143,"name":"Sulawesi Barat","code":"SR"},"geometry":{"type":"Polygon","coordinates":[[[119.47,-3.51],[119.45,-3.28],[119.41,-3.21],[119.64,-3.12],[119.54,-2.91],[119.56,-2.75],[119.66,-2.76],[119.79,-2.7],[119.74,-2.57],[119.71,-2.35],[119.62,-2.29],[119.65,-2.18],[119.75,-2.08],[119.83,-2.05],[119.87,-1.96],[119.82,-1.87],[119.85,-1.79],[119.82,-1.73],[119.72,-1.61],[119.69,-1.46],[119.64,-1.39],[119.49,-1.33],[119.53,-1.22],[119.6,-1.15],[119.57,-1.05],[119.57,-0.84],[119.51,-0.91],[119.36,-1.24],[119.31,-1.41],[119.31,-1.66],[119.35,-1.83],[119.32,-1.93],[119.17,-2.14],[119.14,-2.26],[119.14,-2.38],[119.09,-2.48],[118.96,-2.6],[118.85,-2.65],[118.78,-2.72],[118.78,-2.76],[118.86,-2.93],[118.82,-3.04],[118.81,-3.16],[118.83,-3.28],[118.87,-3.4],[118.92,-3.48],[118.99,-3.54],[119.36,-3.46],[119.42,-3.48],[119.47,-3.51]]]}},
{"type":"Feature","properties":{"r":148,"c":143,"name":"Kepulauan Riau","code":"KR"},"geometry":{"type":"MultiPolygon","coordinates":[[[[106.21,3.13],[106.28,3.09],[106.29,3.16],[106.27,3.22],[106.22,3.23],[106.2,3.2],[106.21,3.13]]],[[[105.73,3.04],[105.69,3.06],[105.72,2.86],[105.76,2.86],[105.81,2.9],[105.84,2.98],[105.76,3.01],[105.73,3.04]]],[[[108.79,2.89],[108.84,2.85],[108.89,2.91],[108.89,3],[108.79,2.89]]],[[[108.39,3.99],[108.26,4.15],[108.25,4.22],[108.2,4.2],[108,4.04],[108,3.98],[108.04,3.89],[108.09,3.85],[108.24,3.81],[108.24,3.78],[108.19,3.77],[108.1,3.7],[108.18,3.65],[108.32,3.69],[108.4,3.88],[108.39,3.99]]],[[[104.84,-0.14],[104.81,-0.19],[104.78,-0.18],[104.71,-0.1],[104.65,-0.08],[104.66,-0.06],[104.64,-0.02],[104.54,0.02],[104.5,-0.13],[104.45,-0.19],[104.57,-0.25],[104.7,-0.21],[104.91,-0.32],[104.93,-0.32],[104.95,-0.28],[105.01,-0.28],[104.95,-0.25],[104.84,-0.14]]],[[[104.36,-0.4],[104.34,-0.38],[104.3,-0.39],[104.26,-0.46],[104.33,-0.54],[104.36,-0.66],[104.41,-0.58],[104.49,-0.61],[104.51,-0.6],[104.54,-0.52],[104.59,-0.47],[104.57,-0.43],[104.47,-0.33],[104.36,-0.4]]],[[[104.17,0.9],[104.12,0.94],[104.1,0.92],[104.1,0.9],[104.18,0.8],[104.24,0.83],[104.23,0.88],[104.17,0.9]]],[[[104.54,0.22],[104.5,0.23],[104.6,0.1],[104.7,0.03],[104.66,0.1],[104.54,0.22]]],[[[103.75,0.89],[103.74,0.83],[103.83,0.77],[103.81,0.85],[103.75,0.89]]],[[[104.02,1.18],[104,1.14],[103.96,1.14],[103.95,1.09],[103.93,1.07],[103.96,1.01],[104.07,0.99],[104.13,1.09],[104.14,1.17],[104.09,1.14],[104.02,1.18]]],[[[103.38,1.13],[103.35,1.12],[103.32,1.07],[103.36,1.01],[103.43,0.99],[103.42,1.05],[103.38,1.13]]],[[[103.39,0.87],[103.34,0.78],[103.43,0.65],[103.5,0.72],[103.47,0.78],[103.39,0.87]]]]}},
{"type":"Feature","properties":{"r":149,"c":143,"name":"Gorontalo","code":"GO"},"geometry":{"type":"Polygon","coordinates":[[[122.2,1.03],[122.05,0.94],[121.84,0.97],[121.51,0.85],[121.38,0.86],[121.3,0.83],[121.24,0.72],[121.16,0.69],[121.26,0.59],[121.33,0.58],[121.33,0.48],[121.43,0.49],[121.52,0.5],[121.72,0.45],[121.84,0.44],[122.28,0.48],[123.08,0.49],[123.18,0.42],[123.27,0.33],[123.31,0.32],[123.46,0.31],[123.5,0.43],[123.48,0.56],[123.44,0.61],[123.33,0.66],[123.25,0.73],[123.21,0.84],[123.07,0.94],[123.01,0.94],[122.96,0.92],[122.89,0.85],[122.84,0.85],[122.79,0.86],[122.66,0.94],[122.44,1.02],[122.2,1.03]]]}},
{"type":"Feature","properties":{"r":150,"c":143,"name":"Jambi","code":"JA"},"geometry":{"type":"Polygon","coordinates":[[[103.52,-0.74],[103.1,-0.77],[102.92,-0.76],[102.8,-0.79],[102.68,-0.9],[102.54,-1.08],[102.45,-1.07],[102.36,-1.01],[102.26,-0.88],[102.19,-0.86],[102.01,-0.88],[101.94,-0.93],[101.88,-1],[101.77,-1.04],[101.78,-1.13],[101.84,-1.17],[101.79,-1.24],[101.68,-1.29],[101.68,-1.5],[101.52,-1.64],[101.48,-1.7],[101.23,-1.73],[101.11,-1.7],[101.14,-1.92],[101.26,-2.08],[101.34,-2.3],[101.44,-2.24],[101.52,-2.31],[101.56,-2.45],[101.74,-2.64],[101.9,-2.74],[101.96,-2.74],[102.07,-2.78],[102.23,-2.68],[102.26,-2.64],[102.4,-2.71],[102.49,-2.73],[102.6,-2.71],[102.62,-2.67],[102.79,-2.57],[102.86,-2.46],[102.86,-2.35],[103.12,-2.4],[103.2,-2.36],[103.17,-2.29],[103.22,-2.19],[103.27,-2.21],[103.3,-2.28],[103.42,-2.39],[103.46,-2.35],[103.46,-2.24],[103.52,-2.22],[103.54,-1.97],[103.89,-1.79],[103.96,-1.79],[104.13,-1.83],[104.32,-1.8],[104.38,-1.71],[104.43,-1.69],[104.52,-1.73],[104.52,-1.7],[104.48,-1.6],[104.43,-1.25],[104.36,-1.04],[104.2,-1.05],[103.94,-0.98],[103.72,-0.89],[103.58,-0.8],[103.53,-0.75],[103.52,-0.74]]]}},
{"type":"Feature","properties":{"r":151,"c":143,"name":"Kalimantan Tengah","code":"KT"},"geometry":{"type":"Polygon","coordinates":[[[114.32,-3.42],[114.5,-2.88],[114.63,-2.82],[114.68,-2.76],[114.79,-2.69],[114.82,-2.56],[114.91,-2.42],[114.88,-2.33],[114.9,-2.26],[115.13,-2.21],[115.33,-2.04],[115.31,-1.99],[115.36,-1.9],[115.34,-1.77],[115.4,-1.47],[115.43,-1.43],[115.68,-1.36],[115.68,-1.43],[115.72,-1.43],[115.8,-1.29],[115.81,-1.09],[115.74,-1.1],[115.63,-0.98],[115.52,-0.94],[115.46,-0.89],[115.38,-0.58],[115.33,-0.51],[115.27,-0.31],[115.28,-0.22],[115.35,0],[115.28,0.03],[115.19,0.01],[115.09,-0.12],[115,-0.18],[114.97,-0.1],[115.02,0.06],[114.95,0.28],[114.97,0.36],[115.08,0.53],[115.06,0.64],[114.98,0.74],[114.74,0.67],[114.66,0.62],[114.38,0.59],[114.18,0.65],[114.04,0.65],[113.97,0.6],[113.78,0.56],[113.65,0.41],[113.62,0.31],[113.53,0.26],[113.42,0.28],[113.32,0.25],[113.45,0.07],[113.48,-0.05],[113.43,-0.19],[113.33,-0.25],[113.25,-0.36],[113.3,-0.42],[113.26,-0.55],[113.16,-0.47],[113.08,-0.52],[113,-0.52],[112.76,-0.64],[112.58,-0.7],[112.5,-0.7],[112.38,-0.75],[112.12,-0.74],[112.06,-0.8],[111.97,-0.82],[111.65,-1.02],[111.59,-1.1],[111.58,-1.19],[111.42,-1.27],[111.33,-1.37],[111.24,-1.42],[111.13,-1.53],[111.01,-1.53],[110.92,-1.61],[111.02,-1.66],[111.03,-1.87],[110.99,-1.99],[111.01,-2.13],[111.14,-2.4],[111.14,-2.73],[111.07,-2.76],[110.9,-2.91],[110.85,-2.95],[110.83,-3],[110.87,-3.05],[110.93,-3.07],[111.04,-3.06],[111.26,-2.96],[111.37,-2.93],[111.49,-2.97],[111.63,-2.98],[111.69,-2.89],[111.76,-2.94],[111.81,-3.01],[111.84,-3.31],[111.82,-3.53],[111.86,-3.55],[111.91,-3.55],[111.95,-3.53],[112.13,-3.38],[112.28,-3.32],[112.6,-3.4],[112.76,-3.32],[112.97,-3.19],[113.03,-2.93],[113.34,-3.25],[113.37,-3.22],[113.41,-3.23],[113.53,-3.18],[113.61,-3.2],[113.64,-3.33],[113.63,-3.42],[113.71,-3.46],[113.8,-3.46],[113.96,-3.39],[114.08,-3.28],[114.11,-3.29],[114.13,-3.33],[114.24,-3.36],[114.34,-3.24],[114.3,-3.36],[114.3,-3.41],[114.32,-3.42]]]}},
{"type":"Feature","properties":{"r":152,"c":143,"name":"Papua Barat","code":"IB"},"geometry":{"type":"MultiPolygon","coordinates":[[[[130.62,-0.42],[130.53,-0.45],[130.47,-0.49],[130.57,-0.53],[130.63,-0.53],[130.68,-0.47],[130.66,-0.44],[130.62,-0.42]]],[[[131.28,-0.15],[131.03,-0.04],[130.99,-0.05],[130.81,0],[130.72,-0.03],[130.58,-0.05],[130.55,-0.07],[130.5,-0.06],[130.43,-0.1],[130.36,-0.07],[130.29,-0.1],[130.29,-0.15],[130.24,-0.21],[130.34,-0.26],[130.5,-0.27],[130.55,-0.37],[130.69,-0.3],[130.7,-0.39],[130.75,-0.44],[130.9,-0.42],[130.9,-0.34],[130.84,-0.3],[130.76,-0.29],[130.69,-0.18],[130.64,-0.14],[130.62,-0.09],[130.68,-0.08],[130.81,-0.23],[130.9,-0.27],[130.95,-0.34],[131.01,-0.36],[131.1,-0.33],[131.26,-0.37],[131.34,-0.29],[131.3,-0.24],[131.32,-0.2],[131.28,-0.15]]],[[[131.03,-0.92],[130.94,-0.92],[130.9,-0.89],[130.67,-0.96],[130.71,-1.1],[130.78,-1.26],[130.85,-1.32],[130.97,-1.34],[131,-1.32],[131.05,-1.19],[131.07,-0.97],[131.03,-0.92]]],[[[130.81,-0.77],[130.81,-0.81],[130.64,-0.81],[130.53,-0.84],[130.48,-0.83],[130.4,-0.92],[130.83,-0.86],[130.88,-0.83],[130.91,-0.78],[130.81,-0.77]]],[[[133.46,-4.2],[133.32,-4.11],[133.33,-4.17],[133.5,-4.26],[133.62,-4.3],[133.57,-4.25],[133.46,-4.2]]],[[[130.43,-1.8],[130.37,-1.75],[130.35,-1.69],[130.32,-1.69],[130.2,-1.73],[130.11,-1.73],[129.99,-1.76],[129.74,-1.87],[129.89,-1.99],[130.09,-2.03],[130.13,-2.06],[130.25,-2.05],[130.28,-2.01],[130.34,-1.98],[130.37,-1.99],[130.42,-1.97],[130.39,-1.94],[130.38,-1.9],[130.4,-1.89],[130.43,-1.8]]],[[[134.35,-2.04],[134.35,-2.14],[134.42,-2.05],[134.39,-2.03],[134.35,-2.04]]],[[[134.87,-4.26],[135.27,-3.76],[134.26,-3.4],[134.25,-3.31],[134.33,-3.19],[134.45,-3.08],[134.45,-3.02],[134.68,-2.84],[134.65,-2.71],[134.63,-2.54],[134.57,-2.51],[134.48,-2.58],[134.49,-2.71],[134.46,-2.83],[134.19,-2.31],[134.14,-2.08],[134.15,-1.97],[134.11,-1.72],[134.15,-1.62],[134.22,-1.53],[134.26,-1.36],[134.25,-1.31],[134.07,-1],[134.11,-0.85],[133.97,-0.74],[133.47,-0.73],[133.27,-0.64],[133.08,-0.51],[132.86,-0.42],[132.63,-0.36],[132.51,-0.35],[132.39,-0.36],[132.13,-0.45],[132.08,-0.49],[132.05,-0.54],[131.96,-0.58],[131.89,-0.66],[131.8,-0.7],[131.46,-0.78],[131.3,-0.83],[131.26,-0.86],[131.25,-1.01],[131.19,-1.17],[131.15,-1.22],[131.05,-1.28],[131,-1.38],[131,-1.42],[131.12,-1.46],[131.24,-1.43],[131.29,-1.39],[131.73,-1.54],[131.93,-1.56],[131.94,-1.71],[132.02,-1.99],[132.08,-2.03],[132.21,-2.18],[132.31,-2.24],[132.5,-2.22],[132.63,-2.25],[132.96,-2.27],[133.22,-2.21],[133.49,-2.23],[133.71,-2.19],[133.92,-2.1],[133.92,-2.15],[133.9,-2.18],[133.79,-2.29],[133.9,-2.3],[133.9,-2.39],[133.88,-2.42],[133.83,-2.42],[133.75,-2.45],[133.71,-2.54],[133.7,-2.62],[133.65,-2.6],[133.61,-2.55],[133.41,-2.51],[133.26,-2.45],[133.19,-2.44],[133.12,-2.45],[133.03,-2.49],[132.9,-2.66],[132.73,-2.79],[132.65,-2.77],[132.58,-2.73],[132.32,-2.68],[132.23,-2.68],[132.07,-2.76],[131.97,-2.79],[132.05,-2.91],[132.1,-2.93],[132.25,-2.94],[132.35,-2.98],[132.75,-3.29],[132.83,-3.41],[132.87,-3.55],[132.75,-3.7],[132.84,-3.95],[132.91,-4.06],[132.97,-4.09],[133.25,-4.06],[133.4,-3.9],[133.42,-3.84],[133.42,-3.73],[133.51,-3.62],[133.54,-3.52],[133.52,-3.41],[133.6,-3.42],[133.65,-3.36],[133.67,-3.13],[133.77,-3.04],[133.84,-3.05],[133.7,-3.25],[133.68,-3.31],[133.68,-3.48],[133.72,-3.58],[133.86,-3.68],[133.97,-3.82],[134.15,-3.8],[134.18,-3.83],[134.2,-3.89],[134.27,-3.95],[134.39,-3.91],[134.55,-3.98],[134.6,-3.98],[134.76,-3.92],[134.89,-3.94],[134.71,-3.95],[134.68,-4.08],[134.75,-4.2],[134.87,-4.26]]]]}},
{"type":"Feature","properties":{"r":153,"c":143,"name":"Sumatera Utara","code":"SU"},"geometry":{"type":"MultiPolygon","coordinates":[[[[97.79,1.15],[97.7,1.18],[97.48,1.47],[97.36,1.54],[97.34,1.53],[97.32,1.48],[97.24,1.42],[97.08,1.43],[97.3,1.19],[97.41,0.95],[97.46,0.94],[97.6,0.83],[97.68,0.64],[97.68,0.6],[97.82,0.56],[97.88,0.63],[97.9,0.88],[97.93,0.97],[97.79,1.15]]],[[[98.42,-0.02],[98.37,0.01],[98.32,0],[98.43,-0.23],[98.41,-0.31],[98.35,-0.38],[98.34,-0.47],[98.31,-0.53],[98.4,-0.58],[98.46,-0.53],[98.52,-0.38],[98.54,-0.26],[98.48,-0.17],[98.42,-0.02]]],[[[99.2,0.31],[99.34,0.47],[99.58,0.56],[99.69,0.5],[99.81,0.47],[99.91,0.5],[99.91,0.57],[99.79,0.78],[99.71,0.85],[99.83,0.87],[100.17,0.76],[100.21,0.87],[100.21,1.05],[100.23,1.15],[100.15,1.22],[100.13,1.3],[100.07,1.36],[100.1,1.42],[100.35,1.52],[100.44,1.6],[100.44,1.67],[100.38,1.81],[100.3,1.88],[100.32,2.05],[100.28,2.35],[100.3,2.47],[100.13,2.65],[100.02,2.79],[99.91,2.99],[99.73,3.18],[99.52,3.31],[99.15,3.58],[98.78,3.76],[98.71,3.83],[98.66,3.93],[98.31,4.09],[98.24,4.19],[98.26,4.29],[98.19,4.29],[98.06,4.24],[98,3.98],[97.89,3.92],[97.89,3.85],[97.78,3.74],[97.84,3.58],[97.91,3.48],[97.91,3.43],[97.99,3.33],[97.86,3.26],[97.94,3.14],[97.9,3.08],[97.92,2.91],[98.06,2.81],[98.07,2.68],[98.03,2.58],[98.06,2.44],[98.13,2.33],[98.09,2.2],[98.56,1.9],[98.7,1.7],[98.8,1.49],[99.06,0.69],[99.11,0.46],[99.16,0.35],[99.2,0.31]]]]}},
{"type":"Feature","properties":{"r":154,"c":143,"name":"Riau","code":"RI"},"geometry":{"type":"MultiPolygon","coordinates":[[[[103.07,1.01],[103,1.07],[102.79,1.17],[102.73,1.16],[102.7,1.05],[102.89,1],[103.03,0.88],[103.14,0.84],[103.17,0.87],[103.07,1.01]]],[[[103.24,0.7],[103.19,0.7],[103.15,0.64],[103.14,0.55],[103.28,0.54],[103.3,0.61],[103.24,0.7]]],[[[102.49,1.46],[102.47,1.51],[102.04,1.63],[102.02,1.61],[102.02,1.56],[102.08,1.5],[102.37,1.42],[102.43,1.36],[102.5,1.33],[102.49,1.46]]],[[[102.78,0.96],[102.63,1.05],[102.55,1.13],[102.51,1.09],[102.45,0.89],[102.54,0.83],[102.71,0.78],[102.78,0.78],[102.97,0.74],[103.01,0.71],[103.03,0.75],[103,0.86],[102.78,0.96]]],[[[101.64,2.13],[101.54,2.06],[101.45,2.07],[101.41,2.02],[101.4,1.9],[101.47,1.76],[101.5,1.73],[101.6,1.72],[101.72,1.79],[101.73,1.88],[101.77,1.94],[101.76,2],[101.71,2.08],[101.64,2.13]]],[[[102.28,1.4],[102.26,1.4],[102.23,1.35],[102.23,1.26],[102.28,1.08],[102.38,0.96],[102.43,0.99],[102.45,1.16],[102.44,1.23],[102.36,1.35],[102.28,1.4]]],[[[103.61,-0.23],[103.55,-0.23],[103.48,-0.3],[103.46,-0.36],[103.61,-0.38],[103.74,-0.35],[103.76,-0.32],[103.72,-0.28],[103.61,-0.23]]],[[[103.52,-0.74],[103.44,-0.58],[103.43,-0.53],[103.51,-0.47],[103.5,-0.42],[103.41,-0.36],[103.44,-0.27],[103.41,-0.24],[103.43,-0.19],[103.59,-0.07],[103.71,-0.02],[103.79,0.05],[103.67,0.29],[103.58,0.39],[103.48,0.48],[103.41,0.51],[103.34,0.51],[103.28,0.49],[102.9,0.28],[102.78,0.24],[102.55,0.22],[102.79,0.3],[103.01,0.42],[103.07,0.49],[103.03,0.58],[102.95,0.66],[102.85,0.72],[102.57,0.75],[102.47,0.78],[102.39,0.84],[102.22,1.02],[102.16,1.26],[102.1,1.36],[102.02,1.44],[101.78,1.62],[101.68,1.66],[101.48,1.69],[101.41,1.76],[101.3,2.01],[101.23,2.1],[101.05,2.26],[100.94,2.29],[100.88,2.28],[100.83,2.24],[100.82,2.14],[100.88,2.05],[100.89,1.95],[100.82,1.99],[100.69,2.12],[100.6,2.14],[100.52,2.19],[100.4,2.33],[100.31,2.47],[100.3,2.47],[100.28,2.35],[100.32,2.05],[100.3,1.88],[100.38,1.81],[100.44,1.67],[100.44,1.6],[100.35,1.52],[100.1,1.42],[100.07,1.36],[100.13,1.3],[100.15,1.22],[100.23,1.15],[100.21,1.05],[100.21,0.87],[100.17,0.76],[100.21,0.71],[100.16,0.65],[100.27,0.45],[100.37,0.41],[100.51,0.44],[100.85,0.19],[100.85,-0.03],[100.75,-0.06],[100.79,-0.21],[100.86,-0.32],[101,-0.4],[101.04,-0.47],[101.33,-0.79],[101.53,-0.93],[101.67,-0.97],[101.77,-1.04],[101.88,-1],[101.94,-0.93],[102.01,-0.88],[102.19,-0.86],[102.26,-0.88],[102.36,-1.01],[102.45,-1.07],[102.54,-1.08],[102.68,-0.9],[102.8,-0.79],[102.92,-0.76],[103.1,-0.77],[103.52,-0.74]]]]}},
{"type":"Feature","properties":{"r":155,"c":143,"name":"Sulawesi Utara","code":"SW"},"geometry":{"type":"MultiPolygon","coordinates":[[[[125.59,3.57],[125.54,3.67],[125.47,3.73],[125.47,3.64],[125.52,3.55],[125.51,3.46],[125.63,3.41],[125.66,3.44],[125.59,3.57]]],[[[125.39,2.81],[125.36,2.75],[125.4,2.63],[125.4,2.71],[125.45,2.76],[125.39,2.81]]],[[[126.64,4.04],[126.66,3.93],[126.72,3.83],[126.74,3.92],[126.69,4],[126.64,4.04]]],[[[126.8,3.78],[126.84,3.76],[126.86,3.81],[126.8,3.86],[126.78,3.84],[126.78,3.81],[126.8,3.78]]],[[[126.87,4.48],[126.81,4.54],[126.76,4.55],[126.72,4.42],[126.72,4.34],[126.77,4.28],[126.81,4.26],[126.77,4.16],[126.7,4.07],[126.71,4.02],[126.78,4.01],[126.82,4.03],[126.85,4.18],[126.92,4.29],[126.87,4.48]]],[[[123.07,0.94],[123.21,0.84],[123.25,0.73],[123.33,0.66],[123.44,0.61],[123.48,0.56],[123.5,0.43],[123.46,0.31],[123.53,0.3],[123.75,0.31],[124.22,0.38],[124.43,0.47],[124.59,0.66],[124.7,0.83],[124.97,1.08],[125.12,1.38],[125.23,1.5],[125.16,1.64],[125.11,1.69],[124.99,1.7],[124.86,1.58],[124.79,1.47],[124.75,1.44],[124.64,1.42],[124.6,1.39],[124.58,1.3],[124.53,1.23],[124.41,1.19],[124.27,1.02],[123.93,0.85],[123.85,0.84],[123.28,0.93],[123.07,0.94]]]]}},
{"type":"Feature","properties":{"r":156,"c":143,"name":"Maluku Utara","code":"LA"},"geometry":{"type":"MultiPolygon","coordinates":[[[[127.8,-0.69],[127.66,-0.69],[127.6,-0.61],[127.68,-0.47],[127.57,-0.32],[127.53,-0.31],[127.49,-0.34],[127.46,-0.41],[127.37,-0.33],[127.33,-0.34],[127.3,-0.5],[127.38,-0.6],[127.47,-0.64],[127.44,-0.74],[127.46,-0.81],[127.62,-0.77],[127.67,-0.83],[127.76,-0.88],[127.84,-0.85],[127.88,-0.81],[127.84,-0.72],[127.8,-0.69]]],[[[127.91,-1.44],[127.65,-1.33],[127.59,-1.35],[127.46,-1.45],[127.39,-1.64],[127.46,-1.7],[127.56,-1.73],[127.74,-1.69],[127.91,-1.69],[128.06,-1.71],[128.15,-1.66],[128.15,-1.6],[127.91,-1.44]]],[[[127.28,-0.39],[127.25,-0.32],[127.29,-0.28],[127.19,-0.26],[127.13,-0.28],[127.1,-0.41],[127.12,-0.52],[127.19,-0.52],[127.25,-0.5],[127.28,-0.39]]],[[[127.26,-0.62],[127.21,-0.62],[127.16,-0.76],[127.18,-0.78],[127.29,-0.8],[127.3,-0.76],[127.26,-0.62]]],[[[127.43,0.14],[127.4,0.02],[127.45,-0.04],[127.45,0.07],[127.43,0.14]]],[[[127.42,0.64],[127.45,0.68],[127.44,0.73],[127.38,0.74],[127.36,0.68],[127.37,0.63],[127.42,0.64]]],[[[129.31,0.05],[129.37,-0.07],[129.47,-0.13],[129.51,-0.19],[129.55,-0.19],[129.54,-0.14],[129.31,0.05]]],[[[128.6,2.6],[128.47,2.57],[128.33,2.47],[128.22,2.3],[128.26,2.08],[128.3,2.03],[128.45,2.05],[128.55,2.1],[128.62,2.22],[128.69,2.47],[128.6,2.6]]],[[[125.19,-1.71],[125.15,-1.69],[125.1,-1.74],[125.06,-1.74],[124.66,-1.64],[124.48,-1.64],[124.38,-1.69],[124.33,-1.86],[124.42,-2.01],[124.52,-2.01],[124.64,-1.98],[124.83,-1.89],[125.01,-1.94],[125.13,-1.89],[125.31,-1.88],[125.31,-1.79],[125.26,-1.77],[125.2,-1.78],[125.19,-1.71]]],[[[125.98,-2.17],[125.99,-2.01],[125.96,-1.98],[125.92,-1.97],[125.87,-2.04],[125.86,-2.08],[125.9,-2.22],[125.94,-2.26],[125.98,-2.42],[126.04,-2.47],[126.06,-2.45],[126.07,-2.37],[125.98,-2.17]]],[[[126.02,-1.79],[125.72,-1.81],[125.52,-1.8],[125.44,-1.81],[125.39,-1.84],[125.43,-1.88],[125.43,-1.94],[125.48,-1.94],[125.84,-1.91],[125.96,-1.92],[126.29,-1.86],[126.33,-1.82],[126.02,-1.79]]],[[[127.37,0.79],[127.35,0.85],[127.32,0.86],[127.29,0.84],[127.31,0.77],[127.34,0.76],[127.37,0.79]]],[[[127.69,-0.08],[127.67,-0.16],[127.69,-0.24],[127.74,-0.3],[127.89,-0.42],[128.01,-0.66],[128.05,-0.71],[128.23,-0.79],[128.28,-0.87],[128.43,-0.89],[128.33,-0.82],[128.25,-0.73],[128.09,-0.49],[127.98,-0.25],[127.89,0.05],[127.91,0.21],[127.89,0.3],[127.92,0.44],[127.98,0.47],[128.11,0.46],[128.22,0.41],[128.45,0.39],[128.54,0.34],[128.9,0.22],[128.82,0.31],[128.74,0.32],[128.69,0.36],[128.66,0.51],[128.61,0.55],[128.4,0.64],[128.26,0.73],[128.26,0.8],[128.3,0.88],[128.67,1.07],[128.7,1.11],[128.72,1.37],[128.69,1.46],[128.71,1.53],[128.69,1.57],[128.54,1.56],[128.42,1.52],[128.22,1.4],[128.16,1.32],[128.16,1.16],[128.12,1.13],[128.06,1.12],[127.97,1.04],[127.92,0.88],[127.88,0.83],[127.73,0.85],[127.63,0.94],[127.63,0.98],[127.65,1.01],[127.89,1.16],[128.01,1.33],[128.03,1.46],[128.01,1.7],[127.95,1.79],[127.89,1.83],[127.89,1.91],[128.03,2.12],[128.04,2.2],[127.9,2.14],[127.73,1.97],[127.63,1.84],[127.53,1.57],[127.54,1.47],[127.42,1.25],[127.43,1.14],[127.52,0.92],[127.61,0.85],[127.54,0.68],[127.54,0.61],[127.56,0.49],[127.62,0.38],[127.71,0.29],[127.68,0.03],[127.69,-0.08]]]]}},
{"type":"Feature","properties":{"r":157,"c":143,"name":"Sumatera Barat","code":"SB"},"geometry":{"type":"MultiPolygon","coordinates":[[[[100.46,-3.12],[100.47,-3.04],[100.45,-3],[100.25,-2.78],[100.2,-2.79],[100.18,-2.82],[100.2,-2.99],[100.26,-3.06],[100.33,-3.11],[100.35,-3.16],[100.35,-3.23],[100.47,-3.33],[100.43,-3.18],[100.43,-3.14],[100.46,-3.12]]],[[[99.13,-1.44],[99.13,-1.38],[99.1,-1.34],[99.07,-1.24],[98.95,-1.06],[98.93,-0.95],[98.87,-0.92],[98.68,-0.97],[98.6,-1.2],[98.82,-1.54],[98.83,-1.61],[98.87,-1.66],[99.07,-1.78],[99.16,-1.78],[99.27,-1.74],[99.27,-1.63],[99.13,-1.44]]],[[[100.01,-2.51],[99.97,-2.59],[100,-2.65],[99.99,-2.77],[100.01,-2.82],[100.13,-2.82],[100.2,-2.74],[100.2,-2.68],[100.01,-2.51]]],[[[99.73,-2.18],[99.69,-2.06],[99.62,-2.02],[99.57,-2.03],[99.56,-2.12],[99.54,-2.16],[99.61,-2.26],[99.69,-2.28],[99.85,-2.37],[99.82,-2.28],[99.73,-2.18]]],[[[101.04,-2.47],[101.17,-2.37],[101.34,-2.3],[101.26,-2.08],[101.14,-1.92],[101.11,-1.7],[101.23,-1.73],[101.48,-1.7],[101.52,-1.64],[101.68,-1.5],[101.68,-1.29],[101.79,-1.24],[101.84,-1.17],[101.78,-1.13],[101.77,-1.04],[101.67,-0.97],[101.53,-0.93],[101.33,-0.79],[101.04,-0.47],[101,-0.4],[100.86,-0.32],[100.79,-0.21],[100.75,-0.06],[100.85,-0.03],[100.85,0.19],[100.51,0.44],[100.37,0.41],[100.27,0.45],[100.16,0.65],[100.21,0.71],[100.17,0.76],[99.83,0.87],[99.71,0.85],[99.79,0.78],[99.91,0.57],[99.91,0.5],[99.81,0.47],[99.69,0.5],[99.58,0.56],[99.34,0.47],[99.2,0.31],[99.24,0.27],[99.33,0.21],[99.6,0.1],[99.67,0.05],[99.86,-0.31],[99.93,-0.4],[100.02,-0.47],[100.09,-0.55],[100.31,-0.83],[100.39,-1.1],[100.49,-1.3],[100.86,-1.93],[100.85,-2.14],[100.94,-2.35],[101.04,-2.47]]]]}},
{"type":"Feature","properties":{"r":158,"c":143,"name":"Yogyakarta","code":"YO"},"geometry":{"type":"Polygon","coordinates":[[[110.84,-8.2],[110.8,-8.12],[110.79,-7.87],[110.75,-7.83],[110.58,-7.82],[110.51,-7.78],[110.44,-7.57],[110.3,-7.67],[110.14,-7.68],[110.12,-7.76],[110.04,-7.89],[110.61,-8.15],[110.83,-8.2],[110.84,-8.2]]]}},
{"type":"Feature","properties":{"r":159,"c":143,"name":"Maluku","code":"MA"},"geometry":{"type":"MultiPolygon","coordinates":[[[[127.83,-3],[127.85,-3.02],[127.94,-3.02],[127.99,-2.94],[127.83,-3]]],[[[127.55,-3.25],[127.49,-3.29],[127.53,-3.33],[127.63,-3.36],[127.55,-3.25]]],[[[134.8,-6.39],[134.8,-6.44],[134.89,-6.32],[134.85,-6.32],[134.8,-6.39]]],[[[134.63,-6.71],[134.66,-6.77],[134.73,-6.67],[134.74,-6.62],[134.66,-6.66],[134.63,-6.71]]],[[[126.73,-7.66],[126.61,-7.57],[126.46,-7.61],[126.36,-7.68],[126.21,-7.71],[126.09,-7.7],[125.98,-7.66],[125.84,-7.82],[125.81,-7.88],[125.8,-7.98],[125.83,-7.98],[125.95,-7.91],[126.11,-7.88],[126.17,-7.91],[126.47,-7.95],[126.52,-7.87],[126.58,-7.81],[126.69,-7.75],[126.81,-7.74],[126.8,-7.67],[126.73,-7.66]]],[[[128,-8.14],[127.82,-8.1],[127.79,-8.12],[127.82,-8.19],[128.02,-8.26],[128.12,-8.17],[128.1,-8.13],[128,-8.14]]],[[[127.37,-7.51],[127.38,-7.57],[127.36,-7.65],[127.46,-7.6],[127.48,-7.53],[127.37,-7.51]]],[[[129.66,-7.79],[129.61,-7.8],[129.59,-7.92],[129.71,-8.04],[129.78,-8.05],[129.84,-7.95],[129.84,-7.89],[129.81,-7.82],[129.66,-7.79]]],[[[128.63,-7.07],[128.58,-7.08],[128.53,-7.13],[128.55,-7.16],[128.63,-7.21],[128.67,-7.18],[128.67,-7.11],[128.63,-7.07]]],[[[131.02,-8.09],[130.83,-8.27],[130.78,-8.35],[130.86,-8.32],[130.91,-8.25],[131.04,-8.21],[131.18,-8.13],[131.09,-8.12],[131.02,-8.09]]],[[[131.7,-7.14],[131.64,-7.11],[131.56,-7.14],[131.53,-7.17],[131.54,-7.22],[131.48,-7.25],[131.45,-7.32],[131.41,-7.34],[131.35,-7.43],[131.3,-7.44],[131.26,-7.47],[131.19,-7.67],[131.14,-7.68],[131.14,-7.78],[131.09,-7.87],[131.12,-7.92],[131.11,-8],[131.33,-8],[131.38,-7.87],[131.5,-7.73],[131.58,-7.68],[131.62,-7.63],[131.69,-7.44],[131.64,-7.27],[131.74,-7.2],[131.7,-7.14]]],[[[134.68,-6.46],[134.63,-6.48],[134.66,-6.56],[134.72,-6.55],[134.73,-6.51],[134.68,-6.46]]],[[[128.67,-3.52],[128.59,-3.49],[128.62,-3.59],[128.71,-3.6],[128.72,-3.55],[128.69,-3.52],[128.67,-3.52]]],[[[128.45,-3.51],[128.39,-3.64],[128.56,-3.59],[128.54,-3.54],[128.45,-3.51]]],[[[133.01,-5.62],[132.94,-5.68],[132.92,-5.79],[132.85,-5.99],[132.93,-5.9],[132.97,-5.74],[133.12,-5.58],[133.17,-5.35],[133.14,-5.32],[133.11,-5.31],[133.01,-5.62]]],[[[132.74,-5.66],[132.7,-5.61],[132.63,-5.61],[132.68,-5.74],[132.68,-5.91],[132.75,-5.95],[132.81,-5.85],[132.8,-5.79],[132.74,-5.66]]],[[[134.74,-6.2],[134.76,-6.17],[134.76,-6.1],[134.71,-5.95],[134.75,-5.88],[134.75,-5.71],[134.7,-5.6],[134.65,-5.58],[134.65,-5.49],[134.62,-5.44],[134.57,-5.43],[134.51,-5.44],[134.49,-5.53],[134.34,-5.71],[134.25,-5.68],[134.21,-5.71],[134.34,-5.83],[134.3,-6.01],[134.15,-6.02],[134.15,-6.06],[134.28,-6.2],[134.44,-6.33],[134.64,-6.37],[134.71,-6.3],[134.74,-6.2]]],[[[134.52,-6.51],[134.54,-6.44],[134.42,-6.39],[134.32,-6.32],[134.17,-6.18],[134.11,-6.19],[134.12,-6.43],[134.19,-6.46],[134.18,-6.48],[134.11,-6.47],[134.06,-6.77],[134.09,-6.83],[134.2,-6.91],[134.32,-6.85],[134.36,-6.81],[134.41,-6.68],[134.5,-6.59],[134.52,-6.51]]],[[[131.92,-7.1],[131.75,-7.12],[131.82,-7.16],[131.88,-7.17],[131.97,-7.25],[131.98,-7.2],[131.92,-7.1]]],[[[127.16,-3.34],[127.09,-3.28],[127.03,-3.17],[126.81,-3.07],[126.56,-3.07],[126.31,-3.1],[126.22,-3.15],[126.09,-3.11],[126.05,-3.13],[126.03,-3.17],[126.03,-3.36],[126.06,-3.42],[126.21,-3.61],[126.41,-3.71],[126.69,-3.82],[126.94,-3.76],[127.09,-3.67],[127.23,-3.63],[127.23,-3.39],[127.16,-3.34]]],[[[130.77,-3.42],[130.67,-3.39],[130.63,-3.23],[130.57,-3.13],[130.38,-2.99],[129.98,-2.98],[129.54,-2.79],[129.43,-2.79],[129.28,-2.89],[129.12,-2.94],[129.07,-2.9],[129.06,-2.84],[128.99,-2.83],[128.79,-2.86],[128.57,-2.84],[128.2,-2.87],[128.11,-2.93],[127.88,-3.22],[127.93,-3.34],[127.93,-3.4],[127.9,-3.5],[127.92,-3.51],[128.03,-3.34],[128.08,-3.18],[128.13,-3.16],[128.18,-3.17],[128.28,-3.24],[128.42,-3.42],[128.52,-3.45],[128.64,-3.43],[128.68,-3.4],[128.75,-3.3],[128.86,-3.23],[128.96,-3.24],[128.95,-3.3],[128.97,-3.33],[129.11,-3.35],[129.21,-3.39],[129.47,-3.45],[129.52,-3.43],[129.51,-3.33],[129.63,-3.32],[129.84,-3.33],[129.95,-3.39],[129.98,-3.44],[130.02,-3.47],[130.27,-3.58],[130.81,-3.86],[130.86,-3.57],[130.85,-3.53],[130.77,-3.42]]]]}},
{"type":"Feature","properties":{"r":160,"c":143,"name":"Nusa Tenggara Barat","code":"NB"},"geometry":{"type":"MultiPolygon","coordinates":[[[[117.55,-8.15],[117.49,-8.18],[117.48,-8.24],[117.51,-8.31],[117.49,-8.35],[117.53,-8.37],[117.56,-8.37],[117.67,-8.19],[117.67,-8.15],[117.55,-8.15]]],[[[119.04,-8.16],[119.02,-8.2],[119.03,-8.24],[119.07,-8.24],[119.13,-8.2],[119.1,-8.14],[119.04,-8.16]]],[[[116.4,-8.2],[116.3,-8.24],[116.06,-8.44],[116.08,-8.74],[116.03,-8.77],[115.91,-8.76],[115.87,-8.74],[115.87,-8.83],[116.38,-8.93],[116.59,-8.89],[116.56,-8.85],[116.51,-8.82],[116.64,-8.61],[116.73,-8.39],[116.72,-8.34],[116.69,-8.3],[116.65,-8.28],[116.4,-8.2]]],[[[119.04,-8.46],[118.99,-8.34],[118.93,-8.3],[118.85,-8.29],[118.75,-8.33],[118.71,-8.41],[118.69,-8.39],[118.67,-8.32],[118.61,-8.28],[118.55,-8.27],[118.43,-8.29],[118.34,-8.35],[118.29,-8.36],[118.2,-8.27],[118.15,-8.15],[118.12,-8.12],[117.92,-8.09],[117.87,-8.1],[117.76,-8.15],[117.74,-8.2],[117.77,-8.28],[117.81,-8.34],[117.98,-8.46],[118.06,-8.46],[118.17,-8.53],[118.23,-8.59],[118.21,-8.65],[118.1,-8.65],[117.97,-8.73],[117.89,-8.7],[117.81,-8.71],[117.71,-8.58],[117.64,-8.54],[117.62,-8.46],[117.57,-8.43],[117.36,-8.43],[117.22,-8.37],[117.16,-8.37],[116.95,-8.5],[116.84,-8.53],[116.78,-8.66],[116.81,-8.81],[116.77,-8.89],[116.77,-8.96],[116.79,-9.01],[116.87,-9.05],[117.06,-9.1],[117.16,-9.07],[117.21,-9.03],[117.39,-9.03],[117.51,-9.01],[117.73,-8.92],[117.86,-8.93],[118.07,-8.85],[118.13,-8.86],[118.23,-8.81],[118.38,-8.67],[118.4,-8.7],[118.4,-8.81],[118.43,-8.86],[118.48,-8.86],[118.67,-8.81],[118.73,-8.81],[118.81,-8.84],[118.84,-8.81],[118.76,-8.77],[118.75,-8.74],[118.82,-8.71],[118.9,-8.7],[119.01,-8.75],[119.08,-8.73],[119.13,-8.67],[119.04,-8.56],[119.04,-8.46]]]]}},
{"type":"Feature","properties":{"r":161,"c":143,"name":"Sulawesi Tenggara","code":"SG"},"geometry":{"type":"MultiPolygon","coordinates":[[[[124.02,-5.9],[123.98,-5.88],[123.97,-5.94],[124.01,-5.97],[124.04,-6.02],[124.05,-5.97],[124.02,-5.9]]],[[[123.55,-5.33],[123.58,-5.37],[123.62,-5.37],[123.63,-5.27],[123.56,-5.25],[123.54,-5.27],[123.55,-5.33]]],[[[123.05,-5.16],[123.02,-5.16],[122.98,-5.19],[122.97,-5.14],[123.02,-4.83],[123.06,-4.75],[123.12,-4.72],[123.2,-4.82],[123.18,-4.55],[123.07,-4.43],[123.07,-4.39],[123.04,-4.39],[122.95,-4.44],[122.85,-4.62],[122.85,-4.83],[122.8,-5],[122.77,-5.21],[122.64,-5.38],[122.64,-5.43],[122.59,-5.49],[122.58,-5.54],[122.65,-5.66],[122.68,-5.67],[122.73,-5.63],[122.81,-5.67],[122.85,-5.64],[122.92,-5.52],[122.91,-5.48],[122.93,-5.44],[122.99,-5.39],[123.04,-5.42],[123.12,-5.39],[123.19,-5.33],[123.2,-5.27],[123.15,-5.22],[123.05,-5.16]]],[[[122.74,-4.67],[122.7,-4.62],[122.66,-4.63],[122.52,-4.71],[122.37,-4.77],[122.33,-4.85],[122.39,-5],[122.4,-5.07],[122.33,-5.14],[122.28,-5.32],[122.31,-5.38],[122.37,-5.38],[122.39,-5.34],[122.47,-5.38],[122.56,-5.39],[122.62,-5.34],[122.65,-5.27],[122.61,-5.14],[122.76,-4.93],[122.74,-4.67]]],[[[122.04,-5.16],[122,-5.14],[121.97,-5.08],[121.91,-5.07],[121.87,-5.1],[121.87,-5.14],[121.82,-5.2],[121.81,-5.26],[121.86,-5.35],[121.98,-5.46],[122.04,-5.44],[122.06,-5.22],[122.04,-5.16]]],[[[122.97,-4.03],[122.99,-4.15],[123.08,-4.23],[123.14,-4.23],[123.24,-4.11],[123.25,-4.04],[123.21,-4],[123.02,-3.98],[122.97,-4.03]]],[[[122.35,-3.25],[122.21,-3.11],[122.06,-3.09],[121.78,-2.99],[121.6,-2.97],[121.48,-3.02],[121.28,-2.88],[121.16,-2.87],[121.07,-2.92],[121.07,-3.01],[121.04,-3.21],[120.91,-3.4],[120.89,-3.52],[120.91,-3.56],[121.31,-3.92],[121.42,-3.98],[121.54,-4.01],[121.62,-4.09],[121.61,-4.16],[121.54,-4.28],[121.49,-4.58],[121.51,-4.68],[121.59,-4.76],[121.65,-4.79],[121.92,-4.85],[122.04,-4.83],[122.07,-4.79],[122.05,-4.62],[122.11,-4.54],[122.47,-4.42],[122.72,-4.41],[122.72,-4.34],[122.82,-4.39],[122.87,-4.39],[122.9,-4.35],[122.88,-4.11],[122.85,-4.06],[122.8,-4.05],[122.75,-4.1],[122.69,-4.08],[122.61,-3.98],[122.61,-3.92],[122.58,-3.88],[122.53,-3.85],[122.43,-3.74],[122.33,-3.69],[122.25,-3.62],[122.26,-3.53],[122.31,-3.38],[122.32,-3.28],[122.35,-3.25]]]]}},
{"type":"Feature","properties":{"r":162,"c":143,"name":"Sulawesi Tengah","code":"ST"},"geometry":{"type":"MultiPolygon","coordinates":[[[[123.55,-1.51],[123.53,-1.5],[123.49,-1.53],[123.48,-1.68],[123.53,-1.71],[123.6,-1.7],[123.62,-1.63],[123.58,-1.59],[123.55,-1.51]]],[[[121.8,-0.42],[121.75,-0.41],[121.67,-0.48],[121.66,-0.53],[121.72,-0.49],[121.88,-0.5],[121.91,-0.45],[121.86,-0.41],[121.8,-0.42]]],[[[123.43,-1.24],[123.34,-1.25],[123.24,-1.39],[123.2,-1.29],[123.23,-1.23],[123.21,-1.17],[123.16,-1.16],[122.97,-1.19],[122.91,-1.18],[122.83,-1.28],[122.81,-1.43],[122.86,-1.55],[122.89,-1.59],[122.98,-1.51],[123.15,-1.3],[123.18,-1.49],[123.12,-1.56],[123.17,-1.62],[123.24,-1.58],[123.27,-1.44],[123.33,-1.44],[123.37,-1.51],[123.45,-1.5],[123.51,-1.45],[123.55,-1.34],[123.53,-1.29],[123.43,-1.24]]],[[[123.07,-1.85],[123.08,-1.9],[123.15,-1.82],[123.14,-1.77],[123.09,-1.81],[123.07,-1.85]]],[[[123.78,-1.88],[123.8,-1.99],[123.87,-2],[123.78,-1.88]]],[[[119.57,-0.84],[119.57,-1.05],[119.6,-1.15],[119.53,-1.22],[119.49,-1.33],[119.64,-1.39],[119.69,-1.46],[119.72,-1.61],[119.82,-1.73],[119.85,-1.79],[119.82,-1.87],[119.87,-1.96],[120.05,-1.86],[120.16,-1.86],[120.29,-1.9],[120.45,-1.87],[120.55,-2.03],[120.8,-2.24],[121.35,-2.35],[121.45,-2.39],[121.64,-2.56],[121.74,-2.61],[121.79,-2.67],[121.77,-2.8],[121.6,-2.97],[121.78,-2.99],[122.06,-3.09],[122.21,-3.11],[122.35,-3.25],[122.4,-3.2],[122.38,-3.14],[122.31,-3.05],[122.29,-3],[122.29,-2.91],[122.08,-2.75],[122.01,-2.66],[121.97,-2.54],[121.85,-2.33],[121.77,-2.24],[121.58,-2.15],[121.5,-2.05],[121.41,-1.97],[121.35,-1.95],[121.36,-1.88],[121.39,-1.83],[121.57,-1.91],[121.65,-1.9],[121.72,-1.86],[121.78,-1.77],[121.86,-1.69],[122.25,-1.56],[122.51,-1.35],[122.66,-1.18],[122.72,-1.06],[122.85,-0.93],[122.9,-0.9],[123.05,-0.87],[123.15,-0.91],[123.23,-1],[123.3,-1.03],[123.38,-1],[123.4,-0.96],[123.43,-0.78],[123.42,-0.71],[123.38,-0.65],[123.28,-0.59],[123.17,-0.57],[122.83,-0.66],[122.84,-0.69],[122.89,-0.72],[122.89,-0.76],[122.66,-0.77],[122.28,-0.76],[122.17,-0.79],[122.14,-0.84],[121.97,-0.93],[121.85,-0.95],[121.74,-0.93],[121.63,-0.84],[121.58,-0.83],[121.52,-0.86],[121.43,-0.94],[121.21,-1.21],[121.15,-1.34],[121.03,-1.41],[120.8,-1.36],[120.67,-1.37],[120.52,-1.04],[120.43,-0.96],[120.27,-0.9],[120.1,-0.65],[120.06,-0.56],[120.03,-0.43],[120.01,-0.2],[120.13,0.17],[120.19,0.27],[120.35,0.45],[120.46,0.51],[120.58,0.53],[120.91,0.45],[121.01,0.44],[121.33,0.48],[121.33,0.58],[121.26,0.59],[121.16,0.69],[121.24,0.72],[121.3,0.83],[121.38,0.86],[121.51,0.85],[121.84,0.97],[122.05,0.94],[122.2,1.03],[122.11,1.03],[121.87,1.09],[121.59,1.07],[121.55,1.08],[121.51,1.1],[121.44,1.21],[121.4,1.24],[121.21,1.26],[121.08,1.33],[121.02,1.33],[120.91,1.29],[120.87,1.25],[120.8,1.15],[120.75,1.04],[120.6,0.85],[120.52,0.82],[120.42,0.85],[120.37,0.89],[120.32,0.98],[120.27,0.97],[120.23,0.86],[120.16,0.77],[120.1,0.74],[120.06,0.69],[120.04,0.57],[119.91,0.45],[119.81,0.24],[119.81,0.19],[119.87,0.04],[119.84,-0.02],[119.79,-0.06],[119.74,-0.05],[119.72,-0.09],[119.77,-0.48],[119.85,-0.77],[119.84,-0.86],[119.79,-0.76],[119.71,-0.68],[119.65,-0.73],[119.57,-0.84]]]]}},
{"type":"Feature","properties":{"r":163,"c":143,"name":"Papua","code":"PA"},"geometry":{"type":"MultiPolygon","coordinates":[[[[138.8,-8.17],[138.68,-8.2],[138.62,-8.27],[138.56,-8.31],[138.59,-8.37],[138.85,-8.4],[138.9,-8.39],[138.9,-8.34],[138.8,-8.17]]],[[[136.72,-1.73],[136.39,-1.72],[136.2,-1.65],[135.87,-1.64],[135.47,-1.59],[135.49,-1.67],[135.87,-1.75],[136.19,-1.86],[136.23,-1.89],[136.33,-1.87],[136.46,-1.89],[136.62,-1.87],[136.89,-1.8],[136.82,-1.75],[136.72,-1.73]]],[[[134.96,-1.03],[134.94,-0.98],[134.89,-0.94],[134.83,-0.98],[134.81,-1.04],[134.86,-1.11],[134.92,-1.13],[134.97,-1.12],[135,-1.03],[134.96,-1.03]]],[[[136.28,-1.06],[136.15,-0.98],[136.07,-0.88],[135.89,-0.73],[135.84,-0.71],[135.75,-0.73],[135.67,-0.69],[135.38,-0.65],[135.43,-0.77],[135.48,-0.8],[135.52,-0.79],[135.65,-0.88],[135.75,-0.82],[135.83,-1.03],[135.84,-1.12],[135.92,-1.18],[136,-1.17],[136.11,-1.22],[136.31,-1.17],[136.38,-1.09],[136.28,-1.06]]],[[[138.77,-7.39],[138.54,-7.38],[138.3,-7.44],[138.08,-7.57],[138.01,-7.64],[137.83,-7.93],[137.69,-8.26],[137.65,-8.39],[137.69,-8.41],[137.87,-8.38],[137.98,-8.38],[138.3,-8.41],[138.54,-8.27],[138.79,-8.06],[138.99,-7.7],[138.96,-7.59],[138.9,-7.51],[138.77,-7.39]]],[[[134.87,-4.26],[135.2,-4.45],[135.45,-4.44],[135.98,-4.53],[136.1,-4.58],[136.21,-4.65],[136.39,-4.7],[136.62,-4.82],[137.03,-4.93],[137.09,-4.92],[137.2,-4.99],[137.28,-4.95],[137.31,-5.01],[137.76,-5.26],[137.84,-5.35],[137.89,-5.35],[137.98,-5.43],[138.06,-5.47],[138.08,-5.55],[138.06,-5.63],[138.09,-5.71],[138.13,-5.72],[138.34,-5.68],[138.24,-5.72],[138.2,-5.81],[138.28,-5.84],[138.37,-5.84],[138.31,-5.89],[138.3,-5.95],[138.44,-6.34],[138.52,-6.45],[138.7,-6.63],[138.73,-6.73],[138.81,-6.79],[138.86,-6.86],[138.6,-6.91],[138.6,-6.94],[138.72,-7.07],[138.85,-7.14],[139.05,-7.2],[139.18,-7.19],[139.06,-7.23],[138.86,-7.2],[138.75,-7.25],[138.79,-7.3],[138.89,-7.37],[138.94,-7.47],[138.98,-7.51],[139.05,-7.53],[139.09,-7.59],[139,-7.84],[138.94,-7.91],[138.91,-8.04],[138.86,-8.15],[138.86,-8.19],[138.89,-8.24],[138.93,-8.26],[139.08,-8.14],[139.19,-8.09],[139.25,-7.98],[139.28,-8.11],[139.32,-8.17],[139.39,-8.19],[139.65,-8.13],[139.93,-8.1],[140.03,-8.02],[140.12,-7.92],[140.04,-8.08],[139.99,-8.14],[139.98,-8.17],[140,-8.2],[140.1,-8.3],[140.49,-8.62],[140.66,-8.85],[140.92,-9.09],[140.98,-9.12],[140.98,-6.91],[140.86,-6.74],[140.87,-6.61],[140.97,-6.35],[140.97,-2.61],[140.75,-2.61],[140.72,-2.51],[140.62,-2.45],[140.29,-2.42],[140.15,-2.35],[139.79,-2.35],[139.04,-1.99],[138.92,-1.97],[138.81,-1.92],[138.74,-1.85],[138.65,-1.79],[138.11,-1.62],[137.91,-1.48],[137.81,-1.48],[137.38,-1.69],[137.12,-1.84],[137.18,-1.97],[137.17,-2.03],[137.07,-2.11],[136.84,-2.2],[136.61,-2.22],[136.39,-2.27],[136.3,-2.43],[136.24,-2.58],[136.01,-2.73],[135.93,-2.9],[135.86,-3],[135.63,-3.19],[135.49,-3.35],[135.25,-3.37],[135.09,-3.35],[135.04,-3.33],[134.92,-3.25],[134.89,-3.21],[134.85,-3.11],[134.86,-2.98],[134.84,-2.91],[134.77,-2.94],[134.7,-2.93],[134.68,-2.84],[134.45,-3.02],[134.45,-3.08],[134.33,-3.19],[134.25,-3.31],[134.26,-3.4],[135.27,-3.76],[134.87,-4.26]]]]}},
{"type":"Feature","properties":{"r":164,"c":75,"name":"Tomsk","code":"TO"},"geometry":{"type":"Polygon","coordinates":[[[88.62,56.83],[88.72,57.06],[88.53,57.1],[88.65,57.21],[88.74,57.23],[88.86,57.43],[89.08,57.51],[89.17,57.62],[89.38,57.64],[89.35,57.8],[89.39,57.88],[89.33,57.95],[88.85,57.96],[88.69,58.04],[88.16,58.11],[88.01,58.27],[87.93,58.53],[88.38,58.91],[88.8,59.01],[88.83,59.03],[88.62,59.2],[88.59,59.3],[87.94,59.27],[87.88,59.29],[87.55,59.64],[87.49,59.67],[87.21,59.69],[87.08,59.88],[86.63,59.95],[85.97,59.96],[85.5,59.89],[84.69,59.9],[84.53,59.97],[84.61,60.06],[84.63,60.21],[84.78,60.36],[84.71,60.46],[84.36,60.79],[84.26,60.86],[84,60.83],[83.62,60.98],[83.5,61.05],[83.14,61.03],[82.41,60.72],[82.36,60.6],[82.14,60.53],[81.83,60.64],[81.5,60.62],[81.14,60.64],[81.02,60.76],[80.72,60.8],[80.41,60.76],[80.17,60.66],[79.85,60.69],[79.5,60.69],[79.36,60.66],[79.28,60.73],[79.31,60.79],[79.17,60.84],[78.81,60.78],[78.67,60.83],[78.47,60.78],[78.16,60.8],[77.94,60.75],[77.7,60.83],[77.41,60.81],[77.14,60.86],[77.07,60.73],[76.97,60.65],[77.05,60.58],[77.01,60.53],[76.78,60.45],[76.75,60.35],[76.85,60.27],[76.7,60.12],[76.76,60.06],[76.74,59.76],[76.66,59.69],[76.65,59.59],[76.44,59.54],[76.17,59.54],[76.01,59.43],[75.9,59.43],[75.84,59.32],[75.63,59.24],[75.69,59.04],[75.64,58.98],[75.37,58.79],[75.16,58.65],[75.11,58.58],[75.3,58.49],[75.3,58.45],[75.08,58.35],[75.22,58.22],[75.09,58.11],[75.54,57.94],[75.58,57.68],[75.73,57.6],[75.86,57.4],[75.99,57.38],[76.11,57.25],[76.8,57.21],[76.92,57.19],[78.44,57.16],[78.45,57.12],[79.59,56.93],[80.25,56.45],[80.31,56.44],[81.12,56.53],[81.21,56.51],[81.43,56.37],[81.56,56.26],[81.94,56.34],[82.15,56.33],[82.43,56.39],[82.83,56.44],[82.86,56.53],[83,56.51],[83.1,56.55],[83.25,56.46],[83.15,56.38],[83.14,56.28],[83.21,56.21],[83.13,56.13],[83.35,55.97],[83.41,55.89],[83.29,55.85],[83.22,55.74],[83.32,55.69],[83.4,55.74],[83.57,55.69],[83.78,55.88],[83.91,55.91],[83.95,56],[84.2,56.05],[84.33,55.99],[84.41,56.04],[84.89,56.17],[85.01,56.13],[85.12,56.22],[85.25,56.25],[85.38,56.21],[85.69,56.24],[85.61,56.32],[85.79,56.36],[85.78,56.41],[86.11,56.5],[86.22,56.62],[86.31,56.63],[86.39,56.55],[86.53,56.57],[86.71,56.63],[86.91,56.56],[87.13,56.54],[87.17,56.68],[87.4,56.62],[87.62,56.64],[87.78,56.55],[88.42,56.83],[88.55,56.79],[88.62,56.83]]]}},
{"type":"Feature","properties":{"r":165,"c":75,"name":"Adygey","code":"AD"},"geometry":{"type":"Polygon","coordinates":[[[39.75,45.13],[39.64,45.19],[39.54,45.16],[39.32,45],[39.04,44.97],[38.92,45.02],[38.73,45.01],[38.76,44.94],[39.06,44.81],[39.55,44.81],[39.63,44.86],[39.49,44.97],[39.5,45.03],[39.64,45.03],[39.75,44.93],[39.88,45.01],[40.02,44.72],[39.91,44.7],[39.91,44.58],[39.87,44.47],[39.79,44.36],[39.91,44.32],[39.97,44.26],[40.08,44.24],[39.99,44.08],[39.9,44.08],[39.8,44.19],[39.72,44.12],[39.75,44.06],[39.73,43.92],[39.93,43.9],[40.28,43.75],[40.34,43.77],[40.46,43.98],[40.38,44.03],[40.37,44.2],[40.44,44.28],[40.41,44.34],[40.41,44.5],[40.33,44.56],[40.39,44.73],[40.55,44.72],[40.62,44.77],[40.53,44.92],[40.42,45],[40.17,45.11],[39.96,45.07],[39.75,45.13]]]}},
{"type":"Feature","properties":{"r":166,"c":75,"name":"Karachay-Cherkess","code":"KC"},"geometry":{"type":"Polygon","coordinates":[[[42.36,43.23],[42.4,43.28],[42.4,43.4],[42.48,43.5],[42.46,43.62],[42.67,43.7],[42.68,43.81],[42.66,43.92],[42.5,44.03],[42.38,43.97],[42.31,44.06],[42.3,44.13],[42.56,44.24],[42.5,44.3],[42.04,44.36],[41.94,44.4],[41.9,44.49],[41.73,44.46],[41.6,44.37],[41.7,44.31],[41.71,44.24],[41.63,44.12],[41.54,44.09],[41.45,43.99],[41.28,44.01],[41.26,44.08],[40.99,44.12],[40.95,43.99],[40.78,43.93],[40.72,43.81],[40.72,43.63],[40.69,43.52],[40.8,43.48],[41.08,43.37],[41.36,43.33],[41.58,43.22],[42.05,43.19],[42.28,43.23],[42.36,43.23]]]}},
{"type":"Feature","properties":{"r":167,"c":75,"name":"Ingush","code":"IN"},"geometry":{"type":"Polygon","coordinates":[[[45.08,42.69],[45.17,42.79],[45.14,42.84],[45.16,42.95],[45.14,43.07],[45.17,43.13],[45.12,43.2],[45.05,43.49],[44.84,43.58],[44.77,43.62],[44.62,43.61],[44.52,43.56],[44.5,43.39],[44.57,43.39],[44.57,43.24],[44.71,43.22],[44.82,43.16],[44.92,43.07],[44.94,42.92],[44.85,42.84],[44.63,42.88],[44.64,42.73],[44.69,42.71],[44.77,42.62],[44.87,42.76],[45.07,42.69],[45.08,42.69]]]}},
{"type":"Feature","properties":{"r":168,"c":75,"name":"Kabardin-Balkar","code":"KB"},"geometry":{"type":"Polygon","coordinates":[[[43.39,42.89],[43.44,42.95],[43.57,42.94],[43.74,43.11],[43.85,43.31],[43.9,43.25],[44.08,43.27],[44.04,43.36],[44.11,43.43],[44.18,43.36],[44.38,43.49],[44.43,43.65],[44.33,43.66],[44.28,43.82],[44.26,43.92],[43.91,43.99],[43.8,43.94],[43.73,43.84],[43.5,43.87],[43.3,43.82],[43.27,43.91],[43.17,43.95],[43.11,43.9],[42.98,43.89],[42.85,43.82],[42.68,43.81],[42.67,43.7],[42.46,43.62],[42.48,43.5],[42.4,43.4],[42.4,43.28],[42.36,43.23],[42.42,43.22],[42.57,43.16],[42.76,43.17],[42.89,43.13],[42.99,43.09],[43,43.05],[43.09,42.99],[43.35,42.9],[43.39,42.89]]]}},
{"type":"Feature","properties":{"r":169,"c":75,"name":"North Ossetia","code":"NO"},"geometry":{"type":"Polygon","coordinates":[[[44.64,42.73],[44.63,42.88],[44.85,42.84],[44.94,42.92],[44.92,43.07],[44.82,43.16],[44.71,43.22],[44.57,43.24],[44.57,43.39],[44.5,43.39],[44.52,43.56],[44.62,43.61],[44.77,43.62],[44.84,43.58],[44.84,43.66],[44.8,43.8],[44.69,43.83],[44.4,43.8],[44.28,43.82],[44.33,43.66],[44.43,43.65],[44.38,43.49],[44.18,43.36],[44.11,43.43],[44.04,43.36],[44.08,43.27],[43.9,43.25],[43.85,43.31],[43.74,43.11],[43.57,42.94],[43.44,42.95],[43.39,42.89],[43.56,42.84],[43.8,42.73],[43.8,42.7],[43.75,42.66],[43.74,42.62],[43.76,42.59],[43.83,42.57],[43.96,42.57],[44,42.6],[44.33,42.7],[44.51,42.75],[44.58,42.75],[44.64,42.73]]]}},
{"type":"Feature","properties":{"r":170,"c":75,"name":"Stavropol'","code":"ST"},"geometry":{"type":"Polygon","coordinates":[[[41.71,46],[41.66,45.98],[41.42,45.99],[41.38,45.95],[41.16,45.95],[41.26,45.87],[41.27,45.75],[41.17,45.7],[40.87,45.7],[40.84,45.54],[40.92,45.43],[41.01,45.38],[41.04,45.22],[41.26,45.23],[41.36,45.21],[41.35,45.12],[41.47,44.99],[41.64,44.98],[41.65,44.9],[41.54,44.74],[41.42,44.71],[41.57,44.55],[41.7,44.5],[41.73,44.46],[41.9,44.49],[41.94,44.4],[42.04,44.36],[42.5,44.3],[42.56,44.24],[42.3,44.13],[42.31,44.06],[42.38,43.97],[42.5,44.03],[42.66,43.92],[42.68,43.81],[42.85,43.82],[42.98,43.89],[43.11,43.9],[43.17,43.95],[43.27,43.91],[43.3,43.82],[43.5,43.87],[43.73,43.84],[43.8,43.94],[43.91,43.99],[44.26,43.92],[44.28,43.82],[44.4,43.8],[44.69,43.83],[44.8,43.8],[44.84,43.66],[45,43.7],[45.08,43.79],[45.08,43.95],[45.19,43.95],[45.24,43.88],[45.43,43.88],[45.46,44],[45.51,44.02],[45.51,44.19],[45.12,44.2],[45.13,44.27],[45.4,44.32],[45.44,44.4],[45.4,44.44],[45.24,44.46],[45.27,44.59],[45.43,44.62],[45.61,44.77],[45.62,44.9],[45.71,44.98],[45.71,45.01],[45.59,45.16],[45.35,45.24],[44.71,45.51],[44.42,45.53],[44.21,45.61],[44.15,45.65],[44.1,45.77],[43.88,45.95],[43.74,45.98],[43.57,45.98],[43.39,46.02],[43.24,46.11],[42.99,46.18],[42.91,46.24],[42.83,46.16],[42.67,46.09],[42.53,46],[42.32,45.98],[42.34,46.11],[42.18,46.1],[42.15,45.95],[41.71,46]]]}},
{"type":"Feature","properties":{"r":171,"c":75,"name":"Chukchi Autonomous Okrug","code":"CK"},"geometry":{"type":"MultiPolygon","coordinates":[[[[162.41,69.65],[162.32,69.55],[162.52,69.32],[162.77,69.2],[162.52,69.12],[162.55,68.99],[162.85,68.87],[162.76,68.8],[162.59,68.8],[162.61,68.71],[162.72,68.61],[162.58,68.5],[162.54,68.36],[162.42,68.31],[162.18,68.35],[161.71,68.37],[161.41,68.41],[161.23,68.38],[161,68.3],[159.85,68.28],[159.69,68.24],[159.11,68.19],[158.93,68.14],[158.63,68.14],[158.28,68.08],[158.09,67.84],[158.27,67.82],[158.33,67.75],[157.81,67.71],[157.69,67.55],[157.88,67.41],[157.79,67.36],[157.96,67.26],[158.3,67.15],[158.7,67.06],[158.91,66.8],[158.72,66.73],[158.64,66.62],[158.47,66.49],[158.37,66.46],[158.53,66.36],[158.78,66.28],[159.17,66.23],[159.2,66.16],[159.05,66.05],[158.93,65.9],[158.92,65.74],[159.38,65.66],[159.83,65.53],[160,65.52],[160.17,65.45],[160.17,65.38],[160.42,65.25],[160.54,65.16],[160.69,65.15],[161.01,65.17],[161.28,65.14],[161.42,65.07],[161.64,65.01],[161.78,64.84],[162.29,64.74],[162.61,64.73],[162.74,64.66],[163,64.65],[163.12,64.69],[163.14,64.77],[163.35,64.82],[163.52,64.93],[163.87,64.87],[164.22,64.92],[164.8,64.77],[164.88,64.69],[165,64.69],[165.02,64.84],[165.26,64.85],[165.33,64.78],[165.48,64.74],[165.68,64.75],[165.74,64.68],[166.03,64.56],[166.2,64.61],[166.41,64.6],[166.81,64.53],[167,64.55],[167.24,64.62],[167.41,64.48],[167.5,64.48],[167.71,64.34],[167.82,64.35],[168.03,64.29],[168.2,64.34],[168.5,64.32],[168.64,64.21],[168.78,64.18],[168.87,64.02],[169.08,63.96],[169.34,63.95],[169.36,63.88],[169.55,63.81],[169.58,63.64],[169.51,63.58],[169.21,63.52],[169.1,63.44],[168.8,63.3],[168.54,63.13],[168.51,63.05],[168.94,62.94],[169.13,62.97],[169.51,62.81],[169.66,62.71],[169.84,62.66],[170.01,62.68],[169.99,62.55],[170.09,62.49],[170.16,62.34],[170.26,62.29],[170.38,62.31],[170.9,62.28],[171.22,62.37],[171.47,62.31],[172.05,62.47],[172.32,62.4],[172.42,62.43],[172.71,62.4],[172.85,62.33],[173.5,62.53],[173.8,62.52],[173.87,62.44],[174.08,62.45],[174.09,62.34],[174.02,62.27],[174.11,62.19],[174.12,62.07],[174.34,62.05],[174.47,61.98],[174.45,61.82],[174.51,61.82],[174.72,61.95],[174.8,61.94],[175.19,62.03],[175.27,62.1],[176.33,62.35],[176.7,62.51],[177.16,62.56],[177.19,62.59],[177.01,62.63],[176.96,62.66],[177.02,62.78],[177.09,62.79],[177.17,62.75],[177.26,62.75],[177.3,62.78],[177.34,62.78],[177.36,62.74],[177.29,62.6],[178.02,62.55],[178.96,62.36],[179.04,62.32],[179.12,62.32],[179.13,62.4],[179.18,62.47],[179.48,62.61],[179.57,62.69],[179.57,62.77],[179.51,62.86],[179.38,62.88],[179.3,62.94],[179.26,63.01],[179.33,63.06],[179.41,63.08],[179.39,63.15],[179.33,63.19],[179.03,63.28],[178.92,63.35],[178.92,63.4],[178.79,63.54],[178.79,63.44],[178.74,63.39],[178.68,63.4],[178.71,63.52],[178.65,63.56],[178.47,63.57],[178.44,63.61],[178.73,63.67],[178.65,63.97],[178.54,63.98],[178.45,64.01],[178.48,64.13],[178.38,64.26],[178.23,64.36],[178.16,64.31],[178.13,64.24],[178.04,64.22],[177.95,64.22],[177.69,64.3],[177.43,64.44],[177.41,64.57],[177.47,64.74],[177.43,64.76],[177.39,64.77],[177.05,64.72],[176.84,64.63],[176.73,64.62],[176.51,64.68],[176.14,64.59],[176.35,64.71],[176.25,64.84],[176.17,64.88],[176.06,64.9],[175.68,64.78],[175.33,64.75],[175.1,64.75],[174.7,64.68],[174.55,64.68],[175.1,64.78],[175.4,64.78],[175.78,64.84],[176.06,64.96],[176.56,64.84],[176.83,64.85],[177.07,64.79],[177.15,64.8],[177.22,64.86],[177.04,65],[176.94,65.02],[176.65,65.01],[176.34,65.05],[176.41,65.07],[176.62,65.04],[176.88,65.08],[177.18,65.01],[177.25,64.95],[177.34,64.93],[177.58,64.78],[177.75,64.72],[178.29,64.67],[178.52,64.6],[178.7,64.63],[179.15,64.78],[179.45,64.82],[179.83,65.03],[180,65.07],[180,68.98],[179.87,69.01],[179.27,69.26],[178.95,69.3],[178.85,69.39],[178.44,69.45],[177.93,69.5],[177.39,69.61],[176.92,69.65],[175.92,69.9],[175.75,69.9],[175.3,69.86],[174.79,69.86],[174.32,69.88],[173.95,69.87],[173.73,69.89],[173.44,69.95],[173.35,69.92],[173.28,69.82],[173.06,69.86],[172.87,69.92],[172.56,69.97],[171.97,70],[171.25,70.08],[170.49,70.11],[170.53,69.94],[170.5,69.86],[170.36,69.75],[170.2,69.68],[170.16,69.63],[170.58,69.58],[170.71,69.39],[171,69.13],[171,69.05],[170.54,68.83],[169.61,68.79],[169.41,68.92],[169.31,69.08],[168.59,69.23],[168.42,69.24],[168.3,69.27],[168.15,69.58],[167.86,69.73],[167.63,69.74],[166.88,69.5],[165.98,69.55],[165.76,69.58],[164.51,69.61],[164.16,69.72],[163.95,69.74],[163.71,69.7],[163.5,69.69],[163.2,69.71],[162.94,69.68],[162.41,69.65]]],[[[180,70.99],[180,71.54],[179.72,71.47],[179.55,71.45],[179.24,71.32],[178.89,71.23],[178.68,71.11],[178.63,71.05],[178.79,70.82],[179.15,70.88],[179.65,70.9],[179.88,70.98],[180,70.99]]],[[[168.36,70.02],[168.2,70.01],[168.06,69.97],[167.86,69.9],[167.79,69.84],[168.14,69.71],[168.35,69.66],[168.92,69.57],[169.2,69.58],[169.25,69.6],[169.33,69.77],[169.42,69.78],[169.42,69.86],[169.37,69.88],[168.36,70.02]]],[[[-180,68.98],[-180,65.07],[-179.7,65.19],[-179.52,65.39],[-179.35,65.52],[-179.37,65.64],[-179.73,65.8],[-179.79,65.9],[-179.78,66.02],[-179.68,66.18],[-179.62,66.13],[-179.42,66.14],[-179.33,66.16],[-179.34,66.29],[-179.29,66.31],[-179.19,66.31],[-179.14,66.38],[-179.11,66.23],[-178.92,66.18],[-178.82,66.2],[-178.62,66.36],[-178.53,66.4],[-178.59,66.2],[-178.69,66.12],[-178.75,66.01],[-178.86,66.04],[-178.94,66.03],[-178.79,65.86],[-178.56,65.75],[-178.53,65.76],[-178.5,65.74],[-178.53,65.59],[-178.5,65.54],[-178.41,65.5],[-178.31,65.48],[-177.49,65.5],[-177.18,65.6],[-177.06,65.61],[-176.55,65.55],[-176.09,65.47],[-175.92,65.35],[-175.83,65.11],[-175.85,65.01],[-175.4,64.8],[-175.26,64.79],[-175.04,64.81],[-174.57,64.72],[-174.32,64.64],[-174,64.45],[-173.73,64.36],[-173.6,64.37],[-173.47,64.43],[-173.33,64.54],[-173.31,64.44],[-173.38,64.41],[-173.38,64.35],[-173.28,64.29],[-173.16,64.28],[-173.01,64.3],[-172.96,64.33],[-172.92,64.37],[-172.95,64.51],[-172.9,64.53],[-172.79,64.5],[-172.74,64.41],[-172.4,64.41],[-172.38,64.43],[-172.44,64.52],[-172.49,64.54],[-172.62,64.58],[-172.85,64.61],[-172.9,64.63],[-172.92,64.7],[-172.9,64.73],[-172.81,64.76],[-172.8,64.79],[-172.9,64.83],[-173,64.84],[-173.09,64.82],[-173.07,64.85],[-173,64.88],[-172.9,64.89],[-172.79,64.88],[-172.59,64.91],[-172.4,64.96],[-172.21,65.05],[-172.22,65.13],[-172.29,65.21],[-172.38,65.23],[-172.48,65.22],[-172.66,65.25],[-172.31,65.28],[-172.27,65.3],[-172.21,65.43],[-172.23,65.46],[-172.42,65.45],[-172.35,65.5],[-172.56,65.61],[-172.78,65.68],[-172.61,65.69],[-172.44,65.67],[-172.32,65.62],[-172.28,65.58],[-171.96,65.54],[-171.95,65.51],[-171.91,65.5],[-171.36,65.53],[-171.17,65.5],[-171.11,65.51],[-171.05,65.55],[-171.13,65.63],[-171.4,65.75],[-171.45,65.79],[-171.42,65.81],[-171,65.66],[-170.67,65.62],[-170.56,65.66],[-170.54,65.87],[-170.16,66.01],[-169.95,66.03],[-169.83,66],[-169.73,66.06],[-169.78,66.14],[-169.89,66.16],[-170.24,66.17],[-170.19,66.2],[-170.21,66.24],[-170.3,66.29],[-170.36,66.3],[-170.6,66.25],[-170.47,66.32],[-170.93,66.53],[-171.15,66.59],[-171.36,66.68],[-171.57,66.82],[-171.8,66.93],[-172.03,66.97],[-172.27,66.97],[-172.62,67.03],[-173.01,67.06],[-173,67.03],[-172.58,66.98],[-172.52,66.95],[-172.55,66.93],[-172.96,66.94],[-173.15,67],[-173.23,66.97],[-173.18,66.86],[-173.26,66.84],[-173.35,66.85],[-173.32,66.95],[-173.16,67.07],[-173.68,67.14],[-173.88,67.11],[-174.55,67.09],[-174.52,67.05],[-174.34,67.04],[-174.28,67],[-174.15,66.98],[-174.09,66.94],[-174.01,66.78],[-174.06,66.69],[-174.23,66.63],[-174.2,66.58],[-174.1,66.54],[-173.92,66.52],[-173.77,66.43],[-173.99,66.25],[-174.07,66.23],[-174.02,66.38],[-174.08,66.47],[-174.26,66.43],[-174.39,66.34],[-174.5,66.54],[-174.61,66.59],[-174.92,66.62],[-174.87,66.72],[-174.77,66.78],[-174.78,66.92],[-174.89,67],[-174.94,67.09],[-174.93,67.2],[-174.85,67.35],[-175,67.44],[-175.16,67.37],[-175.37,67.36],[-175.23,67.45],[-175.35,67.68],[-176.91,68.12],[-177.17,68.17],[-177.41,68.25],[-177.59,68.22],[-177.64,68.24],[-177.59,68.28],[-177.53,68.29],[-177.68,68.36],[-178.37,68.57],[-178.28,68.52],[-177.86,68.38],[-177.8,68.34],[-177.92,68.29],[-178.06,68.26],[-178.02,68.32],[-178.05,68.39],[-178.24,68.47],[-178.69,68.55],[-178.74,68.59],[-178.75,68.66],[-178.54,68.59],[-178.69,68.68],[-178.87,68.75],[-179.36,68.85],[-179.51,68.92],[-179.6,68.91],[-180,68.98]]],[[[-180,71.54],[-180,70.99],[-179.73,70.97],[-179.51,70.92],[-179.42,70.92],[-178.53,71.01],[-178.06,71.04],[-177.82,71.07],[-177.52,71.17],[-177.5,71.22],[-177.58,71.28],[-177.82,71.34],[-178.13,71.47],[-178.35,71.53],[-179.11,71.6],[-179.26,71.57],[-179.69,71.58],[-180,71.54]]]]}},
{"type":"Feature","properties":{"r":172,"c":75,"name":"Kaliningrad","code":"KN"},"geometry":{"type":"Polygon","coordinates":[[[20.9,55.29],[20.85,55.23],[20.52,54.99],[20.4,54.95],[20.11,54.96],[19.97,54.92],[19.94,54.75],[19.86,54.63],[19.76,54.54],[19.6,54.46],[19.92,54.43],[21.14,54.39],[22.17,54.36],[22.77,54.36],[22.68,54.49],[22.68,54.56],[22.83,54.84],[22.74,54.93],[22.63,54.97],[22.57,55.06],[22.07,55.06],[21.87,55.1],[21.45,55.23],[21.39,55.28],[21.24,55.26],[21.19,54.94],[21,54.9],[20.89,54.91],[20.77,54.95],[20.59,54.98],[20.86,55.18],[20.96,55.28],[20.9,55.29]]]}},
{"type":"Feature","properties":{"r":173,"c":75,"name":"Murmansk","code":"MM"},"geometry":{"type":"Polygon","coordinates":[[[36.52,63.98],[36.36,64],[36.3,64.03],[36.15,64.19],[35.8,64.34],[35.65,64.38],[35.43,64.35],[35.28,64.36],[35.04,64.44],[34.87,64.56],[34.86,64.71],[34.95,64.76],[34.83,64.8],[34.8,64.99],[34.67,65.17],[34.41,65.4],[34.62,65.51],[34.78,65.77],[34.79,65.86],[34.69,65.95],[34.4,66.13],[34.11,66.23],[33.57,66.32],[33.36,66.33],[33.59,66.38],[33.66,66.44],[33.22,66.53],[33.18,66.57],[33.22,66.6],[33.18,66.68],[32.93,66.7],[32.86,66.72],[32.86,66.75],[32.46,66.92],[32.5,67],[32.34,67.07],[32.2,67.11],[31.98,67.13],[31.9,67.16],[32.4,67.15],[32.93,67.09],[32.85,67.02],[33,66.91],[33.15,66.84],[33.48,66.76],[33.6,66.78],[33.89,66.71],[34.15,66.7],[34.45,66.65],[34.4,66.61],[34.48,66.55],[34.61,66.56],[34.82,66.61],[35.36,66.43],[35.51,66.4],[36.37,66.3],[36.98,66.27],[37.29,66.23],[37.63,66.13],[37.9,66.1],[38.4,66.06],[38.65,66.07],[39.29,66.13],[40.1,66.3],[40.52,66.45],[41.19,66.83],[41.28,66.91],[41.36,67.21],[41.26,67.22],[41.13,67.27],[41.13,67.39],[41.06,67.44],[40.97,67.71],[40.38,67.83],[39.81,68.15],[39.75,68.16],[39.82,68.06],[39.57,68.07],[38.83,68.32],[38.71,68.34],[38.66,68.32],[38.43,68.36],[38.36,68.42],[37.73,68.69],[36.62,69],[35.86,69.19],[35.29,69.28],[35.23,69.27],[35.18,69.23],[35.01,69.22],[34.23,69.31],[33.68,69.31],[33.44,69.13],[33.14,69.07],[33.2,69.12],[33.33,69.15],[33.46,69.38],[33.45,69.43],[33.26,69.43],[32.98,69.37],[32.94,69.38],[33.02,69.45],[33,69.47],[32.88,69.46],[32.64,69.49],[32.38,69.48],[32.33,69.55],[32.09,69.63],[32.18,69.67],[32.92,69.6],[32.99,69.63],[33.01,69.72],[32.94,69.75],[32.57,69.81],[32.39,69.87],[31.98,69.95],[32.03,69.84],[32,69.81],[31.88,69.83],[31.79,69.82],[31.67,69.72],[31.55,69.7],[31.45,69.69],[31.05,69.77],[30.87,69.78],[30.92,69.61],[30.86,69.54],[30.62,69.53],[30.18,69.64],[30.19,69.54],[30.09,69.43],[29.99,69.39],[29.83,69.36],[29.39,69.3],[29.17,69.07],[28.41,68.9],[28.45,68.87],[28.71,68.87],[28.77,68.84],[28.75,68.77],[28.48,68.54],[28.47,68.49],[28.69,68.19],[29.34,68.06],[29.82,67.75],[29.99,67.67],[29.94,67.55],[29.24,67.1],[29.09,66.97],[29.07,66.89],[29.46,66.53],[29.72,66.23],[29.9,66.09],[30.09,65.79],[30.1,65.68],[29.72,65.63],[29.82,65.57],[29.73,65.47],[29.71,65.34],[29.62,65.27],[29.61,65.23],[29.81,65.2],[29.83,65.15],[29.81,65.11],[29.62,65.04],[29.6,64.97],[29.7,64.85],[29.78,64.8],[30.07,64.77],[30.13,64.69],[30.12,64.64],[29.99,64.56],[30.04,64.44],[30.11,64.37],[30.49,64.24],[30.53,64.08],[30.42,63.95],[30.21,63.8],[29.99,63.74],[30.42,63.5],[31.18,63.21],[31.54,62.92],[31.29,62.57],[31.19,62.48],[30.94,62.32],[30.57,62.13],[29.69,61.55],[29.49,61.44],[29.28,61.3],[29.49,61.24],[29.58,61.17],[29.87,61.18],[32.7,60.65],[32.91,60.72],[33.08,60.74],[33.25,60.9],[33.42,60.94],[33.41,60.99],[33.75,60.94],[33.87,61.07],[33.7,61.12],[33.58,61.07],[33.45,61.13],[33.53,61.22],[34.22,61.24],[34.46,61.17],[34.54,61.27],[34.74,61.32],[34.82,61.28],[35.26,61.25],[35.39,61.16],[35.6,61.19],[36.47,61.41],[36.58,61.53],[36.87,61.54],[37,61.59],[37.28,61.5],[37.77,61.52],[37.76,61.65],[37.86,61.7],[37.93,61.97],[37.81,62],[37.72,62.2],[37.43,62.24],[37.57,62.36],[37.59,62.47],[37.5,62.65],[37.35,62.68],[37.08,62.66],[36.76,62.72],[36.5,62.83],[36.26,63.03],[36.32,63.16],[36.26,63.24],[36.22,63.42],[36.06,63.46],[35.88,63.57],[35.94,63.62],[36.37,63.64],[36.55,63.76],[36.52,63.98]]]}},
{"type":"Feature","properties":{"r":174,"c":75,"name":"Novgorod","code":"NG"},"geometry":{"type":"Polygon","coordinates":[[[34.73,59.1],[34.57,59.11],[34.25,59.2],[34.1,59.14],[33.86,59.2],[33.72,59.3],[33.52,59.37],[33.37,59.38],[33.25,59.33],[32.95,59.42],[32.73,59.27],[32.71,59.14],[32.58,59.18],[32.29,59.21],[32.12,59.39],[31.88,59.38],[31.83,59.31],[31.56,59.37],[31.45,59.09],[31.26,58.98],[31.16,59.07],[30.98,59.06],[30.96,58.98],[30.73,58.83],[30.69,58.75],[30.41,58.71],[30.28,58.75],[30.1,58.73],[30.09,58.64],[30.17,58.53],[29.98,58.44],[29.66,58.24],[29.68,58.08],[29.82,58.08],[29.95,57.94],[30.17,57.91],[30.53,57.89],[30.52,57.74],[30.47,57.68],[30.61,57.62],[30.49,57.49],[30.52,57.32],[30.77,57.26],[30.65,57.19],[30.64,56.98],[30.8,56.95],[31,56.97],[31.12,56.93],[31.31,56.97],[31.55,56.94],[31.68,57.01],[31.72,57.11],[31.97,57.12],[32.13,57.18],[32.27,57.2],[32.67,57.35],[32.81,57.46],[33.05,57.44],[33.22,57.45],[33.31,57.57],[33.32,57.65],[33.54,57.72],[33.58,57.86],[33.7,57.93],[33.69,58],[33.54,58.05],[33.72,58.16],[33.87,58.14],[34.14,58.21],[34.49,58.15],[34.65,58.08],[34.68,58.2],[34.79,58.24],[35.03,58.2],[35.27,58.27],[35.28,58.36],[35.39,58.43],[35.55,58.45],[35.93,58.42],[35.94,58.46],[36.17,58.52],[36.13,58.7],[35.84,58.74],[35.75,58.83],[35.4,58.84],[35.27,58.76],[35.12,58.82],[35.13,58.94],[34.83,58.99],[34.88,59.04],[34.73,59.1]]]}},
{"type":"Feature","properties":{"r":175,"c":75,"name":"Pskov","code":"PS"},"geometry":{"type":"Polygon","coordinates":[[[27.67,58.98],[27.62,58.94],[27.51,58.89],[27.43,58.79],[27.53,58.44],[27.49,58.27],[27.67,57.93],[27.78,57.86],[27.75,57.84],[27.54,57.8],[27.49,57.72],[27.4,57.67],[27.35,57.53],[27.51,57.51],[27.54,57.43],[27.8,57.32],[27.83,57.29],[27.83,57.19],[27.76,57.14],[27.64,56.85],[27.66,56.84],[27.81,56.87],[27.85,56.85],[27.88,56.82],[27.89,56.74],[27.99,56.65],[28.01,56.6],[28.1,56.55],[28.2,56.26],[28.15,56.14],[28.32,56.05],[28.39,56.09],[28.56,56.09],[28.64,56.06],[28.74,55.96],[28.79,55.94],[28.95,56],[29.09,56.02],[29.38,55.94],[29.4,55.88],[29.35,55.78],[29.48,55.68],[29.68,55.77],[29.74,55.77],[29.94,55.85],[30.23,55.85],[30.46,55.79],[30.72,55.62],[30.88,55.6],[30.9,55.57],[31.05,55.77],[31.19,55.74],[31.47,55.73],[31.41,55.89],[31.34,55.96],[31.5,56.03],[31.47,56.12],[31.49,56.3],[31.23,56.35],[31.22,56.44],[31.02,56.52],[31.08,56.62],[30.91,56.66],[30.82,56.72],[30.89,56.81],[30.9,56.9],[31,56.97],[30.8,56.95],[30.64,56.98],[30.65,57.19],[30.77,57.26],[30.52,57.32],[30.49,57.49],[30.61,57.62],[30.47,57.68],[30.52,57.74],[30.53,57.89],[30.17,57.91],[29.95,57.94],[29.82,58.08],[29.68,58.08],[29.66,58.24],[29.98,58.44],[29.79,58.44],[29.54,58.48],[29.45,58.59],[29.23,58.71],[28.97,58.78],[28.95,58.82],[28.76,58.83],[28.55,58.87],[28.27,58.86],[28.13,58.99],[27.87,59.01],[27.67,58.98]]]}},
{"type":"Feature","properties":{"r":176,"c":75,"name":"Leningrad","code":"LN"},"geometry":{"type":"Polygon","coordinates":[[[29.28,61.3],[29.25,61.29],[28.74,61.06],[28.66,61],[28.41,60.9],[27.8,60.54],[28.18,60.57],[28.51,60.68],[28.65,60.61],[28.62,60.49],[28.49,60.54],[28.52,60.48],[28.64,60.38],[28.81,60.33],[29.07,60.19],[29.37,60.18],[29.46,60.19],[29.63,60.27],[30.18,60.15],[30.39,60.12],[30.37,60.04],[30.53,59.97],[30.51,59.86],[30.76,59.78],[30.75,59.73],[30.56,59.69],[30.5,59.63],[30.26,59.61],[30.11,59.66],[29.85,59.83],[29.68,59.87],[29.67,59.96],[29.15,60],[28.95,59.83],[28.87,59.81],[28.75,59.81],[28.6,59.82],[28.52,59.85],[28.45,59.81],[28.42,59.73],[28.33,59.69],[28.21,59.72],[28.13,59.79],[28.06,59.78],[28.01,59.72],[28.06,59.55],[28.01,59.48],[28.15,59.37],[28.06,59.34],[28.02,59.3],[27.94,59.3],[27.9,59.28],[27.76,59.05],[27.67,58.98],[27.87,59.01],[28.13,58.99],[28.27,58.86],[28.55,58.87],[28.76,58.83],[28.95,58.82],[28.97,58.78],[29.23,58.71],[29.45,58.59],[29.54,58.48],[29.79,58.44],[29.98,58.44],[30.17,58.53],[30.09,58.64],[30.1,58.73],[30.28,58.75],[30.41,58.71],[30.69,58.75],[30.73,58.83],[30.96,58.98],[30.98,59.06],[31.16,59.07],[31.26,58.98],[31.45,59.09],[31.56,59.37],[31.83,59.31],[31.88,59.38],[32.12,59.39],[32.29,59.21],[32.58,59.18],[32.71,59.14],[32.73,59.27],[32.95,59.42],[33.25,59.33],[33.37,59.38],[33.52,59.37],[33.72,59.3],[33.86,59.2],[34.1,59.14],[34.25,59.2],[34.57,59.11],[34.73,59.1],[34.9,59.24],[35.13,59.25],[35.3,59.3],[35.45,59.43],[35.32,59.51],[35.5,59.55],[35.5,59.65],[35.42,59.7],[35.38,59.88],[35.4,59.97],[35.24,59.99],[35.16,60.07],[35.15,60.27],[35.23,60.34],[35.26,60.59],[35.15,60.79],[35.28,60.85],[35.44,60.86],[35.49,60.96],[35.69,61.12],[35.6,61.19],[35.39,61.16],[35.26,61.25],[34.82,61.28],[34.74,61.32],[34.54,61.27],[34.46,61.17],[34.22,61.24],[33.53,61.22],[33.45,61.13],[33.58,61.07],[33.7,61.12],[33.87,61.07],[33.75,60.94],[33.41,60.99],[33.42,60.94],[33.25,60.9],[33.08,60.74],[32.91,60.72],[32.7,60.65],[29.87,61.18],[29.58,61.17],[29.49,61.24],[29.28,61.3]]]}},
{"type":"Feature","properties":{"r":177,"c":75,"name":"City of St. Petersburg","code":"SP"},"geometry":{"type":"Polygon","coordinates":[[[29.67,59.96],[29.68,59.87],[29.85,59.83],[30.11,59.66],[30.26,59.61],[30.5,59.63],[30.56,59.69],[30.75,59.73],[30.76,59.78],[30.51,59.86],[30.53,59.97],[30.37,60.04],[30.39,60.12],[30.18,60.15],[29.63,60.27],[29.46,60.19],[29.57,60.2],[29.72,60.2],[29.87,60.12],[29.98,60.03],[30.17,59.96],[30.16,59.9],[30.12,59.87],[29.67,59.96]]]}},
{"type":"Feature","properties":{"r":178,"c":75,"name":"Bryansk","code":"BR"},"geometry":{"type":"Polygon","coordinates":[[[32.71,53.42],[32.71,53.37],[32.7,53.34],[32.47,53.27],[32.43,53.21],[32.14,53.09],[31.85,53.11],[31.75,53.18],[31.67,53.2],[31.42,53.2],[31.26,53.02],[31.35,52.93],[31.54,52.8],[31.56,52.73],[31.52,52.7],[31.53,52.63],[31.62,52.55],[31.59,52.53],[31.58,52.31],[31.69,52.22],[31.76,52.13],[31.76,52.1],[31.97,52.05],[32.12,52.05],[32.22,52.08],[32.28,52.11],[32.36,52.27],[32.44,52.31],[32.51,52.31],[32.81,52.25],[32.9,52.26],[33.15,52.34],[33.29,52.35],[33.61,52.33],[33.74,52.34],[33.82,52.32],[34.02,52.16],[34.11,51.98],[34.4,51.78],[34.41,52.01],[34.53,52.07],[34.67,52.07],[34.72,52.22],[34.8,52.19],[34.92,52.32],[34.9,52.35],[34.83,52.42],[34.99,52.51],[35.01,52.61],[35.09,52.7],[34.95,52.78],[34.87,52.78],[34.8,52.87],[34.97,52.97],[35.16,52.97],[35.31,53.07],[35.18,53.1],[35.12,53.19],[35.1,53.31],[35.02,53.38],[34.67,53.39],[34.58,53.43],[34.49,53.54],[34.49,53.67],[34.38,53.72],[34.2,53.89],[34.03,53.86],[33.86,53.88],[33.78,53.98],[33.68,54.03],[33.5,54.02],[33.47,53.97],[33.29,53.95],[33.29,53.82],[32.9,53.57],[32.91,53.49],[32.71,53.42]]]}},
{"type":"Feature","properties":{"r":179,"c":75,"name":"Smolensk","code":"SM"},"geometry":{"type":"Polygon","coordinates":[[[32.71,53.42],[32.91,53.49],[32.9,53.57],[33.29,53.82],[33.29,53.95],[33.47,53.97],[33.5,54.02],[33.56,54.16],[33.68,54.32],[33.62,54.38],[33.64,54.49],[33.73,54.56],[33.93,54.57],[34.11,54.55],[34.33,54.43],[34.42,54.45],[34.5,54.63],[34.82,54.71],[34.92,54.77],[34.87,54.88],[35,54.89],[35.14,55.02],[35.28,55.11],[35.37,55.24],[35.3,55.3],[35.3,55.57],[35.4,55.62],[35.32,55.73],[35.35,55.78],[35.17,55.95],[35.03,55.98],[34.63,55.92],[34.2,56.07],[33.92,56.07],[33.84,55.95],[33.66,55.95],[33.67,55.87],[33.51,55.76],[33.37,55.7],[33.23,55.7],[33.19,55.65],[32.94,55.63],[32.72,55.69],[32.09,55.67],[31.89,55.77],[31.75,55.71],[31.59,55.75],[31.47,55.73],[31.19,55.74],[31.05,55.77],[30.9,55.57],[30.91,55.57],[30.9,55.4],[30.82,55.33],[30.81,55.28],[30.96,55.14],[30.98,55.05],[30.83,54.91],[30.8,54.86],[30.8,54.78],[31.15,54.63],[31.07,54.49],[31.18,54.45],[31.25,54.39],[31.3,54.29],[31.4,54.2],[31.79,54.06],[31.83,54.03],[31.83,53.94],[31.75,53.81],[31.82,53.79],[31.99,53.8],[32.2,53.78],[32.45,53.69],[32.43,53.62],[32.47,53.55],[32.69,53.45],[32.71,53.42]]]}},
{"type":"Feature","properties":{"r":180,"c":75,"name":"Karelia","code":"KI"},"geometry":{"type":"Polygon","coordinates":[[[35.86,65.08],[35.82,65.18],[35.73,65.2],[35.53,65.15],[35.56,65.09],[35.62,65.06],[35.68,65.06],[35.78,64.98],[35.84,65],[35.86,65.08]]]}},
{"type":"Feature","properties":{"r":181,"c":75,"name":"Arkhangel'sk","code":"VO"},"geometry":{"type":"MultiPolygon","coordinates":[[[[36.52,63.98],[36.55,63.76],[36.37,63.64],[35.94,63.62],[35.88,63.57],[36.06,63.46],[36.22,63.42],[36.26,63.24],[36.32,63.16],[36.26,63.03],[36.5,62.83],[36.76,62.72],[37.08,62.66],[37.35,62.68],[37.5,62.65],[37.59,62.47],[37.57,62.36],[37.43,62.24],[37.72,62.2],[37.81,62],[37.93,61.97],[37.86,61.7],[37.76,61.65],[37.77,61.52],[37.86,61.28],[37.96,61.16],[38.17,61.13],[38.21,60.92],[38.42,60.87],[38.43,60.8],[38.57,60.8],[38.63,60.72],[38.79,60.71],[38.95,60.8],[39.07,60.71],[39.34,60.68],[39.65,60.75],[39.76,60.74],[39.92,60.65],[40.53,60.72],[40.76,60.77],[40.82,60.71],[41.06,60.65],[41.34,60.68],[41.41,60.79],[41.39,60.86],[41.52,60.9],[41.8,60.9],[42.02,60.84],[42.39,60.77],[42.65,60.86],[42.82,60.86],[43.05,60.74],[43.15,60.81],[43.51,60.77],[43.54,60.85],[43.72,60.88],[43.78,61.02],[44.16,61.08],[44.21,60.97],[45.23,60.9],[45.33,61.19],[45.72,61.18],[45.79,61.15],[45.77,61.05],[45.88,61.02],[46.29,60.97],[46.53,61.05],[46.74,60.99],[46.75,60.91],[47.04,60.85],[47.1,60.96],[47.24,61.06],[47.57,61.06],[47.97,61],[47.98,60.9],[48.42,60.85],[48.45,60.98],[48.51,61.05],[48.89,61.14],[49.3,61.18],[49.46,61.59],[49.42,61.62],[49.1,61.66],[49.05,61.69],[49.21,62.09],[49.37,62.15],[49.61,62.77],[48.88,62.83],[48.71,62.82],[48.63,62.71],[48.37,62.73],[48.24,62.47],[48.29,62.32],[47.75,62.32],[47.65,62.3],[47.62,62.19],[47.41,62.19],[47.39,62.32],[47.23,62.35],[47.24,62.64],[47.08,62.84],[47.4,62.95],[47.52,63.04],[47.55,63.15],[47.37,63.17],[47.09,63.25],[46.94,63.35],[47.03,63.53],[46.97,63.64],[46.82,63.75],[46.44,63.89],[46.11,63.95],[45.88,63.96],[45.59,64.06],[45.44,64.19],[45.82,64.28],[46.32,64.26],[46.61,64.33],[48.12,64.35],[48.2,64.24],[48.41,64.22],[48.52,64.36],[48.84,64.36],[48.95,64.49],[49.45,64.46],[49.63,64.59],[50.27,64.51],[50.35,64.54],[50.47,64.79],[50.16,64.85],[50.06,64.89],[49.66,65.25],[49.57,65.29],[49.02,65.24],[48.99,65.27],[49.01,66.12],[48.16,66.13],[47.75,65.94],[47.76,65.86],[47.66,65.81],[47.41,65.84],[47.11,65.82],[46.35,66.03],[45.83,66.09],[45.74,66.07],[44.58,66.31],[44.48,66.37],[44.22,66.41],[44.1,66.24],[44.15,66.11],[44.1,66.01],[43.94,66.1],[43.74,66.16],[43.62,66.15],[43.54,66.12],[43.55,66.17],[43.65,66.25],[43.55,66.32],[43.23,66.42],[42.81,66.41],[42.6,66.42],[42.45,66.48],[42.21,66.52],[42.08,66.47],[41.78,66.26],[41.48,66.12],[41.08,66.02],[40.77,65.99],[40.69,65.96],[40.33,65.75],[39.82,65.6],[39.75,65.45],[39.8,65.35],[40.14,65.06],[40.28,65],[40.38,64.9],[40.44,64.78],[40.41,64.75],[40.2,64.78],[40.06,64.77],[39.85,64.69],[39.76,64.58],[39.57,64.57],[39.05,64.71],[38.61,64.79],[38.54,64.79],[38.41,64.86],[38.12,64.85],[38.01,64.88],[37.53,65.11],[37.14,65.19],[37.05,65.2],[36.88,65.17],[36.79,64.99],[36.65,64.94],[36.53,64.94],[36.53,64.85],[36.62,64.75],[36.77,64.69],[37.18,64.41],[37.29,64.38],[37.43,64.37],[37.74,64.4],[37.95,64.32],[38.07,64.03],[37.97,63.95],[37.64,63.89],[37.44,63.81],[36.98,63.91],[36.71,63.95],[36.52,63.98]]],[[[59.36,81.76],[59.41,81.83],[59.26,81.85],[58.13,81.83],[57.98,81.8],[57.91,81.72],[57.96,81.7],[59.36,81.76]]],[[[53.14,71.24],[53.07,71.24],[52.9,71.36],[52.78,71.4],[52.73,71.4],[52.73,71.36],[52.51,71.39],[52.3,71.36],[52.24,71.33],[52.25,71.28],[52.43,71.24],[52.55,71.25],[52.74,71.18],[52.79,71.11],[52.95,71.05],[53.02,70.97],[53.12,70.98],[53.05,71.03],[53.21,71.16],[53.19,71.22],[53.14,71.24]]],[[[58.05,81.12],[57.66,81.03],[57.41,81.05],[57.21,81.02],[57.41,80.92],[57.75,80.89],[57.94,80.79],[58.29,80.76],[58.86,80.78],[58.93,80.83],[58.9,80.9],[58.62,81.04],[58.05,81.12]]],[[[62.88,81.61],[63.53,81.6],[63.78,81.65],[63.71,81.69],[62.79,81.72],[62.28,81.71],[62.11,81.68],[62.52,81.66],[62.57,81.63],[62.88,81.61]]],[[[54.63,81.11],[54.37,80.9],[54.24,80.9],[54.05,80.87],[54.07,80.81],[54.62,80.77],[54.67,80.74],[55.12,80.75],[55.54,80.7],[55.71,80.64],[56.32,80.63],[56.81,80.66],[57.58,80.76],[57.69,80.79],[56.47,81],[56.17,81.03],[55.47,81.02],[54.72,81.12],[54.63,81.11]]],[[[50.75,81.05],[50.95,81.11],[50.88,81.15],[50.59,81.17],[50.37,81.12],[50.52,81.05],[50.75,81.05]]],[[[51.24,79.99],[51.25,80.05],[50.94,80.09],[50.09,79.98],[50.45,79.92],[51.08,79.93],[51.43,79.92],[51.24,79.99]]],[[[57.46,81.54],[57.09,81.54],[56.72,81.42],[56.4,81.39],[56.16,81.3],[55.78,81.33],[55.47,81.31],[55.72,81.19],[56.19,81.22],[56.36,81.18],[56.51,81.18],[56.82,81.24],[57.45,81.14],[57.77,81.17],[58.02,81.25],[57.86,81.37],[58.37,81.39],[58.56,81.42],[58.44,81.46],[58.02,81.48],[57.72,81.56],[57.46,81.54]]],[[[42.63,66.78],[42.55,66.8],[42.47,66.79],[42.46,66.77],[42.48,66.74],[42.68,66.69],[42.71,66.7],[42.69,66.74],[42.63,66.78]]],[[[50.32,80.17],[50.25,80.22],[49.88,80.23],[49.56,80.16],[49.97,80.06],[50.32,80.17]]],[[[53.9,80.54],[53.81,80.48],[54.28,80.42],[54.44,80.5],[54.41,80.54],[53.88,80.61],[53.9,80.54]]],[[[60.59,81.09],[60.15,81.02],[60.06,80.98],[60.83,80.93],[61.14,80.95],[61.57,81.05],[61.46,81.1],[60.59,81.09]]],[[[58.61,81.34],[58.72,81.31],[59.1,81.29],[59.37,81.33],[59.08,81.4],[58.63,81.36],[58.61,81.34]]],[[[55.24,80.33],[54.98,80.26],[55.05,80.23],[55.2,80.23],[55.48,80.27],[55.24,80.33]]],[[[58.62,74.23],[58.67,74.29],[58.5,74.46],[58.53,74.5],[58.93,74.46],[59.1,74.51],[59.18,74.67],[59.24,74.69],[59.6,74.61],[59.67,74.61],[59.77,74.66],[59.75,74.75],[59.98,74.74],[60.5,74.9],[60.45,74.95],[60.24,74.97],[60.28,75.01],[60.53,75.06],[60.72,75.07],[61.36,75.31],[61.62,75.32],[62.07,75.43],[63.05,75.58],[63.32,75.6],[63.66,75.67],[64.26,75.72],[66.28,75.98],[66.66,76.05],[67.13,76.11],[67.77,76.24],[68.17,76.28],[68.9,76.57],[68.86,76.61],[68.94,76.71],[68.87,76.79],[68.49,76.93],[68.02,76.99],[67.53,77.01],[67.26,76.96],[66.83,76.92],[66.06,76.75],[65.86,76.61],[65.76,76.58],[65.53,76.57],[65.2,76.5],[65.07,76.5],[64.46,76.38],[63.53,76.31],[62.97,76.24],[62.78,76.25],[62.47,76.23],[61.57,76.3],[61.2,76.28],[61.03,76.23],[61.05,76.12],[60.94,76.07],[60.8,76.07],[60.73,76.1],[60.61,76.11],[60.28,76.1],[60.12,76.07],[60.04,75.98],[58.88,75.85],[58.42,75.72],[58.06,75.66],[58.09,75.59],[57.78,75.51],[57.61,75.34],[56.99,75.38],[56.81,75.33],[56.88,75.24],[56.57,75.1],[56.49,75.1],[56.16,75.19],[55.92,75.17],[55.81,75.12],[55.86,75.06],[56,75],[56.34,75.01],[56.5,74.96],[56.22,74.9],[55.91,74.8],[55.58,74.63],[55.66,74.56],[55.75,74.54],[55.95,74.54],[56.14,74.5],[56.08,74.48],[55.42,74.44],[55.34,74.42],[54.64,73.96],[54.39,73.94],[53.76,73.77],[53.84,73.7],[54.2,73.54],[54.13,73.48],[54.3,73.35],[54.57,73.42],[54.77,73.45],[55.01,73.45],[55.28,73.39],[55.55,73.36],[56.03,73.35],[56.23,73.31],[56.63,73.3],[56.96,73.37],[57.13,73.5],[57.46,73.61],[57.54,73.66],[57.46,73.75],[57.29,73.81],[57.31,73.84],[57.45,73.83],[57.66,73.77],[57.76,73.77],[57.87,73.85],[57.77,74.01],[58.44,74.13],[58.62,74.23]]],[[[51.58,72.07],[51.44,71.93],[51.44,71.78],[51.59,71.57],[51.69,71.53],[51.94,71.47],[52.18,71.49],[52.42,71.54],[52.91,71.5],[53.36,71.54],[53.41,71.53],[53.33,71.48],[53.32,71.4],[53.41,71.34],[53.62,71.33],[53.59,71.3],[54.16,71.13],[54.09,71.11],[53.92,71.14],[53.83,71.13],[53.86,71.07],[53.67,71.09],[53.59,71.05],[53.61,70.91],[53.47,70.9],[53.38,70.87],[53.72,70.81],[54.33,70.74],[54.6,70.68],[54.65,70.74],[54.87,70.68],[55.05,70.67],[55.69,70.69],[55.71,70.64],[55.8,70.62],[55.91,70.63],[55.94,70.65],[56.09,70.62],[56.14,70.66],[56.43,70.56],[56.56,70.59],[56.26,70.71],[56.39,70.73],[56.51,70.73],[56.65,70.65],[57.15,70.59],[57.25,70.61],[57.26,70.64],[57.45,70.66],[57.63,70.73],[57.56,70.77],[56.89,70.93],[56.45,71.11],[56.04,71.35],[55.61,71.69],[55.47,71.87],[55.3,71.94],[55.38,72.01],[55.4,72.11],[55.52,72.22],[55.4,72.31],[55.36,72.41],[55.36,72.47],[55.42,72.5],[55.4,72.55],[55.44,72.58],[55.62,72.6],[55.7,72.67],[55.72,72.77],[55.82,72.79],[56.08,72.79],[56.12,72.81],[56.19,72.9],[56.19,73.03],[56.4,73.14],[56.43,73.2],[56.35,73.23],[56.14,73.26],[55.79,73.27],[55.32,73.31],[55.12,73.36],[54.8,73.39],[54.2,73.28],[53.87,73.3],[53.36,73.22],[53.2,73.15],[53.19,73.1],[53.25,72.97],[53.37,72.92],[53.25,72.9],[52.91,72.9],[52.81,72.88],[52.55,72.77],[52.53,72.74],[52.6,72.7],[52.68,72.68],[52.92,72.67],[52.82,72.59],[52.86,72.55],[52.75,72.48],[52.59,72.28],[52.46,72.25],[52.33,72.15],[52.25,72.13],[51.89,72.15],[51.58,72.07]]],[[[58.95,80.04],[58.92,79.98],[59.33,79.92],[59.91,79.99],[59.8,80.08],[59.54,80.12],[58.95,80.04]]],[[[52.34,80.21],[52.86,80.17],[53.52,80.19],[53.78,80.23],[53.85,80.27],[53.49,80.32],[53.33,80.4],[52.85,80.4],[52.68,80.32],[52.21,80.26],[52.34,80.21]]],[[[55.94,80.16],[55.72,80.1],[55.81,80.09],[56.99,80.07],[57.08,80.09],[57.12,80.32],[56.94,80.37],[56.71,80.36],[56.66,80.33],[56.02,80.34],[55.94,80.16]]],[[[63.12,80.97],[62.52,80.82],[63,80.71],[63.19,80.7],[64.55,80.76],[65,80.82],[65.44,80.93],[65.31,81.1],[64.8,81.2],[64.31,81.18],[64.1,81],[63.86,80.98],[63.12,80.97]]],[[[57.39,80.14],[57.8,80.1],[57.96,80.12],[58.16,80.2],[58.26,80.2],[58.28,80.3],[58.4,80.32],[59.26,80.34],[58.97,80.42],[58.48,80.46],[57.08,80.49],[57.01,80.47],[57.19,80.4],[57.28,80.19],[57.39,80.14]]],[[[47.01,80.56],[47.14,80.61],[47.3,80.61],[47.71,80.77],[48.04,80.67],[48.68,80.63],[48.69,80.72],[48.45,80.81],[47.9,80.81],[47.35,80.85],[46.8,80.76],[45.12,80.65],[44.9,80.61],[45.15,80.6],[45.64,80.54],[45.97,80.57],[46.14,80.45],[46.51,80.48],[46.68,80.56],[47.01,80.56]]],[[[51.45,80.74],[50.8,80.91],[50.43,80.91],[50.28,80.93],[49.51,80.87],[49.24,80.82],[49.15,80.71],[49.19,80.56],[49.09,80.52],[48.63,80.51],[48.4,80.57],[48.21,80.54],[47.9,80.53],[46.64,80.3],[46.99,80.18],[47.25,80.18],[47.44,80.23],[47.64,80.25],[47.89,80.24],[47.98,80.21],[47.63,80.11],[47.74,80.08],[48.03,80.1],[48.17,80.13],[48.39,80.1],[48.58,80.2],[48.8,80.16],[48.98,80.16],[48.96,80.27],[48.68,80.3],[48.9,80.37],[49.59,80.38],[49.79,80.43],[49.75,80.47],[49.85,80.5],[50.28,80.53],[50.96,80.54],[51.15,80.6],[51.7,80.69],[51.59,80.74],[51.45,80.74]]],[[[62.1,80.87],[61.6,80.89],[60.48,80.8],[60.28,80.8],[60.23,80.84],[60.09,80.85],[59.72,80.84],[59.59,80.82],[59.39,80.71],[59.29,80.57],[59.3,80.52],[59.65,80.43],[60.28,80.49],[60.72,80.43],[61.05,80.42],[61.29,80.5],[61.6,80.53],[61.68,80.59],[62.08,80.62],[62.23,80.79],[62.1,80.87]]]]}},
{"type":"Feature","properties":{"r":182,"c":75,"name":"Ivanovo","code":"IV"},"geometry":{"type":"Polygon","coordinates":[[[43.73,57.47],[43.54,57.57],[43.31,57.52],[43.26,57.42],[42.85,57.39],[42.85,57.67],[42.73,57.7],[42.65,57.64],[42.4,57.63],[42.34,57.58],[42.19,57.56],[42.03,57.59],[41.89,57.69],[41.63,57.75],[41.57,57.7],[41.6,57.52],[41.54,57.46],[41.43,57.47],[41.27,57.43],[41.17,57.44],[41.07,57.35],[40.57,57.32],[40.45,57.28],[40.33,57.29],[40.19,57.21],[40.06,57.22],[39.84,57.18],[39.84,57.13],[39.52,57.03],[39.53,56.96],[39.39,56.84],[39.42,56.77],[39.68,56.82],[39.86,56.78],[39.88,56.65],[39.94,56.53],[40.16,56.43],[40.49,56.58],[40.71,56.6],[40.93,56.5],[41.05,56.48],[41.93,56.52],[41.96,56.39],[42.07,56.37],[42.29,56.47],[42.47,56.42],[42.59,56.42],[42.65,56.48],[42.88,56.47],[42.85,56.55],[42.9,56.65],[42.79,56.67],[42.83,56.8],[42.98,56.84],[43.34,56.86],[43.5,56.91],[43.67,57.04],[43.51,57.12],[43.54,57.26],[43.69,57.28],[43.73,57.47]]]}},
{"type":"Feature","properties":{"r":183,"c":75,"name":"Vologda","code":"VO"},"geometry":{"type":"Polygon","coordinates":[[[47.11,59.61],[47.11,59.75],[46.93,59.79],[46.92,59.84],[47.04,60.1],[46.61,60.07],[46.4,60.11],[46.35,60.21],[46.44,60.27],[46.75,60.26],[46.81,60.32],[46.86,60.51],[47.05,60.58],[46.96,60.66],[47.08,60.82],[47.04,60.85],[46.75,60.91],[46.74,60.99],[46.53,61.05],[46.29,60.97],[45.88,61.02],[45.77,61.05],[45.79,61.15],[45.72,61.18],[45.33,61.19],[45.23,60.9],[44.21,60.97],[44.16,61.08],[43.78,61.02],[43.72,60.88],[43.54,60.85],[43.51,60.77],[43.15,60.81],[43.05,60.74],[42.82,60.86],[42.65,60.86],[42.39,60.77],[42.02,60.84],[41.8,60.9],[41.52,60.9],[41.39,60.86],[41.41,60.79],[41.34,60.68],[41.06,60.65],[40.82,60.71],[40.76,60.77],[40.53,60.72],[39.92,60.65],[39.76,60.74],[39.65,60.75],[39.34,60.68],[39.07,60.71],[38.95,60.8],[38.79,60.71],[38.63,60.72],[38.57,60.8],[38.43,60.8],[38.42,60.87],[38.21,60.92],[38.17,61.13],[37.96,61.16],[37.86,61.28],[37.77,61.52],[37.28,61.5],[37,61.59],[36.87,61.54],[36.58,61.53],[36.47,61.41],[35.6,61.19],[35.69,61.12],[35.49,60.96],[35.44,60.86],[35.28,60.85],[35.15,60.79],[35.26,60.59],[35.23,60.34],[35.15,60.27],[35.16,60.07],[35.24,59.99],[35.4,59.97],[35.38,59.88],[35.42,59.7],[35.5,59.65],[35.5,59.55],[35.32,59.51],[35.45,59.43],[35.3,59.3],[35.13,59.25],[34.9,59.24],[34.73,59.1],[34.88,59.04],[34.83,58.99],[35.13,58.94],[35.12,58.82],[35.27,58.76],[35.4,58.84],[35.75,58.83],[35.84,58.74],[36.13,58.7],[36.17,58.52],[36.32,58.5],[36.52,58.56],[36.67,58.69],[36.82,58.76],[36.86,58.84],[37.12,58.87],[37.19,58.77],[37.63,58.49],[37.72,58.62],[37.94,58.64],[38.05,58.74],[38.48,58.71],[38.55,58.78],[38.92,58.74],[39,58.85],[38.94,58.94],[39.12,58.95],[39.5,58.89],[39.62,58.89],[39.97,58.76],[40.16,58.56],[40.29,58.54],[40.57,58.59],[40.93,58.58],[41.22,58.74],[41.15,58.79],[41.25,58.9],[41.52,59.04],[41.69,59.08],[42.01,59.12],[42.09,59.23],[41.96,59.28],[42.06,59.43],[42.19,59.39],[42.2,59.3],[42.63,59.31],[42.67,59.23],[42.8,59.17],[43.03,59.21],[43.15,59.26],[43.29,59.22],[43.37,59.28],[43.5,59.29],[43.58,59.19],[43.74,59.26],[43.96,59.21],[44.1,59.23],[44.21,59.17],[44.99,59.12],[45.09,59.18],[45.37,59.2],[45.92,59.18],[46,59.28],[46.18,59.35],[46.36,59.35],[46.41,59.63],[46.76,59.61],[46.88,59.63],[47.11,59.61]]]}},
{"type":"Feature","properties":{"r":184,"c":75,"name":"Kostroma","code":"KT"},"geometry":{"type":"Polygon","coordinates":[[[47.11,59.61],[46.88,59.63],[46.76,59.61],[46.41,59.63],[46.36,59.35],[46.18,59.35],[46,59.28],[45.92,59.18],[45.37,59.2],[45.09,59.18],[44.99,59.12],[44.21,59.17],[44.1,59.23],[43.96,59.21],[43.74,59.26],[43.58,59.19],[43.5,59.29],[43.37,59.28],[43.29,59.22],[43.15,59.26],[43.03,59.21],[42.8,59.17],[42.67,59.23],[42.63,59.31],[42.2,59.3],[42.19,59.39],[42.06,59.43],[41.96,59.28],[42.09,59.23],[42.01,59.12],[41.69,59.08],[41.52,59.04],[41.25,58.9],[41.15,58.79],[41.22,58.74],[40.93,58.58],[41.03,58.52],[41.06,58.41],[41.16,58.36],[40.89,58.2],[40.88,58.13],[40.74,58.05],[40.63,57.94],[40.62,57.65],[40.66,57.58],[40.5,57.58],[40.39,57.5],[40.45,57.44],[40.45,57.28],[40.57,57.32],[41.07,57.35],[41.17,57.44],[41.27,57.43],[41.43,57.47],[41.54,57.46],[41.6,57.52],[41.57,57.7],[41.63,57.75],[41.89,57.69],[42.03,57.59],[42.19,57.56],[42.34,57.58],[42.4,57.63],[42.65,57.64],[42.73,57.7],[42.85,57.67],[42.85,57.39],[43.26,57.42],[43.31,57.52],[43.54,57.57],[43.73,57.47],[43.85,57.43],[44,57.44],[44.3,57.52],[44.48,57.65],[44.61,57.71],[44.73,57.7],[44.86,57.88],[44.79,57.96],[44.86,58.08],[45.16,58.08],[45.29,58.04],[45.46,58.04],[45.56,57.94],[45.71,57.97],[45.82,58.05],[46.34,58.07],[46.41,58.21],[46.42,58.35],[46.54,58.4],[46.55,58.49],[46.69,58.57],[46.95,58.61],[47.12,58.78],[47.26,58.76],[47.31,58.81],[47.28,58.89],[47.45,58.92],[47.6,58.91],[47.57,59.06],[47.24,59.22],[47.25,59.36],[47.06,59.38],[47.11,59.61]]]}},
{"type":"Feature","properties":{"r":185,"c":75,"name":"Nizhegorod","code":"NZ"},"geometry":{"type":"Polygon","coordinates":[[[43.73,57.47],[43.69,57.28],[43.54,57.26],[43.51,57.12],[43.67,57.04],[43.5,56.91],[43.34,56.86],[42.98,56.84],[42.83,56.8],[42.79,56.67],[42.9,56.65],[42.85,56.55],[42.88,56.47],[42.65,56.48],[42.59,56.42],[42.76,56.31],[42.75,56.22],[42.91,56.15],[42.69,56.12],[42.69,56],[42.56,55.97],[42.49,55.85],[42.38,55.78],[42.28,55.77],[42.06,55.61],[42.07,55.48],[42.12,55.42],[41.93,55.33],[41.86,55.24],[41.87,55.16],[41.78,55.12],[41.89,55.06],[42.17,54.95],[42.44,55.01],[42.47,54.87],[42.64,54.79],[43.1,54.8],[43.16,54.9],[43.37,54.95],[43.61,54.9],[43.69,54.83],[43.95,54.81],[43.94,54.74],[44.09,54.73],[44.11,54.65],[44.38,54.59],[44.54,54.53],[44.6,54.58],[44.74,54.52],[44.92,54.48],[45.11,54.49],[45.03,54.57],[45.09,54.66],[45.04,54.71],[45.12,54.8],[45.21,54.76],[45.27,54.87],[45.42,54.88],[45.44,55.03],[45.6,55.16],[45.71,55.18],[45.74,55.08],[45.82,55],[45.95,55],[46.06,55.04],[46.1,55.2],[46.23,55.27],[46.25,55.39],[46.38,55.46],[46.24,55.52],[46.14,55.52],[46.05,55.62],[45.92,55.69],[46.09,55.81],[46.1,55.94],[46.21,56.05],[46.09,56.06],[46.07,56.18],[45.87,56.26],[45.95,56.32],[45.95,56.43],[45.79,56.42],[45.66,56.46],[45.65,56.59],[45.86,56.63],[45.96,56.87],[46.31,56.91],[46.34,56.95],[46.6,56.92],[46.71,56.97],[46.76,57.03],[46.74,57.2],[46.79,57.28],[46.7,57.32],[46.75,57.52],[47.05,57.5],[47.25,57.57],[47.47,57.53],[47.52,57.59],[47.57,57.81],[47.76,57.88],[47.7,57.96],[47.45,57.99],[47.35,58.03],[46.43,58.02],[46.34,58.07],[45.82,58.05],[45.71,57.97],[45.56,57.94],[45.46,58.04],[45.29,58.04],[45.16,58.08],[44.86,58.08],[44.79,57.96],[44.86,57.88],[44.73,57.7],[44.61,57.71],[44.48,57.65],[44.3,57.52],[44,57.44],[43.85,57.43],[43.73,57.47]]]}},
{"type":"Feature","properties":{"r":186,"c":75,"name":"Tver'","code":"TV"},"geometry":{"type":"Polygon","coordinates":[[[37.63,58.49],[37.19,58.77],[37.12,58.87],[36.86,58.84],[36.82,58.76],[36.67,58.69],[36.52,58.56],[36.32,58.5],[36.17,58.52],[35.94,58.46],[35.93,58.42],[35.55,58.45],[35.39,58.43],[35.28,58.36],[35.27,58.27],[35.03,58.2],[34.79,58.24],[34.68,58.2],[34.65,58.08],[34.49,58.15],[34.14,58.21],[33.87,58.14],[33.72,58.16],[33.54,58.05],[33.69,58],[33.7,57.93],[33.58,57.86],[33.54,57.72],[33.32,57.65],[33.31,57.57],[33.22,57.45],[33.05,57.44],[32.81,57.46],[32.67,57.35],[32.27,57.2],[32.13,57.18],[31.97,57.12],[31.72,57.11],[31.68,57.01],[31.55,56.94],[31.31,56.97],[31.12,56.93],[31,56.97],[30.9,56.9],[30.89,56.81],[30.82,56.72],[30.91,56.66],[31.08,56.62],[31.02,56.52],[31.22,56.44],[31.23,56.35],[31.49,56.3],[31.47,56.12],[31.5,56.03],[31.34,55.96],[31.41,55.89],[31.47,55.73],[31.59,55.75],[31.75,55.71],[31.89,55.77],[32.09,55.67],[32.72,55.69],[32.94,55.63],[33.19,55.65],[33.23,55.7],[33.37,55.7],[33.51,55.76],[33.67,55.87],[33.66,55.95],[33.84,55.95],[33.92,56.07],[34.2,56.07],[34.63,55.92],[35.03,55.98],[35.17,55.95],[35.21,56.02],[35.32,56.05],[35.38,56.17],[35.48,56.24],[35.55,56.37],[35.46,56.45],[35.65,56.47],[35.78,56.39],[35.98,56.39],[36.1,56.35],[36.17,56.41],[36.54,56.48],[36.83,56.58],[37.06,56.52],[37.13,56.56],[37.16,56.68],[37.23,56.77],[37.5,56.78],[37.55,56.91],[37.66,56.94],[37.97,56.85],[38.01,56.77],[38.26,56.77],[38.15,56.83],[38.2,56.89],[38.25,57.13],[38.14,57.2],[38.31,57.28],[38.27,57.37],[38.15,57.34],[37.98,57.36],[37.79,57.44],[37.81,57.61],[37.39,57.83],[37.37,57.98],[37.48,57.98],[37.55,58.05],[37.67,58.08],[37.56,58.17],[37.35,58.24],[37.45,58.41],[37.64,58.43],[37.63,58.49]]]}},
{"type":"Feature","properties":{"r":187,"c":75,"name":"Yaroslavl'","code":"YS"},"geometry":{"type":"Polygon","coordinates":[[[37.63,58.49],[37.64,58.43],[37.45,58.41],[37.35,58.24],[37.56,58.17],[37.67,58.08],[37.55,58.05],[37.48,57.98],[37.37,57.98],[37.39,57.83],[37.81,57.61],[37.79,57.44],[37.98,57.36],[38.15,57.34],[38.27,57.37],[38.31,57.28],[38.14,57.2],[38.25,57.13],[38.2,56.89],[38.15,56.83],[38.26,56.77],[38.37,56.7],[38.63,56.58],[38.85,56.6],[39,56.54],[39.12,56.59],[39.27,56.54],[39.34,56.61],[39.31,56.68],[39.42,56.77],[39.39,56.84],[39.53,56.96],[39.52,57.03],[39.84,57.13],[39.84,57.18],[40.06,57.22],[40.19,57.21],[40.33,57.29],[40.45,57.28],[40.45,57.44],[40.39,57.5],[40.5,57.58],[40.66,57.58],[40.62,57.65],[40.63,57.94],[40.74,58.05],[40.88,58.13],[40.89,58.2],[41.16,58.36],[41.06,58.41],[41.03,58.52],[40.93,58.58],[40.57,58.59],[40.29,58.54],[40.16,58.56],[39.97,58.76],[39.62,58.89],[39.5,58.89],[39.12,58.95],[38.94,58.94],[39,58.85],[38.92,58.74],[38.55,58.78],[38.48,58.71],[38.05,58.74],[37.94,58.64],[37.72,58.62],[37.63,58.49]]]}},
{"type":"Feature","properties":{"r":188,"c":75,"name":"Kaluga","code":"KG"},"geometry":{"type":"Polygon","coordinates":[[[37.26,54.84],[37.12,54.99],[37.08,55.1],[36.9,55.23],[36.59,55.31],[36.42,55.32],[36.24,55.19],[35.86,55.24],[35.75,55.29],[35.58,55.29],[35.47,55.22],[35.37,55.24],[35.28,55.11],[35.14,55.02],[35,54.89],[34.87,54.88],[34.92,54.77],[34.82,54.71],[34.5,54.63],[34.42,54.45],[34.33,54.43],[34.11,54.55],[33.93,54.57],[33.73,54.56],[33.64,54.49],[33.62,54.38],[33.68,54.32],[33.56,54.16],[33.5,54.02],[33.68,54.03],[33.78,53.98],[33.86,53.88],[34.03,53.86],[34.2,53.89],[34.38,53.72],[34.49,53.67],[34.49,53.54],[34.58,53.43],[34.67,53.39],[35.02,53.38],[35.1,53.31],[35.21,53.27],[35.36,53.28],[35.42,53.4],[35.64,53.54],[35.77,53.52],[35.91,53.64],[36.01,53.62],[35.93,53.79],[35.99,53.92],[36.11,53.96],[36.2,54.1],[36.24,54.23],[36.35,54.22],[36.46,54.29],[36.71,54.32],[36.89,54.28],[36.97,54.4],[36.85,54.47],[36.81,54.61],[37.09,54.55],[37.21,54.69],[37.26,54.84]]]}},
{"type":"Feature","properties":{"r":189,"c":75,"name":"Kursk","code":"KS"},"geometry":{"type":"Polygon","coordinates":[[[35.31,50.96],[35.51,50.95],[35.55,50.91],[35.82,50.94],[35.88,51.01],[36,51.06],[35.98,51.16],[36.31,51.1],[36.62,51.08],[36.86,51.19],[36.93,51.18],[37.05,51.25],[37.14,51.34],[37.25,51.33],[37.38,51.39],[37.54,51.39],[37.67,51.37],[37.83,51.42],[38.05,51.42],[38.03,51.37],[38.29,51.29],[38.32,51.34],[38.28,51.53],[38.21,51.63],[38.22,51.71],[38.41,51.69],[38.41,51.92],[38.3,51.96],[38.19,51.91],[38.1,51.93],[38,51.88],[37.82,51.91],[37.75,52.02],[37.65,51.97],[37.48,52.01],[37.35,51.94],[37.16,52.07],[36.82,52.12],[36.73,52.18],[36.55,52.22],[36.36,52.37],[36.15,52.32],[36,52.31],[35.89,52.27],[35.64,52.33],[35.57,52.39],[35.4,52.41],[35.24,52.39],[35.12,52.33],[34.9,52.35],[34.92,52.32],[34.8,52.19],[34.72,52.22],[34.67,52.07],[34.53,52.07],[34.41,52.01],[34.4,51.78],[34.4,51.74],[34.38,51.72],[34.24,51.69],[34.12,51.68],[34.12,51.64],[34.2,51.55],[34.23,51.36],[34.27,51.34],[34.28,51.31],[34.21,51.26],[34.23,51.24],[34.49,51.24],[34.71,51.17],[35.06,51.2],[35.16,51.06],[35.2,51.04],[35.31,51.04],[35.33,51.02],[35.31,50.99],[35.31,50.96]]]}},
{"type":"Feature","properties":{"r":190,"c":75,"name":"Lipetsk","code":"LP"},"geometry":{"type":"Polygon","coordinates":[[[38.9,53.57],[38.7,53.5],[38.76,53.38],[38.48,53.31],[38.6,53.24],[38.63,53.12],[38.59,53.05],[38.47,53.04],[38.31,52.97],[38.11,53.06],[37.91,53.07],[37.84,53.01],[37.84,52.89],[37.79,52.85],[37.87,52.77],[37.78,52.72],[37.81,52.65],[37.73,52.6],[37.78,52.51],[37.91,52.47],[38.04,52.34],[37.95,52.25],[37.78,52.16],[37.75,52.02],[37.82,51.91],[38,51.88],[38.1,51.93],[38.19,51.91],[38.3,51.96],[38.53,52.02],[38.7,52.1],[38.76,52.05],[38.88,52.09],[38.99,52],[39.18,52.1],[39.45,52.08],[39.5,51.97],[39.83,51.92],[39.91,51.98],[40.09,51.99],[40.29,51.96],[40.5,51.95],[40.51,52.02],[40.63,52.07],[40.62,52.13],[40.7,52.27],[40.48,52.37],[40.33,52.4],[40.2,52.51],[40.07,52.56],[39.95,52.65],[39.98,52.77],[40.08,52.8],[40.07,52.93],[40.14,53.07],[40.11,53.28],[40.16,53.34],[39.92,53.42],[39.91,53.5],[39.74,53.59],[39.51,53.53],[39.52,53.46],[39.42,53.41],[39.16,53.39],[39.04,53.55],[38.9,53.57]]]}},
{"type":"Feature","properties":{"r":191,"c":75,"name":"Moskovskaya","code":"MS"},"geometry":{"type":"Polygon","coordinates":[[[36.9,55.23],[37.01,55.3],[36.91,55.43],[37.17,55.45],[37.21,55.6],[37.41,55.66],[37.35,55.74],[37.43,55.88],[37.61,55.9],[37.8,55.84],[37.84,55.76],[37.81,55.65],[37.66,55.57],[37.57,55.36],[37.46,55.38],[37.42,55.18],[37.22,55.08],[37.12,54.99],[37.26,54.84],[37.46,54.82],[37.56,54.74],[37.76,54.74],[37.75,54.82],[37.94,54.83],[38.04,54.71],[38.22,54.66],[38.46,54.64],[38.49,54.58],[38.39,54.47],[38.51,54.36],[38.52,54.29],[38.68,54.24],[38.74,54.35],[38.91,54.4],[38.8,54.45],[38.82,54.6],[39.22,54.63],[39.33,54.75],[39.4,54.88],[39.49,54.94],[39.68,55.02],[39.81,55],[39.89,55.08],[39.83,55.18],[40,55.2],[40.21,55.31],[40.14,55.43],[40.14,55.52],[40.04,55.55],[40.09,55.61],[39.9,55.73],[39.82,55.83],[39.56,55.78],[39.36,55.76],[39.31,55.83],[39.12,55.83],[39.02,55.93],[38.84,55.9],[38.73,55.95],[38.61,55.96],[38.56,56.08],[38.4,56.26],[38.41,56.37],[38.33,56.56],[38.37,56.7],[38.26,56.77],[38.01,56.77],[37.97,56.85],[37.66,56.94],[37.55,56.91],[37.5,56.78],[37.23,56.77],[37.16,56.68],[37.13,56.56],[37.06,56.52],[36.83,56.58],[36.54,56.48],[36.17,56.41],[36.1,56.35],[35.98,56.39],[35.78,56.39],[35.65,56.47],[35.46,56.45],[35.55,56.37],[35.48,56.24],[35.38,56.17],[35.32,56.05],[35.21,56.02],[35.17,55.95],[35.35,55.78],[35.32,55.73],[35.4,55.62],[35.3,55.57],[35.3,55.3],[35.37,55.24],[35.47,55.22],[35.58,55.29],[35.75,55.29],[35.86,55.24],[36.24,55.19],[36.42,55.32],[36.59,55.31],[36.9,55.23]]]}},
{"type":"Feature","properties":{"r":192,"c":75,"name":"Moskva","code":"MS"},"geometry":{"type":"Polygon","coordinates":[[[37.12,54.99],[37.22,55.08],[37.42,55.18],[37.46,55.38],[37.57,55.36],[37.66,55.57],[37.81,55.65],[37.84,55.76],[37.8,55.84],[37.61,55.9],[37.43,55.88],[37.35,55.74],[37.41,55.66],[37.21,55.6],[37.17,55.45],[36.91,55.43],[37.01,55.3],[36.9,55.23],[37.08,55.1],[37.12,54.99]]]}},
{"type":"Feature","properties":{"r":193,"c":75,"name":"Orel","code":"OL"},"geometry":{"type":"Polygon","coordinates":[[[37.84,53.01],[37.79,53.09],[37.56,53.17],[37.57,53.29],[37.33,53.3],[37.2,53.25],[37.09,53.28],[36.81,53.3],[36.67,53.42],[36.54,53.39],[36.4,53.43],[36.22,53.57],[36.1,53.56],[36.01,53.62],[35.91,53.64],[35.77,53.52],[35.64,53.54],[35.42,53.4],[35.36,53.28],[35.21,53.27],[35.1,53.31],[35.12,53.19],[35.18,53.1],[35.31,53.07],[35.16,52.97],[34.97,52.97],[34.8,52.87],[34.87,52.78],[34.95,52.78],[35.09,52.7],[35.01,52.61],[34.99,52.51],[34.83,52.42],[34.9,52.35],[35.12,52.33],[35.24,52.39],[35.4,52.41],[35.57,52.39],[35.64,52.33],[35.89,52.27],[36,52.31],[36.15,52.32],[36.36,52.37],[36.55,52.22],[36.73,52.18],[36.82,52.12],[37.16,52.07],[37.35,51.94],[37.48,52.01],[37.65,51.97],[37.75,52.02],[37.78,52.16],[37.95,52.25],[38.04,52.34],[37.91,52.47],[37.78,52.51],[37.73,52.6],[37.81,52.65],[37.78,52.72],[37.87,52.77],[37.79,52.85],[37.84,52.89],[37.84,53.01]]]}},
{"type":"Feature","properties":{"r":194,"c":75,"name":"Rostov","code":"RO"},"geometry":{"type":"Polygon","coordinates":[[[40.08,49.58],[40.09,49.54],[40.06,49.5],[40.06,49.43],[40.13,49.37],[40.11,49.25],[39.89,49.06],[39.76,49.04],[39.69,49.01],[39.75,48.91],[39.99,48.85],[40,48.82],[39.9,48.79],[39.79,48.81],[39.7,48.74],[39.64,48.59],[39.77,48.57],[39.84,48.54],[39.89,48.36],[39.85,48.33],[39.85,48.3],[39.96,48.27],[39.96,48.24],[39.89,48.17],[39.81,48.04],[39.78,47.89],[39.74,47.84],[39.39,47.83],[38.9,47.86],[38.82,47.84],[38.72,47.71],[38.64,47.67],[38.51,47.62],[38.37,47.61],[38.29,47.56],[38.26,47.41],[38.2,47.32],[38.21,47.3],[38.28,47.28],[38.27,47.24],[38.2,47.18],[38.21,47.09],[38.48,47.18],[38.58,47.24],[38.76,47.26],[38.64,47.21],[38.55,47.15],[38.67,47.14],[38.93,47.18],[39.02,47.27],[39.2,47.27],[39.29,47.11],[39.27,47.04],[39.13,47.02],[38.8,46.91],[38.67,46.88],[38.69,46.82],[38.88,46.81],[38.85,46.71],[38.88,46.63],[39.1,46.6],[39.18,46.69],[39.44,46.81],[39.58,46.78],[39.82,46.78],[40.02,46.76],[40.13,46.72],[40.04,46.62],[40.06,46.54],[40.21,46.52],[40.28,46.4],[40.23,46.36],[40.34,46.28],[40.73,46.28],[40.76,46.23],[40.95,46.2],[41,46.13],[41.13,46.07],[41.16,45.95],[41.38,45.95],[41.42,45.99],[41.66,45.98],[41.71,46],[41.66,46.11],[41.73,46.21],[41.84,46.15],[41.91,46.18],[41.99,46.3],[42.2,46.31],[42.1,46.41],[42.03,46.54],[42.18,46.58],[42.41,46.52],[42.6,46.41],[42.79,46.39],[42.91,46.44],[43.08,46.36],[43.36,46.17],[43.56,46.17],[43.65,46.22],[43.79,46.41],[43.92,46.42],[43.93,46.52],[43.82,46.59],[43.93,46.72],[44.26,46.9],[44.33,47.11],[44.33,47.48],[44.23,47.57],[44.12,47.53],[44.11,47.41],[43.95,47.36],[43.94,47.27],[43.8,47.28],[43.8,47.37],[43.73,47.48],[43.48,47.48],[43.26,47.45],[43.05,47.57],[42.96,47.51],[42.79,47.73],[42.73,47.85],[42.49,48.01],[42.34,48.04],[42.28,48.02],[42.03,48.03],[42.1,48.15],[42.05,48.23],[42.15,48.29],[42.07,48.39],[42.17,48.46],[42.28,48.5],[42.44,48.5],[42.63,48.55],[42.7,48.62],[42.65,48.7],[42.74,48.79],[42.64,48.98],[42.41,49.05],[42.34,49.15],[42.1,49.14],[42.04,49.27],[42.09,49.29],[42.05,49.4],[42.07,49.5],[42.18,49.67],[42.12,49.75],[41.88,49.9],[41.62,49.96],[41.6,50.05],[41.49,50.08],[41.36,50.23],[41.29,50.18],[41.34,50.08],[41.18,50.02],[41.06,49.92],[41.03,49.79],[40.88,49.69],[40.61,49.65],[40.41,49.6],[40.17,49.62],[40.08,49.58]]]}},
{"type":"Feature","properties":{"r":195,"c":75,"name":"Tula","code":"TL"},"geometry":{"type":"Polygon","coordinates":[[[38.9,53.57],[38.91,53.75],[38.84,53.76],[38.79,53.87],[38.84,53.92],[38.71,54],[38.69,54.07],[38.76,54.13],[38.67,54.18],[38.68,54.24],[38.52,54.29],[38.51,54.36],[38.39,54.47],[38.49,54.58],[38.46,54.64],[38.22,54.66],[38.04,54.71],[37.94,54.83],[37.75,54.82],[37.76,54.74],[37.56,54.74],[37.46,54.82],[37.26,54.84],[37.21,54.69],[37.09,54.55],[36.81,54.61],[36.85,54.47],[36.97,54.4],[36.89,54.28],[36.71,54.32],[36.46,54.29],[36.35,54.22],[36.24,54.23],[36.2,54.1],[36.11,53.96],[35.99,53.92],[35.93,53.79],[36.01,53.62],[36.1,53.56],[36.22,53.57],[36.4,53.43],[36.54,53.39],[36.67,53.42],[36.81,53.3],[37.09,53.28],[37.2,53.25],[37.33,53.3],[37.57,53.29],[37.56,53.17],[37.79,53.09],[37.84,53.01],[37.91,53.07],[38.11,53.06],[38.31,52.97],[38.47,53.04],[38.59,53.05],[38.63,53.12],[38.6,53.24],[38.48,53.31],[38.76,53.38],[38.7,53.5],[38.9,53.57]]]}},
{"type":"Feature","properties":{"r":196,"c":75,"name":"Volgograd","code":"VG"},"geometry":{"type":"Polygon","coordinates":[[[47.45,50.37],[47.28,50.37],[47.18,50.51],[47.01,50.48],[46.88,50.52],[46.83,50.63],[46.71,50.69],[46.58,50.7],[46.48,50.62],[46.46,50.55],[46.29,50.57],[46.25,50.53],[46.07,50.54],[46.07,50.65],[45.89,50.76],[45.81,50.77],[45.68,50.73],[45.67,50.59],[45.5,50.61],[45.24,50.59],[45.19,50.7],[45.29,50.78],[45.31,50.88],[45.22,50.94],[45.2,51.04],[45.04,51.13],[44.66,51.17],[44.21,51.19],[44.18,51.12],[44,51.09],[43.86,51.11],[43.68,51.11],[43.64,51.07],[43.33,51.02],[43.14,51.12],[42.87,51.23],[42.72,51.24],[42.57,51.17],[42.25,51.13],[42.07,51.16],[41.98,51.2],[41.85,51.19],[41.74,51.03],[41.44,50.92],[41.37,50.83],[41.17,50.78],[41.31,50.72],[41.4,50.63],[41.53,50.6],[41.42,50.48],[41.51,50.39],[41.36,50.23],[41.49,50.08],[41.6,50.05],[41.62,49.96],[41.88,49.9],[42.12,49.75],[42.18,49.67],[42.07,49.5],[42.05,49.4],[42.09,49.29],[42.04,49.27],[42.1,49.14],[42.34,49.15],[42.41,49.05],[42.64,48.98],[42.74,48.79],[42.65,48.7],[42.7,48.62],[42.63,48.55],[42.44,48.5],[42.28,48.5],[42.17,48.46],[42.07,48.39],[42.15,48.29],[42.05,48.23],[42.1,48.15],[42.03,48.03],[42.28,48.02],[42.34,48.04],[42.49,48.01],[42.73,47.85],[42.79,47.73],[42.96,47.51],[43.05,47.57],[43.26,47.45],[43.48,47.48],[43.73,47.48],[43.63,47.57],[43.71,47.68],[43.82,47.75],[43.95,47.76],[44.03,47.82],[44.08,47.91],[44.39,47.87],[44.47,47.99],[44.45,48.05],[44.31,48.09],[44.31,48.26],[44.54,48.2],[44.55,48.06],[44.66,48.09],[44.77,48.06],[44.93,48.14],[44.96,48.21],[45.14,48.11],[45.3,48.1],[45.15,48.24],[44.99,48.27],[45.04,48.39],[45.17,48.44],[45.37,48.46],[45.3,48.56],[45.61,48.59],[45.76,48.67],[45.95,48.84],[46.06,48.87],[46.3,48.84],[46.64,48.66],[46.7,48.81],[46.85,48.97],[46.96,49.04],[47.03,49.15],[47.02,49.2],[46.85,49.3],[46.8,49.37],[46.89,49.7],[46.99,49.85],[47.25,50],[47.3,50.06],[47.29,50.22],[47.43,50.36],[47.45,50.37]]]}},
{"type":"Feature","properties":{"r":197,"c":75,"name":"Belgorod","code":"BL"},"geometry":{"type":"Polygon","coordinates":[[[39.17,49.86],[39.23,50.06],[39.1,50.17],[39.08,50.35],[38.99,50.43],[39.1,50.51],[39.07,50.64],[38.97,50.65],[38.72,50.79],[38.74,50.9],[38.87,50.91],[38.85,51.04],[38.74,51.07],[38.62,51],[38.52,51.06],[38.4,51.08],[38.4,51.16],[38.5,51.19],[38.45,51.26],[38.29,51.29],[38.03,51.37],[38.05,51.42],[37.83,51.42],[37.67,51.37],[37.54,51.39],[37.38,51.39],[37.25,51.33],[37.14,51.34],[37.05,51.25],[36.93,51.18],[36.86,51.19],[36.62,51.08],[36.31,51.1],[35.98,51.16],[36,51.06],[35.88,51.01],[35.82,50.94],[35.55,50.91],[35.51,50.95],[35.31,50.96],[35.31,50.95],[35.35,50.9],[35.38,50.8],[35.44,50.73],[35.44,50.68],[35.39,50.61],[35.41,50.54],[35.49,50.46],[35.55,50.44],[35.59,50.37],[35.67,50.35],[35.89,50.44],[36.12,50.41],[36.19,50.37],[36.24,50.31],[36.31,50.28],[36.37,50.3],[36.5,50.28],[36.56,50.23],[36.62,50.21],[36.76,50.29],[36.99,50.34],[37.13,50.35],[37.34,50.42],[37.42,50.41],[37.58,50.29],[37.61,50.21],[37.7,50.11],[37.95,49.96],[38.05,49.92],[38.15,49.94],[38.18,50.03],[38.21,50.05],[38.26,50.05],[38.45,49.96],[38.65,49.95],[38.92,49.82],[39.03,49.82],[39.11,49.84],[39.17,49.86]]]}},
{"type":"Feature","properties":{"r":198,"c":75,"name":"Krasnodar","code":"KD"},"geometry":{"type":"Polygon","coordinates":[[[40.69,43.52],[40.72,43.63],[40.72,43.81],[40.78,43.93],[40.95,43.99],[40.99,44.12],[41.26,44.08],[41.28,44.01],[41.45,43.99],[41.54,44.09],[41.63,44.12],[41.71,44.24],[41.7,44.31],[41.6,44.37],[41.73,44.46],[41.7,44.5],[41.57,44.55],[41.42,44.71],[41.54,44.74],[41.65,44.9],[41.64,44.98],[41.47,44.99],[41.35,45.12],[41.36,45.21],[41.26,45.23],[41.04,45.22],[41.01,45.38],[40.92,45.43],[40.84,45.54],[40.87,45.7],[41.17,45.7],[41.27,45.75],[41.26,45.87],[41.16,45.95],[41.13,46.07],[41,46.13],[40.95,46.2],[40.76,46.23],[40.73,46.28],[40.34,46.28],[40.23,46.36],[40.28,46.4],[40.21,46.52],[40.06,46.54],[40.04,46.62],[40.13,46.72],[40.02,46.76],[39.82,46.78],[39.58,46.78],[39.44,46.81],[39.18,46.69],[39.1,46.6],[38.88,46.63],[38.85,46.71],[38.88,46.81],[38.69,46.82],[38.67,46.88],[38.63,46.87],[38.44,46.81],[38.49,46.73],[38.5,46.66],[38.23,46.7],[38.16,46.69],[37.97,46.62],[37.77,46.64],[37.81,46.53],[37.91,46.41],[37.98,46.38],[38.08,46.39],[38.32,46.24],[38.49,46.09],[38.4,46.08],[38.31,46.1],[38.18,46.09],[38.08,45.93],[38.07,46.02],[38.01,46.05],[37.93,46],[37.84,45.8],[37.67,45.65],[37.61,45.56],[37.61,45.5],[37.67,45.49],[37.65,45.38],[37.26,45.31],[37.21,45.27],[37.1,45.3],[36.87,45.43],[36.79,45.41],[36.72,45.37],[36.94,45.29],[36.87,45.25],[36.62,45.19],[36.65,45.13],[36.94,45.07],[37.2,44.97],[37.28,44.91],[37.35,44.79],[37.41,44.74],[37.57,44.67],[37.7,44.66],[37.85,44.7],[38.18,44.42],[38.31,44.37],[38.64,44.32],[38.72,44.29],[39.33,43.9],[39.52,43.73],[39.87,43.47],[39.98,43.42],[40.08,43.55],[40.15,43.57],[40.52,43.51],[40.65,43.53],[40.69,43.52]],[[39.75,45.13],[39.96,45.07],[40.17,45.11],[40.42,45],[40.53,44.92],[40.62,44.77],[40.55,44.72],[40.39,44.73],[40.33,44.56],[40.41,44.5],[40.41,44.34],[40.44,44.28],[40.37,44.2],[40.38,44.03],[40.46,43.98],[40.34,43.77],[40.28,43.75],[39.93,43.9],[39.73,43.92],[39.75,44.06],[39.72,44.12],[39.8,44.19],[39.9,44.08],[39.99,44.08],[40.08,44.24],[39.97,44.26],[39.91,44.32],[39.79,44.36],[39.87,44.47],[39.91,44.58],[39.91,44.7],[40.02,44.72],[39.88,45.01],[39.75,44.93],[39.64,45.03],[39.5,45.03],[39.49,44.97],[39.63,44.86],[39.55,44.81],[39.06,44.81],[38.76,44.94],[38.73,45.01],[38.92,45.02],[39.04,44.97],[39.32,45],[39.54,45.16],[39.64,45.19],[39.75,45.13]]]}},
{"type":"Feature","properties":{"r":199,"c":75,"name":"Mordovia","code":"MR"},"geometry":{"type":"Polygon","coordinates":[[[42.47,54.87],[42.39,54.81],[42.42,54.74],[42.52,54.72],[42.7,54.58],[42.56,54.49],[42.63,54.37],[42.53,54.37],[42.38,54.26],[42.21,54.23],[42.27,54.17],[42.46,54.25],[42.6,54.18],[42.53,54.08],[42.32,54.1],[42.44,54.01],[42.31,53.85],[42.51,53.74],[42.63,53.81],[42.94,53.8],[43.17,53.84],[43.11,53.91],[43.18,54],[43.31,54.02],[43.43,53.99],[43.53,54.01],[43.75,53.96],[43.93,53.86],[43.88,53.81],[44.1,53.74],[44.21,53.76],[44.31,53.7],[44.43,53.72],[44.53,53.66],[44.73,53.7],[44.61,53.83],[44.62,53.89],[44.88,53.97],[45.18,53.98],[45.34,53.88],[45.65,53.93],[45.79,54],[45.88,54.03],[46.02,54.19],[46.38,54.23],[46.49,54.28],[46.72,54.33],[46.73,54.38],[46.54,54.41],[46.48,54.5],[46.53,54.55],[46.52,54.65],[46.44,54.69],[46.44,54.77],[46.41,54.9],[46.06,55.04],[45.95,55],[45.82,55],[45.74,55.08],[45.71,55.18],[45.6,55.16],[45.44,55.03],[45.42,54.88],[45.27,54.87],[45.21,54.76],[45.12,54.8],[45.04,54.71],[45.09,54.66],[45.03,54.57],[45.11,54.49],[44.92,54.48],[44.74,54.52],[44.6,54.58],[44.54,54.53],[44.38,54.59],[44.11,54.65],[44.09,54.73],[43.94,54.74],[43.95,54.81],[43.69,54.83],[43.61,54.9],[43.37,54.95],[43.16,54.9],[43.1,54.8],[42.64,54.79],[42.47,54.87]]]}},
{"type":"Feature","properties":{"r":200,"c":75,"name":"Penza","code":"PZ"},"geometry":{"type":"Polygon","coordinates":[[[45.79,54],[45.65,53.93],[45.34,53.88],[45.18,53.98],[44.88,53.97],[44.62,53.89],[44.61,53.83],[44.73,53.7],[44.53,53.66],[44.43,53.72],[44.31,53.7],[44.21,53.76],[44.1,53.74],[43.88,53.81],[43.93,53.86],[43.75,53.96],[43.53,54.01],[43.43,53.99],[43.31,54.02],[43.18,54],[43.11,53.91],[43.17,53.84],[42.94,53.8],[42.63,53.81],[42.51,53.74],[42.31,53.85],[42.13,53.81],[42.09,53.54],[42.31,53.44],[42.35,53.37],[42.75,53.02],[42.91,52.97],[43.1,52.82],[43.24,52.66],[43.04,52.56],[43.01,52.48],[43.08,52.4],[43.19,52.46],[43.35,52.39],[43.53,52.43],[43.75,52.43],[44.04,52.35],[44.35,52.32],[44.42,52.42],[44.54,52.43],[44.5,52.52],[44.87,52.43],[44.91,52.38],[45.07,52.38],[45.14,52.42],[45.26,52.39],[45.43,52.4],[45.53,52.48],[45.64,52.52],[45.72,52.47],[45.98,52.41],[45.97,52.49],[46.15,52.59],[46.28,52.62],[46.29,52.67],[46.52,52.7],[46.71,52.63],[46.83,52.62],[46.85,52.73],[46.98,52.77],[46.91,53.08],[46.95,53.19],[46.91,53.34],[46.79,53.41],[46.49,53.51],[46.47,53.65],[46.19,53.85],[46.21,53.91],[45.96,54.01],[45.79,54]]]}},
{"type":"Feature","properties":{"r":201,"c":75,"name":"Ryazan'","code":"RZ"},"geometry":{"type":"Polygon","coordinates":[[[40.16,53.34],[40.32,53.36],[40.5,53.46],[40.74,53.56],[40.84,53.49],[41.02,53.49],[41.17,53.43],[41.35,53.56],[41.35,53.74],[41.4,53.78],[41.75,53.82],[42.13,53.81],[42.31,53.85],[42.44,54.01],[42.32,54.1],[42.53,54.08],[42.6,54.18],[42.46,54.25],[42.27,54.17],[42.21,54.23],[42.38,54.26],[42.53,54.37],[42.63,54.37],[42.56,54.49],[42.7,54.58],[42.52,54.72],[42.42,54.74],[42.39,54.81],[42.47,54.87],[42.44,55.01],[42.17,54.95],[41.89,55.06],[41.78,55.12],[41.66,55.11],[41.5,55.16],[41.41,55.13],[41.21,55.22],[41.05,55.18],[40.96,55.26],[40.73,55.2],[40.61,55.21],[40.52,55.33],[40.35,55.34],[40.21,55.31],[40,55.2],[39.83,55.18],[39.89,55.08],[39.81,55],[39.68,55.02],[39.49,54.94],[39.4,54.88],[39.33,54.75],[39.22,54.63],[38.82,54.6],[38.8,54.45],[38.91,54.4],[38.74,54.35],[38.68,54.24],[38.67,54.18],[38.76,54.13],[38.69,54.07],[38.71,54],[38.84,53.92],[38.79,53.87],[38.84,53.76],[38.91,53.75],[38.9,53.57],[39.04,53.55],[39.16,53.39],[39.42,53.41],[39.52,53.46],[39.51,53.53],[39.74,53.59],[39.91,53.5],[39.92,53.42],[40.16,53.34]]]}},
{"type":"Feature","properties":{"r":202,"c":75,"name":"Tambov","code":"TB"},"geometry":{"type":"Polygon","coordinates":[[[42.13,53.81],[41.75,53.82],[41.4,53.78],[41.35,53.74],[41.35,53.56],[41.17,53.43],[41.02,53.49],[40.84,53.49],[40.74,53.56],[40.5,53.46],[40.32,53.36],[40.16,53.34],[40.11,53.28],[40.14,53.07],[40.07,52.93],[40.08,52.8],[39.98,52.77],[39.95,52.65],[40.07,52.56],[40.2,52.51],[40.33,52.4],[40.48,52.37],[40.7,52.27],[40.62,52.13],[40.63,52.07],[40.51,52.02],[40.5,51.95],[40.73,51.94],[40.94,51.89],[40.89,51.74],[41.07,51.71],[41.27,51.73],[41.31,51.79],[41.56,51.77],[41.95,51.66],[42.25,51.69],[42.27,51.6],[42.4,51.63],[42.49,51.61],[42.49,51.69],[42.64,51.8],[42.69,51.97],[42.81,52.01],[42.75,52.08],[42.75,52.17],[43,52.36],[43.08,52.4],[43.01,52.48],[43.04,52.56],[43.24,52.66],[43.1,52.82],[42.91,52.97],[42.75,53.02],[42.35,53.37],[42.31,53.44],[42.09,53.54],[42.13,53.81]]]}},
{"type":"Feature","properties":{"r":203,"c":75,"name":"Vladimir","code":"VL"},"geometry":{"type":"Polygon","coordinates":[[[40.21,55.31],[40.35,55.34],[40.52,55.33],[40.61,55.21],[40.73,55.2],[40.96,55.26],[41.05,55.18],[41.21,55.22],[41.41,55.13],[41.5,55.16],[41.66,55.11],[41.78,55.12],[41.87,55.16],[41.86,55.24],[41.93,55.33],[42.12,55.42],[42.07,55.48],[42.06,55.61],[42.28,55.77],[42.38,55.78],[42.49,55.85],[42.56,55.97],[42.69,56],[42.69,56.12],[42.91,56.15],[42.75,56.22],[42.76,56.31],[42.59,56.42],[42.47,56.42],[42.29,56.47],[42.07,56.37],[41.96,56.39],[41.93,56.52],[41.05,56.48],[40.93,56.5],[40.71,56.6],[40.49,56.58],[40.16,56.43],[39.94,56.53],[39.88,56.65],[39.86,56.78],[39.68,56.82],[39.42,56.77],[39.31,56.68],[39.34,56.61],[39.27,56.54],[39.12,56.59],[39,56.54],[38.85,56.6],[38.63,56.58],[38.37,56.7],[38.33,56.56],[38.41,56.37],[38.4,56.26],[38.56,56.08],[38.61,55.96],[38.73,55.95],[38.84,55.9],[39.02,55.93],[39.12,55.83],[39.31,55.83],[39.36,55.76],[39.56,55.78],[39.82,55.83],[39.9,55.73],[40.09,55.61],[40.04,55.55],[40.14,55.52],[40.14,55.43],[40.21,55.31]]]}},
{"type":"Feature","properties":{"r":204,"c":75,"name":"Voronezh","code":"VR"},"geometry":{"type":"Polygon","coordinates":[[[40.08,49.58],[40.17,49.62],[40.41,49.6],[40.61,49.65],[40.88,49.69],[41.03,49.79],[41.06,49.92],[41.18,50.02],[41.34,50.08],[41.29,50.18],[41.36,50.23],[41.51,50.39],[41.42,50.48],[41.53,50.6],[41.4,50.63],[41.31,50.72],[41.17,50.78],[41.37,50.83],[41.44,50.92],[41.74,51.03],[41.85,51.19],[41.98,51.2],[42.07,51.16],[42.25,51.13],[42.57,51.17],[42.72,51.24],[42.87,51.23],[42.86,51.38],[42.73,51.48],[42.49,51.61],[42.4,51.63],[42.27,51.6],[42.25,51.69],[41.95,51.66],[41.56,51.77],[41.31,51.79],[41.27,51.73],[41.07,51.71],[40.89,51.74],[40.94,51.89],[40.73,51.94],[40.5,51.95],[40.29,51.96],[40.09,51.99],[39.91,51.98],[39.83,51.92],[39.5,51.97],[39.45,52.08],[39.18,52.1],[38.99,52],[38.88,52.09],[38.76,52.05],[38.7,52.1],[38.53,52.02],[38.3,51.96],[38.41,51.92],[38.41,51.69],[38.22,51.71],[38.21,51.63],[38.28,51.53],[38.32,51.34],[38.29,51.29],[38.45,51.26],[38.5,51.19],[38.4,51.16],[38.4,51.08],[38.52,51.06],[38.62,51],[38.74,51.07],[38.85,51.04],[38.87,50.91],[38.74,50.9],[38.72,50.79],[38.97,50.65],[39.07,50.64],[39.1,50.51],[38.99,50.43],[39.08,50.35],[39.1,50.17],[39.23,50.06],[39.17,49.86],[39.21,49.83],[39.3,49.74],[39.46,49.73],[39.78,49.57],[39.88,49.57],[40.03,49.6],[40.08,49.58]]]}},
{"type":"Feature","properties":{"r":205,"c":75,"name":"Bashkortostan","code":"BK"},"geometry":{"type":"Polygon","coordinates":[[[53.63,55.91],[53.76,55.87],[53.98,55.85],[54.18,55.71],[54.17,55.62],[54,55.54],[53.89,55.38],[53.72,55.34],[53.59,55.21],[53.42,55.22],[53.33,55.17],[53.15,55.15],[53.14,55.1],[53.27,55.01],[53.42,54.98],[53.58,54.82],[53.61,54.73],[53.52,54.62],[53.41,54.55],[53.43,54.5],[53.35,54.38],[53.47,54.05],[53.6,53.88],[53.66,53.75],[53.88,53.66],[54.11,53.42],[54.25,53.38],[54.3,53.41],[54.52,53.36],[54.56,53.27],[54.66,53.24],[54.8,53.27],[54.93,53.22],[54.96,53.11],[55.16,52.82],[55.26,52.86],[55.41,52.84],[55.41,52.66],[55.54,52.54],[55.55,52.38],[55.78,52.34],[55.89,52.4],[55.92,52.5],[56.08,52.6],[56.37,52.52],[56.44,52.42],[56.45,52.31],[56.19,52.19],[56.22,52.13],[56.5,52.16],[56.63,52.12],[56.68,52.05],[56.61,51.83],[56.75,51.77],[56.71,51.72],[56.78,51.59],[56.89,51.62],[56.88,51.7],[57,51.73],[57.04,51.66],[57.21,51.58],[57.37,51.64],[57.43,51.73],[57.62,51.76],[57.65,51.86],[57.78,51.83],[57.88,51.85],[57.98,51.79],[58.09,51.79],[58.24,51.74],[58.49,51.76],[58.58,51.79],[58.64,52.02],[58.69,52.05],[58.61,52.18],[58.69,52.27],[58.86,52.26],[58.83,52.43],[58.78,52.53],[58.81,52.59],[58.72,52.65],[58.78,52.7],[58.75,52.84],[58.9,53.07],[58.89,53.19],[58.83,53.2],[58.87,53.32],[58.87,53.5],[58.82,53.6],[58.91,53.67],[58.87,53.76],[58.91,53.86],[59.01,53.96],[59.16,53.99],[59.26,54.14],[59.34,54.19],[59.54,54.2],[59.69,54.13],[59.8,54.24],[59.67,54.34],[59.75,54.45],[59.68,54.5],[59.86,54.6],[59.97,54.8],[59.9,54.87],[59.81,54.85],[59.61,54.87],[59.4,54.7],[59.23,54.61],[59.06,54.63],[58.82,54.57],[58.61,54.47],[58.36,54.55],[58.21,54.52],[57.97,54.39],[57.74,54.5],[57.74,54.58],[57.59,54.63],[57.5,54.7],[57.39,54.72],[57.17,54.82],[57.24,54.96],[57.14,55.09],[57.23,55.15],[57.26,55.26],[57.52,55.33],[57.67,55.3],[58.03,55.27],[58.14,55.21],[57.96,55.16],[58.09,55.02],[58.15,55.12],[58.29,55.17],[58.36,55.08],[58.62,54.95],[58.82,55.02],[58.67,55.19],[58.8,55.2],[58.87,55.32],[58.98,55.3],[59.16,55.33],[59.2,55.45],[59.56,55.5],[59.45,55.63],[59.25,55.61],[59.3,55.78],[59.16,55.79],[59.23,55.91],[59.18,55.99],[59.27,56.05],[59.19,56.13],[59.03,56.17],[58.94,56.07],[58.75,56.06],[58.54,56.16],[58.31,56.1],[58.08,56.14],[57.91,56.12],[57.8,56.15],[57.54,56.1],[57.41,56.24],[57.41,56.33],[57.27,56.3],[57.21,56.18],[56.86,56.11],[56.73,56.22],[56.65,56.22],[56.4,56.39],[56.28,56.31],[56.07,56.29],[55.88,56.44],[55.55,56.4],[55.45,56.34],[54.97,56.32],[54.92,56.39],[54.53,56.51],[54.43,56.34],[54.35,56.36],[54.35,56.25],[54.12,56.16],[54.05,56.06],[53.84,56.04],[53.78,55.97],[53.63,55.91]]]}},
{"type":"Feature","properties":{"r":206,"c":75,"name":"Chelyabinsk","code":"CL"},"geometry":{"type":"Polygon","coordinates":[[[63.32,54.17],[63.25,54.25],[63.13,54.31],[63.13,54.45],[63.24,54.48],[63.3,54.56],[63.19,54.69],[62.9,54.69],[62.71,54.63],[62.42,54.72],[62.38,54.67],[62.15,54.64],[62.02,54.72],[62.12,54.82],[61.98,54.93],[61.99,55.04],[62.24,55.08],[62.16,55.24],[62.05,55.31],[62.23,55.34],[62.3,55.4],[62.58,55.52],[62.52,55.56],[62.52,55.74],[62.34,55.91],[62.31,55.98],[62.13,56.07],[62.07,56.13],[61.86,56.18],[61.82,56.24],[61.64,56.32],[61.54,56.3],[61.38,56.37],[61.27,56.33],[61.15,56.38],[61.08,56.33],[61.15,56.22],[60.91,56.19],[60.75,56.24],[60.58,56.21],[60.31,56.24],[60.24,56.21],[59.92,56.26],[59.79,56.23],[59.7,56.31],[59.35,56.32],[59.19,56.35],[59.12,56.32],[59.13,56.21],[59.03,56.17],[59.19,56.13],[59.27,56.05],[59.18,55.99],[59.23,55.91],[59.16,55.79],[59.3,55.78],[59.25,55.61],[59.45,55.63],[59.56,55.5],[59.2,55.45],[59.16,55.33],[58.98,55.3],[58.87,55.32],[58.8,55.2],[58.67,55.19],[58.82,55.02],[58.62,54.95],[58.36,55.08],[58.29,55.17],[58.15,55.12],[58.09,55.02],[57.96,55.16],[58.14,55.21],[58.03,55.27],[57.67,55.3],[57.52,55.33],[57.26,55.26],[57.23,55.15],[57.14,55.09],[57.24,54.96],[57.17,54.82],[57.39,54.72],[57.5,54.7],[57.59,54.63],[57.74,54.58],[57.74,54.5],[57.97,54.39],[58.21,54.52],[58.36,54.55],[58.61,54.47],[58.82,54.57],[59.06,54.63],[59.23,54.61],[59.4,54.7],[59.61,54.87],[59.81,54.85],[59.9,54.87],[59.97,54.8],[59.86,54.6],[59.68,54.5],[59.75,54.45],[59.67,54.34],[59.8,54.24],[59.69,54.13],[59.54,54.2],[59.34,54.19],[59.26,54.14],[59.16,53.99],[59.01,53.96],[58.91,53.86],[58.87,53.76],[58.91,53.67],[58.82,53.6],[58.87,53.5],[58.87,53.32],[58.83,53.2],[58.89,53.19],[58.9,53.07],[58.75,52.84],[58.78,52.7],[58.72,52.65],[58.81,52.59],[58.78,52.53],[58.83,52.43],[59.18,52.28],[59.25,52.49],[59.4,52.5],[59.51,52.44],[59.78,52.49],[59.95,52.43],[60.15,52.42],[60.14,52.27],[59.98,52.18],[59.91,52.1],[60.06,51.98],[60.07,51.98],[60.23,52.02],[60.43,52.13],[60.5,52.15],[60.67,52.15],[60.94,52.28],[60.99,52.34],[60.98,52.39],[60.82,52.57],[60.77,52.68],[60.8,52.74],[61.05,52.97],[61.4,53],[61.89,52.96],[61.97,52.94],[62.08,53.01],[62.08,53.06],[62.01,53.11],[61.77,53.17],[61.66,53.23],[61.58,53.22],[61.2,53.29],[61.16,53.34],[61.23,53.45],[61.31,53.47],[61.4,53.46],[61.5,53.48],[61.53,53.52],[61.52,53.55],[61.47,53.58],[61.41,53.59],[61.25,53.55],[60.98,53.62],[60.99,53.66],[61.11,53.75],[61.11,53.88],[61.14,53.96],[61.23,54.02],[61.33,54.05],[61.6,53.99],[61.99,53.95],[62,53.98],[62.04,54],[62.5,54.01],[62.63,54.07],[63.07,54.11],[63.19,54.17],[63.29,54.17],[63.32,54.17]]]}},
{"type":"Feature","properties":{"r":207,"c":75,"name":"Kurgan","code":"KU"},"geometry":{"type":"Polygon","coordinates":[[[68.77,55.33],[68.59,55.42],[68.49,55.4],[68.32,55.56],[68.17,55.6],[68.19,55.7],[67.91,55.66],[67.82,55.72],[67.59,55.71],[67.45,55.74],[67.3,55.9],[66.99,55.99],[66.8,55.97],[66.76,56.05],[66.46,55.95],[66.3,56.06],[66.19,56.07],[66.03,55.99],[65.86,56.06],[65.71,56.2],[65.67,56.27],[65.12,56.33],[65.09,56.45],[64.97,56.5],[65.02,56.65],[65,56.77],[64.83,56.84],[64.54,56.81],[64.48,56.76],[64.34,56.75],[64.36,56.65],[64.22,56.6],[64.24,56.52],[64.17,56.47],[63.77,56.51],[63.45,56.61],[63.36,56.56],[63.1,56.57],[63,56.6],[62.59,56.52],[62.54,56.58],[62.33,56.47],[62.25,56.36],[62.08,56.29],[62.07,56.13],[62.13,56.07],[62.31,55.98],[62.34,55.91],[62.52,55.74],[62.52,55.56],[62.58,55.52],[62.3,55.4],[62.23,55.34],[62.05,55.31],[62.16,55.24],[62.24,55.08],[61.99,55.04],[61.98,54.93],[62.12,54.82],[62.02,54.72],[62.15,54.64],[62.38,54.67],[62.42,54.72],[62.71,54.63],[62.9,54.69],[63.19,54.69],[63.3,54.56],[63.24,54.48],[63.13,54.45],[63.13,54.31],[63.25,54.25],[63.32,54.17],[63.41,54.18],[63.72,54.25],[63.85,54.24],[64.04,54.28],[64.2,54.35],[64.46,54.38],[64.65,54.35],[64.93,54.4],[65.09,54.34],[65.16,54.36],[65.24,54.52],[65.38,54.56],[65.48,54.62],[65.71,54.62],[65.91,54.69],[65.95,54.66],[66.22,54.67],[67.1,54.79],[67.26,54.83],[67.69,54.87],[67.83,54.94],[68.07,54.96],[68.21,55],[68.24,55.05],[68.21,55.16],[68.3,55.19],[68.52,55.2],[68.71,55.31],[68.77,55.33]]]}},
{"type":"Feature","properties":{"r":208,"c":75,"name":"Nenets","code":"NN"},"geometry":{"type":"MultiPolygon","coordinates":[[[[44.22,66.41],[44.48,66.37],[44.58,66.31],[45.74,66.07],[45.83,66.09],[46.35,66.03],[47.11,65.82],[47.41,65.84],[47.66,65.81],[47.76,65.86],[47.75,65.94],[48.16,66.13],[49.01,66.12],[51.51,66.78],[51.49,66.91],[51.81,66.95],[51.84,67],[52.25,67.09],[53.77,67],[60.08,66.99],[61.43,67],[61.69,67.03],[61.85,67.13],[62.82,67.39],[62.87,67.58],[63.16,67.69],[63.45,67.77],[63.69,67.76],[63.94,67.88],[63.83,68.02],[64.32,68.13],[64.53,68.2],[64.52,68.34],[64.75,68.4],[65.48,68.43],[65.65,68.56],[65.52,68.59],[65.33,68.73],[65.31,68.8],[65.06,68.81],[64.9,68.87],[64.55,68.87],[64.55,69.03],[64.99,69.2],[65.04,69.27],[65.03,69.27],[64.9,69.25],[64.93,69.33],[64.59,69.44],[64.19,69.53],[63.36,69.68],[62.63,69.74],[61.77,69.76],[61.02,69.85],[60.91,69.85],[60.56,69.69],[60.28,69.65],[60.17,69.59],[60.34,69.46],[60.66,69.11],[60.86,69.15],[60.93,68.99],[60.64,68.79],[60.49,68.73],[60.16,68.7],[59.9,68.71],[59.87,68.6],[59.94,68.51],[59.9,68.42],[59.73,68.35],[59.6,68.35],[59.1,68.44],[59.11,68.62],[59.22,68.69],[59.37,68.74],[59.11,68.9],[59.06,69.01],[58.35,68.92],[58.24,68.83],[58.17,68.89],[57.13,68.55],[56.62,68.62],[56.28,68.62],[56.04,68.65],[55.92,68.64],[55.68,68.58],[55.42,68.57],[55.15,68.48],[54.92,68.37],[54.86,68.2],[54.72,68.18],[54.56,68.27],[54.48,68.29],[54.1,68.26],[53.97,68.23],[53.26,68.27],[53.34,68.34],[53.69,68.4],[53.83,68.38],[53.93,68.44],[53.92,68.54],[53.76,68.63],[53.89,68.8],[53.97,68.84],[53.92,68.87],[53.8,68.88],[53.8,68.91],[53.87,68.93],[54.38,68.96],[54.49,68.99],[53.8,69],[52.68,68.73],[52.34,68.61],[52.55,68.59],[52.72,68.48],[52.67,68.43],[52.4,68.35],[52.32,68.34],[52.18,68.37],[52.29,68.46],[52.13,68.53],[51.99,68.54],[51.62,68.48],[51.34,68.4],[51.08,68.36],[50.84,68.35],[50.7,68.32],[49.93,68.07],[49.16,67.87],[48.95,67.85],[48.75,67.9],[48.7,67.87],[48.88,67.73],[48.83,67.68],[48.65,67.7],[47.87,67.58],[47.91,67.45],[47.77,67.28],[47.66,66.98],[47.5,66.93],[46.55,66.82],[46.49,66.8],[46.45,66.82],[46.3,66.84],[45.99,66.85],[45.89,66.89],[45.75,66.99],[45.56,67.19],[45.14,67.28],[44.94,67.35],[44.9,67.41],[44.94,67.48],[45.53,67.76],[46.17,67.82],[46.43,67.82],[46.69,67.85],[46.68,67.97],[45.89,68.48],[45.52,68.55],[45.08,68.58],[44.18,68.54],[44.05,68.55],[43.47,68.68],[43.33,68.67],[43.4,68.61],[44.17,68.33],[44.23,68.15],[44.23,68],[44.04,67.67],[43.86,67.44],[43.78,67.25],[43.86,67.19],[44.07,67.17],[44.29,67.1],[44.4,67],[44.49,66.67],[44.32,66.48],[44.22,66.41]]],[[[49.23,69.51],[48.95,69.51],[48.63,69.44],[48.41,69.35],[48.32,69.27],[48.29,68.98],[48.44,68.8],[48.67,68.73],[48.91,68.74],[49.18,68.78],[49.63,68.86],[49.84,68.97],[49.92,69.05],[50.09,69.13],[50.16,69.04],[50.28,69.09],[50.27,69.19],[50.17,69.26],[49.23,69.51]]],[[[60.39,69.96],[59.64,70.2],[59.43,70.31],[59.01,70.47],[58.79,70.43],[58.68,70.36],[58.52,70.32],[58.47,70.27],[58.68,70.05],[58.95,69.89],[59,69.88],[59.14,69.92],[59.5,69.87],[59.58,69.79],[59.58,69.74],[59.64,69.72],[59.92,69.7],[60.03,69.72],[60.22,69.69],[60.44,69.73],[60.48,69.89],[60.39,69.96]]]]}},
{"type":"Feature","properties":{"r":209,"c":75,"name":"Yamal-Nenets","code":"YN"},"geometry":{"type":"MultiPolygon","coordinates":[[[[70.06,66.6],[70.08,66.7],[69.92,66.71],[69.8,66.74],[69.5,66.75],[69.47,66.72],[69.65,66.57],[69.84,66.49],[70.02,66.5],[70.06,66.52],[70.11,66.57],[70.06,66.6]]],[[[65.04,69.27],[64.99,69.2],[64.55,69.03],[64.55,68.87],[64.9,68.87],[65.06,68.81],[65.31,68.8],[65.33,68.73],[65.52,68.59],[65.65,68.56],[65.48,68.43],[65.27,68.22],[65.33,68.08],[65.29,68.01],[65.44,67.92],[66.08,67.93],[66.02,67.79],[66.21,67.69],[65.83,67.64],[65.84,67.56],[66.03,67.58],[66.11,67.49],[65.94,67.39],[65.71,67.34],[65.19,67.14],[65.09,67.05],[65.12,66.91],[65,66.87],[64.57,66.79],[64.32,66.67],[63.97,66.65],[63.81,66.55],[63.31,66.4],[63.24,66.31],[63.07,66.23],[62.87,66.08],[62.81,65.94],[62.84,65.87],[62.5,65.83],[62.02,65.72],[62.28,65.62],[62.41,65.52],[62.37,65.45],[62.52,65.34],[62.82,65.29],[62.8,65.05],[62.68,64.88],[62.8,64.85],[62.8,64.73],[62.6,64.65],[62.53,64.56],[62.7,64.49],[63.21,64.53],[63.47,64.45],[63.5,64.37],[63.42,64.32],[63.61,64.27],[63.9,64.29],[64.02,64.36],[64.44,64.36],[64.62,64.44],[64.76,64.43],[65,64.47],[65.18,64.45],[65.4,64.57],[65.88,64.57],[66.15,64.59],[66.43,64.52],[66.68,64.56],[66.94,64.49],[66.89,64.38],[66.8,64.32],[66.82,64.23],[67.17,64.16],[67.28,64.08],[67.68,64.08],[67.81,64.03],[67.94,64.12],[68.18,64.18],[68.43,64.3],[68.81,64.22],[68.99,64.33],[68.86,64.44],[69.01,64.47],[69.24,64.47],[69.39,64.39],[69.69,64.4],[69.83,64.34],[70,64.32],[70.31,64.34],[70.47,64.25],[70.67,64.24],[70.77,64.19],[70.75,64.1],[70.57,64.02],[70.64,63.9],[70.81,63.82],[70.91,63.69],[71.39,63.67],[71.57,63.55],[71.61,63.19],[71.81,63.22],[71.96,63.2],[72.16,63.3],[72.66,63.28],[72.91,63.39],[73.1,63.44],[73.28,63.32],[73.37,63.21],[74.24,63.17],[74.51,63.04],[74.91,63.03],[75.36,63.11],[75.7,63.09],[75.8,63.11],[76.24,63.02],[76.29,62.95],[76.62,63.04],[77.03,62.98],[77.13,62.81],[77.33,62.71],[77.89,62.56],[77.97,62.48],[78.38,62.57],[78.79,62.62],[79.82,62.6],[79.91,62.79],[80.07,62.83],[80.57,63.02],[80.58,63.08],[81.07,63.12],[81.19,62.95],[81.35,62.82],[81.6,62.77],[81.84,62.69],[82.07,62.8],[82.73,62.76],[82.74,62.68],[83.01,62.59],[83.03,62.53],[83.31,62.46],[83.53,62.52],[83.8,62.56],[84.1,62.38],[84.24,62.38],[84.29,62.28],[84.44,62.18],[84.75,62.41],[84.86,62.45],[84.96,62.59],[85.09,62.64],[85.32,62.87],[85.52,62.93],[85.58,63.05],[85.47,63.15],[85.64,63.37],[85.41,63.35],[85.38,63.47],[85.28,63.52],[85.1,63.53],[85.33,63.7],[85.37,63.81],[85.53,63.94],[85.95,64.05],[85.93,64.12],[86.03,64.28],[85.95,64.33],[85.84,64.5],[85.92,64.59],[85.81,64.66],[85.86,64.76],[85.61,64.83],[85.18,64.75],[84.97,64.89],[84.82,64.93],[84.47,64.89],[84.28,64.94],[84.39,64.99],[84.31,65.1],[84.39,65.18],[84.52,65.21],[84.59,65.31],[84.55,65.43],[84.43,65.55],[84.29,65.61],[84.32,65.68],[84.17,65.7],[84.03,65.79],[83.52,65.82],[83.52,65.91],[83.3,66.06],[83.38,66.14],[83.52,66.17],[83.26,66.39],[83.09,66.46],[83.08,66.58],[83.29,66.66],[83.16,66.82],[83.04,66.89],[82.12,67.24],[82.35,67.33],[82.26,67.41],[82.39,67.52],[82.11,67.61],[82.1,67.72],[81.88,67.8],[81.73,67.91],[82.06,67.95],[82.35,67.94],[82.39,68.18],[82.55,68.18],[82.68,68.28],[82.71,68.41],[82.54,68.61],[82.87,68.63],[83.02,68.68],[82.55,68.84],[82.48,69],[82.33,69.06],[82.5,69.11],[82.26,69.16],[81.89,69.18],[81.77,69.23],[81.93,69.35],[81.78,69.43],[81.63,69.41],[81.61,69.29],[81.32,69.29],[80.97,69.21],[80.73,69.31],[80.26,69.36],[79.85,69.35],[79.64,69.49],[79.59,69.59],[79.12,69.73],[78.91,69.86],[79.17,69.98],[79.21,70.05],[79.51,70.12],[79.63,70.22],[80.1,70.35],[80.18,70.43],[80.57,70.46],[80.75,70.64],[80.61,70.71],[80.68,70.81],[80.55,70.9],[80.55,71.04],[80.4,71.09],[79.95,71.13],[79.57,71.28],[79.24,71.32],[79.14,71.42],[79.33,71.48],[79.38,71.61],[79.87,71.6],[80.12,71.67],[80.04,71.83],[80.34,71.89],[80.22,71.94],[79.69,72.06],[79.42,72.04],[78.7,72.18],[78.48,72.39],[78.23,72.38],[77.97,72.33],[77.63,72.2],[77.47,72.19],[77.41,72.11],[77.49,72.07],[77.78,72.11],[78.02,72.09],[78.14,72.04],[78.23,71.95],[78.19,71.91],[77.78,71.84],[77.55,71.84],[77.06,72],[76.87,72.03],[76.42,72.01],[76.03,71.91],[76.22,71.68],[76.31,71.6],[76.43,71.55],[77.11,71.41],[77.48,71.31],[77.71,71.3],[77.91,71.32],[78.21,71.27],[78.39,71.09],[78.59,70.99],[78.8,70.97],[78.89,71],[79.08,71],[79.02,70.95],[78.94,70.93],[78.53,70.91],[78.32,70.93],[78.07,70.99],[77.59,71.17],[77,71.18],[76.93,71.13],[76.74,71.2],[76.11,71.22],[75.33,71.34],[75.28,71.43],[75.47,71.53],[75.5,71.65],[75.25,71.81],[75.27,71.96],[75.39,71.98],[75.55,72.17],[75.74,72.3],[75.59,72.46],[75.6,72.58],[75.37,72.8],[75.15,72.85],[74.94,72.85],[74.79,72.81],[75.01,72.62],[75.1,72.42],[75.09,72.26],[74.99,72.14],[74.31,71.96],[73.94,71.91],[73.67,71.85],[73.09,71.44],[73.15,71.39],[73.37,71.32],[73.58,71.22],[73.73,71.07],[74.31,70.65],[74.34,70.58],[74.21,70.45],[73.83,70.18],[73.58,69.8],[73.56,69.71],[73.83,69.5],[73.89,69.42],[73.78,69.2],[73.84,69.14],[73.98,69.11],[74.36,69.14],[74.81,69.09],[75.05,69.12],[75.42,69.24],[75.56,69.25],[76,69.24],[76.64,69.12],[77.33,68.96],[77.47,68.91],[77.65,68.9],[77.91,68.48],[78,68.26],[77.66,68.19],[77.54,68.01],[77.52,67.91],[77.59,67.75],[78.56,67.64],[78.84,67.63],[78.92,67.59],[77.99,67.56],[77.77,67.57],[77.68,67.59],[77.33,67.74],[77.17,67.78],[77.25,67.94],[77.24,68.47],[77.11,68.6],[76.74,68.78],[76.61,68.9],[76.46,68.98],[76.11,68.98],[75.59,68.9],[75.12,68.86],[74.58,68.75],[74.48,68.66],[74.39,68.42],[74.63,68.22],[74.74,68.07],[74.79,67.9],[74.77,67.77],[74.68,67.69],[74.07,67.41],[73.99,67.33],[73.88,67.08],[73.79,67],[73.51,66.86],[72.42,66.56],[72.32,66.33],[72.07,66.25],[71.92,66.25],[71.57,66.33],[71.36,66.36],[71.15,66.37],[70.34,66.34],[69.98,66.4],[69.7,66.48],[69.41,66.51],[69.19,66.58],[69.01,66.79],[69.08,66.82],[69.22,66.83],[69.74,66.81],[69.88,66.85],[70.09,66.75],[70.28,66.69],[70.44,66.7],[70.58,66.75],[70.69,66.75],[70.44,66.67],[70.38,66.6],[70.72,66.52],[70.94,66.55],[71.34,66.69],[71.54,66.68],[71.55,66.76],[71.37,66.96],[71.67,66.94],[71.85,67.01],[72.59,67.59],[72.95,67.7],[73.07,67.77],[73.15,67.87],[73.17,67.97],[73.14,68.18],[73.47,68.43],[73.59,68.48],[73.55,68.57],[73.19,68.71],[72.68,68.87],[72.58,68.97],[72.53,69.15],[72.56,69.38],[72.62,69.48],[72.6,69.79],[72.53,70.17],[72.47,70.27],[72.7,70.46],[72.7,70.96],[72.58,71.15],[72.08,71.31],[71.87,71.46],[71.91,71.55],[72.13,71.61],[72.28,71.7],[72.57,72.01],[72.75,72.34],[72.81,72.69],[72.45,72.79],[72.1,72.83],[71.93,72.82],[71.62,72.9],[71.5,72.91],[70.66,72.89],[70.17,72.9],[69.74,72.88],[69.65,72.9],[69.69,72.98],[69.39,72.96],[69.04,72.67],[68.61,72.01],[68.27,71.68],[67.54,71.41],[66.92,71.28],[66.77,71.14],[66.64,71.08],[66.69,71.04],[66.85,71.06],[66.67,70.9],[66.7,70.82],[66.82,70.8],[67.14,70.84],[67.28,70.74],[67.15,70.22],[67.24,70.11],[67.14,70.03],[67.07,70.01],[66.93,70.01],[66.83,69.84],[66.8,69.66],[66.9,69.55],[66.96,69.66],[67.06,69.69],[67.62,69.58],[68.01,69.48],[68.07,69.42],[68.12,69.24],[68.54,68.97],[68.66,68.93],[68.76,68.92],[68.92,68.96],[69.14,68.95],[68.83,68.57],[68.5,68.35],[68.37,68.31],[68.16,68.4],[67.73,68.51],[67.64,68.58],[67.15,68.75],[67,68.87],[66.76,68.89],[66.42,68.95],[66.08,69.04],[65.81,69.08],[65.74,69.13],[65.33,69.2],[65.04,69.27]]],[[[76.25,73.56],[76.14,73.55],[76.08,73.52],[76.23,73.48],[76.66,73.44],[76.76,73.45],[76.25,73.56]]],[[[77.75,72.63],[77.58,72.63],[77.38,72.57],[77.15,72.44],[76.9,72.37],[76.87,72.32],[76.91,72.3],[77.15,72.28],[77.63,72.29],[77.78,72.31],[78.37,72.48],[78.28,72.55],[77.75,72.63]]],[[[74.41,73.13],[74.2,73.11],[74.1,73.02],[74.18,72.98],[74.64,72.86],[74.7,72.91],[74.65,72.97],[74.74,73.03],[74.96,73.06],[74.73,73.11],[74.41,73.13]]],[[[76.05,73.55],[75.93,73.57],[75.57,73.54],[75.38,73.48],[75.34,73.43],[75.5,73.46],[75.83,73.46],[76.05,73.55]]],[[[66.46,70.7],[66.44,70.77],[66.39,70.73],[66.41,70.62],[66.45,70.56],[66.57,70.5],[66.46,70.7]]],[[[67.22,69.58],[67.03,69.48],[67.1,69.45],[67.26,69.44],[67.34,69.53],[67.33,69.57],[67.22,69.58]]],[[[71.44,73.34],[71.23,73.45],[71.02,73.5],[70.94,73.51],[70.35,73.48],[70.15,73.44],[70,73.36],[70.02,73.22],[69.92,73.08],[70.04,73.04],[70.12,73.06],[70.3,73.04],[70.67,73.1],[71.63,73.17],[71.59,73.28],[71.44,73.34]]]]}},
{"type":"Feature","properties":{"r":210,"c":75,"name":"Komi","code":"KO"},"geometry":{"type":"Polygon","coordinates":[[[59.35,61.68],[59.39,61.74],[59.35,61.86],[59.49,61.99],[59.4,62.11],[59.64,62.51],[59.53,62.54],[59.39,62.73],[59.48,62.89],[59.28,62.97],[59.23,63.09],[59.33,63.27],[59.29,63.34],[59.49,63.61],[59.58,63.94],[59.76,64],[59.84,64.08],[59.59,64.23],[59.63,64.34],[59.59,64.47],[59.48,64.5],[59.7,64.67],[59.65,64.77],[59.75,64.86],[59.89,64.9],[60.15,65.06],[60.3,65.07],[60.68,64.91],[60.83,65.05],[61,65.06],[61.11,65.16],[61.24,65.19],[61.26,65.31],[61.51,65.5],[61.88,65.7],[62.02,65.72],[62.5,65.83],[62.84,65.87],[62.81,65.94],[62.87,66.08],[63.07,66.23],[63.24,66.31],[63.31,66.4],[63.81,66.55],[63.97,66.65],[64.32,66.67],[64.57,66.79],[65,66.87],[65.12,66.91],[65.09,67.05],[65.19,67.14],[65.71,67.34],[65.94,67.39],[66.11,67.49],[66.03,67.58],[65.84,67.56],[65.83,67.64],[66.21,67.69],[66.02,67.79],[66.08,67.93],[65.44,67.92],[65.29,68.01],[65.33,68.08],[65.27,68.22],[65.48,68.43],[64.75,68.4],[64.52,68.34],[64.53,68.2],[64.32,68.13],[63.83,68.02],[63.94,67.88],[63.69,67.76],[63.45,67.77],[63.16,67.69],[62.87,67.58],[62.82,67.39],[61.85,67.13],[61.69,67.03],[61.43,67],[60.08,66.99],[53.77,67],[52.25,67.09],[51.84,67],[51.81,66.95],[51.49,66.91],[51.51,66.78],[49.01,66.12],[48.99,65.27],[49.02,65.24],[49.57,65.29],[49.66,65.25],[50.06,64.89],[50.16,64.85],[50.47,64.79],[50.35,64.54],[50.27,64.51],[49.63,64.59],[49.45,64.46],[48.95,64.49],[48.84,64.36],[48.52,64.36],[48.41,64.22],[48.2,64.24],[48.12,64.35],[46.61,64.33],[46.32,64.26],[45.82,64.28],[45.44,64.19],[45.59,64.06],[45.88,63.96],[46.11,63.95],[46.44,63.89],[46.82,63.75],[46.97,63.64],[47.03,63.53],[46.94,63.35],[47.09,63.25],[47.37,63.17],[47.55,63.15],[47.52,63.04],[47.4,62.95],[47.08,62.84],[47.24,62.64],[47.23,62.35],[47.39,62.32],[47.41,62.19],[47.62,62.19],[47.65,62.3],[47.75,62.32],[48.29,62.32],[48.24,62.47],[48.37,62.73],[48.63,62.71],[48.71,62.82],[48.88,62.83],[49.61,62.77],[49.37,62.15],[49.21,62.09],[49.05,61.69],[49.1,61.66],[49.42,61.62],[49.46,61.59],[49.3,61.18],[48.89,61.14],[48.51,61.05],[48.45,60.98],[48.42,60.85],[48.54,60.56],[48.52,60.48],[48.75,60.36],[48.5,60.22],[48.46,60.12],[48.51,59.72],[48.56,59.7],[49.07,59.66],[49.04,59.5],[49.15,59.51],[49.36,59.42],[49.52,59.4],[49.53,59.24],[49.66,59.21],[49.79,59.23],[49.83,59.64],[50.04,59.68],[50,59.78],[50.21,59.75],[50.39,59.84],[50.83,59.87],[51.08,60.06],[51.31,60.03],[51.42,59.94],[51.52,59.95],[51.8,60.12],[51.9,60.24],[52.06,60.32],[52.3,60.24],[52.32,60.43],[52.14,60.47],[52.13,60.55],[51.77,60.61],[51.89,60.88],[52.35,60.84],[52.44,60.98],[52.79,60.95],[52.88,61.09],[53.35,61.04],[53.35,60.89],[53.79,60.85],[53.85,60.98],[54.98,60.86],[55.06,61.01],[55.21,61.02],[55.32,61.12],[55.69,61.09],[55.84,61.25],[56.26,61.21],[56.39,61.42],[56.54,61.44],[56.7,61.52],[57.09,61.49],[57.2,61.51],[58.69,61.5],[59.02,61.55],[59.11,61.62],[59.35,61.68]]]}},
{"type":"Feature","properties":{"r":211,"c":75,"name":"Kirov","code":"KV"},"geometry":{"type":"Polygon","coordinates":[[[51.44,56.14],[51.42,56.28],[51.32,56.33],[51.27,56.44],[51.15,56.51],[51.21,56.67],[51.38,56.68],[51.4,56.77],[51.54,56.88],[51.36,56.93],[51.23,57.07],[51.19,57.2],[51.12,57.27],[51.18,57.45],[51.4,57.48],[51.6,57.46],[51.64,57.54],[51.75,57.55],[51.86,57.65],[51.92,57.82],[51.85,57.84],[51.88,57.99],[51.79,58.04],[51.77,58.14],[51.67,58.17],[51.79,58.28],[51.8,58.36],[51.97,58.46],[52.17,58.49],[52.33,58.45],[52.87,58.41],[52.92,58.53],[53.13,58.54],[53.17,58.46],[53.34,58.39],[53.5,58.45],[53.78,58.44],[53.7,58.59],[53.75,58.7],[53.92,58.78],[53.82,58.82],[53.73,58.92],[53.77,59.02],[53.88,59.09],[53.43,59.14],[53.33,59.19],[53.21,59.36],[53.35,59.5],[53.42,59.68],[53.59,59.71],[53.66,59.82],[53.71,60],[53.61,60.14],[53.46,60.2],[53.36,60.17],[52.45,60.2],[52.3,60.24],[52.06,60.32],[51.9,60.24],[51.8,60.12],[51.52,59.95],[51.42,59.94],[51.31,60.03],[51.08,60.06],[50.83,59.87],[50.39,59.84],[50.21,59.75],[50,59.78],[50.04,59.68],[49.83,59.64],[49.79,59.23],[49.66,59.21],[49.53,59.24],[49.52,59.4],[49.36,59.42],[49.15,59.51],[49.04,59.5],[49.07,59.66],[48.56,59.7],[48.51,59.72],[48.46,60.12],[48.5,60.22],[48.75,60.36],[48.52,60.48],[48.54,60.56],[48.42,60.85],[47.98,60.9],[47.97,61],[47.57,61.06],[47.24,61.06],[47.1,60.96],[47.04,60.85],[47.08,60.82],[46.96,60.66],[47.05,60.58],[46.86,60.51],[46.81,60.32],[46.75,60.26],[46.44,60.27],[46.35,60.21],[46.4,60.11],[46.61,60.07],[47.04,60.1],[46.92,59.84],[46.93,59.79],[47.11,59.75],[47.11,59.61],[47.06,59.38],[47.25,59.36],[47.24,59.22],[47.57,59.06],[47.6,58.91],[47.45,58.92],[47.28,58.89],[47.31,58.81],[47.26,58.76],[47.12,58.78],[46.95,58.61],[46.69,58.57],[46.55,58.49],[46.54,58.4],[46.42,58.35],[46.41,58.21],[46.34,58.07],[46.43,58.02],[47.35,58.03],[47.45,57.99],[47.7,57.96],[47.76,57.88],[47.57,57.81],[47.52,57.59],[47.47,57.53],[47.25,57.57],[47.05,57.5],[46.75,57.52],[46.7,57.32],[46.79,57.28],[46.74,57.2],[46.76,57.03],[46.71,56.97],[46.82,56.93],[46.95,56.94],[47.16,56.9],[47.17,56.81],[47.51,56.89],[47.77,57.06],[47.91,56.98],[48.2,57.03],[48.29,57.16],[48.45,57.13],[48.57,57.17],[48.82,57.16],[48.96,57.09],[49.04,57.22],[49.03,57.29],[49.21,57.29],[49.15,57.15],[49.28,57.04],[49.41,57.03],[49.53,57.07],[49.7,57.07],[49.74,56.9],[50.02,56.86],[50.1,56.79],[50.07,56.62],[50.35,56.67],[50.5,56.51],[50.59,56.37],[50.71,56.33],[50.85,56.39],[50.91,56.3],[50.84,56.25],[51.07,56.13],[51.22,56.1],[51.44,56.14]]]}},
{"type":"Feature","properties":{"r":212,"c":75,"name":"Mariy-El","code":"ME"},"geometry":{"type":"Polygon","coordinates":[[[50.07,56.62],[50.1,56.79],[50.02,56.86],[49.74,56.9],[49.7,57.07],[49.53,57.07],[49.41,57.03],[49.28,57.04],[49.15,57.15],[49.21,57.29],[49.03,57.29],[49.04,57.22],[48.96,57.09],[48.82,57.16],[48.57,57.17],[48.45,57.13],[48.29,57.16],[48.2,57.03],[47.91,56.98],[47.77,57.06],[47.51,56.89],[47.17,56.81],[47.16,56.9],[46.95,56.94],[46.82,56.93],[46.71,56.97],[46.6,56.92],[46.34,56.95],[46.31,56.91],[45.96,56.87],[45.86,56.63],[45.65,56.59],[45.66,56.46],[45.79,56.42],[45.95,56.43],[45.95,56.32],[45.87,56.26],[46.07,56.18],[46.09,56.06],[46.21,56.05],[46.4,56.12],[46.66,56.12],[47.06,56.29],[47.28,56.34],[47.38,56.33],[47.44,56.19],[47.53,56.15],[47.83,56.15],[47.91,56.11],[48.02,55.94],[48.29,55.85],[48.41,55.83],[48.4,55.89],[48.69,55.96],[48.69,56.07],[48.83,56.07],[49.02,56.23],[49.04,56.36],[49.28,56.35],[49.56,56.44],[49.58,56.5],[49.76,56.54],[49.89,56.44],[50.02,56.46],[50.18,56.55],[50.07,56.62]]]}},
{"type":"Feature","properties":{"r":213,"c":75,"name":"Sverdlovsk","code":"SV"},"geometry":{"type":"Polygon","coordinates":[[[59.49,61.99],[59.35,61.86],[59.39,61.74],[59.35,61.68],[59.43,61.51],[59.41,61.42],[59.32,61.38],[59.26,61.22],[59.36,61.14],[59.37,60.97],[59.46,60.95],[59.47,60.81],[59.39,60.57],[59.24,60.48],[59.17,60.37],[59.19,60.28],[58.96,60],[58.99,59.93],[58.85,59.93],[58.81,59.86],[58.68,59.86],[58.58,59.72],[58.45,59.71],[58.4,59.55],[58.31,59.47],[58.51,59.44],[58.67,59.29],[59,59.23],[59.18,59.15],[59.09,59.02],[59.18,58.95],[59.07,58.88],[59.08,58.77],[59.19,58.71],[59.39,58.7],[59.39,58.59],[59.46,58.49],[59.28,58.41],[59.2,58.3],[58.97,58.2],[58.87,58.21],[58.68,58.11],[58.6,58],[58.76,57.85],[58.86,57.83],[58.83,57.73],[58.58,57.59],[58.46,57.59],[58.44,57.68],[58.27,57.67],[58,57.48],[57.94,57.33],[58.04,57.24],[58.03,57.1],[57.87,57.06],[57.82,56.97],[57.56,56.89],[57.32,56.92],[57.22,56.85],[57.36,56.68],[57.37,56.55],[57.32,56.37],[57.41,56.33],[57.41,56.24],[57.54,56.1],[57.8,56.15],[57.91,56.12],[58.08,56.14],[58.31,56.1],[58.54,56.16],[58.75,56.06],[58.94,56.07],[59.03,56.17],[59.13,56.21],[59.12,56.32],[59.19,56.35],[59.35,56.32],[59.7,56.31],[59.79,56.23],[59.92,56.26],[60.24,56.21],[60.31,56.24],[60.58,56.21],[60.75,56.24],[60.91,56.19],[61.15,56.22],[61.08,56.33],[61.15,56.38],[61.27,56.33],[61.38,56.37],[61.54,56.3],[61.64,56.32],[61.82,56.24],[61.86,56.18],[62.07,56.13],[62.08,56.29],[62.25,56.36],[62.33,56.47],[62.54,56.58],[62.59,56.52],[63,56.6],[63.1,56.57],[63.36,56.56],[63.45,56.61],[63.77,56.51],[64.17,56.47],[64.24,56.52],[64.22,56.6],[64.36,56.65],[64.34,56.75],[64.48,56.76],[64.54,56.81],[64.83,56.84],[65,56.77],[65.14,56.77],[65.23,56.86],[65.1,56.89],[64.99,57.04],[64.99,57.22],[64.84,57.45],[64.94,57.55],[64.84,57.64],[65.43,57.83],[65.54,57.78],[65.7,57.9],[66.2,58.03],[66,58.3],[65.93,58.61],[65.67,58.66],[65.38,58.92],[65.18,59.22],[65,59.34],[64.32,59.41],[64.12,59.39],[63.98,59.41],[63.83,59.48],[63.8,59.79],[63.59,60.15],[63.44,60.16],[63.2,60.24],[63.22,60.3],[63.09,60.46],[62.88,60.64],[62.76,60.86],[62.86,61],[62.62,61.21],[62.42,61.31],[61.93,61.4],[61.9,61.43],[61.17,61.68],[60.76,61.7],[60.43,61.75],[60.06,61.72],[59.99,61.75],[59.98,61.9],[59.78,61.95],[59.65,61.94],[59.49,61.99]]]}},
{"type":"Feature","properties":{"r":214,"c":75,"name":"Udmurt","code":"UD"},"geometry":{"type":"Polygon","coordinates":[[[53.63,55.91],[53.78,55.97],[53.84,56.04],[54.05,56.06],[54.12,56.16],[54.35,56.25],[54.35,56.36],[54.24,56.43],[54.17,56.53],[53.96,56.63],[53.87,56.71],[54.09,56.77],[54.1,56.97],[54.34,57.01],[54.29,57.08],[54.31,57.29],[54.16,57.31],[54.19,57.46],[54.17,57.56],[54.1,57.61],[54.16,57.71],[54.09,57.99],[53.81,58.23],[53.89,58.32],[53.78,58.44],[53.5,58.45],[53.34,58.39],[53.17,58.46],[53.13,58.54],[52.92,58.53],[52.87,58.41],[52.33,58.45],[52.17,58.49],[51.97,58.46],[51.8,58.36],[51.79,58.28],[51.67,58.17],[51.77,58.14],[51.79,58.04],[51.88,57.99],[51.85,57.84],[51.92,57.82],[51.86,57.65],[51.75,57.55],[51.64,57.54],[51.6,57.46],[51.4,57.48],[51.18,57.45],[51.12,57.27],[51.19,57.2],[51.23,57.07],[51.36,56.93],[51.54,56.88],[51.4,56.77],[51.38,56.68],[51.21,56.67],[51.15,56.51],[51.27,56.44],[51.32,56.33],[51.42,56.28],[51.44,56.14],[51.5,56.08],[51.4,55.99],[51.44,55.92],[51.63,55.95],[51.83,55.92],[51.94,55.97],[52.06,55.9],[52.17,55.9],[52.24,55.96],[52.2,56.08],[52.44,56.03],[52.47,56.07],[52.66,56.02],[52.79,56.09],[52.84,56.16],[52.71,56.23],[52.56,56.26],[52.73,56.38],[52.91,56.42],[52.93,56.54],[53.08,56.53],[52.95,56.37],[52.96,56.25],[53.27,56.08],[53.34,56.16],[53.26,56.25],[53.43,56.28],[53.55,56.24],[53.56,56.18],[53.41,56.02],[53.28,55.94],[53.29,55.86],[53.63,55.91]]]}},
{"type":"Feature","properties":{"r":215,"c":75,"name":"Astrakhan'","code":"AS"},"geometry":{"type":"MultiPolygon","coordinates":[[[[47.99,45.55],[47.95,45.65],[47.92,45.62],[47.92,45.56],[47.97,45.47],[47.99,45.55]]],[[[46.64,48.66],[46.3,48.84],[46.06,48.87],[45.95,48.84],[45.76,48.67],[45.61,48.59],[45.3,48.56],[45.37,48.46],[45.17,48.44],[45.04,48.39],[44.99,48.27],[45.15,48.24],[45.3,48.1],[45.4,48.09],[45.55,48],[45.68,48.03],[45.74,48],[45.71,47.91],[45.84,47.72],[46.12,47.5],[46.3,47.44],[46.45,47.48],[46.68,47.63],[46.79,47.56],[46.51,47.41],[46.8,47],[46.91,46.98],[46.99,46.86],[47.13,46.85],[47.21,46.74],[47.15,46.67],[47.02,46.64],[46.93,46.56],[46.94,46.43],[46.66,46.43],[46.53,46.34],[46.5,46.27],[46.86,46.24],[46.85,46.08],[47.09,46.12],[47.17,46.08],[47.04,45.97],[46.91,45.64],[46.92,45.58],[47.3,45.65],[47.35,45.68],[47.47,45.63],[47.53,45.55],[47.52,45.6],[47.46,45.68],[47.48,45.69],[47.63,45.58],[47.65,45.66],[47.7,45.69],[47.83,45.66],[48.16,45.74],[48.26,45.78],[48.49,45.93],[48.54,45.94],[48.69,45.89],[48.73,45.9],[48.75,45.92],[48.7,45.98],[48.68,46.09],[48.81,46.1],[49.08,46.19],[49.13,46.28],[49.25,46.29],[49.23,46.34],[48.61,46.57],[48.54,46.61],[48.5,46.7],[48.56,46.76],[48.61,46.77],[48.78,46.71],[48.88,46.71],[48.95,46.73],[48.96,46.77],[48.55,47.32],[48.17,47.71],[48.11,47.75],[47.48,47.8],[47.29,47.74],[47.2,47.79],[47.09,47.95],[47.12,48.13],[47.06,48.23],[47,48.28],[46.85,48.32],[46.66,48.41],[46.61,48.57],[46.64,48.66]]]]}},
{"type":"Feature","properties":{"r":216,"c":75,"name":"Chuvash","code":"CV"},"geometry":{"type":"Polygon","coordinates":[[[48.41,55.83],[48.29,55.85],[48.02,55.94],[47.91,56.11],[47.83,56.15],[47.53,56.15],[47.44,56.19],[47.38,56.33],[47.28,56.34],[47.06,56.29],[46.66,56.12],[46.4,56.12],[46.21,56.05],[46.1,55.94],[46.09,55.81],[45.92,55.69],[46.05,55.62],[46.14,55.52],[46.24,55.52],[46.38,55.46],[46.25,55.39],[46.23,55.27],[46.1,55.2],[46.06,55.04],[46.41,54.9],[46.44,54.77],[46.87,54.63],[47.06,54.69],[47.24,54.68],[47.37,54.75],[47.38,54.83],[47.49,54.86],[47.73,54.83],[47.8,54.94],[48,54.97],[48.07,55.11],[48.02,55.28],[47.91,55.32],[47.76,55.21],[47.7,55.33],[47.83,55.34],[47.97,55.5],[48.1,55.55],[48.03,55.63],[48.21,55.69],[48.41,55.83]]]}},
{"type":"Feature","properties":{"r":217,"c":75,"name":"Kalmyk","code":"KL"},"geometry":{"type":"Polygon","coordinates":[[[47.53,45.55],[47.47,45.63],[47.35,45.68],[47.3,45.65],[46.92,45.58],[46.91,45.64],[47.04,45.97],[47.17,46.08],[47.09,46.12],[46.85,46.08],[46.86,46.24],[46.5,46.27],[46.53,46.34],[46.66,46.43],[46.94,46.43],[46.93,46.56],[47.02,46.64],[47.15,46.67],[47.21,46.74],[47.13,46.85],[46.99,46.86],[46.91,46.98],[46.8,47],[46.51,47.41],[46.79,47.56],[46.68,47.63],[46.45,47.48],[46.3,47.44],[46.12,47.5],[45.84,47.72],[45.71,47.91],[45.74,48],[45.68,48.03],[45.55,48],[45.4,48.09],[45.3,48.1],[45.14,48.11],[44.96,48.21],[44.93,48.14],[44.77,48.06],[44.66,48.09],[44.55,48.06],[44.54,48.2],[44.31,48.26],[44.31,48.09],[44.45,48.05],[44.47,47.99],[44.39,47.87],[44.08,47.91],[44.03,47.82],[43.95,47.76],[43.82,47.75],[43.71,47.68],[43.63,47.57],[43.73,47.48],[43.8,47.37],[43.8,47.28],[43.94,47.27],[43.95,47.36],[44.11,47.41],[44.12,47.53],[44.23,47.57],[44.33,47.48],[44.33,47.11],[44.26,46.9],[43.93,46.72],[43.82,46.59],[43.93,46.52],[43.92,46.42],[43.79,46.41],[43.65,46.22],[43.56,46.17],[43.36,46.17],[43.08,46.36],[42.91,46.44],[42.79,46.39],[42.6,46.41],[42.41,46.52],[42.18,46.58],[42.03,46.54],[42.1,46.41],[42.2,46.31],[41.99,46.3],[41.91,46.18],[41.84,46.15],[41.73,46.21],[41.66,46.11],[41.71,46],[42.15,45.95],[42.18,46.1],[42.34,46.11],[42.32,45.98],[42.53,46],[42.67,46.09],[42.83,46.16],[42.91,46.24],[42.99,46.18],[43.24,46.11],[43.39,46.02],[43.57,45.98],[43.74,45.98],[43.88,45.95],[44.1,45.77],[44.15,45.65],[44.21,45.61],[44.42,45.53],[44.71,45.51],[45.35,45.24],[45.59,45.16],[45.71,45.01],[45.71,44.98],[45.85,45],[46.43,44.94],[46.6,44.89],[46.89,44.75],[46.96,44.78],[47,44.88],[47.08,44.82],[47.11,44.91],[47.22,45.02],[47.39,45.29],[47.41,45.42],[47.49,45.46],[47.53,45.53],[47.53,45.55]]]}},
{"type":"Feature","properties":{"r":218,"c":75,"name":"Samara","code":"SA"},"geometry":{"type":"Polygon","coordinates":[[[48.44,52.78],[48.35,52.67],[48.52,52.68],[48.7,52.64],[48.73,52.57],[48.94,52.48],[49.16,52.49],[49.34,52.47],[49.48,52.33],[49.63,52.37],[49.81,52.19],[49.98,52.18],[50.22,52.13],[50.24,52.04],[50.52,51.99],[50.73,51.91],[50.72,51.84],[50.79,51.73],[51.42,52.1],[51.45,52.22],[51.41,52.35],[51.56,52.45],[51.47,52.57],[51.55,52.68],[51.73,52.67],[51.77,52.78],[51.72,52.84],[51.86,52.93],[52.06,53],[52.07,53.15],[52.13,53.17],[52.14,53.3],[52.19,53.38],[52.08,53.5],[52.25,53.65],[52.41,53.93],[52.38,53.97],[52.48,54.08],[52.34,54.17],[52.27,54.33],[52.51,54.32],[52.54,54.38],[52.48,54.47],[52.22,54.44],[52.1,54.39],[51.93,54.44],[51.94,54.53],[51.67,54.57],[51.51,54.64],[51.39,54.6],[51.3,54.64],[51.17,54.64],[51.09,54.55],[51,54.54],[50.95,54.35],[50.7,54.43],[50.52,54.33],[50.38,54.49],[50.08,54.52],[50.12,54.44],[50.21,54.42],[50.26,54.3],[50.2,54.04],[49.98,53.97],[49.96,53.91],[49.83,53.89],[49.62,53.81],[49.41,53.87],[49.3,53.84],[49.03,53.86],[48.87,53.72],[48.49,53.77],[48.46,53.67],[48.33,53.62],[48.38,53.47],[48.06,53.48],[47.95,53.36],[48.03,53.31],[48.14,53.16],[48.15,53.06],[48.22,53],[48.39,52.97],[48.52,52.98],[48.59,52.92],[48.54,52.83],[48.44,52.78]]]}},
{"type":"Feature","properties":{"r":219,"c":75,"name":"Orenburg","code":"OB"},"geometry":{"type":"Polygon","coordinates":[[[60.06,51.98],[59.91,52.1],[59.98,52.18],[60.14,52.27],[60.15,52.42],[59.95,52.43],[59.78,52.49],[59.51,52.44],[59.4,52.5],[59.25,52.49],[59.18,52.28],[58.83,52.43],[58.86,52.26],[58.69,52.27],[58.61,52.18],[58.69,52.05],[58.64,52.02],[58.58,51.79],[58.49,51.76],[58.24,51.74],[58.09,51.79],[57.98,51.79],[57.88,51.85],[57.78,51.83],[57.65,51.86],[57.62,51.76],[57.43,51.73],[57.37,51.64],[57.21,51.58],[57.04,51.66],[57,51.73],[56.88,51.7],[56.89,51.62],[56.78,51.59],[56.71,51.72],[56.75,51.77],[56.61,51.83],[56.68,52.05],[56.63,52.12],[56.5,52.16],[56.22,52.13],[56.19,52.19],[56.45,52.31],[56.44,52.42],[56.37,52.52],[56.08,52.6],[55.92,52.5],[55.89,52.4],[55.78,52.34],[55.55,52.38],[55.54,52.54],[55.41,52.66],[55.41,52.84],[55.26,52.86],[55.16,52.82],[54.96,53.11],[54.93,53.22],[54.8,53.27],[54.66,53.24],[54.56,53.27],[54.52,53.36],[54.3,53.41],[54.25,53.38],[54.11,53.42],[53.88,53.66],[53.66,53.75],[53.6,53.88],[53.47,54.05],[53.38,53.97],[53.26,54.07],[53.14,54.08],[52.95,54.2],[53,54.27],[52.77,54.35],[52.54,54.38],[52.51,54.32],[52.27,54.33],[52.34,54.17],[52.48,54.08],[52.38,53.97],[52.41,53.93],[52.25,53.65],[52.08,53.5],[52.19,53.38],[52.14,53.3],[52.13,53.17],[52.07,53.15],[52.06,53],[51.86,52.93],[51.72,52.84],[51.77,52.78],[51.73,52.67],[51.55,52.68],[51.47,52.57],[51.56,52.45],[51.41,52.35],[51.45,52.22],[51.42,52.1],[50.79,51.73],[50.88,51.72],[51.16,51.65],[51.27,51.59],[51.3,51.5],[51.4,51.47],[51.61,51.48],[52.01,51.67],[52.22,51.71],[52.33,51.68],[52.5,51.51],[52.57,51.48],[52.73,51.5],[53.04,51.46],[53.25,51.49],[53.34,51.48],[53.53,51.4],[53.69,51.25],[54.04,51.12],[54.3,50.91],[54.42,50.78],[54.47,50.58],[54.52,50.54],[54.6,50.55],[54.64,50.59],[54.64,50.78],[54.61,50.88],[54.55,50.95],[54.57,50.99],[54.64,51.01],[54.73,51],[54.87,50.94],[55.01,50.87],[55.2,50.74],[55.36,50.67],[55.54,50.6],[55.69,50.58],[55.8,50.6],[56.05,50.71],[56.14,50.84],[56.49,51.02],[56.62,50.98],[56.85,51.05],[57.01,51.07],[57.18,51.04],[57.31,50.95],[57.44,50.89],[57.56,50.9],[57.65,50.93],[57.72,50.98],[57.76,51.05],[57.84,51.09],[58.05,51.07],[58.19,51.08],[58.36,51.06],[58.55,50.97],[58.88,50.69],[59.45,50.62],[59.52,50.58],[59.5,50.51],[59.52,50.49],[59.75,50.54],[59.81,50.58],[59.96,50.8],[60.01,50.84],[60.06,50.85],[60.29,50.7],[60.64,50.66],[60.94,50.7],[61.23,50.77],[61.39,50.86],[61.47,50.99],[61.51,51.14],[61.59,51.23],[61.55,51.32],[61.36,51.44],[61.01,51.49],[60.97,51.54],[60.46,51.65],[60.39,51.77],[60.28,51.83],[60.07,51.89],[60.03,51.93],[60.06,51.98]]]}},
{"type":"Feature","properties":{"r":220,"c":75,"name":"Saratov","code":"SR"},"geometry":{"type":"Polygon","coordinates":[[[50.79,51.73],[50.72,51.84],[50.73,51.91],[50.52,51.99],[50.24,52.04],[50.22,52.13],[49.98,52.18],[49.81,52.19],[49.63,52.37],[49.48,52.33],[49.34,52.47],[49.16,52.49],[48.94,52.48],[48.73,52.57],[48.7,52.64],[48.52,52.68],[48.35,52.67],[48.44,52.78],[48.25,52.81],[48,52.75],[47.92,52.67],[47.78,52.68],[47.73,52.59],[47.53,52.61],[47.44,52.57],[47.06,52.57],[46.92,52.64],[46.83,52.62],[46.71,52.63],[46.52,52.7],[46.29,52.67],[46.28,52.62],[46.15,52.59],[45.97,52.49],[45.98,52.41],[45.72,52.47],[45.64,52.52],[45.53,52.48],[45.43,52.4],[45.26,52.39],[45.14,52.42],[45.07,52.38],[44.91,52.38],[44.87,52.43],[44.5,52.52],[44.54,52.43],[44.42,52.42],[44.35,52.32],[44.04,52.35],[43.75,52.43],[43.53,52.43],[43.35,52.39],[43.19,52.46],[43.08,52.4],[43,52.36],[42.75,52.17],[42.75,52.08],[42.81,52.01],[42.69,51.97],[42.64,51.8],[42.49,51.69],[42.49,51.61],[42.73,51.48],[42.86,51.38],[42.87,51.23],[43.14,51.12],[43.33,51.02],[43.64,51.07],[43.68,51.11],[43.86,51.11],[44,51.09],[44.18,51.12],[44.21,51.19],[44.66,51.17],[45.04,51.13],[45.2,51.04],[45.22,50.94],[45.31,50.88],[45.29,50.78],[45.19,50.7],[45.24,50.59],[45.5,50.61],[45.67,50.59],[45.68,50.73],[45.81,50.77],[45.89,50.76],[46.07,50.65],[46.07,50.54],[46.25,50.53],[46.29,50.57],[46.46,50.55],[46.48,50.62],[46.58,50.7],[46.71,50.69],[46.83,50.63],[46.88,50.52],[47.01,50.48],[47.18,50.51],[47.28,50.37],[47.45,50.37],[47.5,50.4],[47.6,50.41],[47.71,50.38],[47.85,50.28],[48.22,49.93],[48.33,49.86],[48.43,49.83],[48.6,49.87],[48.76,49.93],[48.81,49.96],[48.84,50.01],[48.82,50.1],[48.7,50.35],[48.67,50.55],[48.63,50.61],[48.66,50.62],[48.81,50.6],[49.32,50.85],[49.42,51.03],[49.5,51.08],[49.82,51.13],[49.93,51.2],[50.31,51.32],[50.52,51.51],[50.76,51.68],[50.79,51.73]]]}},
{"type":"Feature","properties":{"r":221,"c":75,"name":"Tatarstan","code":"TT"},"geometry":{"type":"Polygon","coordinates":[[[50.07,56.62],[50.18,56.55],[50.02,56.46],[49.89,56.44],[49.76,56.54],[49.58,56.5],[49.56,56.44],[49.28,56.35],[49.04,56.36],[49.02,56.23],[48.83,56.07],[48.69,56.07],[48.69,55.96],[48.4,55.89],[48.41,55.83],[48.21,55.69],[48.03,55.63],[48.1,55.55],[47.97,55.5],[47.83,55.34],[47.7,55.33],[47.76,55.21],[47.91,55.32],[48.02,55.28],[48.07,55.11],[48,54.97],[47.8,54.94],[47.73,54.83],[47.49,54.86],[47.38,54.83],[47.37,54.75],[47.24,54.68],[47.35,54.59],[47.37,54.53],[47.64,54.57],[47.75,54.73],[47.85,54.7],[48.09,54.77],[48.29,54.74],[48.47,54.63],[48.64,54.66],[48.83,54.65],[49.01,54.79],[49.12,54.8],[49.29,54.88],[49.48,54.78],[49.62,54.56],[49.75,54.57],[49.98,54.51],[50.08,54.52],[50.38,54.49],[50.52,54.33],[50.7,54.43],[50.95,54.35],[51,54.54],[51.09,54.55],[51.17,54.64],[51.3,54.64],[51.39,54.6],[51.51,54.64],[51.67,54.57],[51.94,54.53],[51.93,54.44],[52.1,54.39],[52.22,54.44],[52.48,54.47],[52.54,54.38],[52.77,54.35],[53,54.27],[52.95,54.2],[53.14,54.08],[53.26,54.07],[53.38,53.97],[53.47,54.05],[53.35,54.38],[53.43,54.5],[53.41,54.55],[53.52,54.62],[53.61,54.73],[53.58,54.82],[53.42,54.98],[53.27,55.01],[53.14,55.1],[53.15,55.15],[53.33,55.17],[53.42,55.22],[53.59,55.21],[53.72,55.34],[53.89,55.38],[54,55.54],[54.17,55.62],[54.18,55.71],[53.98,55.85],[53.76,55.87],[53.63,55.91],[53.29,55.86],[53.28,55.94],[53.41,56.02],[53.56,56.18],[53.55,56.24],[53.43,56.28],[53.26,56.25],[53.34,56.16],[53.27,56.08],[52.96,56.25],[52.95,56.37],[53.08,56.53],[52.93,56.54],[52.91,56.42],[52.73,56.38],[52.56,56.26],[52.71,56.23],[52.84,56.16],[52.79,56.09],[52.66,56.02],[52.47,56.07],[52.44,56.03],[52.2,56.08],[52.24,55.96],[52.17,55.9],[52.06,55.9],[51.94,55.97],[51.83,55.92],[51.63,55.95],[51.44,55.92],[51.4,55.99],[51.5,56.08],[51.44,56.14],[51.22,56.1],[51.07,56.13],[50.84,56.25],[50.91,56.3],[50.85,56.39],[50.71,56.33],[50.59,56.37],[50.5,56.51],[50.35,56.67],[50.07,56.62]]]}},
{"type":"Feature","properties":{"r":222,"c":75,"name":"Ul'yanovsk","code":"UL"},"geometry":{"type":"Polygon","coordinates":[[[50.08,54.52],[49.98,54.51],[49.75,54.57],[49.62,54.56],[49.48,54.78],[49.29,54.88],[49.12,54.8],[49.01,54.79],[48.83,54.65],[48.64,54.66],[48.47,54.63],[48.29,54.74],[48.09,54.77],[47.85,54.7],[47.75,54.73],[47.64,54.57],[47.37,54.53],[47.35,54.59],[47.24,54.68],[47.06,54.69],[46.87,54.63],[46.44,54.77],[46.44,54.69],[46.52,54.65],[46.53,54.55],[46.48,54.5],[46.54,54.41],[46.73,54.38],[46.72,54.33],[46.49,54.28],[46.38,54.23],[46.02,54.19],[45.88,54.03],[45.79,54],[45.96,54.01],[46.21,53.91],[46.19,53.85],[46.47,53.65],[46.49,53.51],[46.79,53.41],[46.91,53.34],[46.95,53.19],[46.91,53.08],[46.98,52.77],[46.85,52.73],[46.83,52.62],[46.92,52.64],[47.06,52.57],[47.44,52.57],[47.53,52.61],[47.73,52.59],[47.78,52.68],[47.92,52.67],[48,52.75],[48.25,52.81],[48.44,52.78],[48.54,52.83],[48.59,52.92],[48.52,52.98],[48.39,52.97],[48.22,53],[48.15,53.06],[48.14,53.16],[48.03,53.31],[47.95,53.36],[48.06,53.48],[48.38,53.47],[48.33,53.62],[48.46,53.67],[48.49,53.77],[48.87,53.72],[49.03,53.86],[49.3,53.84],[49.41,53.87],[49.62,53.81],[49.83,53.89],[49.96,53.91],[49.98,53.97],[50.2,54.04],[50.26,54.3],[50.21,54.42],[50.12,54.44],[50.08,54.52]]]}},
{"type":"Feature","properties":{"r":223,"c":75,"name":"Khanty-Mansiy","code":"KM"},"geometry":{"type":"Polygon","coordinates":[[[84.26,60.86],[84.65,61],[85.67,61.29],[85.64,61.39],[85.77,61.44],[85.95,61.46],[85.96,61.55],[85.85,61.6],[85.72,61.57],[85.48,61.63],[85.39,61.7],[85.27,61.68],[84.92,61.8],[84.68,61.82],[84.52,61.95],[84.55,62],[84.44,62.18],[84.29,62.28],[84.24,62.38],[84.1,62.38],[83.8,62.56],[83.53,62.52],[83.31,62.46],[83.03,62.53],[83.01,62.59],[82.74,62.68],[82.73,62.76],[82.07,62.8],[81.84,62.69],[81.6,62.77],[81.35,62.82],[81.19,62.95],[81.07,63.12],[80.58,63.08],[80.57,63.02],[80.07,62.83],[79.91,62.79],[79.82,62.6],[78.79,62.62],[78.38,62.57],[77.97,62.48],[77.89,62.56],[77.33,62.71],[77.13,62.81],[77.03,62.98],[76.62,63.04],[76.29,62.95],[76.24,63.02],[75.8,63.11],[75.7,63.09],[75.36,63.11],[74.91,63.03],[74.51,63.04],[74.24,63.17],[73.37,63.21],[73.28,63.32],[73.1,63.44],[72.91,63.39],[72.66,63.28],[72.16,63.3],[71.96,63.2],[71.81,63.22],[71.61,63.19],[71.57,63.55],[71.39,63.67],[70.91,63.69],[70.81,63.82],[70.64,63.9],[70.57,64.02],[70.75,64.1],[70.77,64.19],[70.67,64.24],[70.47,64.25],[70.31,64.34],[70,64.32],[69.83,64.34],[69.69,64.4],[69.39,64.39],[69.24,64.47],[69.01,64.47],[68.86,64.44],[68.99,64.33],[68.81,64.22],[68.43,64.3],[68.18,64.18],[67.94,64.12],[67.81,64.03],[67.68,64.08],[67.28,64.08],[67.17,64.16],[66.82,64.23],[66.8,64.32],[66.89,64.38],[66.94,64.49],[66.68,64.56],[66.43,64.52],[66.15,64.59],[65.88,64.57],[65.4,64.57],[65.18,64.45],[65,64.47],[64.76,64.43],[64.62,64.44],[64.44,64.36],[64.02,64.36],[63.9,64.29],[63.61,64.27],[63.42,64.32],[63.5,64.37],[63.47,64.45],[63.21,64.53],[62.7,64.49],[62.53,64.56],[62.6,64.65],[62.8,64.73],[62.8,64.85],[62.68,64.88],[62.8,65.05],[62.82,65.29],[62.52,65.34],[62.37,65.45],[62.41,65.52],[62.28,65.62],[62.02,65.72],[61.88,65.7],[61.51,65.5],[61.26,65.31],[61.24,65.19],[61.11,65.16],[61,65.06],[60.83,65.05],[60.68,64.91],[60.3,65.07],[60.15,65.06],[59.89,64.9],[59.75,64.86],[59.65,64.77],[59.7,64.67],[59.48,64.5],[59.59,64.47],[59.63,64.34],[59.59,64.23],[59.84,64.08],[59.76,64],[59.58,63.94],[59.49,63.61],[59.29,63.34],[59.33,63.27],[59.23,63.09],[59.28,62.97],[59.48,62.89],[59.39,62.73],[59.53,62.54],[59.64,62.51],[59.4,62.11],[59.49,61.99],[59.65,61.94],[59.78,61.95],[59.98,61.9],[59.99,61.75],[60.06,61.72],[60.43,61.75],[60.76,61.7],[61.17,61.68],[61.9,61.43],[61.93,61.4],[62.42,61.31],[62.62,61.21],[62.86,61],[62.76,60.86],[62.88,60.64],[63.09,60.46],[63.22,60.3],[63.2,60.24],[63.44,60.16],[63.59,60.15],[63.8,59.79],[63.83,59.48],[63.98,59.41],[64.12,59.39],[64.32,59.41],[65,59.34],[65.18,59.22],[65.38,58.92],[65.67,58.66],[65.93,58.61],[66.25,58.61],[66.38,58.59],[66.74,58.67],[66.79,58.72],[66.77,58.93],[66.95,58.97],[67.07,58.92],[67.26,59.02],[67.56,59.09],[67.74,59.21],[68.2,59.24],[68.36,59.28],[68.54,59.55],[68.84,59.62],[69.3,59.78],[69.08,59.89],[69.13,59.94],[69.31,59.99],[69.5,59.99],[69.62,59.9],[70.15,59.9],[70.25,59.84],[70.4,59.82],[70.8,59.86],[71.02,59.82],[71.19,59.91],[71.3,59.8],[71.78,59.65],[71.88,59.57],[72,59.57],[72.44,59.3],[72.45,59.22],[72.66,59.11],[72.86,59.16],[72.98,59.1],[72.97,59],[73.09,58.95],[73.03,58.86],[73.44,58.82],[73.62,58.85],[73.76,58.81],[74,58.8],[74.1,58.74],[74.74,58.75],[74.9,58.7],[74.98,58.72],[75.16,58.65],[75.37,58.79],[75.64,58.98],[75.69,59.04],[75.63,59.24],[75.84,59.32],[75.9,59.43],[76.01,59.43],[76.17,59.54],[76.44,59.54],[76.65,59.59],[76.66,59.69],[76.74,59.76],[76.76,60.06],[76.7,60.12],[76.85,60.27],[76.75,60.35],[76.78,60.45],[77.01,60.53],[77.05,60.58],[76.97,60.65],[77.07,60.73],[77.14,60.86],[77.41,60.81],[77.7,60.83],[77.94,60.75],[78.16,60.8],[78.47,60.78],[78.67,60.83],[78.81,60.78],[79.17,60.84],[79.31,60.79],[79.28,60.73],[79.36,60.66],[79.5,60.69],[79.85,60.69],[80.17,60.66],[80.41,60.76],[80.72,60.8],[81.02,60.76],[81.14,60.64],[81.5,60.62],[81.83,60.64],[82.14,60.53],[82.36,60.6],[82.41,60.72],[83.14,61.03],[83.5,61.05],[83.62,60.98],[84,60.83],[84.26,60.86]]]}},
{"type":"Feature","properties":{"r":224,"c":75,"name":"Omsk","code":"OM"},"geometry":{"type":"Polygon","coordinates":[[[75.69,54.11],[75.68,54.48],[75.7,54.54],[75.83,54.6],[75.77,54.71],[75.69,54.71],[75.64,54.81],[75.53,54.89],[75.36,54.91],[75.39,55.04],[75.25,55.14],[75.27,55.25],[75.1,55.38],[75.19,55.46],[75.31,55.5],[75.18,55.57],[75.23,55.65],[75.13,55.7],[75.34,55.76],[75.32,55.9],[75.57,56.05],[75.7,56.07],[75.78,56.14],[75.94,56.13],[76.01,56.18],[76.31,56.18],[76.31,56.22],[76.11,56.33],[76.01,56.55],[76.28,56.73],[76.25,56.91],[76.2,56.97],[76.11,57.25],[75.99,57.38],[75.86,57.4],[75.73,57.6],[75.58,57.68],[75.54,57.94],[75.09,58.11],[75.22,58.22],[75.08,58.35],[75.3,58.45],[75.3,58.49],[75.11,58.58],[74.67,58.35],[74.61,58.29],[74.48,58.27],[74.21,58.13],[73.09,58.15],[72.86,58.01],[72.15,58.03],[71.99,58.12],[71.27,58.08],[71.22,58.17],[71.24,58.34],[71.3,58.39],[71.12,58.45],[71.08,58.52],[70.86,58.53],[70.44,57.93],[70.43,57.78],[70.57,57.71],[70.58,57.58],[70.68,57.51],[70.44,57.41],[70.49,57.3],[70.63,57.26],[70.73,57.19],[70.8,57.32],[71.08,57.34],[71.14,57.25],[71.37,57.06],[71.65,56.92],[71.67,56.84],[71.56,56.73],[71.4,56.73],[71.36,56.67],[71.17,56.68],[71.03,56.53],[70.86,56.46],[70.93,56.35],[70.77,56.3],[70.85,56.24],[70.83,56.16],[70.91,56.11],[70.85,55.96],[70.59,55.84],[70.55,55.68],[70.75,55.59],[70.68,55.51],[70.54,55.49],[70.47,55.42],[70.47,55.28],[70.49,55.28],[70.74,55.31],[70.91,55.13],[71.19,54.6],[71.16,54.54],[71.15,54.36],[71.05,54.26],[71.09,54.21],[71.34,54.16],[71.68,54.18],[71.89,54.22],[72,54.21],[72.07,54.23],[72.11,54.31],[72.19,54.33],[72.27,54.27],[72.39,54.12],[72.4,53.96],[72.45,53.94],[72.59,54],[72.56,54.09],[72.58,54.12],[72.62,54.13],[72.91,54.11],[73.12,53.98],[73.23,53.96],[73.38,53.96],[73.51,54],[73.62,54.07],[73.71,54.04],[73.72,54],[73.68,53.93],[73.4,53.81],[73.31,53.71],[73.29,53.6],[73.36,53.51],[73.37,53.45],[73.47,53.47],[73.64,53.58],[73.86,53.62],[74.07,53.61],[74.21,53.58],[74.35,53.49],[74.4,53.5],[74.45,53.65],[74.83,53.83],[74.99,53.82],[75.22,53.89],[75.38,53.97],[75.4,54.07],[75.44,54.09],[75.66,54.11],[75.69,54.11]]]}},
{"type":"Feature","properties":{"r":225,"c":75,"name":"Tyumen'","code":"TY"},"geometry":{"type":"Polygon","coordinates":[[[70.47,55.28],[70.47,55.42],[70.54,55.49],[70.68,55.51],[70.75,55.59],[70.55,55.68],[70.59,55.84],[70.85,55.96],[70.91,56.11],[70.83,56.16],[70.85,56.24],[70.77,56.3],[70.93,56.35],[70.86,56.46],[71.03,56.53],[71.17,56.68],[71.36,56.67],[71.4,56.73],[71.56,56.73],[71.67,56.84],[71.65,56.92],[71.37,57.06],[71.14,57.25],[71.08,57.34],[70.8,57.32],[70.73,57.19],[70.63,57.26],[70.49,57.3],[70.44,57.41],[70.68,57.51],[70.58,57.58],[70.57,57.71],[70.43,57.78],[70.44,57.93],[70.86,58.53],[71.08,58.52],[71.12,58.45],[71.3,58.39],[71.24,58.34],[71.22,58.17],[71.27,58.08],[71.99,58.12],[72.15,58.03],[72.86,58.01],[73.09,58.15],[74.21,58.13],[74.48,58.27],[74.61,58.29],[74.67,58.35],[75.11,58.58],[75.16,58.65],[74.98,58.72],[74.9,58.7],[74.74,58.75],[74.1,58.74],[74,58.8],[73.76,58.81],[73.62,58.85],[73.44,58.82],[73.03,58.86],[73.09,58.95],[72.97,59],[72.98,59.1],[72.86,59.16],[72.66,59.11],[72.45,59.22],[72.44,59.3],[72,59.57],[71.88,59.57],[71.78,59.65],[71.3,59.8],[71.19,59.91],[71.02,59.82],[70.8,59.86],[70.4,59.82],[70.25,59.84],[70.15,59.9],[69.62,59.9],[69.5,59.99],[69.31,59.99],[69.13,59.94],[69.08,59.89],[69.3,59.78],[68.84,59.62],[68.54,59.55],[68.36,59.28],[68.2,59.24],[67.74,59.21],[67.56,59.09],[67.26,59.02],[67.07,58.92],[66.95,58.97],[66.77,58.93],[66.79,58.72],[66.74,58.67],[66.38,58.59],[66.25,58.61],[65.93,58.61],[66,58.3],[66.2,58.03],[65.7,57.9],[65.54,57.78],[65.43,57.83],[64.84,57.64],[64.94,57.55],[64.84,57.45],[64.99,57.22],[64.99,57.04],[65.1,56.89],[65.23,56.86],[65.14,56.77],[65,56.77],[65.02,56.65],[64.97,56.5],[65.09,56.45],[65.12,56.33],[65.67,56.27],[65.71,56.2],[65.86,56.06],[66.03,55.99],[66.19,56.07],[66.3,56.06],[66.46,55.95],[66.76,56.05],[66.8,55.97],[66.99,55.99],[67.3,55.9],[67.45,55.74],[67.59,55.71],[67.82,55.72],[67.91,55.66],[68.19,55.7],[68.17,55.6],[68.32,55.56],[68.49,55.4],[68.59,55.42],[68.77,55.33],[68.84,55.36],[68.98,55.39],[69.49,55.36],[69.74,55.31],[69.98,55.2],[70.18,55.16],[70.37,55.21],[70.42,55.25],[70.47,55.28]]]}},
{"type":"Feature","properties":{"r":226,"c":75,"name":"Altay","code":"AL"},"geometry":{"type":"Polygon","coordinates":[[[84.07,50.63],[84.18,50.66],[84.54,50.69],[84.6,50.86],[84.53,50.88],[84.47,50.97],[84.25,51],[84.02,51.06],[84.01,51.14],[84.17,51.14],[84.27,51.28],[84.39,51.27],[84.71,51.4],[84.94,51.43],[85.01,51.49],[85.24,51.47],[85.31,51.57],[85.43,51.56],[85.54,51.7],[85.67,51.75],[85.74,51.86],[85.88,51.92],[85.83,51.97],[85.94,52.07],[86.15,52.07],[86.27,52.01],[86.44,52.02],[86.51,52.12],[86.75,52.11],[86.81,52.14],[86.81,52.29],[86.62,52.37],[86.84,52.65],[86.95,52.63],[87.12,52.67],[87.17,52.61],[87.18,52.71],[87.07,52.72],[86.94,52.86],[87.03,52.92],[87.08,53.08],[86.94,53.08],[86.71,53.2],[86.98,53.41],[86.93,53.45],[86.72,53.48],[86.45,53.61],[86.41,53.75],[86.29,53.88],[86.23,53.89],[86.12,54],[85.94,54.04],[85.81,54.13],[85.58,54.23],[85.43,54.21],[85.16,54.49],[85.08,54.47],[84.69,54.34],[84.53,54.17],[84.27,54.22],[84,54.14],[83.56,54.12],[83.49,54.09],[83.5,53.99],[83.39,53.95],[83.29,54.08],[83.18,54.06],[82.73,53.79],[82.49,53.47],[82.26,53.59],[82.21,53.66],[82.1,53.66],[81.97,53.72],[81.85,53.71],[81.76,53.78],[81.73,53.85],[81.84,53.9],[81.85,53.97],[81.58,54.02],[81.47,54.07],[81.25,54.1],[81.11,54.15],[81.1,54.21],[80.99,54.26],[80.92,54.4],[80.8,54.33],[80.66,54.2],[80.53,54.17],[80.3,54.07],[80.13,54.08],[80.04,54],[79.87,53.93],[79.86,53.86],[79.72,53.84],[79.57,53.73],[79.44,53.69],[79.3,53.72],[79.25,53.68],[79.03,53.66],[78.89,53.68],[78.6,53.62],[78.63,53.53],[78.38,53.49],[78.26,53.5],[78.2,53.61],[77.93,53.56],[77.93,53.44],[77.78,53.33],[77.8,53.32],[78.48,52.64],[79.15,51.87],[79.47,51.49],[79.99,50.77],[80.07,50.76],[80.09,50.84],[80.22,50.91],[80.35,50.92],[80.42,50.95],[80.45,51],[80.42,51.14],[80.45,51.18],[80.55,51.22],[80.61,51.22],[80.65,51.28],[80.74,51.29],[80.88,51.28],[80.97,51.19],[81.13,51.19],[81.14,51.15],[81.07,50.97],[81.12,50.95],[81.32,50.97],[81.39,50.96],[81.44,50.87],[81.43,50.77],[81.47,50.74],[81.63,50.74],[81.93,50.77],[82.1,50.71],[82.33,50.74],[82.49,50.73],[82.61,50.77],[82.76,50.89],[83.02,50.9],[83.09,50.96],[83.16,50.99],[83.36,50.99],[83.58,50.94],[83.72,50.89],[83.95,50.77],[84,50.68],[84.07,50.63]]]}},
{"type":"Feature","properties":{"r":227,"c":75,"name":"Gorno-Altay","code":"GA"},"geometry":{"type":"Polygon","coordinates":[[[89.64,49.9],[89.55,50.05],[89.5,50.21],[89.34,50.21],[89.39,50.32],[89.84,50.43],[89.87,50.49],[89.78,50.57],[89.67,50.58],[89.38,50.86],[89.05,51.06],[89.03,51.18],[88.95,51.23],[88.96,51.44],[88.74,51.56],[88.66,51.53],[88.67,51.42],[88.51,51.32],[88.36,51.32],[88.13,51.39],[88.11,51.43],[87.86,51.55],[87.97,51.6],[88.09,51.71],[87.84,51.81],[88.12,52.1],[88.36,52.17],[88.36,52.3],[88.42,52.35],[88.41,52.46],[88.2,52.42],[87.92,52.55],[87.64,52.45],[87.58,52.49],[87.37,52.52],[87.33,52.6],[87.17,52.61],[87.12,52.67],[86.95,52.63],[86.84,52.65],[86.62,52.37],[86.81,52.29],[86.81,52.14],[86.75,52.11],[86.51,52.12],[86.44,52.02],[86.27,52.01],[86.15,52.07],[85.94,52.07],[85.83,51.97],[85.88,51.92],[85.74,51.86],[85.67,51.75],[85.54,51.7],[85.43,51.56],[85.31,51.57],[85.24,51.47],[85.01,51.49],[84.94,51.43],[84.71,51.4],[84.39,51.27],[84.27,51.28],[84.17,51.14],[84.01,51.14],[84.02,51.06],[84.25,51],[84.47,50.97],[84.53,50.88],[84.6,50.86],[84.54,50.69],[84.18,50.66],[84.07,50.63],[84.1,50.6],[84.18,50.52],[84.19,50.44],[84.26,50.29],[84.32,50.24],[84.4,50.24],[84.61,50.2],[84.84,50.09],[84.92,50.09],[84.99,50.06],[84.98,49.95],[85,49.89],[85.14,49.75],[85.23,49.62],[85.29,49.6],[85.37,49.62],[85.5,49.61],[85.88,49.56],[85.93,49.55],[85.97,49.5],[86.18,49.5],[86.29,49.59],[86.42,49.64],[86.61,49.77],[86.68,49.78],[86.73,49.75],[86.73,49.7],[86.61,49.61],[86.63,49.56],[86.71,49.56],[86.81,49.49],[86.95,49.32],[87.07,49.25],[87.23,49.22],[87.3,49.15],[87.32,49.09],[87.42,49.08],[87.48,49.09],[87.52,49.12],[87.76,49.17],[87.81,49.16],[87.82,49.16],[87.93,49.16],[88.12,49.26],[88.14,49.38],[88.19,49.45],[88.39,49.48],[88.45,49.47],[88.63,49.49],[88.68,49.46],[88.83,49.45],[88.86,49.48],[88.86,49.53],[88.9,49.54],[88.97,49.48],[89.01,49.47],[89.18,49.53],[89.2,49.6],[89.24,49.63],[89.3,49.61],[89.4,49.61],[89.47,49.66],[89.65,49.72],[89.67,49.75],[89.63,49.82],[89.64,49.9]]]}},
{"type":"Feature","properties":{"r":228,"c":75,"name":"Kemerovo","code":"KE"},"geometry":{"type":"Polygon","coordinates":[[[84.41,56.04],[84.53,56.04],[84.57,55.96],[84.51,55.87],[84.61,55.84],[84.57,55.71],[84.71,55.66],[84.77,55.54],[84.73,55.39],[84.88,55.39],[84.82,55.25],[84.92,55.17],[84.88,54.99],[85.08,54.87],[84.95,54.74],[85.04,54.66],[84.95,54.6],[85.08,54.47],[85.16,54.49],[85.43,54.21],[85.58,54.23],[85.81,54.13],[85.94,54.04],[86.12,54],[86.23,53.89],[86.29,53.88],[86.41,53.75],[86.45,53.61],[86.72,53.48],[86.93,53.45],[86.98,53.41],[86.71,53.2],[86.94,53.08],[87.08,53.08],[87.03,52.92],[86.94,52.86],[87.07,52.72],[87.18,52.71],[87.17,52.61],[87.33,52.6],[87.37,52.52],[87.58,52.49],[87.64,52.45],[87.92,52.55],[88.2,52.42],[88.41,52.46],[88.42,52.35],[88.36,52.3],[88.36,52.17],[88.69,52.26],[88.68,52.35],[88.94,52.49],[89.12,52.63],[89.04,52.68],[89.24,52.81],[89.12,52.92],[88.9,52.99],[89.05,53.13],[89.05,53.25],[88.9,53.39],[88.83,53.58],[89.01,53.68],[89.02,53.74],[89.18,53.78],[89.26,53.83],[89.07,53.95],[88.98,54.07],[89.05,54.12],[89.19,54.15],[89.22,54.24],[89.13,54.35],[89,54.29],[88.95,54.37],[88.8,54.41],[88.56,54.29],[88.52,54.42],[88.6,54.52],[88.61,54.7],[88.75,54.8],[88.75,54.89],[88.66,54.9],[88.55,55.02],[88.55,55.08],[88.4,55.28],[88.61,55.45],[88.68,55.52],[89.06,55.69],[89.17,55.7],[89.36,55.77],[89.44,55.88],[89.33,55.9],[89.2,56.13],[89.06,56.21],[89.04,56.3],[88.91,56.31],[88.86,56.37],[88.73,56.38],[88.59,56.44],[88.63,56.52],[88.54,56.55],[88.52,56.63],[88.66,56.64],[88.72,56.73],[88.62,56.83],[88.55,56.79],[88.42,56.83],[87.78,56.55],[87.62,56.64],[87.4,56.62],[87.17,56.68],[87.13,56.54],[86.91,56.56],[86.71,56.63],[86.53,56.57],[86.39,56.55],[86.31,56.63],[86.22,56.62],[86.11,56.5],[85.78,56.41],[85.79,56.36],[85.61,56.32],[85.69,56.24],[85.38,56.21],[85.25,56.25],[85.12,56.22],[85.01,56.13],[84.89,56.17],[84.41,56.04]]]}},
{"type":"Feature","properties":{"r":229,"c":75,"name":"Khakass","code":"KK"},"geometry":{"type":"Polygon","coordinates":[[[88.36,52.17],[88.12,52.1],[87.84,51.81],[88.09,51.71],[87.97,51.6],[87.86,51.55],[88.11,51.43],[88.13,51.39],[88.36,51.32],[88.51,51.32],[88.67,51.42],[88.66,51.53],[88.74,51.56],[89.03,51.6],[89.23,51.64],[89.22,51.56],[89.42,51.61],[89.58,51.55],[89.73,51.58],[89.94,51.75],[90.1,51.77],[90.03,51.98],[90.12,52.04],[90.12,52.13],[90.36,52.19],[90.48,52.18],[90.7,52.46],[91.04,52.66],[91.24,52.75],[91.4,52.87],[91.41,52.95],[91.35,53.08],[91.66,53.16],[91.84,53.29],[91.85,53.35],[91.74,53.45],[91.47,53.51],[91.47,53.57],[91.33,53.76],[91.33,53.82],[91.47,53.97],[91.46,54.06],[91.21,54.34],[91.16,54.49],[90.85,54.63],[90.92,54.79],[90.84,54.84],[90.71,54.83],[90.68,54.9],[90.46,54.87],[90.44,55.02],[90.26,55.05],[90.13,55.11],[89.9,55.09],[89.66,55],[89.55,55.05],[89.2,54.99],[89.15,55.08],[88.97,55.18],[88.95,55.29],[88.76,55.34],[88.61,55.45],[88.4,55.28],[88.55,55.08],[88.55,55.02],[88.66,54.9],[88.75,54.89],[88.75,54.8],[88.61,54.7],[88.6,54.52],[88.52,54.42],[88.56,54.29],[88.8,54.41],[88.95,54.37],[89,54.29],[89.13,54.35],[89.22,54.24],[89.19,54.15],[89.05,54.12],[88.98,54.07],[89.07,53.95],[89.26,53.83],[89.18,53.78],[89.02,53.74],[89.01,53.68],[88.83,53.58],[88.9,53.39],[89.05,53.25],[89.05,53.13],[88.9,52.99],[89.12,52.92],[89.24,52.81],[89.04,52.68],[89.12,52.63],[88.94,52.49],[88.68,52.35],[88.69,52.26],[88.36,52.17]]]}},
{"type":"Feature","properties":{"r":230,"c":75,"name":"Novosibirsk","code":"NS"},"geometry":{"type":"Polygon","coordinates":[[[77.78,53.33],[77.93,53.44],[77.93,53.56],[78.2,53.61],[78.26,53.5],[78.38,53.49],[78.63,53.53],[78.6,53.62],[78.89,53.68],[79.03,53.66],[79.25,53.68],[79.3,53.72],[79.44,53.69],[79.57,53.73],[79.72,53.84],[79.86,53.86],[79.87,53.93],[80.04,54],[80.13,54.08],[80.3,54.07],[80.53,54.17],[80.66,54.2],[80.8,54.33],[80.92,54.4],[80.99,54.26],[81.1,54.21],[81.11,54.15],[81.25,54.1],[81.47,54.07],[81.58,54.02],[81.85,53.97],[81.84,53.9],[81.73,53.85],[81.76,53.78],[81.85,53.71],[81.97,53.72],[82.1,53.66],[82.21,53.66],[82.26,53.59],[82.49,53.47],[82.73,53.79],[83.18,54.06],[83.29,54.08],[83.39,53.95],[83.5,53.99],[83.49,54.09],[83.56,54.12],[84,54.14],[84.27,54.22],[84.53,54.17],[84.69,54.34],[85.08,54.47],[84.95,54.6],[85.04,54.66],[84.95,54.74],[85.08,54.87],[84.88,54.99],[84.92,55.17],[84.82,55.25],[84.88,55.39],[84.73,55.39],[84.77,55.54],[84.71,55.66],[84.57,55.71],[84.61,55.84],[84.51,55.87],[84.57,55.96],[84.53,56.04],[84.41,56.04],[84.33,55.99],[84.2,56.05],[83.95,56],[83.91,55.91],[83.78,55.88],[83.57,55.69],[83.4,55.74],[83.32,55.69],[83.22,55.74],[83.29,55.85],[83.41,55.89],[83.35,55.97],[83.13,56.13],[83.21,56.21],[83.14,56.28],[83.15,56.38],[83.25,56.46],[83.1,56.55],[83,56.51],[82.86,56.53],[82.83,56.44],[82.43,56.39],[82.15,56.33],[81.94,56.34],[81.56,56.26],[81.43,56.37],[81.21,56.51],[81.12,56.53],[80.31,56.44],[80.25,56.45],[79.59,56.93],[78.45,57.12],[78.44,57.16],[76.92,57.19],[76.8,57.21],[76.11,57.25],[76.2,56.97],[76.25,56.91],[76.28,56.73],[76.01,56.55],[76.11,56.33],[76.31,56.22],[76.31,56.18],[76.01,56.18],[75.94,56.13],[75.78,56.14],[75.7,56.07],[75.57,56.05],[75.32,55.9],[75.34,55.76],[75.13,55.7],[75.23,55.65],[75.18,55.57],[75.31,55.5],[75.19,55.46],[75.1,55.38],[75.27,55.25],[75.25,55.14],[75.39,55.04],[75.36,54.91],[75.53,54.89],[75.64,54.81],[75.69,54.71],[75.77,54.71],[75.83,54.6],[75.7,54.54],[75.68,54.48],[75.69,54.11],[75.88,54.17],[76.27,54.31],[76.5,54.34],[76.76,54.44],[76.84,54.44],[76.7,54.18],[76.65,54.15],[76.42,54.15],[76.42,54.11],[76.48,54.02],[76.58,53.94],[77.7,53.38],[77.78,53.33]]]}},
{"type":"Feature","properties":{"r":231,"c":75,"name":"Chechnya","code":"CN"},"geometry":{"type":"Polygon","coordinates":[[[45.73,42.47],[45.82,42.49],[45.95,42.58],[46.1,42.72],[46.17,42.73],[46.12,42.84],[46.34,42.9],[46.42,42.88],[46.53,42.96],[46.4,43.11],[46.42,43.31],[46.36,43.36],[46.34,43.46],[46.44,43.54],[46.48,43.67],[46.58,43.77],[46.59,43.87],[46.45,43.89],[46.46,43.96],[46.35,44],[46.26,43.95],[46.22,43.86],[46.02,43.88],[46.04,43.93],[45.8,43.98],[45.71,43.96],[45.51,44.02],[45.46,44],[45.43,43.88],[45.24,43.88],[45.19,43.95],[45.08,43.95],[45.08,43.79],[45,43.7],[44.84,43.66],[44.84,43.58],[45.05,43.49],[45.12,43.2],[45.17,43.13],[45.14,43.07],[45.16,42.95],[45.14,42.84],[45.17,42.79],[45.08,42.69],[45.16,42.68],[45.34,42.53],[45.56,42.54],[45.66,42.52],[45.73,42.48],[45.73,42.47]]]}},
{"type":"Feature","properties":{"r":232,"c":75,"name":"Dagestan","code":"DA"},"geometry":{"type":"Polygon","coordinates":[[[45.73,42.47],[45.69,42.36],[45.63,42.23],[45.64,42.21],[45.85,42.11],[45.95,42.04],[46.05,42.01],[46.21,41.99],[46.43,41.89],[46.54,41.87],[46.55,41.81],[46.57,41.8],[46.69,41.83],[46.75,41.81],[47.06,41.55],[47.14,41.52],[47.21,41.46],[47.26,41.32],[47.32,41.28],[47.52,41.23],[47.79,41.2],[47.86,41.21],[48.06,41.46],[48.14,41.48],[48.39,41.6],[48.57,41.84],[48.48,41.91],[48.38,41.95],[48.23,42.18],[48.08,42.35],[47.73,42.68],[47.71,42.81],[47.63,42.9],[47.49,43],[47.46,43.04],[47.51,43.22],[47.49,43.38],[47.51,43.51],[47.65,43.88],[47.56,43.83],[47.46,43.56],[47.43,43.78],[47.31,44.1],[47.23,44.19],[47.02,44.34],[46.92,44.39],[46.75,44.42],[46.72,44.45],[46.72,44.56],[46.76,44.66],[46.84,44.72],[46.89,44.75],[46.6,44.89],[46.43,44.94],[45.85,45],[45.71,44.98],[45.62,44.9],[45.61,44.77],[45.43,44.62],[45.27,44.59],[45.24,44.46],[45.4,44.44],[45.44,44.4],[45.4,44.32],[45.13,44.27],[45.12,44.2],[45.51,44.19],[45.51,44.02],[45.71,43.96],[45.8,43.98],[46.04,43.93],[46.02,43.88],[46.22,43.86],[46.26,43.95],[46.35,44],[46.46,43.96],[46.45,43.89],[46.59,43.87],[46.58,43.77],[46.48,43.67],[46.44,43.54],[46.34,43.46],[46.36,43.36],[46.42,43.31],[46.4,43.11],[46.53,42.96],[46.42,42.88],[46.34,42.9],[46.12,42.84],[46.17,42.73],[46.1,42.72],[45.95,42.58],[45.82,42.49],[45.73,42.47]]]}},
{"type":"Feature","properties":{"r":233,"c":75,"name":"Irkutsk","code":"IR"},"geometry":{"type":"Polygon","coordinates":[[[96.68,53.64],[96.74,53.71],[96.87,53.73],[97.14,53.61],[97.33,53.6],[97.45,53.46],[97.59,53.44],[97.7,53.38],[97.97,53.35],[98.03,53.25],[98.28,53.23],[98.3,53.1],[98.62,53.11],[98.7,53.15],[99.06,53.1],[98.99,53.03],[99.25,52.95],[99.37,53.05],[99.38,53.11],[99.54,53.11],[99.69,53.13],[99.81,53.19],[99.88,53.3],[100.08,53.3],[100.26,53.37],[100.4,53.23],[100.36,53.14],[100.61,52.94],[100.83,52.86],[100.85,52.81],[101.03,52.77],[101.32,52.64],[101.44,52.63],[101.48,52.57],[101.69,52.46],[101.74,52.4],[101.91,52.32],[101.96,52.22],[102.05,52.21],[102.19,52.28],[102.32,52.23],[102.39,52.26],[102.54,52.23],[102.57,52.15],[102.67,52.1],[102.78,51.98],[102.94,51.91],[103.06,51.88],[103.22,51.79],[103.18,51.62],[103.34,51.43],[103.58,51.48],[103.69,51.46],[103.82,51.39],[103.81,51.13],[104.1,51.22],[104.21,51.28],[104.49,51.31],[104.61,51.27],[104.67,51.4],[104.63,51.44],[104.65,51.62],[105.12,51.73],[105.46,51.86],[105.75,52.03],[105.99,52.22],[106.2,52.44],[108.04,53.19],[108.42,53.78],[109.01,54.42],[109.02,54.49],[108.67,54.55],[108.64,54.6],[108.72,54.79],[108.69,55.06],[108.78,55.17],[108.77,55.24],[108.65,55.31],[108.62,55.46],[108.77,55.62],[108.85,55.87],[108.96,55.94],[109.18,55.91],[109.11,56.02],[108.99,56.04],[108.93,56.15],[108.8,56.26],[108.57,56.29],[108.56,56.35],[108.72,56.5],[108.7,56.58],[108.93,56.59],[109.14,56.68],[109.31,56.67],[109.41,56.73],[109.67,56.69],[109.78,56.71],[109.89,56.89],[109.99,56.97],[110.25,56.92],[110.4,56.92],[110.53,56.85],[110.66,56.83],[110.75,56.87],[110.88,56.83],[111,56.86],[111.13,56.81],[111.36,56.89],[111.34,56.95],[111.46,57.1],[111.62,57.09],[111.63,57.02],[111.85,56.91],[111.92,56.95],[112.11,56.94],[112.23,56.88],[112.44,56.86],[112.66,56.96],[112.76,56.75],[112.89,56.7],[113.36,56.63],[113.55,56.67],[113.8,56.6],[113.87,56.53],[114.01,56.55],[114.13,56.68],[114.29,56.69],[114.5,56.67],[114.8,56.71],[114.85,56.84],[115.05,56.99],[115.09,57.12],[115.45,57.1],[115.7,57.14],[115.85,57.24],[116.16,57.23],[116.17,57.14],[116.05,57.08],[115.8,57.03],[115.71,56.96],[115.86,56.93],[115.96,56.87],[116.12,56.81],[116.36,56.85],[116.63,56.75],[116.82,56.73],[117.01,56.81],[117.14,56.81],[117.18,56.87],[117.57,56.85],[117.58,56.93],[117.67,56.98],[117.68,57.07],[117.6,57.15],[117.72,57.19],[117.79,57.29],[117.6,57.32],[117.43,57.26],[117.36,57.34],[117.32,57.46],[117.26,57.51],[117.28,57.62],[117.14,57.67],[117.17,57.74],[117.13,57.84],[117.31,57.85],[117.37,57.93],[117.37,58.06],[117.44,58.15],[117.59,58.18],[117.47,58.3],[117.68,58.4],[118.14,58.39],[118.32,58.35],[118.41,58.26],[118.63,58.18],[118.78,58.21],[119.11,58.22],[119.07,58.34],[119.13,58.47],[118.98,58.54],[118.82,58.57],[118.89,58.82],[118.8,58.93],[118.84,59.02],[118.71,59.06],[118.69,59.19],[118.84,59.3],[118.73,59.42],[118.41,59.51],[118.34,59.6],[118.06,59.58],[117.91,59.44],[117.78,59.53],[117.6,59.47],[117.35,59.5],[117.09,59.59],[117.19,59.65],[117.23,59.8],[117.07,59.91],[117.3,60.02],[117.08,60.03],[116.95,60.17],[116.72,60.27],[116.58,60.36],[116.08,60.41],[116,60.46],[115.84,60.47],[115.69,60.53],[115.39,60.49],[115.11,60.39],[115.01,60.27],[114.84,60.19],[114.7,60.22],[114.54,60.1],[114.55,59.99],[114.31,59.88],[114.16,59.75],[114.03,59.68],[113.85,59.68],[113.78,59.61],[113.59,59.57],[113.6,59.5],[113.44,59.4],[113.46,59.27],[113.26,59.16],[113.15,59.16],[112.73,59.08],[112.55,59.03],[112.61,58.95],[112.45,58.92],[112.47,59.17],[112.63,59.31],[112.44,59.33],[112.22,59.5],[111.93,59.27],[111.78,59.28],[111.63,59.21],[111.47,59.27],[111.32,59.26],[111.16,59.19],[110.71,59.26],[110.58,59.19],[110.59,59.13],[110.47,59.03],[110.29,58.99],[110.12,58.98],[109.64,59.07],[109.5,59.29],[109.27,59.32],[109.27,59.45],[109.52,59.63],[109.5,59.76],[109.65,59.87],[109.76,60.03],[109.69,60.13],[109.74,60.23],[109.92,60.45],[110.12,60.59],[110.06,60.67],[110.27,60.7],[110.24,60.83],[110.46,60.99],[110.52,61.09],[110.48,61.16],[110.17,61.16],[110.09,61.26],[109.79,61.33],[109.85,61.42],[109.85,61.56],[109.62,61.72],[109.6,61.87],[109.82,62.01],[110,62.16],[110,62.28],[109.92,62.41],[109.56,62.43],[109.31,62.48],[109.51,62.78],[109.61,62.87],[109.47,62.95],[109.45,63.15],[109.22,63.44],[109.05,63.55],[108.86,63.54],[108.55,63.6],[108.16,63.56],[108.11,63.62],[108.27,63.67],[108.28,63.8],[108.69,63.8],[108.77,63.86],[108.74,63.98],[108.5,64.12],[108.53,64.23],[108.47,64.28],[108.03,64.22],[108.22,64.2],[108.32,64.04],[108.26,64],[107.68,63.99],[107.55,63.86],[107.37,63.87],[107.2,63.96],[107.05,63.89],[106.76,64],[106.68,63.93],[106.79,63.84],[106.63,63.7],[106.69,63.64],[106.52,63.48],[106.73,63.37],[106.66,63.3],[106.44,63.32],[106.37,63.27],[106.4,63.11],[106.13,63.05],[106.23,62.89],[106.43,62.85],[106.53,62.74],[106.49,62.69],[106.73,62.59],[106.71,62.49],[106.48,62.33],[106.4,62.31],[106.44,62.18],[106.38,62.1],[106.4,62.03],[106.22,62],[105.9,61.83],[105.94,61.69],[105.82,61.63],[105.72,61.65],[105.55,61.57],[105.37,61.53],[105.25,61.42],[104.96,61.4],[104.9,61.37],[105,61.2],[104.84,61.18],[104.64,61.04],[104.57,60.95],[104.63,60.89],[104.46,60.84],[104.59,60.74],[104.52,60.64],[104.68,60.4],[104.89,60.3],[105.22,60.28],[105.32,60.3],[105.48,60.25],[105.42,60.12],[105.48,60.02],[105.38,59.82],[105.19,59.86],[105.04,59.84],[105,59.77],[104.8,59.69],[104.88,59.53],[104.99,59.46],[105.23,59.43],[105.2,59.3],[105.29,59.26],[105.35,59.11],[104.95,58.96],[104.76,58.82],[104.87,58.72],[104.79,58.67],[104.46,58.6],[104.37,58.71],[104.22,58.76],[103.95,58.77],[103.89,58.9],[103.69,58.92],[103.38,59.03],[103.25,59.18],[103.24,59.28],[103.08,59.26],[103,59.32],[102.76,59.2],[102.59,59.2],[102.45,59.15],[102.41,59.07],[102.44,58.94],[102.54,58.9],[102.56,58.8],[102.52,58.73],[102.31,58.64],[102.16,58.52],[101.77,58.45],[101.68,58.41],[101.53,58.23],[101.3,58.22],[101.21,58.14],[101.14,57.99],[100.97,57.87],[100.85,57.85],[100.88,57.77],[100.8,57.67],[100.96,57.56],[100.91,57.45],[100.72,57.41],[100.64,57.48],[100.42,57.54],[100.28,57.8],[100.13,57.87],[100.08,58.05],[100.02,58.08],[99.79,58.06],[99.7,58.09],[99.5,57.93],[99.41,57.8],[99.08,57.77],[98.96,57.72],[98.77,57.79],[97.99,57.82],[97.93,57.81],[97.35,57.06],[97.49,56.96],[97.47,56.83],[97.55,56.79],[97.77,56.79],[97.76,56.56],[97.87,56.55],[97.88,56.43],[97.84,56.39],[97.59,56.39],[97.56,56.19],[97.44,56.15],[97.35,56.05],[97.13,56.1],[96.99,56.02],[96.96,55.86],[96.76,55.75],[96.75,55.65],[96.82,55.56],[96.92,55.33],[96.72,55.26],[96.68,55.08],[96.59,55.02],[96.71,54.93],[96.67,54.81],[96.56,54.7],[96.55,54.58],[96.5,54.51],[96.35,54.56],[96.22,54.54],[96.04,54.56],[95.98,54.45],[95.9,54.39],[95.72,54.39],[95.65,54.28],[95.68,54.23],[95.92,54.16],[96.08,54.06],[96.13,53.97],[96.41,53.78],[96.51,53.68],[96.68,53.64]]]}},
{"type":"Feature","properties":{"r":234,"c":75,"name":"Krasnoyarsk","code":"KY"},"geometry":{"type":"MultiPolygon","coordinates":[[[[96.85,76.2],[96.97,76.24],[97.05,76.32],[96.88,76.36],[96.74,76.26],[96.75,76.2],[96.8,76.19],[96.85,76.2]]],[[[100.07,79.7],[99.96,79.69],[99.92,79.6],[100.14,79.61],[100.3,79.67],[100.07,79.7]]],[[[78.48,72.39],[78.7,72.18],[79.42,72.04],[79.69,72.06],[80.22,71.94],[80.34,71.89],[80.04,71.83],[80.12,71.67],[79.87,71.6],[79.38,71.61],[79.33,71.48],[79.14,71.42],[79.24,71.32],[79.57,71.28],[79.95,71.13],[80.4,71.09],[80.55,71.04],[80.55,70.9],[80.68,70.81],[80.61,70.71],[80.75,70.64],[80.57,70.46],[80.18,70.43],[80.1,70.35],[79.63,70.22],[79.51,70.12],[79.21,70.05],[79.17,69.98],[78.91,69.86],[79.12,69.73],[79.59,69.59],[79.64,69.49],[79.85,69.35],[80.26,69.36],[80.73,69.31],[80.97,69.21],[81.32,69.29],[81.61,69.29],[81.63,69.41],[81.78,69.43],[81.93,69.35],[81.77,69.23],[81.89,69.18],[82.26,69.16],[82.5,69.11],[82.33,69.06],[82.48,69],[82.55,68.84],[83.02,68.68],[82.87,68.63],[82.54,68.61],[82.71,68.41],[82.68,68.28],[82.55,68.18],[82.39,68.18],[82.35,67.94],[82.06,67.95],[81.73,67.91],[81.88,67.8],[82.1,67.72],[82.11,67.61],[82.39,67.52],[82.26,67.41],[82.35,67.33],[82.12,67.24],[83.04,66.89],[83.16,66.82],[83.29,66.66],[83.08,66.58],[83.09,66.46],[83.26,66.39],[83.52,66.17],[83.38,66.14],[83.3,66.06],[83.52,65.91],[83.52,65.82],[84.03,65.79],[84.17,65.7],[84.32,65.68],[84.29,65.61],[84.43,65.55],[84.55,65.43],[84.59,65.31],[84.52,65.21],[84.39,65.18],[84.31,65.1],[84.39,64.99],[84.28,64.94],[84.47,64.89],[84.82,64.93],[84.97,64.89],[85.18,64.75],[85.61,64.83],[85.86,64.76],[85.81,64.66],[85.92,64.59],[85.84,64.5],[85.95,64.33],[86.03,64.28],[85.93,64.12],[85.95,64.05],[85.53,63.94],[85.37,63.81],[85.33,63.7],[85.1,63.53],[85.28,63.52],[85.38,63.47],[85.41,63.35],[85.64,63.37],[85.47,63.15],[85.58,63.05],[85.52,62.93],[85.32,62.87],[85.09,62.64],[84.96,62.59],[84.86,62.45],[84.75,62.41],[84.44,62.18],[84.55,62],[84.52,61.95],[84.68,61.82],[84.92,61.8],[85.27,61.68],[85.39,61.7],[85.48,61.63],[85.72,61.57],[85.85,61.6],[85.96,61.55],[85.95,61.46],[85.77,61.44],[85.64,61.39],[85.67,61.29],[84.65,61],[84.26,60.86],[84.36,60.79],[84.71,60.46],[84.78,60.36],[84.63,60.21],[84.61,60.06],[84.53,59.97],[84.69,59.9],[85.5,59.89],[85.97,59.96],[86.63,59.95],[87.08,59.88],[87.21,59.69],[87.49,59.67],[87.55,59.64],[87.88,59.29],[87.94,59.27],[88.59,59.3],[88.62,59.2],[88.83,59.03],[88.8,59.01],[88.38,58.91],[87.93,58.53],[88.01,58.27],[88.16,58.11],[88.69,58.04],[88.85,57.96],[89.33,57.95],[89.39,57.88],[89.35,57.8],[89.38,57.64],[89.17,57.62],[89.08,57.51],[88.86,57.43],[88.74,57.23],[88.65,57.21],[88.53,57.1],[88.72,57.06],[88.62,56.83],[88.72,56.73],[88.66,56.64],[88.52,56.63],[88.54,56.55],[88.63,56.52],[88.59,56.44],[88.73,56.38],[88.86,56.37],[88.91,56.31],[89.04,56.3],[89.06,56.21],[89.2,56.13],[89.33,55.9],[89.44,55.88],[89.36,55.77],[89.17,55.7],[89.06,55.69],[88.68,55.52],[88.61,55.45],[88.76,55.34],[88.95,55.29],[88.97,55.18],[89.15,55.08],[89.2,54.99],[89.55,55.05],[89.66,55],[89.9,55.09],[90.13,55.11],[90.26,55.05],[90.44,55.02],[90.46,54.87],[90.68,54.9],[90.71,54.83],[90.84,54.84],[90.92,54.79],[90.85,54.63],[91.16,54.49],[91.21,54.34],[91.46,54.06],[91.47,53.97],[91.33,53.82],[91.33,53.76],[91.47,53.57],[91.47,53.51],[91.74,53.45],[91.85,53.35],[91.84,53.29],[91.66,53.16],[91.35,53.08],[91.41,52.95],[91.4,52.87],[91.24,52.75],[91.04,52.66],[90.7,52.46],[90.48,52.18],[90.58,52.11],[90.74,52.06],[90.84,51.91],[91.1,51.94],[91.18,51.89],[91.54,51.9],[91.62,51.87],[91.89,51.85],[91.99,51.79],[92.43,51.8],[92.51,51.78],[92.67,51.84],[92.84,51.83],[92.9,51.9],[93.07,51.95],[93.36,52.13],[93.68,52.22],[93.77,52.37],[93.77,52.45],[93.99,52.59],[94.14,52.76],[94.14,52.83],[94.29,52.9],[94.51,52.91],[94.6,53.06],[94.6,53.18],[94.69,53.22],[94.59,53.32],[94.74,53.38],[94.98,53.41],[95.04,53.38],[95.26,53.46],[95.38,53.37],[95.62,53.45],[95.77,53.52],[96.05,53.45],[96.19,53.52],[96.24,53.61],[96.42,53.54],[96.64,53.55],[96.68,53.64],[96.51,53.68],[96.41,53.78],[96.13,53.97],[96.08,54.06],[95.92,54.16],[95.68,54.23],[95.65,54.28],[95.72,54.39],[95.9,54.39],[95.98,54.45],[96.04,54.56],[96.22,54.54],[96.35,54.56],[96.5,54.51],[96.55,54.58],[96.56,54.7],[96.67,54.81],[96.71,54.93],[96.59,55.02],[96.68,55.08],[96.72,55.26],[96.92,55.33],[96.82,55.56],[96.75,55.65],[96.76,55.75],[96.96,55.86],[96.99,56.02],[97.13,56.1],[97.35,56.05],[97.44,56.15],[97.56,56.19],[97.59,56.39],[97.84,56.39],[97.88,56.43],[97.87,56.55],[97.76,56.56],[97.77,56.79],[97.55,56.79],[97.47,56.83],[97.49,56.96],[97.35,57.06],[97.93,57.81],[97.99,57.82],[98.77,57.79],[98.96,57.72],[99.08,57.77],[99.41,57.8],[99.5,57.93],[99.7,58.09],[99.79,58.06],[100.02,58.08],[100.08,58.05],[100.13,57.87],[100.28,57.8],[100.42,57.54],[100.64,57.48],[100.72,57.41],[100.91,57.45],[100.96,57.56],[100.8,57.67],[100.88,57.77],[100.85,57.85],[100.97,57.87],[101.14,57.99],[101.21,58.14],[101.3,58.22],[101.53,58.23],[101.68,58.41],[101.77,58.45],[102.16,58.52],[102.31,58.64],[102.52,58.73],[102.56,58.8],[102.54,58.9],[102.44,58.94],[102.41,59.07],[102.45,59.15],[102.59,59.2],[102.76,59.2],[103,59.32],[103.08,59.26],[103.24,59.28],[103.25,59.18],[103.38,59.03],[103.69,58.92],[103.89,58.9],[103.95,58.77],[104.22,58.76],[104.37,58.71],[104.46,58.6],[104.79,58.67],[104.87,58.72],[104.76,58.82],[104.95,58.96],[105.35,59.11],[105.29,59.26],[105.2,59.3],[105.23,59.43],[104.99,59.46],[104.88,59.53],[104.8,59.69],[105,59.77],[105.04,59.84],[105.19,59.86],[105.38,59.82],[105.48,60.02],[105.42,60.12],[105.48,60.25],[105.32,60.3],[105.22,60.28],[104.89,60.3],[104.68,60.4],[104.52,60.64],[104.59,60.74],[104.46,60.84],[104.63,60.89],[104.57,60.95],[104.64,61.04],[104.84,61.18],[105,61.2],[104.9,61.37],[104.96,61.4],[105.25,61.42],[105.37,61.53],[105.55,61.57],[105.72,61.65],[105.82,61.63],[105.94,61.69],[105.9,61.83],[106.22,62],[106.4,62.03],[106.38,62.1],[106.44,62.18],[106.4,62.31],[106.48,62.33],[106.71,62.49],[106.73,62.59],[106.49,62.69],[106.53,62.74],[106.43,62.85],[106.23,62.89],[106.13,63.05],[106.4,63.11],[106.37,63.27],[106.44,63.32],[106.66,63.3],[106.73,63.37],[106.52,63.48],[106.69,63.64],[106.63,63.7],[106.79,63.84],[106.68,63.93],[106.76,64],[107.05,63.89],[107.2,63.96],[107.37,63.87],[107.55,63.86],[107.68,63.99],[108.26,64],[108.32,64.04],[108.22,64.2],[108.03,64.22],[107.86,64.18],[107.57,64.3],[107.37,64.25],[106.88,64.41],[106.4,64.44],[106.2,64.4],[106.13,64.48],[105.8,64.53],[105.71,64.65],[105.87,64.68],[105.83,64.76],[105.95,64.88],[106.12,64.9],[105.97,65.01],[106.45,65.23],[106.45,65.31],[106.64,65.39],[106.84,65.38],[106.94,65.51],[106.71,65.55],[106.63,65.63],[106.44,65.66],[106.47,66.01],[106.33,66.15],[106.17,66.16],[106.1,66.38],[106.32,66.48],[106.25,66.58],[106.25,66.7],[106.05,66.79],[106.04,66.9],[105.69,66.94],[105.54,67.02],[105.89,67.04],[106.05,67.17],[106.32,67.21],[106.49,67.28],[106.69,67.25],[106.8,67.35],[106.9,68.14],[106.89,68.87],[106.15,69.39],[106.43,69.56],[106.6,69.52],[106.84,69.52],[107.12,69.59],[108.01,69.7],[108.15,69.82],[108.29,69.86],[108.87,69.84],[108.94,69.79],[109.24,69.78],[109.36,69.84],[109.51,70.03],[109.36,70.07],[109.28,70.21],[109.54,70.26],[109.6,70.38],[110,70.42],[110.12,70.48],[110.1,70.63],[110.49,70.73],[110.54,70.8],[110.9,70.81],[111.33,70.86],[111.52,70.94],[111.95,70.98],[112.03,71.04],[112.28,71.01],[112.58,71.11],[112.51,71.27],[112,71.41],[112,72.13],[111.82,72.13],[111.64,72.27],[111.09,72.37],[111.28,72.48],[111.21,72.54],[110.88,72.58],[110.7,72.65],[110.61,72.78],[110.63,72.89],[110.84,72.95],[110.88,73.02],[110.75,73.18],[110.57,73.25],[110.52,73.4],[110.82,73.56],[111.07,73.58],[111.11,73.64],[110.83,73.71],[110.77,73.69],[110.43,73.63],[109.86,73.47],[109.64,73.45],[109.33,73.49],[109.09,73.38],[108.58,73.32],[108.35,73.31],[108.29,73.27],[108,73.24],[107.75,73.17],[107.37,73.16],[107.11,73.18],[106.48,73.14],[106.32,73.11],[106.07,72.95],[105.71,72.84],[105.4,72.79],[105.14,72.78],[105.39,72.84],[105.68,72.96],[106.19,73.31],[106.68,73.33],[107.27,73.62],[107.77,73.63],[108.2,73.69],[109.08,74.03],[109.51,74.09],[109.81,74.17],[109.91,74.26],[109.84,74.32],[110.23,74.38],[110.37,74.47],[110.89,74.55],[111.3,74.66],[111.87,74.74],[112.19,74.85],[112.92,75.02],[113.61,75.29],[113.73,75.45],[113.56,75.5],[113.36,75.53],[113.24,75.61],[113.16,75.62],[112.96,75.57],[112.73,75.74],[112.45,75.83],[112.5,75.85],[112.63,75.84],[113.13,75.7],[113.47,75.66],[113.52,75.62],[113.49,75.56],[113.62,75.59],[113.87,75.86],[113.86,75.92],[113.56,75.89],[113.43,76.11],[113.27,76.25],[113.09,76.26],[112.99,76.24],[113.15,76.17],[113.09,76.13],[112.82,76.06],[112.66,76.05],[112.8,76.13],[112.68,76.22],[112.62,76.38],[112.3,76.43],[112.14,76.42],[111.94,76.38],[112.09,76.48],[111.94,76.55],[111.79,76.6],[111.6,76.62],[111.39,76.69],[111.11,76.72],[110.47,76.76],[109.98,76.71],[109.37,76.75],[108.64,76.72],[108.35,76.72],[108.18,76.74],[108.03,76.72],[107.9,76.57],[107.72,76.52],[107.16,76.52],[106.83,76.48],[106.68,76.51],[106.41,76.51],[106.38,76.59],[106.55,76.59],[106.64,76.57],[106.94,76.73],[107.43,76.93],[107.28,76.99],[106.94,77.03],[106.78,77.03],[106.71,77.01],[106.34,77.05],[106.15,77.05],[105.82,77],[105.71,77],[105.65,77.1],[104.2,77.1],[104.32,77.13],[104.91,77.17],[105.38,77.24],[105.73,77.35],[106.06,77.39],[105.89,77.49],[105.71,77.53],[105.31,77.55],[104.97,77.59],[104.81,77.65],[104.18,77.73],[104.01,77.73],[103.56,77.63],[103.33,77.64],[103.13,77.63],[102.61,77.51],[101.52,77.2],[101.19,77.03],[100.99,76.99],[100.92,76.82],[101.1,76.7],[100.93,76.56],[101,76.53],[101.21,76.54],[101.68,76.49],[101.6,76.44],[101.31,76.48],[101.06,76.48],[100.84,76.53],[100.32,76.48],[99.94,76.49],[99.58,76.47],[98.87,76.51],[98.81,76.48],[99.09,76.38],[99.62,76.24],[99.83,76.14],[99.85,75.93],[99.61,75.81],[99.44,75.8],[99.6,75.85],[99.77,76.03],[99.66,76.08],[99.19,76.18],[98.66,76.24],[98.34,76.18],[98.19,76.17],[97.92,76.09],[97.67,76.08],[97.64,76.03],[97.5,75.98],[97.35,76.03],[97.21,76.02],[96.88,75.93],[96.5,75.89],[96.6,75.99],[96.51,76.01],[95.93,75.93],[95.74,75.87],[95.65,75.89],[95.99,76.01],[96.08,76.08],[95.92,76.11],[95.58,76.14],[95.36,76.14],[95.04,76.11],[94.58,76.15],[94.51,76.11],[94.39,76.1],[94.1,76.12],[93.84,76.1],[93.65,76.05],[93.36,76.1],[93.26,76.1],[93.1,76.03],[92.97,76.08],[92.86,75.98],[92.89,75.91],[93.07,75.91],[93.18,75.96],[93.41,75.9],[93.57,75.96],[93.69,75.92],[94.16,75.96],[94.08,75.91],[93.55,75.85],[92.6,75.78],[92.41,75.75],[91.85,75.72],[91.48,75.65],[91,75.65],[90.18,75.59],[89.6,75.46],[89.31,75.47],[88.73,75.37],[88.5,75.29],[87.67,75.13],[87.17,75.19],[87.01,75.17],[86.92,75.11],[86.94,75.07],[87.14,75.07],[87.47,75.01],[87.42,74.94],[87.04,74.78],[86.65,74.68],[86.2,74.82],[86.06,74.73],[85.88,74.74],[85.79,74.65],[86.12,74.63],[86.43,74.59],[87.23,74.36],[86.9,74.33],[86.54,74.44],[86.4,74.45],[86.18,74.42],[86,74.32],[86.18,74.28],[86.57,74.24],[86.7,74.2],[87.21,73.88],[87.57,73.81],[87.37,73.76],[87.12,73.62],[86.38,73.57],[86.09,73.52],[85.94,73.46],[85.91,73.39],[85.97,73.35],[86.72,73.13],[86.68,73.11],[86.51,73.14],[86.1,73.27],[85.82,73.33],[85.79,73.44],[85.83,73.49],[86.09,73.58],[86.37,73.62],[87.03,73.82],[86.89,73.89],[85.98,73.86],[85.61,73.82],[85.45,73.73],[85.08,73.72],[84.74,73.76],[84.42,73.72],[83.67,73.69],[83.54,73.67],[81.82,73.66],[80.58,73.57],[80.6,73.47],[80.4,73.36],[80.42,73.23],[80.51,73.09],[80.76,73.03],[80.84,72.95],[80.66,72.71],[80.83,72.49],[81.1,72.39],[81.28,72.36],[81.79,72.33],[82.09,72.27],[82.18,72.24],[82.32,72.07],[82.65,71.93],[82.76,71.9],[83.2,71.87],[83.34,71.83],[83.53,71.68],[83.55,71.54],[83.27,71.28],[83.15,71.1],[83.33,70.99],[83.58,70.77],[83.74,70.55],[83.66,70.42],[83.5,70.35],[83.07,70.28],[83.13,70.16],[83.08,70.09],[82.86,70.1],[82.68,70.22],[82.92,70.41],[83.06,70.69],[83.01,70.9],[82.87,70.95],[82.74,70.94],[82.59,70.89],[82.45,70.69],[82.26,70.54],[82.22,70.4],[82.16,70.6],[82.34,70.81],[82.24,71],[82.32,71.26],[82.49,71.29],[82.92,71.42],[83.23,71.67],[82.99,71.75],[82.76,71.76],[82.55,71.76],[82.08,71.71],[81.66,71.72],[81.51,71.75],[80.86,71.97],[80.76,72.09],[80.47,72.15],[79.95,72.22],[79.42,72.38],[78.48,72.39]]],[[[110.8,73.76],[111.3,73.88],[111.23,73.97],[111.46,74],[111.55,74.03],[111.13,74.05],[111.06,73.94],[110.26,74.02],[109.87,73.93],[109.67,73.8],[109.75,73.72],[110.09,73.71],[110.39,73.73],[110.72,73.78],[110.8,73.76]]],[[[95.85,77.1],[95.42,77.06],[95.27,77.02],[95.68,77.02],[95.85,76.97],[96.09,77],[96.21,76.99],[96.56,77.15],[96.53,77.21],[95.85,77.1]]],[[[89.62,77.31],[89.28,77.3],[89.14,77.23],[89.3,77.18],[89.51,77.19],[89.67,77.25],[89.62,77.31]]],[[[96.27,76.31],[96.15,76.27],[95.79,76.29],[95.59,76.25],[95.38,76.29],[95.31,76.21],[95.68,76.19],[95.84,76.16],[96.11,76.16],[96.3,76.12],[96.35,76.21],[96.49,76.23],[96.59,76.22],[96.61,76.26],[96.27,76.31]]],[[[97.31,76.69],[97.43,76.59],[97.54,76.58],[97.59,76.6],[97.38,76.71],[97.31,76.69]]],[[[86.65,74.98],[86.61,74.99],[86.33,74.94],[86.26,74.89],[86.39,74.85],[86.69,74.85],[86.93,74.83],[87.12,74.94],[87,74.99],[86.74,74.96],[86.65,74.98]]],[[[82.02,75.51],[81.91,75.5],[81.93,75.41],[81.84,75.41],[81.71,75.45],[81.5,75.37],[81.65,75.29],[81.7,75.28],[81.86,75.32],[81.91,75.26],[81.98,75.25],[82.05,75.34],[82.22,75.35],[82.17,75.52],[82.02,75.51]]],[[[83.15,74.15],[82.9,74.13],[82.82,74.09],[83.16,74.08],[83.41,74.04],[83.62,74.09],[83.51,74.12],[83.15,74.15]]],[[[84.54,74.49],[84.39,74.45],[84.43,74.43],[84.71,74.4],[84.87,74.52],[84.54,74.49]]],[[[79.41,72.98],[79.36,73.04],[79.16,73.09],[78.66,72.89],[78.63,72.85],[78.69,72.8],[78.88,72.75],[79.43,72.71],[79.5,72.72],[79.54,72.92],[79.41,72.98]]],[[[82.38,74.15],[82.33,74.13],[82.48,74.08],[82.61,74.06],[82.71,74.09],[82.61,74.15],[82.38,74.15]]],[[[112.15,76.55],[112.3,76.54],[112.39,76.48],[112.53,76.45],[112.66,76.51],[112.63,76.55],[112.39,76.64],[112.28,76.62],[111.97,76.63],[112.15,76.55]]],[[[106.68,78.26],[106.72,78.29],[106.64,78.34],[106.46,78.34],[106.35,78.27],[106.06,78.26],[106.02,78.22],[106.15,78.2],[106.5,78.26],[106.68,78.26]]],[[[107.37,77.35],[107.27,77.29],[107.3,77.24],[107.68,77.27],[107.63,77.32],[107.49,77.35],[107.37,77.35]]],[[[91.48,81.18],[91.11,81.2],[90.07,81.21],[89.9,81.17],[89.98,81.11],[91.22,81.06],[91.57,81.14],[91.48,81.18]]],[[[106.58,78.17],[106.42,78.14],[107,78.1],[107.34,78.1],[107.48,78.06],[107.61,78.08],[107.7,78.13],[107.57,78.19],[106.58,78.17]]],[[[76.47,79.64],[76.37,79.62],[76.15,79.66],[76.05,79.64],[76.15,79.58],[76.64,79.54],[76.65,79.49],[77.59,79.5],[77.36,79.56],[76.47,79.64]]],[[[79.22,80.96],[78.98,80.85],[79.1,80.81],[80.34,80.87],[80.43,80.93],[79.81,80.98],[79.22,80.96]]],[[[92.59,80],[92.17,80.05],[91.43,80.05],[91.23,80.03],[91.07,79.98],[91.13,79.9],[91.38,79.84],[92.15,79.68],[92.44,79.68],[92.93,79.7],[93.6,79.82],[93.8,79.9],[93.48,79.94],[92.59,80]]],[[[99.52,79.13],[99.32,79.23],[99.04,79.29],[99.17,79.31],[99.39,79.27],[99.54,79.28],[99.68,79.32],[99.78,79.63],[99.92,79.74],[100.06,79.78],[99.95,79.85],[99.29,80.02],[98.87,80.05],[98.6,80.05],[98.47,80.01],[98.5,79.95],[98.35,79.88],[98.27,79.87],[98.06,79.9],[97.65,79.76],[97.59,79.77],[97.63,79.85],[97.81,79.96],[98.02,80.02],[97.9,80.1],[97.59,80.17],[96.42,80.1],[95.5,80.11],[95.28,80.03],[94.99,80.1],[94.82,80.03],[94.35,79.94],[94.26,79.83],[93.85,79.7],[93.4,79.63],[93.07,79.5],[93.27,79.46],[93.76,79.45],[94.22,79.4],[94.48,79.22],[94.62,79.19],[94.65,79.13],[95.02,79.05],[95.53,79.1],[95.7,79.01],[95.8,79],[96.35,79.02],[96.43,79],[96.81,78.98],[96.93,78.93],[97.56,78.83],[97.91,78.81],[98.05,78.82],[98.41,78.79],[98.82,78.82],[99.44,78.83],[99.93,78.96],[99.81,79.1],[99.52,79.13]]],[[[105.15,78.82],[104.88,78.85],[104.63,78.84],[104.45,78.88],[104.45,78.96],[104.4,78.98],[104.09,79.01],[103.93,79.12],[103.8,79.15],[103.43,79.13],[103.2,79.07],[102.95,79.06],[102.59,78.87],[102.41,78.84],[102.88,79.25],[103.1,79.3],[102.79,79.39],[102.4,79.43],[102.28,79.43],[102.18,79.37],[102.25,79.26],[102.13,79.25],[102.01,79.26],[101.82,79.37],[101.64,79.36],[101.54,79.25],[101.31,79.23],[101.05,79.12],[101.03,79.02],[100.86,78.93],[100.96,78.79],[100.88,78.78],[100.62,78.8],[100.42,78.75],[100.28,78.68],[100.26,78.57],[100.02,78.34],[99.55,78.18],[99.44,78.08],[99.29,78.04],[99.5,77.98],[99.85,77.96],[100.08,77.97],[101.04,78.14],[101.2,78.19],[101.69,78.19],[102.62,78.22],[102.8,78.19],[103,78.26],[103.72,78.26],[104.3,78.34],[104.83,78.35],[105.31,78.5],[105.31,78.67],[105.15,78.82]]],[[[97.87,80.76],[97.7,80.83],[97.41,80.84],[96.75,80.96],[96.53,81.08],[96.19,81.18],[95.98,81.21],[95.8,81.28],[95.16,81.27],[95.06,81.19],[94.84,81.14],[94.61,81.11],[94.38,81.11],[93.64,81.04],[93.36,81.03],[93.07,80.99],[92.71,80.87],[92.59,80.78],[92.77,80.77],[93.26,80.79],[92.58,80.53],[91.9,80.48],[91.52,80.36],[91.64,80.27],[92.09,80.22],[92.2,80.18],[93,80.1],[93.65,80.01],[93.87,80.01],[94.57,80.13],[94.66,80.12],[94.96,80.15],[97.18,80.24],[97.42,80.32],[97.25,80.36],[97.03,80.54],[97.11,80.61],[97.22,80.65],[97.86,80.7],[97.87,80.76]]]]}},
{"type":"Feature","properties":{"r":235,"c":75,"name":"Tuva","code":"TU"},"geometry":{"type":"Polygon","coordinates":[[[98.94,52.11],[98.93,52.19],[98.81,52.2],[98.8,52.27],[98.65,52.31],[98.63,52.41],[98.81,52.51],[98.8,52.61],[98.94,52.67],[98.94,52.8],[98.86,52.85],[98.93,52.92],[99.22,52.87],[99.25,52.95],[98.99,53.03],[99.06,53.1],[98.7,53.15],[98.62,53.11],[98.3,53.1],[98.28,53.23],[98.03,53.25],[97.97,53.35],[97.7,53.38],[97.59,53.44],[97.45,53.46],[97.33,53.6],[97.14,53.61],[96.87,53.73],[96.74,53.71],[96.68,53.64],[96.64,53.55],[96.42,53.54],[96.24,53.61],[96.19,53.52],[96.05,53.45],[95.77,53.52],[95.62,53.45],[95.38,53.37],[95.26,53.46],[95.04,53.38],[94.98,53.41],[94.74,53.38],[94.59,53.32],[94.69,53.22],[94.6,53.18],[94.6,53.06],[94.51,52.91],[94.29,52.9],[94.14,52.83],[94.14,52.76],[93.99,52.59],[93.77,52.45],[93.77,52.37],[93.68,52.22],[93.36,52.13],[93.07,51.95],[92.9,51.9],[92.84,51.83],[92.67,51.84],[92.51,51.78],[92.43,51.8],[91.99,51.79],[91.89,51.85],[91.62,51.87],[91.54,51.9],[91.18,51.89],[91.1,51.94],[90.84,51.91],[90.74,52.06],[90.58,52.11],[90.48,52.18],[90.36,52.19],[90.12,52.13],[90.12,52.04],[90.03,51.98],[90.1,51.77],[89.94,51.75],[89.73,51.58],[89.58,51.55],[89.42,51.61],[89.22,51.56],[89.23,51.64],[89.03,51.6],[88.74,51.56],[88.96,51.44],[88.95,51.23],[89.03,51.18],[89.05,51.06],[89.38,50.86],[89.67,50.58],[89.78,50.57],[89.87,50.49],[89.84,50.43],[89.39,50.32],[89.34,50.21],[89.5,50.21],[89.55,50.05],[89.64,49.9],[89.74,49.95],[89.88,49.95],[89.98,49.98],[90,50.07],[90.05,50.09],[90.22,50.12],[90.52,50.21],[90.66,50.22],[90.76,50.31],[90.84,50.32],[91.02,50.42],[91.42,50.47],[91.45,50.52],[91.52,50.56],[91.6,50.58],[91.71,50.67],[91.96,50.7],[92.1,50.69],[92.19,50.7],[92.27,50.78],[92.3,50.85],[92.35,50.86],[92.63,50.69],[92.68,50.68],[92.74,50.71],[92.78,50.78],[92.94,50.78],[93.01,50.65],[93.1,50.6],[93.27,50.62],[93.66,50.58],[94.25,50.56],[94.29,50.51],[94.35,50.3],[94.35,50.22],[94.4,50.18],[94.46,50.17],[94.56,50.09],[94.61,50.02],[94.81,50.05],[94.93,50.04],[95.01,50.01],[95.04,49.96],[95.11,49.94],[95.39,49.94],[95.52,49.91],[95.79,50.01],[95.85,50.01],[95.94,49.96],[95.99,49.97],[96.02,50],[96.07,50],[96.23,49.95],[96.32,49.9],[96.51,49.92],[96.54,49.89],[96.6,49.88],[96.71,49.91],[96.99,49.88],[97.1,49.81],[97.14,49.76],[97.21,49.73],[97.36,49.74],[97.54,49.84],[97.59,49.91],[97.65,49.93],[97.85,49.95],[97.94,50],[98,50.01],[98.1,50.08],[98.25,50.3],[98.28,50.53],[98.22,50.56],[98.14,50.57],[98.03,50.64],[97.96,50.77],[97.95,50.86],[97.83,50.99],[97.84,51.05],[97.91,51.17],[97.92,51.28],[97.95,51.35],[98.04,51.45],[98.22,51.51],[98.24,51.58],[98.35,51.72],[98.64,51.8],[98.8,51.96],[98.89,52.12],[98.94,52.11]]]}},
{"type":"Feature","properties":{"r":236,"c":75,"name":"Buryat","code":"BU"},"geometry":{"type":"Polygon","coordinates":[[[107.74,49.97],[107.8,50.03],[107.77,50.15],[107.93,50.21],[107.99,50.33],[108.13,50.32],[108.21,50.41],[108.32,50.4],[108.55,50.47],[108.47,50.59],[108.19,50.66],[108.07,50.75],[108.25,50.84],[108.31,51.01],[108.35,51.06],[108.48,51.06],[108.55,51.16],[108.38,51.24],[108.53,51.42],[108.65,51.5],[108.76,51.45],[108.94,51.44],[109.05,51.5],[109.25,51.37],[109.63,51.45],[110.05,51.62],[110.39,51.58],[110.42,51.52],[110.68,51.5],[110.86,51.59],[110.84,51.66],[111.13,51.82],[111.59,51.92],[112.06,52.28],[112.18,52.29],[112.41,52.21],[112.54,52.35],[112.68,52.33],[112.95,52.34],[113.24,52.47],[113.57,52.45],[113.74,52.57],[113.97,52.63],[114.09,52.69],[114.24,52.82],[114.23,52.96],[114.33,53.07],[114.13,53.1],[114.2,53.19],[113.98,53.24],[113.94,53.36],[113.84,53.38],[113.88,53.56],[113.79,53.63],[113.93,53.68],[113.98,53.74],[114.33,53.79],[114.38,53.84],[114.5,53.84],[114.59,53.93],[114.86,53.98],[114.97,54.02],[115.02,54.1],[115.16,54.16],[115.27,54.26],[115.49,54.33],[115.53,54.4],[115.63,54.44],[116.19,54.54],[116.46,54.52],[116.67,54.55],[116.78,54.63],[116.77,54.69],[116.88,54.74],[116.93,54.83],[116.89,54.98],[116.77,55.15],[116.72,55.14],[116.48,55.25],[116.46,55.34],[116.38,55.41],[116.18,55.39],[116.07,55.41],[115.9,55.53],[115.89,55.64],[115.84,55.7],[115.84,55.86],[115.89,55.97],[115.76,56.09],[115.77,56.21],[115.69,56.33],[115.68,56.42],[115.8,56.47],[115.67,56.54],[115.69,56.6],[115.49,56.62],[115.43,56.69],[115.57,56.73],[115.59,56.9],[115.71,56.96],[115.8,57.03],[116.05,57.08],[116.17,57.14],[116.16,57.23],[115.85,57.24],[115.7,57.14],[115.45,57.1],[115.09,57.12],[115.05,56.99],[114.85,56.84],[114.8,56.71],[114.5,56.67],[114.29,56.69],[114.13,56.68],[114.01,56.55],[113.87,56.53],[113.8,56.6],[113.55,56.67],[113.36,56.63],[112.89,56.7],[112.76,56.75],[112.66,56.96],[112.44,56.86],[112.23,56.88],[112.11,56.94],[111.92,56.95],[111.85,56.91],[111.63,57.02],[111.62,57.09],[111.46,57.1],[111.34,56.95],[111.36,56.89],[111.13,56.81],[111,56.86],[110.88,56.83],[110.75,56.87],[110.66,56.83],[110.53,56.85],[110.4,56.92],[110.25,56.92],[109.99,56.97],[109.89,56.89],[109.78,56.71],[109.67,56.69],[109.41,56.73],[109.31,56.67],[109.14,56.68],[108.93,56.59],[108.7,56.58],[108.72,56.5],[108.56,56.35],[108.57,56.29],[108.8,56.26],[108.93,56.15],[108.99,56.04],[109.11,56.02],[109.18,55.91],[108.96,55.94],[108.85,55.87],[108.77,55.62],[108.62,55.46],[108.65,55.31],[108.77,55.24],[108.78,55.17],[108.69,55.06],[108.72,54.79],[108.64,54.6],[108.67,54.55],[109.02,54.49],[109.01,54.42],[108.42,53.78],[108.04,53.19],[106.2,52.44],[105.99,52.22],[105.75,52.03],[105.46,51.86],[105.12,51.73],[104.65,51.62],[104.63,51.44],[104.67,51.4],[104.61,51.27],[104.49,51.31],[104.21,51.28],[104.1,51.22],[103.81,51.13],[103.82,51.39],[103.69,51.46],[103.58,51.48],[103.34,51.43],[103.18,51.62],[103.22,51.79],[103.06,51.88],[102.94,51.91],[102.78,51.98],[102.67,52.1],[102.57,52.15],[102.54,52.23],[102.39,52.26],[102.32,52.23],[102.19,52.28],[102.05,52.21],[101.96,52.22],[101.91,52.32],[101.74,52.4],[101.69,52.46],[101.48,52.57],[101.44,52.63],[101.32,52.64],[101.03,52.77],[100.85,52.81],[100.83,52.86],[100.61,52.94],[100.36,53.14],[100.4,53.23],[100.26,53.37],[100.08,53.3],[99.88,53.3],[99.81,53.19],[99.69,53.13],[99.54,53.11],[99.38,53.11],[99.37,53.05],[99.25,52.95],[99.22,52.87],[98.93,52.92],[98.86,52.85],[98.94,52.8],[98.94,52.67],[98.8,52.61],[98.81,52.51],[98.63,52.41],[98.65,52.31],[98.8,52.27],[98.81,52.2],[98.93,52.19],[98.94,52.11],[98.96,52.1],[99.03,52.04],[99.41,51.92],[99.72,51.87],[99.92,51.76],[100.03,51.74],[100.47,51.73],[101.38,51.45],[101.46,51.47],[101.57,51.47],[102.11,51.35],[102.16,51.31],[102.15,51.11],[102.19,51.05],[102.23,50.9],[102.22,50.83],[102.32,50.72],[102.29,50.59],[102.34,50.54],[102.47,50.53],[102.55,50.46],[102.68,50.39],[102.86,50.33],[103.16,50.29],[103.23,50.26],[103.3,50.2],[103.42,50.19],[103.5,50.16],[103.63,50.14],[103.72,50.15],[103.8,50.18],[104.08,50.15],[104.18,50.17],[104.35,50.28],[104.47,50.31],[105.09,50.39],[105.27,50.46],[105.38,50.47],[105.69,50.41],[105.88,50.41],[106.08,50.33],[106.22,50.3],[106.57,50.33],[106.71,50.31],[106.94,50.2],[107.04,50.09],[107.23,49.99],[107.63,49.98],[107.74,49.97]]]}},
{"type":"Feature","properties":{"r":237,"c":75,"name":"Amur","code":"AM"},"geometry":{"type":"Polygon","coordinates":[[[130.55,48.86],[130.83,48.98],[130.98,48.97],[131.01,49.05],[131.18,49.25],[131.4,49.24],[131.49,49.41],[131.5,49.61],[131.38,49.66],[131.47,49.73],[131.5,49.9],[131.45,49.96],[131.3,49.99],[131.44,50.19],[131.33,50.27],[131.29,50.37],[131.16,50.35],[131.13,50.42],[130.99,50.38],[130.87,50.46],[131.01,50.57],[130.95,50.65],[130.65,50.66],[130.69,50.75],[130.84,50.88],[130.77,50.94],[130.82,51.02],[130.92,51.02],[131.06,51.25],[131.17,51.25],[131.29,51.36],[131.49,51.34],[131.48,51.48],[131.4,51.61],[131.43,51.69],[131.73,51.68],[131.86,51.75],[131.96,51.74],[132.22,51.82],[132.28,51.79],[132.42,51.86],[132.4,51.96],[132.53,51.96],[132.59,52.08],[132.91,52.16],[133.32,52.2],[133.42,52.25],[133.25,52.46],[133.24,52.57],[133.28,52.66],[133.37,52.68],[133.66,52.57],[134,52.54],[134.06,52.5],[134.22,52.49],[134.61,52.42],[134.66,52.47],[134.66,52.58],[134.78,52.65],[134.71,52.77],[134.63,52.8],[134.66,52.94],[134.81,53.07],[134.86,53.18],[134.96,53.25],[134.9,53.32],[134.92,53.42],[134.76,53.48],[134.75,53.54],[134.56,53.62],[134.45,53.54],[134.22,53.51],[134.21,53.47],[134.01,53.43],[133.71,53.48],[133.57,53.55],[133.21,53.42],[133.15,53.29],[132.95,53.29],[132.89,53.23],[132.4,53.24],[132.11,53.22],[131.99,53.13],[131.89,53.13],[131.8,53.24],[131.47,53.21],[131.53,53.32],[131.48,53.48],[131.5,53.55],[131.44,53.63],[131.42,53.75],[131.1,53.81],[130.92,53.77],[130.84,53.83],[130.64,53.89],[130.45,53.88],[130.41,53.95],[130.48,53.99],[130.51,54.12],[130.77,54.29],[130.94,54.32],[131.11,54.32],[131.22,54.53],[131.2,54.61],[131.4,54.72],[131.53,54.72],[131.61,54.78],[131.99,54.91],[131.97,55],[132.09,55.05],[132.37,55.06],[132.35,55.19],[132.58,55.2],[132.73,55.35],[132.91,55.36],[132.64,55.49],[132.66,55.56],[132.54,55.68],[132.24,55.7],[132.13,55.64],[131.96,55.66],[131.8,55.61],[131.6,55.65],[131.3,55.62],[131.09,55.62],[130.92,55.68],[130.74,55.72],[129.99,55.69],[129.89,55.73],[129.65,55.74],[129.05,55.65],[129.09,55.53],[128.97,55.47],[128.77,55.47],[128.66,55.52],[128.5,55.52],[128.29,55.65],[127.79,55.63],[127.67,55.68],[127.57,55.58],[127.49,55.56],[127.33,55.66],[127.19,55.69],[126.95,55.69],[126.84,55.61],[126.55,55.63],[126.43,55.56],[126.23,55.59],[126.05,55.59],[126.04,55.73],[125.76,55.8],[125.55,55.74],[125.44,55.84],[125.25,55.88],[124.96,55.83],[124.64,55.9],[124.45,55.9],[124.36,56.06],[124.24,56.08],[124.21,56.17],[124.06,56.23],[123.92,56.38],[123.45,56.41],[123.13,56.46],[122.92,56.55],[122.78,56.5],[122.59,56.49],[122.47,56.6],[122.28,56.65],[122.16,56.74],[121.61,56.74],[121.6,56.81],[121.51,56.92],[121.41,56.98],[121.05,56.99],[121.02,57.03],[120.66,57.03],[120.3,57],[120.03,56.9],[119.9,56.89],[119.67,56.77],[119.79,56.7],[119.81,56.61],[119.96,56.49],[120.26,56.46],[120.28,56.39],[120.53,56.28],[120.53,56.23],[120.34,56.22],[120.06,56.14],[120.06,56.08],[120.26,55.92],[120.47,55.87],[120.53,55.91],[120.99,56.02],[121.22,56.01],[121.28,55.87],[121.35,55.81],[121.31,55.74],[121.36,55.51],[121.44,55.48],[121.63,55.53],[121.69,55.6],[121.88,55.61],[121.98,55.48],[121.94,55.21],[121.95,55.01],[121.67,54.82],[121.66,54.73],[121.83,54.78],[121.92,54.73],[121.89,54.65],[121.94,54.57],[122.13,54.47],[122.11,54.41],[121.9,54.37],[121.87,54.42],[121.73,54.43],[121.65,54.36],[121.75,54.27],[121.75,54.15],[121.64,54.11],[121.64,54.01],[121.78,53.97],[121.92,53.83],[121.95,53.6],[122.02,53.52],[122.02,53.44],[122.09,53.45],[122.34,53.49],[122.38,53.46],[122.74,53.47],[123.31,53.56],[123.42,53.53],[123.56,53.53],[123.61,53.55],[124.15,53.36],[124.22,53.37],[124.29,53.34],[124.37,53.27],[124.47,53.23],[124.64,53.21],[124.81,53.13],[124.88,53.13],[124.91,53.17],[124.97,53.2],[125.08,53.2],[125.23,53.17],[125.42,53.08],[125.55,53.05],[125.6,53.06],[125.65,53.04],[125.69,53],[125.68,52.93],[125.73,52.89],[125.87,52.87],[125.94,52.8],[126.05,52.74],[126.06,52.69],[126.02,52.61],[126.05,52.57],[126.16,52.55],[126.2,52.48],[126.34,52.36],[126.32,52.33],[126.38,52.29],[126.39,52.17],[126.46,52.13],[126.51,51.93],[126.7,51.7],[126.69,51.61],[126.71,51.57],[126.77,51.55],[126.81,51.51],[126.8,51.45],[126.85,51.37],[126.83,51.31],[126.89,51.23],[126.92,51.1],[127.31,50.71],[127.35,50.62],[127.35,50.55],[127.31,50.49],[127.35,50.39],[127.34,50.35],[127.4,50.3],[127.59,50.21],[127.51,50.07],[127.49,49.98],[127.5,49.87],[127.55,49.8],[127.69,49.72],[127.71,49.67],[127.81,49.62],[128,49.57],[128.24,49.56],[128.7,49.6],[128.77,49.58],[128.79,49.54],[128.77,49.49],[128.82,49.46],[128.94,49.45],[129.02,49.42],[129.07,49.37],[129.12,49.36],[129.25,49.38],[129.31,49.35],[129.38,49.39],[129.5,49.39],[129.53,49.32],[129.59,49.29],[129.67,49.28],[129.79,49.2],[130.04,48.97],[130.2,48.89],[130.36,48.87],[130.55,48.86]]]}},
{"type":"Feature","properties":{"r":238,"c":75,"name":"Chita","code":"CT"},"geometry":{"type":"Polygon","coordinates":[[[116.68,49.82],[117.25,49.62],[117.48,49.61],[117.81,49.51],[117.87,49.51],[118.45,49.84],[118.76,49.96],[119.15,50.01],[119.26,50.07],[119.33,50.15],[119.35,50.28],[119.3,50.35],[119.19,50.38],[119.16,50.41],[119.22,50.43],[119.26,50.48],[119.28,50.56],[119.34,50.63],[119.45,50.7],[119.5,50.78],[119.51,50.86],[119.57,50.95],[119.68,51.03],[119.75,51.11],[119.81,51.27],[119.97,51.42],[120.07,51.6],[120.24,51.72],[120.51,51.85],[120.68,51.97],[120.75,52.1],[120.74,52.21],[120.67,52.3],[120.65,52.4],[120.7,52.49],[120.66,52.57],[120.52,52.62],[120.36,52.63],[120.17,52.6],[120.07,52.63],[120.04,52.72],[120.09,52.79],[120.22,52.84],[120.7,53.17],[120.99,53.28],[121.41,53.32],[121.74,53.38],[122.02,53.44],[122.02,53.52],[121.95,53.6],[121.92,53.83],[121.78,53.97],[121.64,54.01],[121.64,54.11],[121.75,54.15],[121.75,54.27],[121.65,54.36],[121.73,54.43],[121.87,54.42],[121.9,54.37],[122.11,54.41],[122.13,54.47],[121.94,54.57],[121.89,54.65],[121.92,54.73],[121.83,54.78],[121.66,54.73],[121.67,54.82],[121.95,55.01],[121.94,55.21],[121.98,55.48],[121.88,55.61],[121.69,55.6],[121.63,55.53],[121.44,55.48],[121.36,55.51],[121.31,55.74],[121.35,55.81],[121.28,55.87],[121.22,56.01],[120.99,56.02],[120.53,55.91],[120.47,55.87],[120.26,55.92],[120.06,56.08],[120.06,56.14],[120.34,56.22],[120.53,56.23],[120.53,56.28],[120.28,56.39],[120.26,56.46],[119.96,56.49],[119.81,56.61],[119.79,56.7],[119.67,56.77],[119.9,56.89],[119.77,56.98],[119.65,57],[119.62,57.1],[119.68,57.16],[119.55,57.34],[119.44,57.37],[119.41,57.5],[119.49,57.59],[119.41,57.61],[119.14,57.54],[119.17,57.67],[119.05,57.73],[119.14,58.01],[119.15,58.15],[119.11,58.22],[118.78,58.21],[118.63,58.18],[118.41,58.26],[118.32,58.35],[118.14,58.39],[117.68,58.4],[117.47,58.3],[117.59,58.18],[117.44,58.15],[117.37,58.06],[117.37,57.93],[117.31,57.85],[117.13,57.84],[117.17,57.74],[117.14,57.67],[117.28,57.62],[117.26,57.51],[117.32,57.46],[117.36,57.34],[117.43,57.26],[117.6,57.32],[117.79,57.29],[117.72,57.19],[117.6,57.15],[117.68,57.07],[117.67,56.98],[117.58,56.93],[117.57,56.85],[117.18,56.87],[117.14,56.81],[117.01,56.81],[116.82,56.73],[116.63,56.75],[116.36,56.85],[116.12,56.81],[115.96,56.87],[115.86,56.93],[115.71,56.96],[115.59,56.9],[115.57,56.73],[115.43,56.69],[115.49,56.62],[115.69,56.6],[115.67,56.54],[115.8,56.47],[115.68,56.42],[115.69,56.33],[115.77,56.21],[115.76,56.09],[115.89,55.97],[115.84,55.86],[115.84,55.7],[115.89,55.64],[115.9,55.53],[116.07,55.41],[116.18,55.39],[116.38,55.41],[116.46,55.34],[116.48,55.25],[116.72,55.14],[116.77,55.15],[116.89,54.98],[116.93,54.83],[116.88,54.74],[116.77,54.69],[116.78,54.63],[116.67,54.55],[116.46,54.52],[116.19,54.54],[115.63,54.44],[115.53,54.4],[115.49,54.33],[115.27,54.26],[115.16,54.16],[115.02,54.1],[114.97,54.02],[114.86,53.98],[114.59,53.93],[114.5,53.84],[114.38,53.84],[114.33,53.79],[113.98,53.74],[113.93,53.68],[113.79,53.63],[113.88,53.56],[113.84,53.38],[113.94,53.36],[113.98,53.24],[114.2,53.19],[114.13,53.1],[114.33,53.07],[114.23,52.96],[114.24,52.82],[114.09,52.69],[113.97,52.63],[113.74,52.57],[113.57,52.45],[113.24,52.47],[112.95,52.34],[112.68,52.33],[112.54,52.35],[112.41,52.21],[112.18,52.29],[112.06,52.28],[111.59,51.92],[111.13,51.82],[110.84,51.66],[110.86,51.59],[110.68,51.5],[110.42,51.52],[110.39,51.58],[110.05,51.62],[109.63,51.45],[109.25,51.37],[109.05,51.5],[108.94,51.44],[108.76,51.45],[108.65,51.5],[108.53,51.42],[108.38,51.24],[108.55,51.16],[108.48,51.06],[108.35,51.06],[108.31,51.01],[108.25,50.84],[108.07,50.75],[108.19,50.66],[108.47,50.59],[108.55,50.47],[108.32,50.4],[108.21,50.41],[108.13,50.32],[107.99,50.33],[107.93,50.21],[107.77,50.15],[107.8,50.03],[107.74,49.97],[107.79,49.96],[107.92,49.95],[107.95,49.92],[107.93,49.85],[107.94,49.69],[107.97,49.65],[108.01,49.65],[108.03,49.59],[108.21,49.52],[108.52,49.34],[108.61,49.32],[108.73,49.34],[109.24,49.33],[109.45,49.3],[109.53,49.27],[110.2,49.17],[110.32,49.22],[110.43,49.22],[110.63,49.14],[110.71,49.14],[110.83,49.17],[111.34,49.36],[111.43,49.34],[111.57,49.38],[111.93,49.42],[112.08,49.42],[112.49,49.53],[112.7,49.51],[112.81,49.52],[113.06,49.62],[113.16,49.8],[113.57,50.01],[113.88,50.1],[114.07,50.2],[114.22,50.26],[114.3,50.27],[114.55,50.24],[114.67,50.25],[114.74,50.23],[115,50.14],[115.27,49.95],[115.36,49.91],[115.72,49.88],[116.13,50.01],[116.22,50.01],[116.55,49.92],[116.63,49.88],[116.68,49.82]]]}},
{"type":"Feature","properties":{"r":239,"c":75,"name":"Primor'ye","code":"PR"},"geometry":{"type":"Polygon","coordinates":[[[131.25,43.47],[131.26,43.43],[131.18,43.14],[131.09,43.04],[131.07,42.9],[130.94,42.85],[130.8,42.86],[130.58,42.81],[130.45,42.76],[130.42,42.73],[130.42,42.7],[130.52,42.67],[130.58,42.62],[130.58,42.57],[130.53,42.54],[130.55,42.47],[130.62,42.42],[130.69,42.3],[130.73,42.33],[130.83,42.52],[130.71,42.66],[130.76,42.67],[130.95,42.63],[131.02,42.65],[131.16,42.63],[131.25,42.7],[131.29,42.77],[131.39,42.82],[131.52,43],[131.72,43.2],[131.79,43.26],[131.94,43.3],[131.98,43.3],[132.01,43.28],[131.9,43.17],[131.87,43.1],[132.03,43.12],[132.31,43.31],[132.33,43.24],[132.3,42.88],[132.48,42.91],[132.58,42.87],[132.71,42.88],[132.86,42.79],[132.92,42.81],[133,42.81],[133.06,42.72],[133.16,42.7],[133.59,42.83],[133.71,42.83],[134.01,42.95],[134.16,43.04],[134.69,43.29],[134.92,43.43],[135.13,43.53],[135.26,43.68],[135.48,43.84],[135.53,43.97],[135.87,44.37],[135.99,44.44],[136.14,44.49],[136.21,44.56],[136.25,44.67],[136.46,44.82],[136.6,44.98],[136.74,45.08],[136.8,45.17],[137.15,45.39],[137.43,45.64],[137.69,45.82],[137.77,45.93],[138.11,46.25],[138.21,46.46],[138.34,46.54],[138.39,46.75],[138.5,46.89],[138.53,46.98],[138.59,47.06],[139,47.38],[139.01,47.4],[138.86,47.47],[138.75,47.44],[138.63,47.45],[138.59,47.55],[138.62,47.63],[138.52,47.67],[138.61,47.73],[138.71,47.74],[138.83,47.86],[138.58,48.03],[138.72,48.14],[138.71,48.18],[138.56,48.18],[138.48,48.3],[138.49,48.4],[138.31,48.44],[138.18,48.38],[138.15,48.32],[137.99,48.3],[137.84,48.21],[137.58,48.23],[137.45,48.2],[137.31,48.08],[137.42,47.98],[137.6,47.91],[137.6,47.78],[137.79,47.7],[137.9,47.72],[138.05,47.67],[138.09,47.52],[138.01,47.45],[137.75,47.33],[137.6,47.3],[137.45,47.2],[137.33,47.21],[137.09,47.3],[137.01,47.24],[136.93,47.06],[136.97,47.01],[136.84,46.94],[136.73,46.84],[136.58,46.78],[136.45,46.81],[136.38,46.77],[136.26,46.77],[136.06,46.85],[135.94,46.79],[135.85,46.81],[135.75,46.95],[135.53,46.95],[135.42,46.91],[135.36,46.95],[135.43,47.02],[135.21,47.15],[135.08,47.19],[135.02,47.13],[134.85,47.15],[134.65,47.09],[134.55,46.97],[134.44,46.94],[134.41,46.87],[134.46,46.79],[134.41,46.68],[134.2,46.64],[133.97,46.64],[133.96,46.61],[133.87,46.5],[133.9,46.37],[133.86,46.25],[133.83,46.22],[133.75,46.19],[133.7,46.14],[133.71,46.07],[133.65,45.96],[133.61,45.92],[133.51,45.88],[133.45,45.71],[133.47,45.65],[133.44,45.6],[133.31,45.55],[133.27,45.55],[133.19,45.49],[133.11,45.32],[133.11,45.13],[133.01,45.07],[132.94,45.03],[131.98,45.24],[131.91,45.27],[131.85,45.33],[131.79,45.31],[131.74,45.24],[131.65,45.21],[131.58,45.08],[131.45,44.98],[131.23,44.92],[131.08,44.91],[131.03,44.89],[130.98,44.84],[130.97,44.8],[131.09,44.6],[131.26,44.07],[131.21,44],[131.17,43.7],[131.18,43.51],[131.24,43.47],[131.25,43.47]]]}},
{"type":"Feature","properties":{"r":240,"c":75,"name":"Sakha (Yakutia)","code":"CK"},"geometry":{"type":"MultiPolygon","coordinates":[[[[161.52,69.63],[161.51,69.64],[161.32,69.54],[161.11,69.47],[161.08,69.41],[161.16,69.33],[161.14,69.11],[161.18,69.08],[161.46,69],[161.42,68.9],[161.47,68.9],[161.52,68.97],[161.39,69.11],[161.35,69.37],[161.37,69.41],[161.54,69.44],[161.61,69.5],[161.62,69.59],[161.52,69.63]]],[[[111.3,73.88],[110.8,73.76],[110.87,73.73],[110.83,73.71],[111.11,73.64],[111.07,73.58],[110.82,73.56],[110.52,73.4],[110.57,73.25],[110.75,73.18],[110.88,73.02],[110.84,72.95],[110.63,72.89],[110.61,72.78],[110.7,72.65],[110.88,72.58],[111.21,72.54],[111.28,72.48],[111.09,72.37],[111.64,72.27],[111.82,72.13],[112,72.13],[112,71.41],[112.51,71.27],[112.58,71.11],[112.28,71.01],[112.03,71.04],[111.95,70.98],[111.52,70.94],[111.33,70.86],[110.9,70.81],[110.54,70.8],[110.49,70.73],[110.1,70.63],[110.12,70.48],[110,70.42],[109.6,70.38],[109.54,70.26],[109.28,70.21],[109.36,70.07],[109.51,70.03],[109.36,69.84],[109.24,69.78],[108.94,69.79],[108.87,69.84],[108.29,69.86],[108.15,69.82],[108.01,69.7],[107.12,69.59],[106.84,69.52],[106.6,69.52],[106.43,69.56],[106.15,69.39],[106.89,68.87],[106.9,68.14],[106.8,67.35],[106.69,67.25],[106.49,67.28],[106.32,67.21],[106.05,67.17],[105.89,67.04],[105.54,67.02],[105.69,66.94],[106.04,66.9],[106.05,66.79],[106.25,66.7],[106.25,66.58],[106.32,66.48],[106.1,66.38],[106.17,66.16],[106.33,66.15],[106.47,66.01],[106.44,65.66],[106.63,65.63],[106.71,65.55],[106.94,65.51],[106.84,65.38],[106.64,65.39],[106.45,65.31],[106.45,65.23],[105.97,65.01],[106.12,64.9],[105.95,64.88],[105.83,64.76],[105.87,64.68],[105.71,64.65],[105.8,64.53],[106.13,64.48],[106.2,64.4],[106.4,64.44],[106.88,64.41],[107.37,64.25],[107.57,64.3],[107.86,64.18],[108.03,64.22],[108.47,64.28],[108.53,64.23],[108.5,64.12],[108.74,63.98],[108.77,63.86],[108.69,63.8],[108.28,63.8],[108.27,63.67],[108.11,63.62],[108.16,63.56],[108.55,63.6],[108.86,63.54],[109.05,63.55],[109.22,63.44],[109.45,63.15],[109.47,62.95],[109.61,62.87],[109.51,62.78],[109.31,62.48],[109.56,62.43],[109.92,62.41],[110,62.28],[110,62.16],[109.82,62.01],[109.6,61.87],[109.62,61.72],[109.85,61.56],[109.85,61.42],[109.79,61.33],[110.09,61.26],[110.17,61.16],[110.48,61.16],[110.52,61.09],[110.46,60.99],[110.24,60.83],[110.27,60.7],[110.06,60.67],[110.12,60.59],[109.92,60.45],[109.74,60.23],[109.69,60.13],[109.76,60.03],[109.65,59.87],[109.5,59.76],[109.52,59.63],[109.27,59.45],[109.27,59.32],[109.5,59.29],[109.64,59.07],[110.12,58.98],[110.29,58.99],[110.47,59.03],[110.59,59.13],[110.58,59.19],[110.71,59.26],[111.16,59.19],[111.32,59.26],[111.47,59.27],[111.63,59.21],[111.78,59.28],[111.93,59.27],[112.22,59.5],[112.44,59.33],[112.63,59.31],[112.47,59.17],[112.45,58.92],[112.61,58.95],[112.55,59.03],[112.73,59.08],[113.15,59.16],[113.26,59.16],[113.46,59.27],[113.44,59.4],[113.6,59.5],[113.59,59.57],[113.78,59.61],[113.85,59.68],[114.03,59.68],[114.16,59.75],[114.31,59.88],[114.55,59.99],[114.54,60.1],[114.7,60.22],[114.84,60.19],[115.01,60.27],[115.11,60.39],[115.39,60.49],[115.69,60.53],[115.84,60.47],[116,60.46],[116.08,60.41],[116.58,60.36],[116.72,60.27],[116.95,60.17],[117.08,60.03],[117.3,60.02],[117.07,59.91],[117.23,59.8],[117.19,59.65],[117.09,59.59],[117.35,59.5],[117.6,59.47],[117.78,59.53],[117.91,59.44],[118.06,59.58],[118.34,59.6],[118.41,59.51],[118.73,59.42],[118.84,59.3],[118.69,59.19],[118.71,59.06],[118.84,59.02],[118.8,58.93],[118.89,58.82],[118.82,58.57],[118.98,58.54],[119.13,58.47],[119.07,58.34],[119.11,58.22],[119.15,58.15],[119.14,58.01],[119.05,57.73],[119.17,57.67],[119.14,57.54],[119.41,57.61],[119.49,57.59],[119.41,57.5],[119.44,57.37],[119.55,57.34],[119.68,57.16],[119.62,57.1],[119.65,57],[119.77,56.98],[119.9,56.89],[120.03,56.9],[120.3,57],[120.66,57.03],[121.02,57.03],[121.05,56.99],[121.41,56.98],[121.51,56.92],[121.6,56.81],[121.61,56.74],[122.16,56.74],[122.28,56.65],[122.47,56.6],[122.59,56.49],[122.78,56.5],[122.92,56.55],[123.13,56.46],[123.45,56.41],[123.92,56.38],[124.06,56.23],[124.21,56.17],[124.24,56.08],[124.36,56.06],[124.45,55.9],[124.64,55.9],[124.96,55.83],[125.25,55.88],[125.44,55.84],[125.55,55.74],[125.76,55.8],[126.04,55.73],[126.05,55.59],[126.23,55.59],[126.43,55.56],[126.55,55.63],[126.84,55.61],[126.95,55.69],[127.19,55.69],[127.33,55.66],[127.49,55.56],[127.57,55.58],[127.67,55.68],[127.79,55.63],[128.29,55.65],[128.5,55.52],[128.66,55.52],[128.77,55.47],[128.97,55.47],[129.09,55.53],[129.05,55.65],[129.65,55.74],[129.89,55.73],[129.99,55.69],[130.74,55.72],[130.92,55.68],[130.93,55.75],[130.86,55.89],[130.92,55.94],[130.96,56.13],[131.09,56.21],[131.09,56.35],[131.18,56.47],[131.39,56.48],[131.5,56.55],[131.67,56.55],[131.68,56.65],[131.8,56.72],[131.75,56.84],[131.44,57.04],[131.47,57.08],[131.18,57.14],[131.18,57.24],[131.51,57.25],[131.6,57.3],[131.57,57.36],[131.62,57.45],[131.73,57.5],[131.69,57.56],[131.97,57.59],[132.03,57.69],[131.89,57.81],[131.76,57.85],[131.81,57.91],[131.61,58],[131.48,58.17],[131.7,58.17],[132.04,58.02],[132.02,58.19],[132.2,58.25],[132.21,58.35],[132.13,58.49],[132.37,58.52],[132.56,58.64],[132.6,58.89],[132.81,58.88],[132.87,58.99],[132.86,59.06],[133.13,59.2],[133.38,59.24],[133.54,59.29],[133.63,59.23],[133.77,59.22],[134.05,59.26],[134.22,59.21],[134.55,59.18],[134.72,59.21],[134.75,59.15],[135.21,59.12],[135.26,59.22],[135.42,59.39],[135.62,59.5],[135.79,59.53],[136.05,59.44],[136.76,59.35],[136.84,59.4],[137.18,59.45],[137.35,59.55],[137.46,59.55],[137.46,59.65],[137.62,59.74],[137.83,59.76],[138.04,59.74],[138.17,59.68],[138.25,59.71],[138.17,59.84],[138.26,59.94],[138.2,60.23],[138.32,60.32],[138.33,60.41],[138.24,60.49],[138.4,60.61],[138.43,60.7],[138.28,60.78],[138.19,60.89],[138.21,60.95],[138.35,61],[138.38,61.1],[138.7,61.19],[138.65,61.28],[138.72,61.34],[138.94,61.32],[139.12,61.45],[139.25,61.43],[139.43,61.49],[139.55,61.48],[139.67,61.64],[139.92,61.8],[139.99,61.97],[140.11,61.97],[140.26,62.04],[140.3,62.12],[140.29,62.27],[140.4,62.42],[140.64,62.43],[140.7,62.57],[140.88,62.5],[141.06,62.48],[141.07,62.42],[141.3,62.43],[141.54,62.18],[141.84,62.04],[142.01,62.03],[142.19,62.08],[142.29,61.96],[142.44,61.87],[142.65,61.96],[142.83,61.95],[142.93,61.9],[143.08,62.02],[143.13,62.1],[143.36,62.02],[143.62,62.02],[143.57,61.95],[143.95,61.96],[143.93,61.77],[144,61.73],[144.24,61.76],[144.54,61.86],[144.59,61.98],[144.75,62.05],[144.72,62.08],[144.9,62.16],[144.99,62.24],[145.18,62.29],[145.17,62.43],[145.12,62.49],[145.48,62.55],[145.33,62.75],[145.37,62.91],[145.25,63.18],[145.36,63.33],[145.44,63.52],[145.63,63.66],[145.57,63.84],[146.11,63.94],[146.29,64.06],[146.38,64.2],[146.5,64.21],[147,64.15],[147.23,64.06],[147.31,64.13],[147.61,64.17],[147.6,64.05],[147.96,63.94],[148.11,64.05],[148.25,64.26],[148,64.36],[148.02,64.43],[148.16,64.46],[148.29,64.55],[148.44,64.52],[148.63,64.42],[149.27,64.45],[149.4,64.44],[149.59,64.53],[149.82,64.57],[150.07,64.5],[150.02,64.37],[150.22,64.21],[150.63,64.17],[150.63,64.33],[150.97,64.33],[151.12,64.37],[151.3,64.36],[151.48,64.44],[152.02,64.5],[152.14,64.44],[152.17,64.36],[152.41,64.41],[152.33,64.51],[152.75,64.69],[152.5,64.95],[152.64,65.02],[152.62,65.17],[152.69,65.23],[153.03,65.27],[153.52,65.41],[153.4,65.5],[153.53,65.71],[153.45,65.79],[153.51,65.84],[153.7,65.89],[154.04,65.87],[154.25,65.83],[154.37,65.92],[154.36,66.03],[154.22,66.07],[154.4,66.2],[154.55,66.24],[154.8,66.18],[154.89,66.13],[155.17,66.21],[155.32,66.14],[155.75,66.18],[155.96,66.1],[156.36,66.07],[156.49,66.15],[156.66,66.19],[156.76,66.1],[156.97,66.03],[156.93,65.97],[157.12,65.92],[157.37,65.93],[157.38,66],[157.72,66.11],[158.12,66.16],[158.48,66.12],[158.39,66.25],[158.53,66.36],[158.37,66.46],[158.47,66.49],[158.64,66.62],[158.72,66.73],[158.91,66.8],[158.7,67.06],[158.3,67.15],[157.96,67.26],[157.79,67.36],[157.88,67.41],[157.69,67.55],[157.81,67.71],[158.33,67.75],[158.27,67.82],[158.09,67.84],[158.28,68.08],[158.63,68.14],[158.93,68.14],[159.11,68.19],[159.69,68.24],[159.85,68.28],[161,68.3],[161.23,68.38],[161.41,68.41],[161.71,68.37],[162.18,68.35],[162.42,68.31],[162.54,68.36],[162.58,68.5],[162.72,68.61],[162.61,68.71],[162.59,68.8],[162.76,68.8],[162.85,68.87],[162.55,68.99],[162.52,69.12],[162.77,69.2],[162.52,69.32],[162.32,69.55],[162.41,69.65],[162.38,69.65],[161.95,69.55],[161.54,69.38],[161.48,69.3],[161.48,69.2],[161.57,69.06],[161.57,68.91],[161.5,68.85],[161.37,68.82],[161.23,68.65],[161.1,68.56],[160.86,68.54],[161.13,68.65],[161.34,68.91],[161.31,68.98],[161.04,69.1],[160.91,69.61],[160.74,69.66],[160.12,69.73],[159.83,69.78],[159.73,69.87],[159.84,69.99],[159.83,70.08],[159.98,70.22],[160.01,70.31],[159.96,70.42],[159.91,70.51],[159.73,70.65],[159.35,70.79],[158.7,70.94],[158.04,71.04],[157.45,71.07],[155.9,71.1],[155.6,71.04],[155.03,71.03],[154.41,70.97],[153.79,70.88],[153.46,70.88],[152.51,70.83],[151.76,70.98],[152.09,71.02],[151.76,71.22],[151.58,71.29],[151.15,71.37],[150.97,71.38],[150.82,71.36],[150.24,71.27],[150.1,71.23],[150.67,71.46],[150.6,71.52],[150.06,71.51],[149.86,71.6],[149.5,71.66],[149.24,71.69],[148.97,71.69],[148.92,71.71],[149.05,71.8],[149.28,71.83],[149.88,71.84],[150.02,71.9],[149.96,71.99],[149.77,72.09],[149.5,72.16],[148.96,72.25],[148.4,72.31],[147.43,72.34],[147.26,72.33],[146.89,72.2],[146.37,71.92],[146.07,71.81],[145.8,71.75],[145.19,71.7],[145.08,71.71],[144.99,71.75],[145.08,71.85],[145.06,71.93],[145.13,71.93],[145.27,71.89],[145.41,71.89],[145.76,71.94],[145.76,72.02],[145.66,72.07],[145.71,72.21],[145.76,72.23],[146.05,72.14],[146.14,72.15],[146.23,72.14],[146.01,71.95],[146.11,71.94],[146.6,72.12],[146.81,72.24],[146.83,72.3],[145.04,72.26],[144.47,72.17],[144.29,72.19],[144.17,72.26],[144.36,72.27],[144.59,72.31],[144.78,72.38],[144.9,72.4],[145.21,72.39],[145.47,72.36],[146.23,72.35],[146.25,72.44],[145.2,72.57],[144.3,72.64],[143.68,72.67],[143.52,72.7],[142.06,72.72],[141.52,72.79],[141.31,72.86],[140.71,72.89],[140.65,72.84],[140.97,72.72],[140.98,72.63],[141.08,72.59],[140.45,72.49],[139.6,72.5],[139.47,72.47],[139.14,72.33],[139.18,72.16],[139.43,72.16],[139.51,72.21],[139.62,72.23],[140.13,72.21],[140.19,72.19],[139.85,72.15],[139.64,72],[139.36,71.95],[139.55,71.93],[139.72,71.88],[139.7,71.7],[139.94,71.56],[139.98,71.49],[139.63,71.49],[139.32,71.44],[139.21,71.44],[139,71.56],[138.78,71.63],[138.67,71.63],[138.53,71.56],[138.32,71.6],[138.23,71.6],[138.05,71.53],[138,71.46],[137.93,71.43],[137.92,71.38],[138.31,71.33],[138.09,71.31],[138.01,71.26],[137.84,71.23],[137.97,71.17],[137.99,71.14],[137.94,71.13],[137.65,71.21],[137.32,71.36],[137.12,71.42],[136.41,71.57],[136.09,71.62],[135.88,71.63],[135.56,71.61],[135.36,71.54],[135.02,71.52],[134.81,71.46],[134.7,71.39],[134.1,71.38],[133.69,71.43],[133.43,71.49],[133.13,71.61],[132.8,71.77],[132.65,71.93],[132.56,71.9],[132.23,71.64],[132,71.35],[131.99,71.29],[132.04,71.24],[131.91,71.2],[131.56,70.9],[131.43,70.83],[131.16,70.74],[131.02,70.75],[130.9,70.8],[130.83,70.94],[130.76,70.96],[130.67,70.89],[130.54,70.89],[130.28,70.95],[130.03,71.07],[129.76,71.12],[129.13,71.59],[128.92,71.6],[128.84,71.66],[128.95,71.71],[129.23,71.74],[129.46,71.74],[129.21,71.92],[129.12,71.95],[129.12,71.82],[129.04,71.78],[128.91,71.76],[128.36,72.09],[128.03,72.25],[127.84,72.31],[127.73,72.41],[127.8,72.43],[128.2,72.31],[128.48,72.25],[128.93,72.08],[129.28,72.09],[129.41,72.17],[129.41,72.32],[129.28,72.44],[129.12,72.49],[128.55,72.5],[128.42,72.54],[128.63,72.55],[129.25,72.71],[129.23,72.78],[129.02,72.87],[128.6,72.9],[129.05,73.05],[129.1,73.11],[128.91,73.11],[128.89,73.19],[128.59,73.26],[128.26,73.27],[128.28,73.33],[128.14,73.35],[128.03,73.39],[127.96,73.45],[127.03,73.55],[126.84,73.43],[126.55,73.33],[126.29,73.39],[126.26,73.42],[126.34,73.51],[126.3,73.54],[126.25,73.55],[125.6,73.45],[125.62,73.52],[124.8,73.71],[124.54,73.75],[124.39,73.75],[124.02,73.71],[123.8,73.63],[123.49,73.67],[123.31,73.53],[123.32,73.43],[123.38,73.35],[123.62,73.19],[123.46,73.14],[123.3,73],[123.16,72.95],[123,72.96],[122.62,73.03],[122.53,73.02],[122.5,72.97],[122.73,72.93],[122.75,72.91],[122.69,72.89],[122.54,72.88],[122.26,72.88],[122.03,72.9],[121.89,72.96],[121.75,72.97],[121.35,72.97],[121,72.94],[120.6,72.98],[119.92,72.97],[119.75,72.98],[119.43,73.06],[118.96,73.12],[118.43,73.25],[118.38,73.37],[118.46,73.46],[118.75,73.46],[118.94,73.48],[118.87,73.54],[118.45,73.59],[117.31,73.6],[116.5,73.68],[115.34,73.7],[114.82,73.61],[114.06,73.58],[113.86,73.53],[113.51,73.5],[113.54,73.43],[113.89,73.35],[113.56,73.23],[113.54,73.05],[113.42,72.93],[113.22,72.81],[113.3,72.74],[113.39,72.71],[113.63,72.68],[113.71,72.65],[113.66,72.63],[113.31,72.66],[113.19,72.73],[113.13,72.83],[113.37,72.94],[113.47,73.05],[113.49,73.15],[113.49,73.35],[113.28,73.39],[113.16,73.46],[113.42,73.65],[113.18,73.84],[112.93,73.95],[112.84,73.96],[112.94,73.84],[112.86,73.77],[112.8,73.75],[112.4,73.71],[112.15,73.71],[111.8,73.75],[111.4,73.83],[111.3,73.88]]],[[[137.28,71.58],[137.13,71.56],[137.06,71.53],[137.08,71.5],[137.27,71.46],[137.46,71.48],[137.61,71.43],[137.71,71.42],[137.96,71.51],[137.82,71.59],[137.28,71.58]]],[[[160.57,70.92],[160.45,70.93],[160.44,70.85],[160.5,70.82],[160.72,70.82],[160.57,70.92]]],[[[149.41,76.78],[148.72,76.75],[148.4,76.65],[149.15,76.66],[149.27,76.75],[149.41,76.78]]],[[[136.04,74.09],[135.63,74.22],[135.39,74.25],[135.4,74.2],[135.63,74.12],[135.71,74.06],[136.12,73.89],[136.2,73.91],[136.26,73.98],[136.04,74.09]]],[[[124.43,73.94],[124.34,73.93],[124.37,73.87],[124.54,73.85],[124.65,73.89],[124.55,73.93],[124.43,73.94]]],[[[136.17,75.61],[135.9,75.69],[135.7,75.85],[135.61,75.77],[135.59,75.58],[135.45,75.39],[135.75,75.38],[135.95,75.41],[136.02,75.44],[135.98,75.52],[136.17,75.61]]],[[[120.08,73.16],[119.96,73.17],[119.76,73.16],[119.64,73.12],[119.79,73.05],[120.01,73.04],[120.26,73.09],[120.08,73.16]]],[[[152.8,76.19],[152.64,76.17],[152.56,76.14],[152.79,76.09],[152.89,76.12],[152.8,76.19]]],[[[150.69,75.16],[150.53,75.1],[150.1,75.22],[149.08,75.26],[148.89,75.23],[148.59,75.24],[148.48,75.27],[148.51,75.39],[148.43,75.41],[147.44,75.44],[147.06,75.36],[146.8,75.37],[146.75,75.51],[146.54,75.58],[146.44,75.56],[146.34,75.48],[146.15,75.2],[146.7,75.11],[147.26,74.98],[147.63,74.96],[148.09,74.83],[148.3,74.8],[149.05,74.77],[149.6,74.77],[150.33,74.87],[150.58,74.92],[150.65,74.94],[150.82,75.16],[150.69,75.16]]],[[[143.69,75.86],[143.56,75.86],[143.19,75.81],[142.67,75.86],[142.46,75.9],[141.74,76.11],[141.49,76.14],[141.3,76.06],[141.03,75.99],[140.95,75.93],[140.89,75.65],[140.82,75.63],[140.66,75.63],[140.5,75.69],[140.39,75.8],[140.27,75.82],[140.15,75.81],[140.05,75.83],[139.74,75.95],[139.11,76.11],[138.92,76.2],[138.81,76.2],[138.43,76.13],[138.21,76.11],[137.98,76.03],[137.77,76.02],[137.56,75.96],[137.5,75.91],[137.71,75.76],[137.36,75.78],[137.27,75.75],[137.22,75.55],[137.29,75.35],[136.98,75.37],[136.95,75.33],[136.96,75.27],[137.22,75.12],[137.45,75.05],[137.68,75.01],[138.09,74.8],[138.87,74.7],[138.98,74.67],[139.22,74.66],[139.33,74.69],[139.61,74.95],[139.68,74.96],[139.76,74.96],[140.01,74.89],[140.27,74.85],[141.31,74.92],[141.75,74.98],[141.99,74.99],[142.29,74.85],[142.47,74.82],[142.78,74.87],[143.13,74.97],[142.93,75.06],[142.62,75.13],[142.26,75.35],[142.15,75.46],[142.09,75.66],[142.55,75.72],[142.94,75.71],[142.99,75.63],[142.87,75.57],[142.73,75.54],[142.7,75.45],[142.73,75.34],[142.82,75.27],[143.17,75.12],[143.4,75.08],[143.63,75.08],[144.02,75.04],[144.41,75.1],[144.88,75.27],[144.73,75.37],[144.8,75.42],[145.02,75.49],[145.36,75.53],[145.26,75.59],[143.69,75.86]]],[[[143.34,73.57],[142.44,73.85],[142.18,73.9],[141.93,73.91],[141.31,73.87],[141.08,73.87],[140.88,73.78],[140.59,73.56],[140.38,73.48],[139.69,73.43],[139.79,73.36],[140.03,73.36],[140.39,73.44],[140.75,73.45],[141.6,73.31],[142.13,73.28],[142.34,73.25],[143.19,73.22],[143.45,73.23],[143.49,73.25],[143.46,73.46],[143.34,73.57]]],[[[112.08,74.55],[112.01,74.53],[111.95,74.39],[111.88,74.36],[111.57,74.37],[111.5,74.35],[111.64,74.27],[112.11,74.16],[112.81,74.1],[112.98,74.2],[113.26,74.27],[113.39,74.4],[113.29,74.44],[112.95,74.48],[112.08,74.55]]],[[[141.04,74.24],[140.85,74.27],[140.41,74.27],[140.19,74.24],[140.1,74.18],[140.18,74],[140.41,73.92],[140.51,73.92],[141.01,74],[141.1,74.17],[141.04,74.24]]]]}},
{"type":"Feature","properties":{"r":241,"c":75,"name":"Yevrey","code":"YV"},"geometry":{"type":"Polygon","coordinates":[[[134.32,48.37],[134.6,48.42],[134.77,48.37],[134.88,48.42],[134.98,48.51],[134.99,48.59],[134.86,48.63],[134.75,48.57],[134.48,48.66],[134.39,48.74],[134.27,48.72],[134.11,48.63],[133.93,48.64],[133.82,48.68],[133.77,48.76],[133.31,48.83],[133.2,49.14],[133.03,49.22],[132.82,49.23],[132.73,49.32],[132.64,49.29],[132.38,49.3],[132.4,49.39],[132.12,49.49],[132.07,49.47],[131.97,49.31],[131.77,49.31],[131.61,49.29],[131.46,49.21],[131.4,49.24],[131.18,49.25],[131.01,49.05],[130.98,48.97],[130.83,48.98],[130.55,48.86],[130.62,48.77],[130.55,48.6],[130.6,48.57],[130.66,48.48],[130.75,48.43],[130.8,48.34],[130.79,48.25],[130.71,48.13],[130.73,48.02],[130.85,47.93],[130.92,47.84],[130.96,47.71],[131,47.69],[131.32,47.73],[131.46,47.72],[131.56,47.68],[131.79,47.68],[132.38,47.73],[132.48,47.71],[132.56,47.77],[132.64,47.89],[132.71,47.95],[132.77,47.94],[132.88,47.98],[133.14,48.11],[133.47,48.1],[133.57,48.13],[133.67,48.21],[133.84,48.27],[134.29,48.37],[134.32,48.37]]]}},
{"type":"Feature","properties":{"r":242,"c":75,"name":"Khabarovsk","code":"KH"},"geometry":{"type":"MultiPolygon","coordinates":[[[[137.94,55.09],[137.58,55.2],[137.44,55.02],[137.38,55],[137.28,54.89],[137.23,54.79],[137.28,54.79],[137.46,54.87],[137.53,54.83],[137.66,54.65],[137.72,54.66],[137.96,54.79],[138.1,54.99],[138.21,55.03],[138.17,55.06],[138.03,55.05],[137.94,55.09]]],[[[133.97,46.64],[134.2,46.64],[134.41,46.68],[134.46,46.79],[134.41,46.87],[134.44,46.94],[134.55,46.97],[134.65,47.09],[134.85,47.15],[135.02,47.13],[135.08,47.19],[135.21,47.15],[135.43,47.02],[135.36,46.95],[135.42,46.91],[135.53,46.95],[135.75,46.95],[135.85,46.81],[135.94,46.79],[136.06,46.85],[136.26,46.77],[136.38,46.77],[136.45,46.81],[136.58,46.78],[136.73,46.84],[136.84,46.94],[136.97,47.01],[136.93,47.06],[137.01,47.24],[137.09,47.3],[137.33,47.21],[137.45,47.2],[137.6,47.3],[137.75,47.33],[138.01,47.45],[138.09,47.52],[138.05,47.67],[137.9,47.72],[137.79,47.7],[137.6,47.78],[137.6,47.91],[137.42,47.98],[137.31,48.08],[137.45,48.2],[137.58,48.23],[137.84,48.21],[137.99,48.3],[138.15,48.32],[138.18,48.38],[138.31,48.44],[138.49,48.4],[138.48,48.3],[138.56,48.18],[138.71,48.18],[138.72,48.14],[138.58,48.03],[138.83,47.86],[138.71,47.74],[138.61,47.73],[138.52,47.67],[138.62,47.63],[138.59,47.55],[138.63,47.45],[138.75,47.44],[138.86,47.47],[139.01,47.4],[139.17,47.63],[139.37,47.89],[139.68,48.09],[139.76,48.18],[140,48.32],[140.11,48.42],[140.17,48.52],[140.22,48.77],[140.38,48.96],[140.33,48.99],[140.31,49.05],[140.52,49.6],[140.51,49.76],[140.46,49.83],[140.46,49.91],[140.61,50.05],[140.62,50.08],[140.54,50.13],[140.48,50.55],[140.52,50.8],[140.65,50.99],[140.69,51.23],[140.84,51.41],[140.93,51.62],[141.13,51.73],[141.26,51.86],[141.37,51.92],[141.39,52.06],[141.49,52.18],[141.17,52.37],[141.13,52.44],[141.25,52.55],[141.27,52.65],[141.26,52.84],[141.09,52.9],[140.87,53.04],[140.84,53.09],[141.18,53.02],[141.33,53.1],[141.4,53.18],[141.37,53.29],[141.22,53.33],[141.02,53.45],[141.01,53.49],[140.69,53.6],[140.35,53.81],[140.24,54],[140.18,54.05],[139.86,54.21],[139.8,54.26],[139.71,54.28],[139.32,54.19],[139.11,54.22],[138.7,54.32],[138.66,54.3],[138.72,54.22],[138.7,53.87],[138.66,53.74],[138.51,53.57],[138.45,53.54],[138.25,53.52],[138.29,53.59],[138.41,53.67],[138.57,53.82],[138.57,53.95],[138.53,53.96],[138.49,53.96],[138.38,53.91],[138.25,53.73],[137.95,53.6],[137.74,53.56],[137.33,53.54],[137.25,53.55],[137.22,53.58],[137.52,53.71],[137.64,53.87],[137.79,53.9],[137.83,53.95],[137.62,53.97],[137.34,54.1],[137.51,54.16],[137.67,54.28],[137.38,54.28],[137.14,54.18],[137.1,54.13],[137.17,54.06],[137.26,54.03],[137.16,53.82],[137.02,53.85],[136.89,53.84],[136.8,53.78],[136.72,53.8],[136.68,53.93],[136.73,54.06],[136.77,54.35],[136.82,54.45],[136.8,54.62],[136.24,54.61],[135.85,54.58],[135.26,54.73],[135.21,54.84],[135.23,54.9],[135.26,54.94],[135.54,55.11],[135.75,55.16],[136.18,55.35],[136.35,55.51],[136.46,55.58],[136.79,55.69],[137.38,55.97],[137.57,56.11],[137.69,56.14],[138.07,56.43],[138.22,56.63],[138.66,56.97],[138.97,57.09],[139.18,57.26],[139.44,57.33],[139.51,57.36],[139.62,57.46],[139.8,57.51],[140,57.69],[140.45,57.81],[140.68,58.21],[140.79,58.3],[140.99,58.42],[141.35,58.53],[141.6,58.65],[141.75,58.75],[142.03,59],[142.33,59.15],[142.58,59.24],[143.19,59.37],[143.52,59.34],[143.87,59.41],[144.12,59.41],[144.48,59.38],[145.55,59.41],[145.76,59.37],[145.83,59.33],[145.93,59.2],[146.05,59.17],[146.27,59.22],[146.44,59.43],[146.54,59.46],[146.8,59.37],[146.89,59.37],[146.91,59.37],[147.08,59.41],[147.16,59.65],[147.14,59.85],[146.99,59.95],[146.79,59.9],[146.66,59.98],[146.68,60.1],[146.45,60.14],[146.37,60.27],[146.1,60.22],[145.79,60.2],[145.57,60.34],[145.63,60.39],[145.51,60.46],[145.62,60.56],[146.07,60.74],[146.32,60.66],[146.46,60.71],[146.55,60.96],[146.7,60.96],[146.68,61.08],[146.75,61.11],[146.75,61.22],[146.68,61.31],[146.77,61.4],[146.61,61.44],[146.58,61.64],[146.5,61.66],[146.36,61.82],[146.22,61.9],[145.89,62.03],[145.74,62.06],[145.51,61.96],[145.27,61.99],[145.16,61.97],[144.97,62.06],[144.75,62.05],[144.59,61.98],[144.54,61.86],[144.24,61.76],[144,61.73],[143.93,61.77],[143.95,61.96],[143.57,61.95],[143.62,62.02],[143.36,62.02],[143.13,62.1],[143.08,62.02],[142.93,61.9],[142.83,61.95],[142.65,61.96],[142.44,61.87],[142.29,61.96],[142.19,62.08],[142.01,62.03],[141.84,62.04],[141.54,62.18],[141.3,62.43],[141.07,62.42],[141.06,62.48],[140.88,62.5],[140.7,62.57],[140.64,62.43],[140.4,62.42],[140.29,62.27],[140.3,62.12],[140.26,62.04],[140.11,61.97],[139.99,61.97],[139.92,61.8],[139.67,61.64],[139.55,61.48],[139.43,61.49],[139.25,61.43],[139.12,61.45],[138.94,61.32],[138.72,61.34],[138.65,61.28],[138.7,61.19],[138.38,61.1],[138.35,61],[138.21,60.95],[138.19,60.89],[138.28,60.78],[138.43,60.7],[138.4,60.61],[138.24,60.49],[138.33,60.41],[138.32,60.32],[138.2,60.23],[138.26,59.94],[138.17,59.84],[138.25,59.71],[138.17,59.68],[138.04,59.74],[137.83,59.76],[137.62,59.74],[137.46,59.65],[137.46,59.55],[137.35,59.55],[137.18,59.45],[136.84,59.4],[136.76,59.35],[136.05,59.44],[135.79,59.53],[135.62,59.5],[135.42,59.39],[135.26,59.22],[135.21,59.12],[134.75,59.15],[134.72,59.21],[134.55,59.18],[134.22,59.21],[134.05,59.26],[133.77,59.22],[133.63,59.23],[133.54,59.29],[133.38,59.24],[133.13,59.2],[132.86,59.06],[132.87,58.99],[132.81,58.88],[132.6,58.89],[132.56,58.64],[132.37,58.52],[132.13,58.49],[132.21,58.35],[132.2,58.25],[132.02,58.19],[132.04,58.02],[131.7,58.17],[131.48,58.17],[131.61,58],[131.81,57.91],[131.76,57.85],[131.89,57.81],[132.03,57.69],[131.97,57.59],[131.69,57.56],[131.73,57.5],[131.62,57.45],[131.57,57.36],[131.6,57.3],[131.51,57.25],[131.18,57.24],[131.18,57.14],[131.47,57.08],[131.44,57.04],[131.75,56.84],[131.8,56.72],[131.68,56.65],[131.67,56.55],[131.5,56.55],[131.39,56.48],[131.18,56.47],[131.09,56.35],[131.09,56.21],[130.96,56.13],[130.92,55.94],[130.86,55.89],[130.93,55.75],[130.92,55.68],[131.09,55.62],[131.3,55.62],[131.6,55.65],[131.8,55.61],[131.96,55.66],[132.13,55.64],[132.24,55.7],[132.54,55.68],[132.66,55.56],[132.64,55.49],[132.91,55.36],[132.73,55.35],[132.58,55.2],[132.35,55.19],[132.37,55.06],[132.09,55.05],[131.97,55],[131.99,54.91],[131.61,54.78],[131.53,54.72],[131.4,54.72],[131.2,54.61],[131.22,54.53],[131.11,54.32],[130.94,54.32],[130.77,54.29],[130.51,54.12],[130.48,53.99],[130.41,53.95],[130.45,53.88],[130.64,53.89],[130.84,53.83],[130.92,53.77],[131.1,53.81],[131.42,53.75],[131.44,53.63],[131.5,53.55],[131.48,53.48],[131.53,53.32],[131.47,53.21],[131.8,53.24],[131.89,53.13],[131.99,53.13],[132.11,53.22],[132.4,53.24],[132.89,53.23],[132.95,53.29],[133.15,53.29],[133.21,53.42],[133.57,53.55],[133.71,53.48],[134.01,53.43],[134.21,53.47],[134.22,53.51],[134.45,53.54],[134.56,53.62],[134.75,53.54],[134.76,53.48],[134.92,53.42],[134.9,53.32],[134.96,53.25],[134.86,53.18],[134.81,53.07],[134.66,52.94],[134.63,52.8],[134.71,52.77],[134.78,52.65],[134.66,52.58],[134.66,52.47],[134.61,52.42],[134.22,52.49],[134.06,52.5],[134,52.54],[133.66,52.57],[133.37,52.68],[133.28,52.66],[133.24,52.57],[133.25,52.46],[133.42,52.25],[133.32,52.2],[132.91,52.16],[132.59,52.08],[132.53,51.96],[132.4,51.96],[132.42,51.86],[132.28,51.79],[132.22,51.82],[131.96,51.74],[131.86,51.75],[131.73,51.68],[131.43,51.69],[131.4,51.61],[131.48,51.48],[131.49,51.34],[131.29,51.36],[131.17,51.25],[131.06,51.25],[130.92,51.02],[130.82,51.02],[130.77,50.94],[130.84,50.88],[130.69,50.75],[130.65,50.66],[130.95,50.65],[131.01,50.57],[130.87,50.46],[130.99,50.38],[131.13,50.42],[131.16,50.35],[131.29,50.37],[131.33,50.27],[131.44,50.19],[131.3,49.99],[131.45,49.96],[131.5,49.9],[131.47,49.73],[131.38,49.66],[131.5,49.61],[131.49,49.41],[131.4,49.24],[131.46,49.21],[131.61,49.29],[131.77,49.31],[131.97,49.31],[132.07,49.47],[132.12,49.49],[132.4,49.39],[132.38,49.3],[132.64,49.29],[132.73,49.32],[132.82,49.23],[133.03,49.22],[133.2,49.14],[133.31,48.83],[133.77,48.76],[133.82,48.68],[133.93,48.64],[134.11,48.63],[134.27,48.72],[134.39,48.74],[134.48,48.66],[134.75,48.57],[134.86,48.63],[134.99,48.59],[134.98,48.51],[134.88,48.42],[134.77,48.37],[134.6,48.42],[134.32,48.37],[134.33,48.37],[134.46,48.36],[134.67,48.25],[134.67,48.15],[134.57,48.02],[134.75,47.72],[134.7,47.62],[134.6,47.52],[134.48,47.45],[134.38,47.44],[134.29,47.41],[134.17,47.3],[134.16,47.26],[134.2,47.13],[134.14,47.07],[134.07,46.95],[134.02,46.71],[133.97,46.64]]]]}},
{"type":"Feature","properties":{"r":243,"c":75,"name":"Maga Buryatdan","code":"MG"},"geometry":{"type":"MultiPolygon","coordinates":[[[[162.5,61.67],[162.43,61.76],[162.47,61.82],[162.31,61.93],[162.48,61.96],[162.51,62.1],[162.27,62.13],[162.4,62.25],[162.66,62.26],[162.74,62.3],[162.77,62.5],[162.71,62.6],[162.82,62.7],[162.67,62.71],[162.55,62.84],[162.27,62.94],[162.38,63.12],[162.74,63.18],[162.69,63.39],[162.88,63.44],[162.96,63.49],[162.98,63.62],[162.75,63.74],[162.73,63.84],[162.89,63.88],[162.93,63.95],[162.84,64.02],[162.79,64.15],[162.94,64.2],[163.17,64.19],[163.26,64.32],[163.43,64.37],[163.34,64.49],[163.17,64.56],[163.25,64.73],[163.14,64.77],[163.12,64.69],[163,64.65],[162.74,64.66],[162.61,64.73],[162.29,64.74],[161.78,64.84],[161.64,65.01],[161.42,65.07],[161.28,65.14],[161.01,65.17],[160.69,65.15],[160.54,65.16],[160.42,65.25],[160.17,65.38],[160.17,65.45],[160,65.52],[159.83,65.53],[159.38,65.66],[158.92,65.74],[158.93,65.9],[159.05,66.05],[159.2,66.16],[159.17,66.23],[158.78,66.28],[158.53,66.36],[158.39,66.25],[158.48,66.12],[158.12,66.16],[157.72,66.11],[157.38,66],[157.37,65.93],[157.12,65.92],[156.93,65.97],[156.97,66.03],[156.76,66.1],[156.66,66.19],[156.49,66.15],[156.36,66.07],[155.96,66.1],[155.75,66.18],[155.32,66.14],[155.17,66.21],[154.89,66.13],[154.8,66.18],[154.55,66.24],[154.4,66.2],[154.22,66.07],[154.36,66.03],[154.37,65.92],[154.25,65.83],[154.04,65.87],[153.7,65.89],[153.51,65.84],[153.45,65.79],[153.53,65.71],[153.4,65.5],[153.52,65.41],[153.03,65.27],[152.69,65.23],[152.62,65.17],[152.64,65.02],[152.5,64.95],[152.75,64.69],[152.33,64.51],[152.41,64.41],[152.17,64.36],[152.14,64.44],[152.02,64.5],[151.48,64.44],[151.3,64.36],[151.12,64.37],[150.97,64.33],[150.63,64.33],[150.63,64.17],[150.22,64.21],[150.02,64.37],[150.07,64.5],[149.82,64.57],[149.59,64.53],[149.4,64.44],[149.27,64.45],[148.63,64.42],[148.44,64.52],[148.29,64.55],[148.16,64.46],[148.02,64.43],[148,64.36],[148.25,64.26],[148.11,64.05],[147.96,63.94],[147.6,64.05],[147.61,64.17],[147.31,64.13],[147.23,64.06],[147,64.15],[146.5,64.21],[146.38,64.2],[146.29,64.06],[146.11,63.94],[145.57,63.84],[145.63,63.66],[145.44,63.52],[145.36,63.33],[145.25,63.18],[145.37,62.91],[145.33,62.75],[145.48,62.55],[145.12,62.49],[145.17,62.43],[145.18,62.29],[144.99,62.24],[144.9,62.16],[144.72,62.08],[144.75,62.05],[144.97,62.06],[145.16,61.97],[145.27,61.99],[145.51,61.96],[145.74,62.06],[145.89,62.03],[146.22,61.9],[146.36,61.82],[146.5,61.66],[146.58,61.64],[146.61,61.44],[146.77,61.4],[146.68,61.31],[146.75,61.22],[146.75,61.11],[146.68,61.08],[146.7,60.96],[146.55,60.96],[146.46,60.71],[146.32,60.66],[146.07,60.74],[145.62,60.56],[145.51,60.46],[145.63,60.39],[145.57,60.34],[145.79,60.2],[146.1,60.22],[146.37,60.27],[146.45,60.14],[146.68,60.1],[146.66,59.98],[146.79,59.9],[146.99,59.95],[147.14,59.85],[147.16,59.65],[147.08,59.41],[146.91,59.37],[147.04,59.37],[147.51,59.27],[147.69,59.29],[147.87,59.39],[148.26,59.41],[148.49,59.26],[148.73,59.26],[148.91,59.28],[148.96,59.37],[148.89,59.4],[148.74,59.37],[148.71,59.45],[148.8,59.53],[148.93,59.48],[149.2,59.49],[149.07,59.63],[149.29,59.73],[149.42,59.76],[149.64,59.77],[150.2,59.65],[150.33,59.64],[150.46,59.59],[150.67,59.56],[150.48,59.49],[150.62,59.51],[150.73,59.47],[150.82,59.46],[151.03,59.59],[151.35,59.56],[151.49,59.52],[151.8,59.32],[151.94,59.28],[152.17,59.28],[152.26,59.22],[151.99,59.16],[151.5,59.16],[151.12,59.08],[151.33,58.88],[151.7,58.87],[152.09,58.91],[152.17,59],[152.32,59.03],[152.4,59.03],[152.58,58.95],[152.82,58.93],[152.88,58.94],[153.08,59.08],[153.27,59.09],[153.36,59.21],[153.7,59.22],[153.89,59.11],[154.01,59.08],[154.25,59.11],[154.46,59.22],[154.7,59.14],[154.82,59.19],[155.02,59.2],[155.16,59.19],[155.17,59.36],[154.97,59.45],[154.58,59.54],[154.36,59.48],[154.21,59.48],[154.15,59.53],[154.27,59.66],[154.29,59.83],[154.39,59.88],[154.44,59.88],[154.58,60.1],[154.97,60.38],[155.43,60.55],[155.72,60.68],[155.85,60.78],[156.06,61],[156.34,61.16],[156.63,61.27],[156.68,61.48],[156.89,61.57],[157.08,61.68],[157.37,61.75],[157.47,61.8],[157.8,61.8],[158.07,61.75],[158.15,61.76],[158.33,61.83],[158.55,61.81],[159.19,61.93],[159.3,61.91],[159.42,61.81],[159.5,61.78],[159.55,61.72],[160.18,61.9],[160.31,61.89],[160.32,61.79],[160.25,61.65],[159.88,61.29],[159.95,61.13],[159.79,60.96],[159.88,60.94],[160,61.01],[160.18,61.05],[160.38,61.03],[160.23,60.83],[160.17,60.64],[160.48,60.74],[160.77,60.75],[160.92,60.89],[161.04,60.96],[162.19,61.54],[162.39,61.66],[162.5,61.67]]],[[[150.67,59.16],[150.59,59.1],[150.47,59.05],[150.47,59.03],[150.51,59.01],[150.59,59.02],[150.73,59.1],[150.67,59.16]]]]}},
{"type":"Feature","properties":{"r":244,"c":75,"name":"Sakhalin","code":"SL"},"geometry":{"type":"MultiPolygon","coordinates":[[[[145.94,43.43],[145.93,43.46],[145.87,43.46],[145.89,43.42],[145.94,43.43]]],[[[146.33,43.65],[146.27,43.63],[146.33,43.62],[146.36,43.63],[146.33,43.65]]],[[[146.09,43.45],[146.03,43.41],[146.09,43.43],[146.09,43.45]]],[[[146.62,43.81],[146.61,43.74],[146.68,43.72],[146.9,43.8],[146.88,43.83],[146.82,43.86],[146.62,43.81]]],[[[146.36,44.42],[146.21,44.5],[146.11,44.5],[145.94,44.27],[145.89,44.25],[145.85,44.19],[145.77,44.13],[145.75,44.07],[145.67,44],[145.46,43.87],[145.43,43.81],[145.44,43.74],[145.56,43.66],[145.59,43.85],[145.77,43.94],[145.89,44.05],[145.91,44.1],[146.11,44.25],[146.17,44.27],[146.3,44.28],[146.44,44.38],[146.52,44.37],[146.57,44.44],[146.36,44.42]]],[[[149.96,46.02],[149.8,45.88],[149.67,45.84],[149.45,45.59],[149.54,45.59],[149.69,45.64],[149.95,45.82],[150.06,45.85],[150.2,45.93],[150.23,46.01],[150.55,46.21],[150.31,46.2],[149.96,46.02]]],[[[148.81,45.51],[148.77,45.53],[148.61,45.48],[148.32,45.28],[148.06,45.26],[147.96,45.38],[147.92,45.38],[147.87,45.3],[147.89,45.23],[147.77,45.19],[147.66,45.09],[147.56,45.06],[147.43,44.95],[147.25,44.86],[147.15,44.77],[147.14,44.66],[146.97,44.57],[146.93,44.51],[146.9,44.4],[147.1,44.53],[147.21,44.55],[147.31,44.68],[147.56,44.84],[147.66,44.98],[147.78,44.96],[147.91,44.99],[148.01,45.07],[148.26,45.22],[148.41,45.25],[148.6,45.32],[148.79,45.32],[148.84,45.36],[148.8,45.41],[148.83,45.46],[148.81,45.51]]],[[[152.98,47.73],[153,47.71],[153.05,47.71],[153.1,47.76],[153.08,47.81],[152.98,47.73]]],[[[151.86,46.87],[151.72,46.85],[151.75,46.79],[151.82,46.79],[152,46.9],[152.29,47.14],[152.23,47.14],[152.17,47.11],[151.86,46.87]]],[[[154.13,48.9],[154.09,48.83],[153.99,48.77],[154,48.76],[154.04,48.74],[154.08,48.79],[154.23,48.89],[154.13,48.9]]],[[[155.64,50.82],[155.64,50.91],[155.57,50.93],[155.47,50.91],[155.48,50.87],[155.55,50.81],[155.64,50.82]]],[[[156.38,50.86],[156.21,50.78],[156.17,50.73],[156.2,50.7],[156.37,50.63],[156.48,50.75],[156.49,50.84],[156.46,50.86],[156.38,50.86]]],[[[156.1,50.77],[156,50.76],[155.88,50.68],[155.77,50.48],[155.68,50.4],[155.43,50.37],[155.33,50.29],[155.22,50.3],[155.2,50.26],[155.24,50.21],[155.24,50.09],[155.29,50.06],[155.4,50.04],[155.52,50.15],[155.61,50.18],[155.79,50.2],[155.92,50.3],[156.1,50.56],[156.12,50.67],[156.1,50.77]]],[[[154.61,49.38],[154.61,49.29],[154.71,49.27],[154.81,49.31],[154.83,49.35],[154.8,49.47],[154.88,49.57],[154.9,49.63],[154.82,49.65],[154.61,49.38]]],[[[142.33,54.28],[142.67,53.97],[142.71,53.9],[142.64,53.74],[142.69,53.73],[142.68,53.67],[142.55,53.65],[142.51,53.59],[142.58,53.54],[142.53,53.45],[142.42,53.41],[142.32,53.41],[142.14,53.5],[141.96,53.46],[141.85,53.39],[141.82,53.34],[141.87,53.04],[141.86,52.79],[141.8,52.56],[141.68,52.36],[141.66,52.27],[141.67,51.93],[141.72,51.85],[141.81,51.79],[141.77,51.75],[141.72,51.74],[142.01,51.52],[142.09,51.43],[142.21,51.22],[142.21,51],[142.1,50.78],[142.07,50.63],[142.07,50.51],[142.15,50.22],[142.14,49.57],[142.02,49.08],[141.87,48.75],[141.87,48.7],[142.14,48.29],[142.18,48.01],[142.15,47.9],[141.96,47.59],[141.98,47.35],[142.04,47.14],[141.87,46.69],[141.83,46.45],[141.96,46.01],[142.08,45.92],[142.21,46.09],[142.3,46.36],[142.41,46.55],[142.48,46.64],[142.64,46.72],[142.69,46.71],[142.83,46.61],[143.28,46.56],[143.35,46.48],[143.42,46.22],[143.43,46.03],[143.58,46.36],[143.49,46.75],[143.45,46.79],[143.38,46.81],[143.22,46.79],[143.09,47],[143.01,47.22],[142.91,47.36],[142.75,47.45],[142.67,47.54],[142.56,47.74],[142.57,48.07],[142.97,48.92],[143.03,49.11],[143.1,49.2],[143.24,49.26],[143.38,49.29],[143.82,49.31],[143.97,49.28],[144.13,49.21],[144.28,49.07],[144.54,48.89],[144.62,48.81],[144.67,48.68],[144.71,48.64],[144.71,48.82],[144.69,48.87],[144.61,48.94],[144.43,49.05],[144.34,49.18],[144.27,49.31],[144.2,49.55],[144.05,49.9],[143.82,50.28],[143.53,51.25],[143.47,51.3],[143.46,51.47],[143.42,51.52],[143.32,51.58],[143.29,51.74],[143.19,51.94],[143.16,52.08],[143.17,52.35],[143.2,52.44],[143.3,52.53],[143.32,52.61],[143.32,52.96],[143.26,53.22],[142.92,53.79],[142.94,53.81],[142.91,53.88],[142.99,54.09],[142.98,54.14],[142.76,54.39],[142.69,54.42],[142.62,54.3],[142.55,54.28],[142.33,54.28]]]]}},
{"type":"Feature","properties":{"r":245,"c":75,"name":"Crimea","code":"KR"},"geometry":{"type":"Polygon","coordinates":[[[33.75,44.4],[33.76,44.4],[33.91,44.39],[34.07,44.42],[34.28,44.54],[34.47,44.72],[34.72,44.81],[34.89,44.82],[35.09,44.8],[35.15,44.9],[35.36,44.98],[35.47,45.1],[35.57,45.12],[35.68,45.1],[35.87,45.01],[36.23,45.03],[36.39,45.07],[36.45,45.23],[36.58,45.39],[36.29,45.46],[36.17,45.45],[36.08,45.42],[36.01,45.37],[35.83,45.4],[35.75,45.39],[35.56,45.31],[35.46,45.32],[35.37,45.35],[35,45.73],[34.95,45.73],[34.8,45.79],[34.79,45.89],[34.69,45.98],[34.45,45.97],[34.35,46.06],[34.22,46.1],[34.13,46.09],[34.03,46.11],[33.81,46.21],[33.66,46.22],[33.65,46.15],[33.59,46.1],[33.64,46.03],[33.66,45.95],[33.47,45.84],[33.28,45.77],[33.14,45.75],[32.51,45.4],[32.55,45.35],[32.61,45.33],[32.77,45.36],[32.92,45.35],[33.19,45.19],[33.26,45.17],[33.39,45.19],[33.56,45.1],[33.61,44.91],[33.59,44.84],[33.67,44.79],[33.61,44.72],[33.71,44.67],[33.71,44.58],[33.81,44.53],[33.85,44.43],[33.75,44.4]]]}},
{"type":"Feature","properties":{"r":246,"c":75,"name":"Perm'","code":"PE"},"geometry":{"type":"Polygon","coordinates":[[[54.35,56.36],[54.43,56.34],[54.53,56.51],[54.92,56.39],[54.97,56.32],[55.45,56.34],[55.55,56.4],[55.88,56.44],[56.07,56.29],[56.28,56.31],[56.4,56.39],[56.65,56.22],[56.73,56.22],[56.86,56.11],[57.21,56.18],[57.27,56.3],[57.41,56.33],[57.32,56.37],[57.37,56.55],[57.36,56.68],[57.22,56.85],[57.32,56.92],[57.56,56.89],[57.82,56.97],[57.87,57.06],[58.03,57.1],[58.04,57.24],[57.94,57.33],[58,57.48],[58.27,57.67],[58.44,57.68],[58.46,57.59],[58.58,57.59],[58.83,57.73],[58.86,57.83],[58.76,57.85],[58.6,58],[58.68,58.11],[58.87,58.21],[58.97,58.2],[59.2,58.3],[59.28,58.41],[59.46,58.49],[59.39,58.59],[59.39,58.7],[59.19,58.71],[59.08,58.77],[59.07,58.88],[59.18,58.95],[59.09,59.02],[59.18,59.15],[59,59.23],[58.67,59.29],[58.51,59.44],[58.31,59.47],[58.4,59.55],[58.45,59.71],[58.58,59.72],[58.68,59.86],[58.81,59.86],[58.85,59.93],[58.99,59.93],[58.96,60],[59.19,60.28],[59.17,60.37],[59.24,60.48],[59.39,60.57],[59.47,60.81],[59.46,60.95],[59.37,60.97],[59.36,61.14],[59.26,61.22],[59.32,61.38],[59.41,61.42],[59.43,61.51],[59.35,61.68],[59.11,61.62],[59.02,61.55],[58.69,61.5],[57.2,61.51],[57.09,61.49],[56.7,61.52],[56.54,61.44],[56.39,61.42],[56.26,61.21],[55.84,61.25],[55.69,61.09],[55.32,61.12],[55.21,61.02],[55.06,61.01],[54.98,60.86],[53.85,60.98],[53.79,60.85],[53.35,60.89],[53.35,61.04],[52.88,61.09],[52.79,60.95],[52.44,60.98],[52.35,60.84],[51.89,60.88],[51.77,60.61],[52.13,60.55],[52.14,60.47],[52.32,60.43],[52.3,60.24],[52.45,60.2],[53.36,60.17],[53.46,60.2],[53.61,60.14],[53.71,60],[53.66,59.82],[53.59,59.71],[53.42,59.68],[53.35,59.5],[53.21,59.36],[53.33,59.19],[53.43,59.14],[53.88,59.09],[53.77,59.02],[53.73,58.92],[53.82,58.82],[53.92,58.78],[53.75,58.7],[53.7,58.59],[53.78,58.44],[53.89,58.32],[53.81,58.23],[54.09,57.99],[54.16,57.71],[54.1,57.61],[54.17,57.56],[54.19,57.46],[54.16,57.31],[54.31,57.29],[54.29,57.08],[54.34,57.01],[54.1,56.97],[54.09,56.77],[53.87,56.71],[53.96,56.63],[54.17,56.53],[54.24,56.43],[54.35,56.36]]]}},
{"type":"Feature","properties":{"r":247,"c":75,"name":"Kamchatka","code":"KA"},"geometry":{"type":"MultiPolygon","coordinates":[[[[174.45,61.82],[174.47,61.98],[174.34,62.05],[174.12,62.07],[174.11,62.19],[174.02,62.27],[174.09,62.34],[174.08,62.45],[173.87,62.44],[173.8,62.52],[173.5,62.53],[172.85,62.33],[172.71,62.4],[172.42,62.43],[172.32,62.4],[172.05,62.47],[171.47,62.31],[171.22,62.37],[170.9,62.28],[170.38,62.31],[170.26,62.29],[170.16,62.34],[170.09,62.49],[169.99,62.55],[170.01,62.68],[169.84,62.66],[169.66,62.71],[169.51,62.81],[169.13,62.97],[168.94,62.94],[168.51,63.05],[168.54,63.13],[168.8,63.3],[169.1,63.44],[169.21,63.52],[169.51,63.58],[169.58,63.64],[169.55,63.81],[169.36,63.88],[169.34,63.95],[169.08,63.96],[168.87,64.02],[168.78,64.18],[168.64,64.21],[168.5,64.32],[168.2,64.34],[168.03,64.29],[167.82,64.35],[167.71,64.34],[167.5,64.48],[167.41,64.48],[167.24,64.62],[167,64.55],[166.81,64.53],[166.41,64.6],[166.2,64.61],[166.03,64.56],[165.74,64.68],[165.68,64.75],[165.48,64.74],[165.33,64.78],[165.26,64.85],[165.02,64.84],[165,64.69],[164.88,64.69],[164.8,64.77],[164.22,64.92],[163.87,64.87],[163.52,64.93],[163.35,64.82],[163.14,64.77],[163.25,64.73],[163.17,64.56],[163.34,64.49],[163.43,64.37],[163.26,64.32],[163.17,64.19],[162.94,64.2],[162.79,64.15],[162.84,64.02],[162.93,63.95],[162.89,63.88],[162.73,63.84],[162.75,63.74],[162.98,63.62],[162.96,63.49],[162.88,63.44],[162.69,63.39],[162.74,63.18],[162.38,63.12],[162.27,62.94],[162.55,62.84],[162.67,62.71],[162.82,62.7],[162.71,62.6],[162.77,62.5],[162.74,62.3],[162.66,62.26],[162.4,62.25],[162.27,62.13],[162.51,62.1],[162.48,61.96],[162.31,61.93],[162.47,61.82],[162.43,61.76],[162.5,61.67],[162.51,61.67],[162.7,61.65],[162.72,61.7],[162.86,61.71],[162.92,61.6],[162.99,61.54],[163.09,61.57],[163.26,61.7],[163.21,61.74],[163.01,61.79],[163.02,61.89],[163.13,62.05],[163.12,62.15],[163.16,62.26],[163.3,62.37],[163.24,62.46],[163.33,62.55],[164.26,62.7],[164.42,62.7],[164.57,62.68],[164.79,62.57],[165.04,62.52],[165.4,62.49],[165.42,62.45],[165.21,62.45],[165.21,62.37],[165.12,62.41],[164.6,62.47],[164.29,62.35],[164.21,62.29],[164.07,62.05],[164.07,61.87],[164.02,61.71],[163.88,61.64],[163.8,61.46],[163.97,61.42],[164.01,61.34],[163.89,61.24],[163.62,61.11],[163.55,61.03],[163.71,60.92],[163.35,60.8],[162.97,60.78],[162.71,60.66],[162.07,60.47],[161.75,60.15],[161.45,60.03],[161.22,59.85],[160.86,59.63],[160.55,59.55],[160.35,59.39],[159.85,59.13],[159.59,58.8],[159.21,58.52],[159.04,58.42],[158.69,58.28],[158.45,58.16],[158.32,58.08],[158.28,58.01],[158.21,58.03],[157.97,57.99],[157.67,58.02],[157.45,57.8],[157.22,57.78],[156.99,57.83],[156.83,57.78],[156.79,57.75],[156.9,57.68],[156.95,57.62],[156.98,57.47],[156.85,57.29],[156.73,57.15],[156.53,57.02],[156.07,56.78],[155.98,56.7],[155.72,56.07],[155.64,55.79],[155.55,55.35],[155.56,55.2],[155.71,54.52],[155.95,53.74],[156.11,52.87],[156.15,52.75],[156.23,52.63],[156.36,52.51],[156.49,51.91],[156.5,51.48],[156.54,51.31],[156.67,51.23],[156.75,50.97],[156.85,51.01],[157.2,51.21],[157.49,51.41],[157.53,51.48],[157.82,51.61],[158.1,51.81],[158.33,52.09],[158.49,52.38],[158.48,52.63],[158.53,52.69],[158.61,52.87],[158.56,52.92],[158.43,52.96],[158.47,53.03],[158.56,53.05],[158.64,53.01],[158.68,52.94],[158.75,52.91],[158.95,53.05],[159.14,53.12],[159.59,53.24],[159.77,53.23],[159.95,53.13],[160.03,53.13],[160,53.27],[159.9,53.38],[159.9,53.45],[159.96,53.55],[159.87,53.67],[159.84,53.78],[159.92,54.01],[160.07,54.19],[160.29,54.29],[160.52,54.43],[160.77,54.54],[160.94,54.58],[161.13,54.6],[161.29,54.52],[161.73,54.53],[161.97,54.69],[162.11,54.75],[162.08,54.89],[162,55],[161.82,55.14],[161.78,55.21],[161.73,55.36],[161.72,55.5],[161.78,55.65],[162.08,56.09],[162.15,56.13],[162.53,56.26],[162.49,56.4],[162.67,56.49],[162.88,56.48],[162.94,56.51],[163.04,56.52],[162.98,56.45],[162.71,56.33],[162.63,56.23],[162.84,56.07],[162.97,56.03],[163.05,56.04],[163.34,56.23],[163.24,56.56],[163.26,56.69],[163.17,56.73],[163.05,56.74],[162.92,56.72],[162.8,56.81],[162.81,57.1],[162.76,57.24],[162.78,57.36],[163.11,57.56],[163.19,57.64],[163.23,57.79],[163.15,57.84],[162.72,57.95],[162.65,57.95],[162.52,57.9],[162.47,57.77],[162.39,57.72],[162.41,57.78],[162.2,57.83],[162.1,57.87],[162.04,57.92],[161.96,58.08],[162.14,58.45],[162.45,58.71],[162.64,58.8],[162.85,58.94],[162.93,58.96],[162.97,58.99],[163,59.02],[162.94,59.11],[163.01,59.15],[163.08,59.13],[163.27,59.3],[163.27,59.52],[163.32,59.71],[163.36,59.78],[163.49,59.89],[163.57,59.91],[163.78,60.04],[163.91,60.04],[164.14,59.98],[164.11,59.9],[164.38,60.06],[164.44,60.07],[164.53,60.06],[164.67,60],[164.78,59.87],[164.85,59.84],[164.95,59.84],[165.02,59.86],[165.07,59.95],[165.08,60.1],[165.29,60.13],[165.42,60.21],[165.58,60.24],[165.94,60.36],[166.18,60.48],[166.35,60.48],[166.14,59.98],[166.19,59.85],[166.33,59.87],[166.96,60.31],[167.23,60.41],[168.14,60.57],[168.46,60.59],[168.67,60.56],[168.79,60.56],[169.23,60.6],[169.28,60.56],[169.62,60.44],[169.89,60.22],[169.93,60.1],[169.98,60.07],[170.15,59.99],[170.35,59.97],[170.4,60.01],[170.51,60.26],[170.59,60.34],[170.61,60.43],[170.8,60.5],[170.95,60.52],[171.73,60.84],[171.83,60.84],[171.92,60.86],[172.21,61],[172.39,61.06],[172.36,61.12],[172.4,61.17],[172.58,61.19],[172.7,61.25],[172.69,61.3],[172.79,61.31],[172.87,61.29],[172.91,61.31],[172.81,61.44],[172.86,61.47],[173.05,61.41],[173.13,61.41],[173.62,61.72],[173.82,61.68],[174.14,61.8],[174.28,61.82],[174.45,61.82]]],[[[164.57,59.22],[164.52,59.23],[164.2,59.1],[163.76,59.02],[163.78,58.93],[163.73,58.8],[163.58,58.64],[163.43,58.58],[163.43,58.55],[163.47,58.51],[163.96,58.74],[164.28,58.84],[164.62,58.89],[164.66,58.97],[164.63,59.11],[164.57,59.22]]],[[[167.71,54.77],[167.59,54.8],[167.51,54.86],[167.44,54.86],[167.49,54.79],[168.08,54.51],[167.88,54.69],[167.71,54.77]]],[[[166.58,54.91],[166.48,54.95],[166.4,55.01],[166.25,55.17],[166.23,55.24],[166.28,55.31],[165.93,55.35],[165.75,55.29],[166.07,55.14],[166.12,55.03],[166.32,54.86],[166.46,54.83],[166.65,54.69],[166.65,54.84],[166.58,54.91]]]]}},
{"type":"Feature","properties":{"r":248,"c":75,"name":"Sevastopol","code":"SC"},"geometry":{"type":"Polygon","coordinates":[[[33.59,44.84],[33.53,44.68],[33.46,44.6],[33.45,44.55],[33.66,44.43],[33.73,44.41],[33.75,44.4],[33.85,44.43],[33.81,44.53],[33.71,44.58],[33.71,44.67],[33.61,44.72],[33.67,44.79],[33.59,44.84]]]}}
]}
