{"type":"FeatureCollection","features":[
{"type":"Feature","properties":{"name":"Mälaren","kind":"lake","rank":0,"minzoom":3.7},"geometry":{"type":"Polygon","coordinates":[[[17.98,59.329],[17.964,59.359],[17.829,59.379],[17.773,59.414],[17.809,59.553],[17.76,59.621],[17.672,59.595],[17.687,59.542],[17.534,59.539],[17.391,59.584],[17.372,59.496],[17.063,59.569],[16.978,59.551],[16.841,59.588],[16.752,59.543],[16.647,59.559],[16.574,59.612],[16.473,59.519],[16.044,59.478],[16.144,59.448],[16.61,59.454],[16.742,59.431],[16.914,59.446],[17.066,59.373],[17.175,59.356],[17.305,59.272],[17.371,59.295],[17.475,59.292],[17.571,59.268],[17.876,59.271],[17.98,59.329]]]}},
{"type":"Feature","properties":{"name":"Lake Ladoga","kind":"lake","rank":0,"minzoom":3},"geometry":{"type":"Polygon","coordinates":[[[29.837,61.226],[29.857,61.188],[30.293,61.005],[30.502,60.843],[30.528,60.812],[30.504,60.704],[30.534,60.63],[30.724,60.562],[30.776,60.448],[30.832,60.458],[30.849,60.443],[31.019,60.193],[31.109,60.146],[31.095,60.084],[31.145,60.006],[31.043,59.951],[31.106,59.928],[31.274,59.938],[31.455,59.907],[31.51,59.92],[31.567,59.967],[31.541,60.035],[31.606,60.134],[31.599,60.17],[31.699,60.236],[31.843,60.248],[32.057,60.227],[32.196,60.195],[32.26,60.154],[32.362,60.148],[32.584,60.209],[32.612,60.245],[32.595,60.355],[32.677,60.392],[32.6,60.533],[32.722,60.521],[32.816,60.482],[32.944,60.643],[32.903,60.694],[32.844,60.712],[32.765,60.886],[32.593,60.998],[32.527,61.118],[31.899,61.324],[31.698,61.415],[31.637,61.463],[31.604,61.423],[31.486,61.551],[31.365,61.627],[31.308,61.605],[31.238,61.643],[31.161,61.619],[31.098,61.62],[31.026,61.714],[30.906,61.742],[30.852,61.775],[30.758,61.733],[30.594,61.606],[30.606,61.541],[30.486,61.515],[30.466,61.487],[30.239,61.515],[30.252,61.459],[30.179,61.373],[30.193,61.327],[30.09,61.299],[30.079,61.243],[29.891,61.295],[29.837,61.226]]]}},
{"type":"Feature","properties":{"name":"Lake Albert","kind":"lake","rank":0,"minzoom":3},"geometry":{"type":"Polygon","coordinates":[[[31.472,2.385],[31.475,2.401],[31.431,2.388],[31.344,2.291],[31.259,2.153],[31.179,2.073],[30.868,1.859],[30.529,1.532],[30.479,1.467],[30.387,1.297],[30.4,1.256],[30.468,1.258],[30.495,1.23],[30.507,1.041],[30.539,1.021],[30.594,1.041],[30.719,1.191],[30.785,1.309],[30.969,1.527],[31.166,1.605],[31.268,1.688],[31.305,1.742],[31.322,1.803],[31.343,1.834],[31.369,1.836],[31.387,1.857],[31.4,1.896],[31.384,2.261],[31.472,2.385]]]}},
{"type":"Feature","properties":{"name":"Lake Erie","kind":"lake","rank":0,"minzoom":3},"geometry":{"type":"Polygon","coordinates":[[[-83.105,42.286],[-83.175,42.146],[-83.177,42.049],[-83.256,41.986],[-83.273,41.935],[-83.297,41.935],[-83.362,41.88],[-83.456,41.742],[-83.443,41.725],[-83.291,41.693],[-82.963,41.542],[-82.911,41.538],[-82.831,41.58],[-82.801,41.556],[-82.703,41.529],[-83.027,41.455],[-82.96,41.44],[-82.822,41.465],[-82.673,41.454],[-82.643,41.467],[-82.48,41.398],[-82.121,41.493],[-81.723,41.511],[-81.637,41.548],[-81.447,41.671],[-81.229,41.77],[-80.869,41.893],[-80.334,42.041],[-79.704,42.3],[-79.209,42.555],[-78.994,42.731],[-78.878,42.799],[-78.872,42.836],[-78.924,42.998],[-78.895,43.058],[-79.066,43.106],[-79.04,43.021],[-78.922,42.924],[-79.057,42.862],[-79.386,42.881],[-79.594,42.854],[-79.747,42.858],[-80.099,42.802],[-80.22,42.774],[-80.396,42.676],[-80.451,42.613],[-80.105,42.572],[-80.062,42.554],[-80.094,42.546],[-80.473,42.574],[-80.827,42.643],[-81.039,42.662],[-81.252,42.654],[-81.404,42.63],[-81.73,42.447],[-81.809,42.368],[-81.867,42.258],[-81.887,42.257],[-81.874,42.315],[-81.938,42.269],[-82.16,42.223],[-82.412,42.103],[-82.462,42.058],[-82.512,41.932],[-82.567,42],[-82.645,42.037],[-82.834,41.997],[-82.937,42.006],[-83.108,42.071],[-83.105,42.215],[-83.076,42.275],[-83.105,42.286]],[[-78.99,42.992],[-79.012,43.003],[-79.014,43.052],[-78.988,43.064],[-78.916,43.053],[-78.961,42.988],[-78.99,42.992]],[[-82.638,41.747],[-82.685,41.736],[-82.654,41.827],[-82.627,41.771],[-82.638,41.747]]]}},
{"type":"Feature","properties":{"name":"Lake Chad","kind":"lake","rank":0,"minzoom":3},"geometry":{"type":"Polygon","coordinates":[[[14.742,13.078],[14.653,13.208],[14.591,13.214],[14.554,13.238],[14.496,13.239],[14.415,13.209],[14.342,13.162],[14.282,13.014],[14.259,13.004],[14.275,12.903],[14.295,12.884],[14.347,12.877],[14.407,12.899],[14.516,12.98],[14.62,12.992],[14.661,12.982],[14.686,12.993],[14.694,13.024],[14.743,13.062],[14.742,13.078]]]}},
{"type":"Feature","properties":{"name":"Lake Malawi","kind":"lake","rank":0,"minzoom":3},"geometry":{"type":"Polygon","coordinates":[[[35.26,-14.277],[35.056,-13.743],[34.888,-13.717],[34.868,-13.701],[34.862,-13.46],[34.846,-13.366],[34.812,-13.332],[34.8,-13.044],[34.77,-12.963],[34.772,-12.87],[34.808,-12.767],[34.791,-12.643],[34.694,-12.422],[34.714,-12.279],[34.7,-12.2],[34.788,-12.094],[34.857,-12.048],[34.934,-11.871],[34.957,-11.735],[34.959,-11.577],[34.937,-11.463],[34.851,-11.352],[34.774,-11.342],[34.688,-11.177],[34.608,-11.08],[34.606,-10.99],[34.667,-10.792],[34.662,-10.71],[34.584,-10.525],[34.57,-10.38],[34.58,-10.32],[34.524,-10.03],[34.321,-9.732],[34.089,-9.538],[33.996,-9.495],[33.95,-9.565],[33.954,-9.658],[33.916,-9.712],[33.907,-9.802],[34.016,-10.098],[34.204,-10.319],[34.26,-10.448],[34.238,-10.461],[34.229,-10.517],[34.19,-10.59],[34.203,-10.614],[34.245,-11.099],[34.224,-11.167],[34.23,-11.228],[34.289,-11.425],[34.323,-11.653],[34.318,-11.679],[34.222,-11.788],[34.164,-11.925],[34.1,-11.976],[34.059,-12.049],[34.033,-12.209],[34.074,-12.353],[34.18,-12.425],[34.197,-12.481],[34.196,-12.642],[34.236,-12.713],[34.263,-12.73],[34.275,-12.825],[34.33,-12.945],[34.344,-13.158],[34.338,-13.265],[34.313,-13.346],[34.321,-13.379],[34.41,-13.53],[34.458,-13.572],[34.498,-13.567],[34.547,-13.6],[34.605,-13.669],[34.622,-13.751],[34.571,-13.908],[34.546,-13.938],[34.547,-14.048],[34.6,-14.159],[34.678,-14.214],[34.707,-14.262],[34.77,-14.254],[34.819,-14.217],[34.816,-14.178],[34.858,-14.074],[34.849,-14.035],[34.857,-14.014],[34.881,-14.012],[34.93,-14.042],[34.958,-14.148],[35.048,-14.177],[35.236,-14.401],[35.258,-14.403],[35.284,-14.365],[35.26,-14.277]],[[34.622,-12.067],[34.58,-12.066],[34.542,-12.019],[34.554,-11.982],[34.591,-11.971],[34.624,-11.985],[34.642,-12.014],[34.622,-12.067]],[[34.662,-12.101],[34.68,-12.009],[34.715,-12.003],[34.756,-12.031],[34.746,-12.088],[34.719,-12.111],[34.684,-12.119],[34.662,-12.101]]]}},
{"type":"Feature","properties":{"name":"Lake Victoria","kind":"lake","rank":0,"minzoom":3},"geometry":{"type":"Polygon","coordinates":[[[34.718,-0.092],[34.538,-0.144],[34.42,-0.196],[34.37,-0.243],[34.334,-0.337],[34.31,-0.356],[34.285,-0.35],[34.226,-0.259],[34.117,-0.163],[34.115,-0.079],[34.059,-0.081],[34.003,-0.024],[33.974,0.089],[33.975,0.213],[33.945,0.218],[33.861,0.185],[33.745,0.208],[33.713,0.308],[33.68,0.316],[33.64,0.3],[33.58,0.222],[33.533,0.207],[33.483,0.218],[33.448,0.244],[33.441,0.271],[33.485,0.293],[33.484,0.315],[33.461,0.334],[33.354,0.349],[33.332,0.369],[33.364,0.472],[33.312,0.451],[33.273,0.463],[33.187,0.428],[33.201,0.388],[33.137,0.252],[33.076,0.239],[33.07,0.193],[32.958,0.108],[32.915,0.096],[32.895,0.112],[32.879,0.169],[32.853,0.169],[32.779,0.119],[32.735,0.108],[32.671,0.117],[32.711,0.179],[32.681,0.189],[32.647,0.253],[32.615,0.235],[32.588,0.193],[32.564,0.099],[32.533,0.07],[32.449,0.056],[32.438,0.093],[32.413,0.089],[32.351,0.015],[32.287,0.021],[32.258,-0.005],[32.209,0.009],[32.159,-0.04],[32.055,-0.057],[32.033,-0.09],[31.95,-0.132],[31.933,-0.158],[32.001,-0.255],[31.994,-0.321],[31.867,-0.481],[31.723,-0.79],[31.783,-1.01],[31.849,-1.017],[31.865,-1.092],[31.826,-1.359],[31.811,-1.419],[31.763,-1.492],[31.664,-1.932],[31.675,-2.277],[31.767,-2.399],[31.781,-2.44],[31.786,-2.465],[31.735,-2.53],[31.743,-2.567],[31.815,-2.621],[31.782,-2.693],[31.801,-2.791],[31.819,-2.798],[31.848,-2.705],[31.885,-2.7],[31.918,-2.674],[31.971,-2.752],[32.003,-2.757],[31.969,-2.608],[31.986,-2.547],[32.031,-2.516],[32.13,-2.537],[32.15,-2.525],[32.096,-2.394],[32.174,-2.366],[32.24,-2.283],[32.283,-2.282],[32.32,-2.304],[32.357,-2.394],[32.44,-2.444],[32.535,-2.462],[32.548,-2.508],[32.644,-2.439],[32.703,-2.502],[32.811,-2.515],[32.824,-2.544],[32.814,-2.647],[32.862,-2.757],[32.848,-2.797],[32.764,-2.867],[32.773,-2.91],[32.76,-2.985],[32.892,-2.862],[32.963,-2.849],[32.884,-2.664],[32.892,-2.484],[32.908,-2.449],[32.945,-2.421],[32.999,-2.402],[33.067,-2.41],[33.21,-2.489],[33.416,-2.531],[33.442,-2.502],[33.432,-2.46],[33.51,-2.43],[33.767,-2.238],[33.809,-2.192],[33.81,-2.157],[33.794,-2.123],[33.753,-2.111],[33.585,-2.168],[33.276,-2.124],[33.226,-2.096],[33.233,-2.072],[33.3,-2.023],[33.374,-2.032],[33.412,-1.997],[33.524,-1.996],[33.478,-1.928],[33.45,-1.915],[33.298,-1.922],[33.366,-1.83],[33.402,-1.812],[33.489,-1.822],[33.593,-1.761],[33.602,-1.691],[33.675,-1.638],[33.646,-1.571],[33.686,-1.488],[33.791,-1.485],[33.921,-1.514],[33.915,-1.495],[33.822,-1.425],[33.829,-1.363],[33.844,-1.342],[33.942,-1.34],[33.952,-1.321],[33.907,-1.278],[33.903,-1.247],[33.932,-1.188],[34.063,-1.034],[34.07,-0.997],[34.121,-0.975],[34.163,-0.879],[34.068,-0.725],[34.06,-0.645],[34.079,-0.579],[34.217,-0.442],[34.376,-0.459],[34.425,-0.502],[34.456,-0.495],[34.475,-0.464],[34.458,-0.369],[34.478,-0.353],[34.577,-0.33],[34.703,-0.325],[34.798,-0.296],[34.813,-0.276],[34.718,-0.092]],[[32.054,-2.328],[32.038,-2.351],[31.917,-2.372],[31.9,-2.443],[31.848,-2.454],[31.843,-2.381],[31.783,-2.321],[31.791,-2.234],[31.818,-2.192],[31.9,-2.284],[32.045,-2.243],[32.06,-2.265],[32.054,-2.328]],[[32.298,-0.392],[32.272,-0.472],[32.132,-0.525],[32.166,-0.442],[32.205,-0.397],[32.208,-0.363],[32.104,-0.322],[32.065,-0.254],[32.086,-0.231],[32.182,-0.235],[32.179,-0.311],[32.194,-0.332],[32.269,-0.29],[32.319,-0.337],[32.298,-0.392]],[[33.175,-2.159],[33.125,-2.158],[32.851,-2.061],[32.83,-1.937],[32.884,-1.904],[32.949,-1.902],[32.972,-1.973],[33.097,-1.965],[33.14,-2.069],[33.183,-2.116],[33.175,-2.159]],[[33.372,0.216],[33.317,0.184],[33.339,0.08],[33.273,0.121],[33.264,0.144],[33.184,0.15],[33.18,0.175],[33.218,0.19],[33.224,0.277],[33.318,0.298],[33.388,0.272],[33.372,0.216]]]}},
{"type":"Feature","properties":{"name":"Lake Baikal","kind":"lake","rank":0,"minzoom":3},"geometry":{"type":"Polygon","coordinates":[[[109.864,55.539],[109.861,55.575],[109.955,55.672],[109.847,55.755],[109.667,55.779],[109.576,55.771],[109.193,55.536],[109.213,55.405],[109.171,55.194],[109.053,55.028],[108.917,54.951],[108.944,54.931],[108.933,54.898],[108.847,54.8],[108.786,54.672],[108.593,54.492],[108.473,54.277],[108.362,54.173],[108.224,53.976],[108.062,53.849],[107.627,53.611],[107.551,53.502],[107.535,53.439],[107.072,53.241],[106.852,53.103],[106.774,53.022],[106.873,53.029],[106.897,53.003],[106.881,52.973],[106.537,52.706],[106.452,52.656],[106.06,52.512],[105.86,52.387],[105.57,52.108],[105.345,52.009],[105.165,51.906],[105.053,51.882],[104.812,51.87],[104.721,51.849],[104.663,51.806],[104.537,51.784],[104.133,51.769],[103.791,51.732],[103.743,51.722],[103.713,51.694],[103.817,51.634],[104.156,51.535],[104.39,51.5],[104.655,51.482],[104.826,51.49],[104.903,51.522],[105.435,51.614],[105.798,51.701],[105.967,51.774],[106.187,51.956],[106.281,52.169],[106.258,52.231],[106.269,52.282],[106.314,52.323],[106.497,52.383],[106.599,52.371],[106.752,52.317],[106.806,52.329],[106.938,52.475],[107.099,52.542],[107.387,52.648],[107.579,52.701],[107.763,52.714],[107.948,52.78],[108.007,52.837],[108.234,52.946],[108.288,52.989],[108.335,53.038],[108.302,53.109],[108.392,53.163],[108.661,53.302],[108.703,53.283],[108.768,53.281],[108.931,53.344],[108.982,53.393],[108.989,53.45],[108.921,53.566],[108.842,53.587],[108.532,53.513],[108.836,53.807],[108.944,53.862],[108.994,53.869],[109.061,53.831],[109.009,53.668],[109.03,53.639],[109.178,53.638],[109.204,53.679],[109.211,53.828],[109.5,54.061],[109.538,54.116],[109.554,54.174],[109.496,54.262],[109.49,54.38],[109.523,54.559],[109.544,54.629],[109.607,54.676],[109.765,55.04],[109.75,55.185],[109.791,55.33],[109.857,55.446],[109.864,55.539]],[[107.767,53.267],[107.639,53.22],[107.438,53.103],[107.314,53.068],[106.963,53.023],[106.96,53.078],[106.995,53.107],[107.584,53.283],[107.744,53.399],[107.795,53.393],[107.767,53.267]]]}},
{"type":"Feature","properties":{"name":"Lake Winnipeg","kind":"lake","rank":0,"minzoom":3},"geometry":{"type":"Polygon","coordinates":[[[-96.373,50.729],[-96.357,50.76],[-96.403,51.02],[-96.394,51.088],[-96.337,51.179],[-96.288,51.208],[-96.29,51.251],[-96.495,51.413],[-96.601,51.596],[-96.722,51.704],[-96.757,51.763],[-96.706,51.773],[-96.689,51.791],[-96.707,51.815],[-96.769,51.855],[-96.844,51.866],[-96.835,51.942],[-96.986,52.133],[-97.019,52.204],[-97.002,52.269],[-97.198,52.673],[-97.333,52.784],[-97.398,52.879],[-97.424,52.965],[-97.376,52.98],[-97.352,53.026],[-97.437,53.119],[-97.475,53.201],[-97.582,53.291],[-97.707,53.515],[-97.791,53.581],[-97.828,53.641],[-97.832,53.736],[-97.977,53.969],[-97.762,54.013],[-97.734,54.081],[-97.811,54.042],[-97.94,54.029],[-98.001,54.002],[-98.061,53.931],[-98.192,53.994],[-98.213,54.025],[-98.083,54.202],[-97.864,54.265],[-97.82,54.3],[-97.844,54.317],[-97.983,54.316],[-97.932,54.375],[-98.021,54.41],[-98.297,54.018],[-98.299,53.965],[-98.261,53.912],[-97.9,53.738],[-97.91,53.7],[-97.963,53.695],[-98.009,53.71],[-98.299,53.834],[-98.456,53.852],[-98.613,53.843],[-98.811,53.897],[-98.929,53.867],[-99.001,53.754],[-98.983,53.718],[-99.042,53.557],[-99.202,53.353],[-99.23,53.185],[-99.186,53.175],[-98.99,53.048],[-98.696,53.082],[-98.525,53.065],[-98.46,53.044],[-98.501,53.018],[-98.773,52.965],[-98.895,52.916],[-98.896,52.856],[-98.82,52.783],[-98.809,52.725],[-98.469,52.486],[-98.429,52.382],[-98.188,52.28],[-98.139,52.162],[-98.045,52.052],[-98.036,51.981],[-97.963,51.927],[-97.823,51.889],[-97.792,51.914],[-97.735,52.045],[-97.729,52.088],[-97.774,52.109],[-97.743,52.135],[-97.497,52.133],[-97.526,52.061],[-97.6,51.988],[-97.573,51.924],[-97.55,51.925],[-97.496,52.001],[-97.446,52.027],[-97.357,52.04],[-97.25,51.865],[-97.24,51.766],[-97.289,51.593],[-97.253,51.444],[-97.141,51.502],[-97.106,51.642],[-96.881,51.724],[-96.826,51.71],[-96.797,51.626],[-96.736,51.593],[-96.742,51.554],[-96.982,51.251],[-96.979,51.204],[-96.937,51.193],[-96.908,51.206],[-96.725,51.366],[-96.631,51.343],[-96.627,51.324],[-96.693,51.255],[-96.774,51.221],[-96.841,51.128],[-96.938,51.06],[-96.983,50.683],[-96.931,50.461],[-96.866,50.418],[-96.683,50.398],[-96.576,50.468],[-96.608,50.552],[-96.588,50.664],[-96.542,50.728],[-96.392,50.629],[-96.294,50.624],[-96.373,50.729]],[[-97.938,52.318],[-97.978,52.315],[-98.043,52.398],[-98.046,52.46],[-97.995,52.542],[-97.944,52.531],[-97.887,52.358],[-97.938,52.318]],[[-96.632,51.148],[-96.68,51.041],[-96.762,51.01],[-96.845,51.027],[-96.842,51.066],[-96.737,51.137],[-96.709,51.199],[-96.598,51.188],[-96.632,51.148]]]}},
{"type":"Feature","properties":{"name":"Great Slave Lake","kind":"lake","rank":0,"minzoom":3},"geometry":{"type":"Polygon","coordinates":[[[-109.022,62.807],[-109.046,62.829],[-110.056,62.952],[-110.525,62.945],[-110.673,62.927],[-111.081,62.835],[-111.393,62.722],[-111.78,62.368],[-112.302,62.134],[-112.529,62.074],[-112.892,62.037],[-112.923,62.073],[-113.037,62.019],[-113.114,62.029],[-113.309,62.005],[-113.574,62.019],[-113.756,62.103],[-113.892,62.206],[-114.023,62.268],[-114.155,62.279],[-114.224,62.312],[-114.247,62.326],[-114.227,62.385],[-114.284,62.413],[-114.322,62.416],[-114.437,62.373],[-114.625,62.359],[-114.714,62.376],[-114.902,62.466],[-115.165,62.519],[-115.289,62.607],[-115.724,62.66],[-115.754,62.667],[-115.763,62.72],[-115.913,62.764],[-116.004,62.766],[-116.038,62.726],[-115.992,62.682],[-115.809,62.599],[-115.701,62.485],[-115.289,62.482],[-115.309,62.371],[-115.254,62.329],[-115.307,62.254],[-115.29,62.237],[-115.167,62.244],[-115.045,62.174],[-115.033,62.099],[-114.848,62.032],[-114.724,61.937],[-114.667,61.935],[-114.648,61.857],[-114.845,61.768],[-115.162,61.736],[-115.215,61.773],[-115.337,61.778],[-115.557,61.74],[-115.571,61.687],[-115.658,61.641],[-115.745,61.511],[-115.717,61.44],[-115.827,61.411],[-115.918,61.423],[-116.039,61.381],[-115.858,61.302],[-115.988,61.235],[-115.95,61.183],[-116.199,61.266],[-116.45,61.285],[-116.594,61.324],[-116.763,61.329],[-116.797,61.298],[-116.726,61.241],[-116.738,61.224],[-117.067,61.15],[-117.668,61.308],[-117.505,61.24],[-117.226,61.075],[-117.089,61.051],[-116.719,61.039],[-116.612,61.017],[-116.528,61.029],[-116.425,60.953],[-116.057,60.868],[-115.877,60.848],[-115.333,60.845],[-114.913,60.91],[-114.773,60.923],[-114.727,60.907],[-114.338,60.988],[-114.173,61.006],[-114.086,60.982],[-113.973,60.979],[-113.832,60.997],[-113.729,61.028],[-113.63,61.106],[-113.648,61.157],[-113.729,61.172],[-113.691,61.189],[-113.677,61.301],[-113.359,61.445],[-113.091,61.484],[-113.007,61.449],[-113.001,61.405],[-112.969,61.39],[-112.676,61.463],[-112.208,61.624],[-112.09,61.736],[-111.62,61.95],[-111.502,62.049],[-111.509,62.065],[-111.638,62.059],[-111.587,62.129],[-111.307,62.233],[-111.294,62.281],[-111.06,62.381],[-110.95,62.403],[-110.705,62.395],[-110.647,62.482],[-110.683,62.516],[-110.78,62.538],[-110.764,62.546],[-110.455,62.542],[-110.263,62.571],[-110.187,62.554],[-110.101,62.557],[-109.836,62.607],[-109.735,62.65],[-109.768,62.668],[-109.864,62.673],[-110.411,62.685],[-110.536,62.66],[-110.836,62.666],[-111.272,62.617],[-111.294,62.634],[-111.269,62.661],[-110.756,62.763],[-110.662,62.829],[-110.284,62.827],[-109.747,62.798],[-109.691,62.777],[-109.396,62.739],[-109.301,62.717],[-109.263,62.657],[-109.292,62.603],[-109.252,62.597],[-109.006,62.69],[-108.993,62.739],[-108.919,62.788],[-109.022,62.807]],[[-111.745,62.081],[-111.787,62.002],[-111.927,61.916],[-112.137,61.837],[-112.248,61.756],[-112.331,61.65],[-112.455,61.605],[-112.596,61.584],[-112.69,61.605],[-112.73,61.65],[-112.754,61.764],[-112.92,61.762],[-113.011,61.809],[-112.971,61.832],[-112.524,61.875],[-112.306,61.916],[-112.071,61.974],[-111.828,62.113],[-111.706,62.131],[-111.668,62.123],[-111.745,62.081]]]}},
{"type":"Feature","properties":{"name":"Lake Ontario","kind":"lake","rank":0,"minzoom":3},"geometry":{"type":"Polygon","coordinates":[[[-75.787,44.484],[-75.831,44.49],[-75.942,44.411],[-76.341,44.295],[-76.408,44.262],[-76.688,44.218],[-76.992,44.074],[-77.041,44.071],[-77.055,44.106],[-76.896,44.188],[-76.913,44.198],[-77.01,44.153],[-77.033,44.156],[-77.02,44.197],[-77.059,44.205],[-77.203,44.175],[-77.225,44.189],[-77.326,44.178],[-77.547,44.124],[-77.584,44.094],[-77.586,44.084],[-77.333,44.153],[-77.314,44.143],[-77.332,44.104],[-77.296,44.098],[-77.275,44.104],[-77.29,44.127],[-77.271,44.139],[-77.115,44.173],[-77.083,44.148],[-77.117,44.079],[-77.103,44.046],[-77.04,44.049],[-76.863,44.1],[-76.93,44.038],[-77.024,43.987],[-77.044,43.952],[-76.87,43.965],[-76.879,43.943],[-77.054,43.883],[-77.151,43.866],[-77.208,43.876],[-77.219,43.9],[-77.19,43.948],[-77.289,43.923],[-77.315,43.947],[-77.259,43.964],[-77.503,43.963],[-77.568,44.008],[-77.549,44.025],[-77.682,44.045],[-77.726,44.009],[-77.829,44.011],[-78,43.979],[-78.186,43.966],[-78.446,43.916],[-78.669,43.902],[-79.061,43.835],[-79.303,43.69],[-79.396,43.645],[-79.48,43.636],[-79.569,43.578],[-79.773,43.301],[-79.728,43.253],[-79.528,43.21],[-79.338,43.198],[-79.053,43.285],[-78.689,43.361],[-78.457,43.388],[-78.175,43.395],[-77.838,43.357],[-77.707,43.323],[-77.625,43.279],[-77.529,43.267],[-77.271,43.295],[-77.079,43.288],[-76.963,43.264],[-76.885,43.314],[-76.741,43.35],[-76.722,43.343],[-76.58,43.454],[-76.473,43.507],[-76.376,43.535],[-76.232,43.55],[-76.203,43.575],[-76.218,43.758],[-76.285,43.869],[-76.233,43.895],[-76.236,43.871],[-76.198,43.874],[-76.071,43.998],[-76.192,44.003],[-76.154,44.045],[-76.173,44.079],[-76.198,44.083],[-76.306,44.043],[-76.352,44.106],[-76.238,44.183],[-75.832,44.397],[-75.776,44.459],[-75.787,44.484]],[[-76.688,44.138],[-76.731,44.127],[-76.809,44.14],[-76.761,44.172],[-76.643,44.199],[-76.64,44.181],[-76.688,44.138]],[[-76.275,44.009],[-76.231,44.029],[-76.277,43.987],[-76.275,44.009]],[[-76.237,44.233],[-76.33,44.208],[-76.365,44.156],[-76.423,44.122],[-76.485,44.128],[-76.483,44.179],[-76.43,44.227],[-76.227,44.254],[-76.237,44.233]],[[-76.081,44.295],[-76.143,44.269],[-76.15,44.281],[-76.119,44.306],[-76.075,44.306],[-76.081,44.295]]]}},
{"type":"Feature","properties":{"name":"Great Bear Lake","kind":"lake","rank":0,"minzoom":3},"geometry":{"type":"Polygon","coordinates":[[[-117.842,66.424],[-117.864,66.461],[-117.691,66.596],[-117.696,66.658],[-118.004,66.601],[-118.192,66.515],[-118.337,66.399],[-118.756,66.331],[-119.489,66.338],[-119.592,66.307],[-119.722,66.311],[-120.016,66.38],[-120.445,66.395],[-120.478,66.422],[-120.411,66.456],[-120.325,66.47],[-120.33,66.537],[-120.13,66.6],[-120.084,66.654],[-119.762,66.696],[-119.568,66.746],[-119.252,66.829],[-119.097,66.909],[-119.443,66.966],[-119.755,66.99],[-119.878,67.029],[-121.233,66.832],[-121.528,66.719],[-121.98,66.636],[-122.344,66.583],[-122.523,66.599],[-122.529,66.56],[-122.844,66.533],[-123.088,66.473],[-123.143,66.483],[-123.177,66.517],[-123.56,66.427],[-124.404,66.309],[-124.525,66.276],[-124.806,66.28],[-125.063,66.248],[-125.09,66.157],[-124.963,66.01],[-124.817,65.941],[-124.732,66.04],[-124.642,66.007],[-124.59,66.016],[-124.59,66.11],[-124.499,66.153],[-124.261,66.157],[-124.051,66.13],[-123.77,66.125],[-123.396,66.135],[-123.198,66.104],[-123.116,66.054],[-122.993,66.173],[-123.016,66.255],[-122.11,66.234],[-121.695,66.178],[-121.533,66.122],[-121.278,66.092],[-121.249,66.054],[-121.293,66.001],[-121.475,65.957],[-121.772,65.948],[-122.387,66.007],[-122.549,65.986],[-122.531,65.944],[-122.164,65.817],[-122.206,65.753],[-122.374,65.657],[-122.887,65.487],[-122.769,65.409],[-122.767,65.342],[-122.853,65.278],[-123.444,65.185],[-123.472,65.152],[-123.446,65.116],[-122.891,65.068],[-122.04,64.961],[-121.615,65.093],[-121.606,65.229],[-121.548,65.364],[-120.978,65.553],[-120.663,65.605],[-120.466,65.585],[-120.383,65.557],[-120.368,65.509],[-120.406,65.411],[-120.55,65.289],[-120.991,65.082],[-121.003,65.038],[-121.089,65.004],[-121.397,64.969],[-121.48,64.933],[-121.471,64.879],[-121.367,64.834],[-121.23,64.827],[-121.073,64.9],[-120.159,65.176],[-119.885,65.325],[-119.556,65.344],[-119.509,65.368],[-119.541,65.408],[-119.988,65.586],[-119.974,65.617],[-119.698,65.714],[-119.705,65.752],[-119.619,65.782],[-119.276,65.796],[-118.944,65.784],[-118.569,65.644],[-118.453,65.683],[-118.387,65.68],[-118.379,65.664],[-118.264,65.67],[-118.034,65.693],[-117.943,65.723],[-117.846,65.84],[-118.157,65.831],[-118.209,65.856],[-118.199,65.905],[-118.073,66.036],[-117.924,66.044],[-117.907,66.067],[-117.987,66.105],[-117.68,66.253],[-117.674,66.336],[-117.514,66.46],[-117.542,66.483],[-117.842,66.424]]]}},
{"type":"Feature","properties":{"name":"Lake Saint Clair","kind":"lake","rank":0,"minzoom":3},"geometry":{"type":"Polygon","coordinates":[[[-83.076,42.275],[-82.971,42.327],[-82.516,42.322],[-82.428,42.367],[-82.418,42.472],[-82.432,42.498],[-82.613,42.525],[-82.645,42.558],[-82.63,42.595],[-82.65,42.687],[-82.733,42.69],[-82.804,42.639],[-82.784,42.613],[-82.87,42.519],[-82.902,42.394],[-83.063,42.323],[-83.105,42.286],[-83.076,42.275]]]}},
{"type":"Feature","properties":{"name":"Vänern","kind":"lake","rank":0,"minzoom":3.6},"geometry":{"type":"Polygon","coordinates":[[[14.038,59.083],[13.945,59.067],[13.931,59.09],[14.047,59.241],[14.056,59.29],[14.028,59.32],[13.83,59.341],[13.752,59.331],[13.72,59.378],[13.68,59.39],[13.278,59.357],[13.246,59.31],[13.155,59.353],[13.103,59.255],[13.236,58.905],[13.195,58.899],[13.122,58.921],[13.041,59.014],[12.818,59.082],[12.746,59.065],[12.708,59.036],[12.6,58.846],[12.557,58.819],[12.469,58.935],[12.474,58.84],[12.425,58.801],[12.5,58.764],[12.525,58.661],[12.611,58.641],[12.607,58.617],[12.488,58.513],[12.329,58.434],[12.313,58.395],[12.335,58.374],[12.507,58.397],[12.571,58.432],[12.551,58.379],[12.624,58.382],[12.728,58.452],[12.869,58.504],[12.952,58.572],[13.041,58.604],[13.148,58.597],[13.148,58.521],[13.24,58.515],[13.358,58.617],[13.8,58.722],[13.975,58.865],[13.993,58.986],[14.072,59.028],[14.083,59.1],[14.038,59.083]]]}},
{"type":"Feature","properties":{"name":"Lake Okeechobee","kind":"lake","rank":0,"minzoom":3.6},"geometry":{"type":"Polygon","coordinates":[[[-80.629,26.887],[-80.621,26.949],[-80.654,27.054],[-80.759,27.182],[-80.803,27.182],[-80.87,27.147],[-81.081,26.956],[-81.071,26.917],[-80.979,26.856],[-80.896,26.752],[-80.784,26.691],[-80.743,26.697],[-80.629,26.887]]]}},
{"type":"Feature","properties":{"name":"Lago de Nicaragua","kind":"lake","rank":0,"minzoom":3.6},"geometry":{"type":"Polygon","coordinates":[[[-84.814,11.26],[-85.009,11.527],[-85.259,11.783],[-85.676,12.064],[-85.798,12.107],[-85.871,12.098],[-85.912,12.003],[-85.899,11.702],[-85.864,11.664],[-85.798,11.483],[-85.684,11.317],[-85.584,11.25],[-85.411,11.174],[-85.11,11.081],[-84.897,11.035],[-84.803,11.065],[-84.769,11.118],[-84.814,11.26]]]}},
{"type":"Feature","properties":{"name":"Lake Tana","kind":"lake","rank":0,"minzoom":3.6},"geometry":{"type":"Polygon","coordinates":[[[37.286,11.794],[37.322,11.709],[37.301,11.668],[37.327,11.636],[37.387,11.632],[37.577,12.018],[37.592,12.117],[37.555,12.223],[37.529,12.259],[37.46,12.303],[37.333,12.272],[37.269,12.224],[37.195,12.231],[37.126,12.27],[37.096,12.266],[37.028,12.165],[37.002,11.907],[37.04,11.852],[37.078,11.829],[37.113,11.855],[37.169,11.817],[37.253,11.82],[37.286,11.794]]]}},
{"type":"Feature","properties":{"name":"Lago Titicaca","kind":"lake","rank":0,"minzoom":3.6},"geometry":{"type":"Polygon","coordinates":[[[-69.366,-16.223],[-69.324,-16.243],[-69.222,-16.254],[-69.136,-16.232],[-69.103,-16.087],[-69.077,-16.081],[-68.891,-16.206],[-68.885,-16.241],[-68.946,-16.223],[-69.044,-16.281],[-69.052,-16.417],[-69.098,-16.483],[-69.076,-16.521],[-68.904,-16.589],[-68.871,-16.589],[-68.856,-16.547],[-68.868,-16.5],[-68.928,-16.448],[-68.906,-16.424],[-68.787,-16.407],[-68.739,-16.383],[-68.693,-16.326],[-68.612,-16.312],[-68.586,-16.288],[-68.593,-16.239],[-68.635,-16.221],[-68.829,-16.19],[-68.889,-16.084],[-68.796,-15.972],[-68.831,-15.948],[-68.995,-15.926],[-69.014,-15.91],[-69.014,-15.848],[-69.039,-15.796],[-69.103,-15.765],[-69.19,-15.679],[-69.299,-15.621],[-69.361,-15.511],[-69.449,-15.474],[-69.541,-15.372],[-69.625,-15.344],[-69.687,-15.264],[-69.742,-15.269],[-69.833,-15.31],[-69.855,-15.344],[-69.938,-15.399],[-69.798,-15.693],[-69.921,-15.634],[-69.956,-15.646],[-70.017,-15.733],[-70.011,-15.828],[-69.845,-15.92],[-69.833,-15.905],[-69.854,-15.841],[-69.834,-15.819],[-69.627,-15.967],[-69.447,-16.029],[-69.449,-16.112],[-69.487,-16.161],[-69.483,-16.182],[-69.436,-16.187],[-69.366,-16.223]]]}},
{"type":"Feature","properties":{"name":"Cedar Lake","kind":"lake","rank":0,"minzoom":3.6},"geometry":{"type":"Polygon","coordinates":[[[-99.349,53.199],[-99.405,53.257],[-99.437,53.337],[-99.693,53.299],[-99.839,53.245],[-99.894,53.255],[-99.948,53.355],[-99.929,53.407],[-99.976,53.491],[-100.019,53.533],[-100.219,53.632],[-100.17,53.679],[-100.076,53.694],[-99.926,53.76],[-99.908,53.827],[-99.776,53.835],[-99.602,54.011],[-99.617,54.043],[-99.66,54.034],[-99.963,53.876],[-100.118,53.837],[-100.141,53.846],[-100.094,53.941],[-100.105,53.971],[-100.226,54.015],[-99.869,54.186],[-99.994,54.192],[-100.122,54.246],[-100.163,54.252],[-100.244,54.211],[-100.35,54.215],[-100.306,54.098],[-100.303,53.973],[-100.331,53.958],[-100.483,53.95],[-100.506,53.917],[-100.474,53.896],[-100.347,53.898],[-100.33,53.865],[-100.413,53.822],[-100.432,53.79],[-100.383,53.758],[-100.324,53.669],[-100.323,53.593],[-100.634,53.569],[-100.592,53.519],[-100.604,53.498],[-100.855,53.501],[-100.891,53.471],[-100.842,53.426],[-100.412,53.27],[-100.2,53.152],[-99.972,53.098],[-99.876,53.102],[-99.798,53.137],[-99.657,53.145],[-99.638,53.188],[-99.538,53.097],[-99.539,53.067],[-99.459,53.053],[-99.403,53.074],[-99.389,53.131],[-99.33,53.159],[-99.349,53.199]]]}},
{"type":"Feature","properties":{"name":"Lake Onega","kind":"lake","rank":0,"minzoom":3.6},"geometry":{"type":"Polygon","coordinates":[[[36.419,61.392],[36.247,61.493],[36.109,61.611],[35.871,61.855],[35.818,61.951],[35.689,62.04],[35.674,62.079],[35.73,62.139],[35.823,62.352],[35.803,62.461],[35.74,62.52],[35.504,62.625],[35.464,62.604],[34.91,62.815],[34.703,62.844],[34.533,62.916],[34.489,62.904],[34.48,62.874],[34.621,62.712],[34.739,62.621],[34.776,62.622],[34.839,62.591],[34.943,62.643],[35.147,62.559],[35.352,62.523],[35.54,62.354],[35.554,62.236],[35.387,62.158],[35.341,62.149],[35.046,62.229],[35.168,62.097],[35.115,62.054],[35.029,62.078],[34.892,62.187],[34.841,62.31],[34.557,62.54],[34.52,62.542],[34.547,62.498],[34.696,62.365],[34.682,62.339],[34.609,62.339],[34.658,62.245],[34.636,62.095],[34.514,62.12],[34.343,62.199],[34.328,62.264],[34.054,62.495],[34.003,62.516],[33.944,62.5],[33.978,62.408],[34.098,62.379],[34.165,62.339],[34.257,62.262],[34.255,62.169],[34.537,61.999],[34.586,61.938],[34.583,61.846],[34.531,61.812],[34.445,61.819],[34.315,61.869],[34.388,61.796],[34.63,61.654],[35.154,61.485],[35.398,61.386],[35.537,61.292],[35.611,61.197],[35.632,61.108],[35.583,61.034],[35.527,61.023],[35.441,61.063],[35.192,61.069],[35.108,61.092],[35.053,61.141],[35.231,61.165],[35.157,61.194],[34.887,61.206],[34.838,61.194],[34.797,61.123],[34.846,61.027],[34.942,61.07],[35.093,61.045],[35.133,61.007],[35.4,61.04],[35.551,60.938],[35.855,60.871],[35.91,60.902],[35.88,60.948],[36.099,61.063],[36.279,61.114],[36.364,61.16],[36.419,61.392]],[[35.326,61.935],[35.274,61.87],[35.202,61.839],[35.16,61.859],[35.252,62.08],[35.308,62.077],[35.339,62.033],[35.326,61.935]]]}},
{"type":"Feature","properties":{"name":"Great Salt Lake","kind":"alkaline","rank":0,"minzoom":3.6},"geometry":{"type":"Polygon","coordinates":[[[-111.974,41.002],[-112.083,41.065],[-112.304,41.283],[-112.287,41.317],[-112.241,41.345],[-112.114,41.336],[-112.076,41.347],[-112.064,41.4],[-112.243,41.393],[-112.374,41.457],[-112.402,41.432],[-112.366,41.248],[-112.39,41.223],[-112.437,41.219],[-112.527,41.421],[-112.604,41.431],[-112.708,41.496],[-112.738,41.537],[-112.707,41.603],[-112.742,41.659],[-112.844,41.657],[-113.014,41.597],[-112.961,41.377],[-112.814,41.224],[-112.728,41.019],[-112.632,40.927],[-112.58,40.849],[-112.546,40.839],[-112.478,40.943],[-112.436,40.816],[-112.37,40.701],[-112.332,40.699],[-112.19,40.769],[-112.097,40.881],[-111.961,40.942],[-111.951,40.968],[-111.974,41.002]],[[-112.171,40.875],[-112.25,40.964],[-112.263,41.058],[-112.236,41.069],[-112.198,41.056],[-112.156,40.956],[-112.171,40.875]]]}},
{"type":"Feature","properties":{"name":"Lake Michigan","kind":"lake","rank":0,"minzoom":3},"geometry":{"type":"Polygon","coordinates":[[[-84.763,45.792],[-84.757,45.863],[-84.802,45.874],[-84.972,45.989],[-85.101,46.046],[-85.386,46.109],[-85.479,46.108],[-85.555,46.078],[-85.615,46.02],[-85.708,45.988],[-85.903,45.964],[-85.914,45.941],[-86.123,45.969],[-86.272,45.937],[-86.351,45.831],[-86.527,45.753],[-86.601,45.682],[-86.622,45.623],[-86.69,45.657],[-86.691,45.701],[-86.65,45.757],[-86.612,45.784],[-86.58,45.782],[-86.559,45.806],[-86.563,45.883],[-86.661,45.852],[-86.754,45.859],[-86.799,45.832],[-86.884,45.721],[-86.938,45.7],[-86.974,45.723],[-86.993,45.79],[-86.982,45.917],[-87.114,45.692],[-87.154,45.677],[-87.399,45.365],[-87.593,45.178],[-87.627,45.032],[-87.683,44.993],[-87.83,44.942],[-87.952,44.764],[-88.028,44.618],[-88.019,44.571],[-87.969,44.552],[-87.929,44.559],[-87.788,44.652],[-87.677,44.79],[-87.604,44.847],[-87.48,44.874],[-87.42,44.866],[-87.337,44.776],[-87.487,44.509],[-87.527,44.386],[-87.536,44.293],[-87.512,44.23],[-87.535,44.174],[-87.603,44.125],[-87.7,43.977],[-87.729,43.851],[-87.7,43.724],[-87.801,43.538],[-87.902,43.245],[-87.879,43.103],[-87.888,43.012],[-87.862,42.992],[-87.781,42.753],[-87.812,42.543],[-87.797,42.211],[-87.767,42.154],[-87.695,42.084],[-87.557,41.766],[-87.477,41.695],[-87.356,41.643],[-87.159,41.646],[-86.798,41.789],[-86.692,41.853],[-86.407,42.224],[-86.3,42.418],[-86.233,42.65],[-86.222,42.9],[-86.248,43.029],[-86.329,43.224],[-86.542,43.637],[-86.438,43.813],[-86.449,43.924],[-86.519,44.074],[-86.415,44.169],[-86.296,44.331],[-86.242,44.551],[-86.259,44.699],[-86.237,44.72],[-86.126,44.748],[-86.088,44.794],[-86.058,44.916],[-85.985,44.933],[-85.953,44.967],[-85.91,44.976],[-85.858,44.962],[-85.784,45.012],[-85.617,45.193],[-85.566,45.207],[-85.647,44.838],[-85.623,44.804],[-85.593,44.816],[-85.534,44.976],[-85.494,44.994],[-85.497,44.924],[-85.551,44.815],[-85.549,44.772],[-85.485,44.84],[-85.389,45.033],[-85.376,45.277],[-85.223,45.356],[-84.967,45.393],[-84.93,45.413],[-85.055,45.467],[-85.088,45.507],[-85.088,45.605],[-84.977,45.707],[-84.955,45.743],[-84.981,45.767],[-84.806,45.775],[-84.763,45.792]],[[-85.492,45.76],[-85.509,45.624],[-85.586,45.598],[-85.612,45.609],[-85.573,45.738],[-85.539,45.775],[-85.492,45.76]],[[-86.052,45.156],[-85.998,45.15],[-85.98,45.132],[-85.988,45.088],[-86.038,45.103],[-86.052,45.156]],[[-86.926,45.415],[-86.862,45.409],[-86.862,45.352],[-86.947,45.346],[-86.967,45.368],[-86.938,45.426],[-86.926,45.415]],[[-87.049,45.303],[-87.005,45.296],[-86.986,45.275],[-86.992,45.241],[-87.01,45.228],[-87.042,45.237],[-87.054,45.218],[-87.057,45.151],[-87.084,45.154],[-87.059,45.102],[-87.141,45.041],[-87.179,44.983],[-87.188,44.922],[-87.28,44.835],[-87.355,44.839],[-87.398,44.903],[-87.396,44.954],[-87.316,45.031],[-87.259,45.138],[-87.221,45.174],[-87.166,45.19],[-87.049,45.303]]]}},
{"type":"Feature","properties":{"name":"Lake Superior","kind":"lake","rank":0,"minzoom":3},"geometry":{"type":"Polygon","coordinates":[[[-84.432,46.522],[-84.501,46.483],[-84.568,46.543],[-84.569,46.577],[-84.438,46.723],[-84.464,46.747],[-84.488,46.744],[-84.54,46.697],[-84.561,46.73],[-84.553,46.806],[-84.485,46.848],[-84.382,46.853],[-84.367,46.88],[-84.385,46.906],[-84.488,46.944],[-84.545,46.946],[-84.6,46.918],[-84.625,46.922],[-84.775,47.004],[-84.712,47.12],[-84.72,47.142],[-84.594,47.32],[-84.693,47.39],[-84.716,47.427],[-84.936,47.54],[-84.998,47.595],[-85.014,47.639],[-84.922,47.793],[-84.915,47.855],[-84.847,47.928],[-84.855,47.95],[-85.174,47.959],[-85.47,47.934],[-85.615,47.941],[-85.778,47.97],[-85.914,48.03],[-86.104,48.21],[-86.283,48.598],[-86.432,48.758],[-86.581,48.753],[-86.693,48.808],[-86.82,48.773],[-87.009,48.789],[-87.224,48.776],[-87.407,48.835],[-87.552,48.848],[-87.568,48.871],[-87.966,48.959],[-88.023,48.999],[-88.07,49.001],[-88.264,48.974],[-88.224,48.867],[-88.109,48.776],[-88.138,48.683],[-88.233,48.597],[-88.369,48.562],[-88.444,48.56],[-88.501,48.467],[-88.559,48.447],[-88.585,48.492],[-88.567,48.528],[-88.394,48.656],[-88.323,48.738],[-88.352,48.821],[-88.395,48.845],[-88.503,48.833],[-88.535,48.786],[-88.55,48.658],[-88.625,48.599],[-88.654,48.517],[-88.683,48.51],[-88.706,48.476],[-88.734,48.384],[-88.933,48.335],[-88.876,48.381],[-88.764,48.572],[-88.775,48.583],[-89.086,48.498],[-89.201,48.451],[-89.225,48.418],[-89.221,48.311],[-89.345,48.121],[-89.438,48.099],[-89.547,48.013],[-89.672,47.979],[-89.829,47.901],[-90.197,47.786],[-90.597,47.688],[-90.847,47.585],[-91.645,47.05],[-92.065,46.819],[-92.104,46.789],[-92.107,46.762],[-91.987,46.699],[-91.836,46.702],[-91.499,46.766],[-91.357,46.811],[-91.218,46.886],[-91.127,46.868],[-90.946,46.954],[-90.84,46.962],[-90.768,46.908],[-90.84,46.81],[-90.886,46.677],[-90.944,46.619],[-90.923,46.603],[-90.77,46.645],[-90.737,46.689],[-90.469,46.584],[-90.154,46.654],[-89.993,46.718],[-89.861,46.793],[-89.695,46.839],[-89.355,46.882],[-89.155,46.989],[-89.009,47.016],[-88.948,47.043],[-88.83,47.146],[-88.65,47.232],[-88.633,47.167],[-88.543,47.122],[-88.515,47.096],[-88.504,47.035],[-88.466,47.013],[-88.476,46.837],[-88.449,46.802],[-88.383,46.874],[-88.216,46.952],[-87.778,46.888],[-87.637,46.827],[-87.509,46.683],[-87.394,46.59],[-87.358,46.524],[-87.171,46.514],[-87.034,46.543],[-86.977,46.53],[-86.914,46.483],[-86.851,46.47],[-86.79,46.491],[-86.733,46.49],[-86.637,46.453],[-86.403,46.588],[-86.132,46.687],[-85.804,46.704],[-85.616,46.691],[-85.442,46.707],[-85.138,46.778],[-85.015,46.783],[-84.968,46.771],[-85.015,46.686],[-85.049,46.524],[-85.034,46.506],[-84.914,46.494],[-84.851,46.469],[-84.779,46.468],[-84.697,46.491],[-84.635,46.482],[-84.592,46.443],[-84.528,46.436],[-84.424,46.491],[-84.358,46.505],[-84.344,46.531],[-84.432,46.522]],[[-90.756,46.965],[-90.708,46.927],[-90.761,46.937],[-90.756,46.965]],[[-90.653,46.828],[-90.711,46.783],[-90.792,46.772],[-90.752,46.814],[-90.596,46.869],[-90.589,46.855],[-90.653,46.828]],[[-90.547,46.919],[-90.652,46.922],[-90.65,46.937],[-90.543,46.963],[-90.547,46.919]],[[-90.41,47.044],[-90.459,47.01],[-90.472,47.018],[-90.447,47.066],[-90.41,47.064],[-90.41,47.044]],[[-88.057,48.837],[-87.915,48.865],[-87.813,48.859],[-87.765,48.841],[-87.816,48.768],[-87.941,48.757],[-88.057,48.717],[-88.087,48.808],[-88.057,48.837]],[[-88.911,47.936],[-88.955,47.926],[-88.96,47.909],[-88.924,47.905],[-88.97,47.881],[-89.157,47.841],[-89.195,47.852],[-89.169,47.917],[-89.2,47.917],[-89.147,47.953],[-88.756,48.104],[-88.588,48.158],[-88.499,48.176],[-88.485,48.167],[-88.581,48.111],[-88.625,48.042],[-88.911,47.936]],[[-87.79,47.411],[-88.021,47.392],[-87.975,47.355],[-88.222,47.211],[-88.237,47.159],[-88.358,47.073],[-88.402,47.019],[-88.439,47.011],[-88.469,47.048],[-88.468,47.077],[-88.409,47.131],[-88.417,47.191],[-88.454,47.152],[-88.427,47.137],[-88.434,47.122],[-88.574,47.143],[-88.616,47.174],[-88.609,47.217],[-88.562,47.272],[-88.394,47.389],[-88.32,47.421],[-88.11,47.473],[-87.878,47.484],[-87.793,47.467],[-87.741,47.434],[-87.79,47.411]],[[-87.69,48.75],[-87.744,48.764],[-87.748,48.835],[-87.702,48.841],[-87.626,48.78],[-87.622,48.757],[-87.69,48.75]],[[-85.606,47.742],[-85.859,47.719],[-85.951,47.747],[-85.883,47.791],[-85.765,47.807],[-85.641,47.782],[-85.596,47.757],[-85.606,47.742]]]}},
{"type":"Feature","properties":{"name":"Lake Huron","kind":"lake","rank":0,"minzoom":3},"geometry":{"type":"Polygon","coordinates":[[[-84.344,46.531],[-84.358,46.505],[-84.255,46.408],[-84.202,46.283],[-84.204,46.247],[-84.248,46.203],[-84.227,46.184],[-84.109,46.178],[-84.055,46.159],[-84.035,46.137],[-84.041,46.088],[-83.917,46.021],[-83.894,46.001],[-83.901,45.981],[-83.979,45.962],[-84.341,46],[-84.447,46.006],[-84.473,45.99],[-84.521,45.995],[-84.581,46.046],[-84.632,46.053],[-84.675,46.033],[-84.725,45.958],[-84.713,45.871],[-84.757,45.863],[-84.763,45.792],[-84.441,45.676],[-84.242,45.644],[-84.151,45.574],[-84.128,45.532],[-84.073,45.509],[-83.918,45.486],[-83.869,45.456],[-83.479,45.339],[-83.397,45.274],[-83.396,45.221],[-83.331,45.164],[-83.316,45.093],[-83.279,45.047],[-83.378,45.067],[-83.426,45.059],[-83.452,44.992],[-83.328,44.869],[-83.3,44.785],[-83.331,44.375],[-83.366,44.33],[-83.463,44.265],[-83.487,44.281],[-83.512,44.271],[-83.614,44.058],[-83.657,44.05],[-83.692,44.014],[-83.821,43.993],[-83.879,43.963],[-83.922,43.875],[-83.938,43.738],[-83.916,43.701],[-83.848,43.664],[-83.668,43.621],[-83.622,43.636],[-83.573,43.697],[-83.469,43.731],[-83.353,43.879],[-83.353,43.906],[-83.383,43.924],[-82.995,44.061],[-82.947,44.067],[-82.878,44.048],[-82.788,44.004],[-82.716,43.939],[-82.663,43.854],[-82.461,43.081],[-82.417,43.017],[-82.181,43.085],[-82.088,43.133],[-81.974,43.223],[-81.848,43.28],[-81.785,43.327],[-81.739,43.392],[-81.705,43.558],[-81.732,44.06],[-81.708,44.131],[-81.647,44.192],[-81.565,44.36],[-81.402,44.461],[-81.278,44.644],[-81.278,44.79],[-81.358,44.911],[-81.355,44.978],[-81.415,44.987],[-81.451,45.015],[-81.59,45.166],[-81.706,45.223],[-81.697,45.251],[-81.595,45.262],[-81.285,45.241],[-81.313,45.156],[-81.264,45.081],[-81.26,45.028],[-81.193,45.003],[-81.18,44.974],[-81.138,44.968],[-81.134,44.918],[-81.074,44.914],[-81.012,44.967],[-80.966,44.959],[-80.993,44.934],[-81.006,44.876],[-81.13,44.77],[-80.963,44.809],[-80.895,44.781],[-80.925,44.633],[-80.91,44.618],[-80.79,44.7],[-80.67,44.727],[-80.593,44.639],[-80.46,44.578],[-80.226,44.51],[-80.085,44.489],[-80.037,44.517],[-79.997,44.652],[-80.021,44.71],[-80.108,44.775],[-80.108,44.807],[-79.997,44.856],[-79.93,44.863],[-79.925,44.813],[-79.827,44.768],[-79.678,44.769],[-79.709,44.791],[-79.696,44.875],[-79.732,44.863],[-79.75,44.815],[-79.772,44.819],[-79.828,44.936],[-79.929,44.974],[-79.946,45.017],[-80.086,45.109],[-80.083,45.126],[-80.006,45.153],[-80.049,45.204],[-80.108,45.201],[-80.121,45.223],[-80.111,45.259],[-80.05,45.301],[-80.057,45.375],[-80.092,45.393],[-80.176,45.397],[-80.177,45.344],[-80.271,45.36],[-80.35,45.399],[-80.385,45.458],[-80.389,45.574],[-80.414,45.62],[-80.429,45.625],[-80.444,45.584],[-80.486,45.577],[-80.511,45.59],[-80.713,45.858],[-80.818,45.951],[-81.097,45.942],[-81.16,45.955],[-81.174,46.016],[-81.237,45.974],[-81.502,45.993],[-81.597,45.967],[-81.627,45.978],[-81.597,46.012],[-81.64,46.04],[-81.542,46.075],[-81.615,46.119],[-81.75,46.057],[-81.769,46.104],[-81.817,46.115],[-82.196,46.134],[-82.318,46.163],[-82.35,46.193],[-82.638,46.172],[-82.719,46.207],[-83.025,46.181],[-83.459,46.238],[-83.572,46.26],[-83.593,46.278],[-83.843,46.302],[-83.882,46.333],[-84.092,46.361],[-84.109,46.393],[-84.087,46.507],[-84.165,46.563],[-84.344,46.531]],[[-83.345,45.993],[-83.296,45.977],[-83.269,45.947],[-83.332,45.88],[-83.387,45.869],[-83.453,45.884],[-83.48,45.907],[-83.437,45.963],[-83.345,45.993]],[[-83.529,46.024],[-83.494,45.991],[-83.518,45.958],[-83.588,45.941],[-83.823,45.956],[-83.875,45.991],[-83.871,46.017],[-83.775,46.011],[-83.683,46.057],[-83.699,46.096],[-83.684,46.106],[-83.608,46.097],[-83.529,46.024]],[[-83.829,46.148],[-83.876,46.148],[-83.907,46.097],[-83.979,46.109],[-84.097,46.288],[-84.061,46.31],[-83.971,46.303],[-83.822,46.253],[-83.795,46.214],[-83.829,46.148]],[[-84.169,46.324],[-84.12,46.285],[-84.121,46.246],[-84.135,46.24],[-84.185,46.279],[-84.196,46.303],[-84.169,46.324]],[[-84.133,46.341],[-84.189,46.36],[-84.274,46.488],[-84.216,46.536],[-84.142,46.531],[-84.164,46.41],[-84.133,46.341]],[[-84.429,45.807],[-84.417,45.814],[-84.38,45.788],[-84.375,45.765],[-84.441,45.734],[-84.563,45.804],[-84.557,45.82],[-84.429,45.807]],[[-82.962,45.833],[-83.222,45.902],[-83.201,45.955],[-83.176,45.969],[-83.097,45.935],[-83.069,45.955],[-82.965,45.945],[-82.845,45.99],[-82.821,45.977],[-82.823,45.91],[-82.765,45.858],[-82.66,45.86],[-82.531,45.806],[-82.52,45.849],[-82.56,45.86],[-82.58,45.896],[-82.527,45.939],[-82.498,45.944],[-82.481,45.93],[-82.401,45.971],[-82.332,45.982],[-82.295,45.973],[-82.268,45.936],[-82.236,45.946],[-82.175,45.871],[-82.143,45.869],[-82.055,45.955],[-81.939,45.979],[-81.909,45.962],[-81.879,45.892],[-81.841,45.885],[-81.838,45.788],[-81.804,45.743],[-81.698,45.894],[-81.675,45.896],[-81.665,45.872],[-81.699,45.815],[-81.685,45.801],[-81.593,45.792],[-81.755,45.591],[-81.881,45.535],[-81.977,45.57],[-81.922,45.604],[-81.865,45.611],[-81.76,45.698],[-81.821,45.692],[-82.055,45.561],[-82.091,45.591],[-82.323,45.684],[-82.51,45.727],[-82.626,45.772],[-82.736,45.797],[-82.937,45.811],[-82.962,45.833]],[[-81.713,45.526],[-81.788,45.466],[-81.833,45.473],[-81.829,45.498],[-81.713,45.526]],[[-80.173,44.796],[-80.216,44.823],[-80.236,44.865],[-80.171,44.865],[-80.173,44.796]]]}},
{"type":"Feature","properties":{"name":"Lago Madre","kind":"alkaline","rank":0,"minzoom":3.7},"geometry":{"type":"Polygon","coordinates":[[[-97.427,25.354],[-97.438,25.406],[-97.473,25.44],[-97.508,25.447],[-97.543,25.312],[-97.611,25.326],[-97.654,25.365],[-97.754,25.257],[-97.706,25.225],[-97.7,25.201],[-97.729,24.994],[-97.655,24.937],[-97.643,24.908],[-97.703,24.845],[-97.689,24.663],[-97.725,24.501],[-97.8,24.546],[-97.824,24.544],[-97.833,24.517],[-97.805,24.444],[-97.768,24.436],[-97.741,24.391],[-97.775,24.082],[-97.758,23.915],[-97.687,24.476],[-97.537,25.082],[-97.427,25.354]]]}},
{"type":"Feature","properties":{"name":"Wollaston Lake","kind":"lake","rank":0,"minzoom":3.7},"geometry":{"type":"Polygon","coordinates":[[[-102.837,58.33],[-102.791,58.381],[-102.803,58.412],[-102.921,58.477],[-102.952,58.533],[-103.141,58.533],[-103.185,58.552],[-103.239,58.472],[-103.384,58.432],[-103.495,58.462],[-103.55,58.455],[-103.61,58.409],[-103.662,58.284],[-103.619,58.283],[-103.613,58.267],[-103.654,58.173],[-103.706,58.127],[-103.673,58.037],[-103.803,57.947],[-103.777,57.932],[-103.67,57.939],[-103.656,57.919],[-103.829,57.779],[-103.728,57.796],[-103.559,57.869],[-103.399,57.868],[-103.314,57.828],[-103.306,57.778],[-103.36,57.695],[-103.33,57.697],[-103.269,57.738],[-103.211,57.828],[-103.281,57.897],[-103.259,58.053],[-103.102,58.134],[-103.056,58.124],[-102.941,58.173],[-102.939,58.198],[-103.001,58.243],[-102.982,58.275],[-102.911,58.323],[-102.837,58.33]]]}},
{"type":"Feature","properties":{"name":"Lake Athabasca","kind":"lake","rank":0,"minzoom":3.7},"geometry":{"type":"Polygon","coordinates":[[[-109.233,59.127],[-109.103,59.098],[-108.211,59.161],[-107.837,59.216],[-107.757,59.32],[-107.708,59.34],[-107.626,59.331],[-107.589,59.292],[-107.452,59.304],[-106.71,59.263],[-106.042,59.252],[-106.018,59.271],[-106.021,59.29],[-107.239,59.348],[-108.219,59.473],[-108.538,59.435],[-108.748,59.387],[-108.857,59.387],[-108.795,59.504],[-109.036,59.498],[-109.172,59.587],[-109.398,59.597],[-109.623,59.543],[-109.801,59.445],[-109.777,59.413],[-109.875,59.357],[-110.483,59.11],[-110.612,59.041],[-110.872,58.837],[-111.019,58.764],[-111.125,58.735],[-111.161,58.739],[-111.15,58.775],[-111.28,58.788],[-111.295,58.729],[-111.098,58.616],[-111.107,58.547],[-111.075,58.505],[-111.036,58.522],[-110.99,58.594],[-110.903,58.631],[-110.877,58.629],[-110.839,58.511],[-110.812,58.512],[-110.747,58.614],[-110.673,58.63],[-110.411,58.631],[-110.376,58.644],[-110.37,58.676],[-110.44,58.716],[-110.403,58.768],[-110.276,58.86],[-110.074,58.949],[-109.886,59.006],[-109.233,59.127]]]}},
{"type":"Feature","properties":{"name":"Lake Mistassini","kind":"lake","rank":0,"minzoom":3.7},"geometry":{"type":"Polygon","coordinates":[[[-72.9,51.146],[-72.69,51.241],[-72.723,51.254],[-72.811,51.244],[-73.041,51.154],[-73.072,51.16],[-73.092,51.178],[-73.067,51.206],[-72.851,51.305],[-72.792,51.353],[-72.89,51.354],[-73.04,51.309],[-73.067,51.317],[-72.984,51.378],[-72.986,51.397],[-73.067,51.39],[-73.378,51.24],[-73.641,51.078],[-73.892,50.981],[-73.911,50.897],[-73.845,50.888],[-74.132,50.403],[-74.105,50.399],[-74.002,50.478],[-73.932,50.458],[-73.916,50.544],[-73.839,50.639],[-73.899,50.352],[-73.88,50.297],[-73.836,50.276],[-73.828,50.249],[-74.013,50.178],[-74.098,50.092],[-74.2,50.076],[-74.22,50.058],[-74.152,50.038],[-74.076,50.043],[-74.008,50.12],[-73.818,50.211],[-73.8,50.236],[-73.843,50.406],[-73.788,50.39],[-73.817,50.499],[-73.8,50.595],[-73.631,50.824],[-73.573,50.835],[-73.173,51.158],[-73.143,51.145],[-73.132,51.09],[-73.151,51.07],[-73.189,51.069],[-73.262,50.977],[-73.394,50.893],[-73.459,50.793],[-72.9,51.146]]]}},
{"type":"Feature","properties":{"name":"IJsselmeer","kind":"alkaline","rank":0,"minzoom":3.7},"geometry":{"type":"Polygon","coordinates":[[[5.867,52.563],[5.835,52.609],[5.653,52.63],[5.619,52.658],[5.618,52.758],[5.667,52.817],[5.657,52.851],[5.547,52.846],[5.42,52.874],[5.377,53.065],[5.068,52.923],[5.118,52.836],[5.247,52.73],[5.242,52.67],[5.138,52.627],[5.066,52.624],[5.069,52.451],[5.014,52.364],[5.04,52.344],[5.495,52.252],[5.87,52.485],[5.867,52.563]],[[5.801,52.466],[5.499,52.302],[5.424,52.298],[5.242,52.334],[5.169,52.379],[5.377,52.49],[5.658,52.588],[5.797,52.565],[5.834,52.502],[5.801,52.466]]]}},
{"type":"Feature","properties":{"name":"Rybinsk Reservoir","kind":"reservoir","rank":0,"minzoom":3.7},"geometry":{"type":"Polygon","coordinates":[[[38.681,58.108],[38.698,58.133],[38.619,58.201],[38.638,58.22],[38.692,58.207],[38.805,58.122],[38.83,58.296],[38.871,58.331],[39.005,58.358],[38.97,58.441],[39.004,58.476],[38.989,58.496],[38.753,58.547],[38.119,58.955],[37.858,59.075],[37.866,59.094],[37.91,59.103],[38.239,59.063],[38.332,59.093],[38.415,59.173],[38.294,59.161],[38.143,59.21],[38.124,59.203],[38.18,59.132],[38.159,59.102],[38.027,59.128],[37.987,59.177],[37.843,59.155],[37.645,59.157],[37.696,59.064],[37.673,59.025],[37.484,58.927],[37.466,58.875],[37.501,58.845],[37.581,58.899],[37.714,58.928],[37.828,58.914],[37.918,58.858],[37.996,58.862],[38.024,58.746],[37.961,58.744],[37.945,58.72],[37.988,58.672],[38.096,58.634],[38.074,58.542],[37.995,58.55],[37.768,58.618],[37.632,58.636],[37.661,58.557],[37.565,58.553],[37.538,58.613],[37.459,58.634],[37.41,58.67],[37.423,58.727],[37.372,58.731],[37.151,58.849],[37.155,58.695],[37.317,58.657],[37.417,58.613],[37.507,58.535],[37.897,58.292],[37.944,58.301],[38.221,58.237],[38.281,58.054],[38.437,58.018],[38.357,58.1],[38.383,58.122],[38.681,58.108]]]}},
{"type":"Feature","properties":{"name":"Issyk-Kul","kind":"alkaline","rank":0,"minzoom":3.7},"geometry":{"type":"Polygon","coordinates":[[[78.303,42.588],[78.136,42.608],[78.119,42.642],[78.249,42.734],[77.684,42.702],[77.535,42.651],[77.337,42.67],[76.965,42.612],[76.453,42.489],[76.226,42.461],[76.215,42.435],[76.263,42.328],[76.432,42.32],[76.578,42.291],[76.921,42.19],[77.137,42.168],[77.515,42.182],[77.716,42.24],[77.854,42.367],[77.871,42.428],[78.158,42.55],[78.292,42.564],[78.303,42.588]]]}},
{"type":"Feature","properties":{"name":"Lake of the Woods","kind":"lake","rank":0,"minzoom":5},"geometry":{"type":"Polygon","coordinates":[[[-94.052,49.373],[-94.144,49.427],[-94.134,49.448],[-94.173,49.497],[-94.302,49.515],[-94.368,49.563],[-94.314,49.6],[-94.332,49.639],[-94.312,49.685],[-94.346,49.724],[-94.451,49.738],[-94.53,49.853],[-94.539,49.931],[-94.588,49.988],[-94.615,49.993],[-94.678,49.953],[-94.576,49.807],[-94.56,49.764],[-94.588,49.724],[-94.823,49.69],[-94.87,49.663],[-94.84,49.613],[-94.926,49.576],[-94.973,49.584],[-94.962,49.621],[-95.008,49.635],[-95.099,49.639],[-95.152,49.622],[-95.116,49.543],[-95.139,49.472],[-95.107,49.463],[-94.911,49.526],[-94.745,49.616],[-94.688,49.626],[-94.65,49.621],[-94.645,49.603],[-94.691,49.561],[-94.822,49.512],[-94.941,49.4],[-95.014,49.368],[-95.009,49.342],[-94.941,49.321],[-94.936,49.24],[-94.983,49.195],[-95.199,49.166],[-95.261,49.137],[-95.267,49.029],[-95.315,48.97],[-95.313,48.928],[-95.274,48.886],[-95.179,48.897],[-95.003,48.964],[-94.818,48.868],[-94.713,48.863],[-94.324,49.071],[-94.31,49.104],[-94.265,49.114],[-94.197,49.096],[-94.074,49.155],[-94.24,49.181],[-94.303,49.253],[-94.354,49.266],[-94.464,49.232],[-94.64,49.354],[-94.778,49.34],[-94.77,49.393],[-94.646,49.445],[-94.365,49.483],[-94.254,49.471],[-94.278,49.407],[-94.221,49.394],[-94.109,49.263],[-94.119,49.206],[-94.047,49.268],[-94.052,49.373]],[[-94.702,49.191],[-94.621,49.191],[-94.515,49.215],[-94.448,49.202],[-94.446,49.179],[-94.506,49.118],[-94.528,49.041],[-94.594,49.036],[-94.657,49.09],[-94.731,49.092],[-94.787,49.192],[-94.702,49.191]]]}},
{"type":"Feature","properties":{"name":"Lake Nipigon","kind":"lake","rank":0,"minzoom":3.7},"geometry":{"type":"Polygon","coordinates":[[[-88.03,49.961],[-88.033,49.979],[-88.133,50.035],[-88.235,49.991],[-88.215,50.096],[-88.172,50.113],[-88.171,50.135],[-88.199,50.188],[-88.344,50.275],[-88.421,50.289],[-88.415,50.265],[-88.288,50.178],[-88.288,50.15],[-88.356,50.162],[-88.465,50.238],[-88.551,50.239],[-88.639,50.277],[-88.769,50.213],[-88.893,50.057],[-88.888,49.933],[-88.945,49.88],[-88.949,49.81],[-89.004,49.787],[-89.069,49.824],[-89.092,49.776],[-89.045,49.726],[-89.008,49.714],[-88.956,49.756],[-88.93,49.755],[-88.907,49.579],[-88.92,49.56],[-89.016,49.583],[-89.019,49.568],[-88.96,49.501],[-88.823,49.54],[-88.744,49.631],[-88.607,49.647],[-88.59,49.608],[-88.71,49.587],[-88.786,49.488],[-88.773,49.458],[-88.622,49.428],[-88.563,49.462],[-88.542,49.549],[-88.439,49.394],[-88.406,49.389],[-88.368,49.434],[-88.305,49.459],[-88.18,49.466],[-88.159,49.507],[-88.166,49.58],[-88.112,49.711],[-88.129,49.785],[-88.108,49.868],[-88.145,49.912],[-88.03,49.961]],[[-88.554,50.022],[-88.636,49.916],[-88.588,49.805],[-88.748,49.868],[-88.654,49.95],[-88.63,50.044],[-88.59,50.047],[-88.554,50.022]],[[-88.385,49.647],[-88.399,49.617],[-88.49,49.612],[-88.489,49.66],[-88.393,49.7],[-88.374,49.689],[-88.385,49.647]]]}},
{"type":"Feature","properties":{"name":"Reindeer Lake","kind":"lake","rank":0,"minzoom":3.7},"geometry":{"type":"Polygon","coordinates":[[[-101.724,57.91],[-101.733,57.873],[-101.815,57.843],[-101.847,57.898],[-101.803,58.02],[-101.819,58.065],[-101.868,58.054],[-101.913,57.991],[-101.971,57.963],[-102.013,58.003],[-101.991,58.088],[-102.052,58.107],[-102.151,58.038],[-102.149,57.993],[-102.205,57.931],[-102.44,57.799],[-102.523,57.73],[-102.692,57.688],[-102.674,57.597],[-102.694,57.564],[-102.89,57.451],[-102.933,57.364],[-102.919,57.295],[-102.852,57.299],[-102.789,57.283],[-102.693,57.21],[-102.742,57.101],[-102.584,57.046],[-102.544,56.93],[-102.57,56.83],[-102.677,56.773],[-102.732,56.716],[-102.862,56.683],[-102.978,56.562],[-103.051,56.569],[-103.08,56.677],[-103.069,56.849],[-103.106,56.853],[-103.153,56.62],[-103.192,56.555],[-103.241,56.574],[-103.293,56.543],[-103.298,56.496],[-103.257,56.475],[-103.272,56.277],[-103.241,56.278],[-103.201,56.358],[-103.137,56.414],[-103.087,56.419],[-103.044,56.38],[-102.977,56.369],[-102.885,56.473],[-102.465,56.608],[-102.313,56.838],[-102.177,56.864],[-101.962,57.025],[-102.048,57.114],[-102.032,57.191],[-101.957,57.239],[-101.864,57.25],[-101.836,57.27],[-101.888,57.305],[-102.094,57.368],[-102.106,57.427],[-102.048,57.484],[-101.828,57.579],[-101.543,57.816],[-101.544,57.92],[-101.724,57.91]]]}},
{"type":"Feature","properties":{"name":"Oneida Lake","kind":"lake","rank":0,"minzoom":5},"geometry":{"type":"Polygon","coordinates":[[[-75.75,43.226],[-75.861,43.248],[-76.096,43.254],[-76.096,43.238],[-75.959,43.177],[-75.8,43.181],[-75.733,43.206],[-75.75,43.226]]]}},
{"type":"Feature","properties":{"name":"Iliamna Lake","kind":"lake","rank":0,"minzoom":4},"geometry":{"type":"Polygon","coordinates":[[[-153.971,59.769],[-154.328,59.791],[-155.26,59.662],[-155.846,59.538],[-155.914,59.456],[-155.881,59.377],[-155.743,59.335],[-154.907,59.432],[-154.614,59.451],[-154.583,59.474],[-154.534,59.628],[-154.23,59.687],[-153.971,59.769]]]}},
{"type":"Feature","properties":{"name":null,"kind":"lake","rank":0,"minzoom":4},"geometry":{"type":"Polygon","coordinates":[[[-155.961,57.87],[-155.976,57.909],[-156.279,58.006],[-156.638,58.086],[-156.817,58.067],[-156.884,57.999],[-156.832,57.931],[-156.678,57.888],[-156.161,57.797],[-156.115,57.749],[-156.159,57.633],[-156.04,57.705],[-155.993,57.763],[-156.021,57.837],[-155.961,57.87]]]}},
{"type":"Feature","properties":{"name":"Lake Tahoe","kind":"lake","rank":0,"minzoom":4},"geometry":{"type":"Polygon","coordinates":[[[-119.943,39.025],[-119.918,39.207],[-119.936,39.254],[-119.962,39.254],[-120.059,39.221],[-120.132,39.143],[-120.139,39.091],[-120.081,38.971],[-120.033,38.945],[-119.966,38.957],[-119.943,39.025]]]}},
{"type":"Feature","properties":{"name":null,"kind":"lake","rank":0,"minzoom":4},"geometry":{"type":"Polygon","coordinates":[[[35.324,-14.619],[35.268,-14.517],[35.24,-14.51],[35.208,-14.531],[35.197,-14.682],[35.249,-14.739],[35.27,-14.733],[35.324,-14.619]]]}},
{"type":"Feature","properties":{"name":"Lake Zaysan","kind":"lake","rank":0,"minzoom":5},"geometry":{"type":"Polygon","coordinates":[[[84.516,47.93],[84.468,47.969],[84.334,48.023],[84.051,48.083],[83.581,48.267],[83.596,48.303],[83.682,48.353],[83.907,48.374],[83.919,48.397],[83.613,48.437],[83.487,48.718],[83.514,48.813],[83.609,48.91],[83.777,48.975],[84.329,49.125],[84.361,49.161],[84.288,49.238],[83.729,49.535],[83.818,49.634],[83.961,49.703],[83.964,49.726],[83.89,49.72],[83.74,49.631],[83.608,49.606],[83.391,49.652],[83.364,49.644],[83.426,49.573],[83.479,49.538],[83.539,49.532],[83.66,49.443],[83.849,49.417],[84.1,49.238],[84.121,49.159],[84.036,49.111],[83.747,49.039],[83.589,48.962],[83.471,48.858],[83.423,48.743],[83.417,48.597],[83.387,48.554],[83.392,48.5],[83.533,48.375],[83.498,48.305],[83.435,48.27],[83.039,48.25],[83.027,48.212],[83.259,48.095],[83.625,48.013],[83.994,47.843],[84.242,47.706],[84.296,47.699],[84.357,47.732],[84.394,47.816],[84.516,47.93]]]}},
{"type":"Feature","properties":{"name":"Lake Winnebago","kind":"lake","rank":0,"minzoom":6},"geometry":{"type":"Polygon","coordinates":[[[-88.325,44.068],[-88.321,44.18],[-88.358,44.196],[-88.418,44.195],[-88.519,44.029],[-88.465,43.813],[-88.431,43.808],[-88.334,43.938],[-88.325,44.068]]]}},
{"type":"Feature","properties":{"name":"Nettilling Lake","kind":"lake","rank":0,"minzoom":4},"geometry":{"type":"Polygon","coordinates":[[[-71.438,66.596],[-71.306,66.515],[-71.127,66.331],[-71.145,66.215],[-71.194,66.151],[-71.179,66.083],[-71.221,66.024],[-71.321,65.987],[-71.311,65.969],[-71.226,65.954],[-71.104,65.991],[-70.851,66.156],[-70.71,66.204],[-70.619,66.282],[-70.582,66.289],[-70.376,66.195],[-69.975,66.258],[-69.89,66.254],[-69.77,66.203],[-69.648,66.246],[-69.585,66.203],[-69.511,66.268],[-69.221,66.406],[-69.253,66.451],[-69.423,66.429],[-69.646,66.442],[-69.646,66.476],[-69.527,66.503],[-69.466,66.547],[-69.49,66.581],[-69.945,66.688],[-70.288,66.748],[-70.353,66.737],[-70.463,66.753],[-70.569,66.794],[-70.63,66.868],[-70.826,66.994],[-71.001,67.02],[-71.174,67.028],[-71.227,67.001],[-71.194,66.945],[-71.209,66.862],[-71.438,66.596]]]}},
{"type":"Feature","properties":{"name":"Lake Turkana","kind":"alkaline","rank":0,"minzoom":4},"geometry":{"type":"Polygon","coordinates":[[[36.685,2.538],[36.697,2.727],[36.652,2.858],[36.427,3.011],[36.311,3.207],[36.221,3.473],[36.226,3.88],[36.197,4.431],[36.174,4.632],[36.155,4.654],[36.132,4.653],[36.098,4.623],[36.074,4.555],[36.045,4.539],[35.995,4.566],[35.95,4.553],[35.847,3.775],[35.872,3.598],[35.937,3.482],[35.966,3.368],[36.113,3.167],[36.154,3.038],[36.2,2.974],[36.242,2.966],[36.331,2.874],[36.424,2.734],[36.535,2.448],[36.571,2.405],[36.633,2.425],[36.685,2.538]]]}},
{"type":"Feature","properties":{"name":"Dubawnt Lake","kind":"lake","rank":0,"minzoom":4},"geometry":{"type":"Polygon","coordinates":[[[-101.935,63.221],[-102.16,63.165],[-102.174,63.122],[-102.097,63.076],[-102.035,62.925],[-101.989,62.887],[-101.823,62.881],[-101.755,62.801],[-101.59,62.776],[-101.529,62.664],[-101.414,62.911],[-101.381,62.928],[-101.33,62.891],[-101.322,62.828],[-101.392,62.721],[-101.382,62.683],[-101.29,62.666],[-101.028,62.761],[-101.059,62.858],[-101.028,62.896],[-100.884,62.956],[-100.884,63.007],[-101.061,63.06],[-101.104,63.102],[-101.113,63.171],[-101.041,63.292],[-100.823,63.297],[-100.77,63.319],[-100.673,63.373],[-100.644,63.468],[-100.706,63.546],[-100.856,63.52],[-100.902,63.53],[-101.008,63.463],[-101.137,63.43],[-101.276,63.491],[-101.332,63.467],[-101.293,63.415],[-101.319,63.394],[-101.548,63.456],[-101.583,63.397],[-101.688,63.37],[-101.807,63.267],[-101.935,63.221]]]}},
{"type":"Feature","properties":{"name":"Baker Lake","kind":"lake","rank":0,"minzoom":4},"geometry":{"type":"Polygon","coordinates":[[[-94.626,64.159],[-94.65,64.197],[-95.251,64.274],[-96.203,64.325],[-96.273,64.301],[-96.227,64.193],[-95.946,64.127],[-95.784,64.056],[-95.502,64.058],[-95.299,64.079],[-94.86,64.066],[-94.455,63.996],[-94.312,64.012],[-94.225,64.076],[-94.247,64.124],[-94.626,64.159]]]}},
{"type":"Feature","properties":{"name":"Kaliningradskiy Zaliv","kind":"alkaline","rank":0,"minzoom":4},"geometry":{"type":"Polygon","coordinates":[[[19.764,54.434],[19.929,54.517],[20.405,54.682],[20.084,54.673],[19.988,54.71],[19.879,54.589],[19.717,54.482],[19.764,54.434]]]}},
{"type":"Feature","properties":{"name":"Zalev Wislany","kind":"alkaline","rank":0,"minzoom":4},"geometry":{"type":"Polygon","coordinates":[[[19.717,54.482],[19.503,54.381],[19.279,54.338],[19.251,54.311],[19.347,54.268],[19.481,54.3],[19.738,54.412],[19.764,54.434],[19.717,54.482]]]}},
{"type":"Feature","properties":{"name":"Lake Champlain","kind":"lake","rank":0,"minzoom":4},"geometry":{"type":"Polygon","coordinates":[[[-73.373,44.148],[-73.271,44.397],[-73.228,44.445],[-73.229,44.493],[-73.256,44.507],[-73.263,44.542],[-73.214,44.586],[-73.173,44.919],[-73.193,44.957],[-73.111,45.009],[-73.088,45.046],[-73.104,45.078],[-73.147,45.073],[-73.204,45.022],[-73.285,44.913],[-73.324,45.029],[-73.347,45.018],[-73.383,44.936],[-73.4,44.775],[-73.444,44.638],[-73.354,44.281],[-73.444,44.193],[-73.451,44.083],[-73.368,43.757],[-73.356,43.781],[-73.405,44.054],[-73.373,44.148]]]}},
{"type":"Feature","properties":{"name":"Salton Sea","kind":"alkaline","rank":0,"minzoom":4},"geometry":{"type":"Polygon","coordinates":[[[-115.612,33.274],[-115.66,33.321],[-115.884,33.452],[-115.948,33.519],[-116.01,33.522],[-116.053,33.502],[-116.062,33.433],[-115.911,33.303],[-115.789,33.147],[-115.698,33.138],[-115.616,33.223],[-115.612,33.274]]]}},
{"type":"Feature","properties":{"name":"Lac la Martre","kind":"lake","rank":0,"minzoom":4},"geometry":{"type":"Polygon","coordinates":[[[-117.319,63.209],[-117.575,63.372],[-117.764,63.404],[-117.915,63.466],[-118.001,63.544],[-118.1,63.57],[-118.344,63.513],[-118.564,63.428],[-118.628,63.375],[-118.627,63.337],[-118.201,63.283],[-118.107,63.223],[-117.738,63.113],[-117.554,63.113],[-117.36,63.146],[-117.306,63.185],[-117.319,63.209]]]}},
{"type":"Feature","properties":{"name":"Lago Llanquihue","kind":"lake","rank":0,"minzoom":4},"geometry":{"type":"Polygon","coordinates":[[[-72.967,-41.285],[-72.876,-41.294],[-72.727,-41.2],[-72.629,-41.214],[-72.599,-41.184],[-72.639,-41.1],[-72.703,-41.026],[-72.849,-40.974],[-72.974,-41.087],[-72.994,-41.15],[-72.967,-41.285]]]}},
{"type":"Feature","properties":{"name":"Hongze Hu","kind":"lake","rank":0,"minzoom":4},"geometry":{"type":"Polygon","coordinates":[[[118.605,33.172],[118.653,33.174],[118.681,33.077],[118.716,33.089],[118.778,33.176],[118.861,33.357],[118.774,33.443],[118.664,33.463],[118.608,33.515],[118.571,33.62],[118.544,33.645],[118.493,33.623],[118.488,33.54],[118.547,33.437],[118.607,33.376],[118.57,33.372],[118.446,33.407],[118.318,33.268],[118.273,33.267],[118.233,33.288],[118.249,33.221],[118.322,33.182],[118.454,33.16],[118.47,33.128],[118.407,33.01],[118.34,32.994],[118.275,33.045],[118.175,33.21],[118.114,33.215],[117.912,33.181],[117.886,33.157],[117.851,33.062],[117.809,33.048],[117.838,33.038],[117.892,33.065],[117.915,33.126],[117.979,33.142],[118.182,33.139],[118.24,33.008],[118.226,32.991],[118.13,33.028],[118.05,32.964],[118.066,32.936],[118.142,32.986],[118.181,32.971],[118.183,32.885],[118.492,32.998],[118.605,33.172]]]}},
{"type":"Feature","properties":{"name":"Khövsgöl Nuur","kind":"lake","rank":0,"minzoom":5},"geometry":{"type":"Polygon","coordinates":[[[100.787,51.397],[100.559,51.61],[100.38,51.466],[100.402,51.392],[100.284,51.25],[100.296,51.109],[100.248,50.743],[100.179,50.531],[100.193,50.494],[100.37,50.538],[100.444,50.568],[100.473,50.603],[100.445,50.659],[100.507,50.809],[100.688,50.983],[100.787,51.397]]]}},
{"type":"Feature","properties":{"name":"Uvs Nuur","kind":"alkaline","rank":0,"minzoom":4},"geometry":{"type":"Polygon","coordinates":[[[92.316,50.302],[92.382,50.142],[92.498,50.053],[92.601,50.005],[92.722,50.01],[92.913,50.056],[93.095,50.198],[93.216,50.251],[93.301,50.255],[93.362,50.282],[93.254,50.327],[93.259,50.358],[93.076,50.428],[92.978,50.54],[92.99,50.608],[92.965,50.638],[92.893,50.658],[92.348,50.475],[92.235,50.413],[92.316,50.302]]]}},
{"type":"Feature","properties":{"name":"Lac Moeru","kind":"lake","rank":0,"minzoom":4},"geometry":{"type":"Polygon","coordinates":[[[29.128,-8.662],[29.078,-8.6],[28.954,-8.521],[28.867,-8.513],[28.367,-9.101],[28.326,-9.237],[28.324,-9.364],[28.333,-9.45],[28.377,-9.503],[28.474,-9.505],[28.51,-9.485],[28.504,-9.441],[28.521,-9.404],[28.696,-9.396],[28.891,-9.092],[29.021,-8.922],[29.107,-8.74],[29.128,-8.662]]]}},
{"type":"Feature","properties":{"name":"Lake Khanka","kind":"lake","rank":0,"minzoom":4},"geometry":{"type":"Polygon","coordinates":[[[132.81,45.052],[132.808,45.149],[132.725,45.23],[132.579,45.296],[132.402,45.329],[132.23,45.328],[132.071,45.287],[132.005,45.214],[132.015,45.074],[132.109,44.969],[132.069,44.743],[132.241,44.63],[132.238,44.606],[132.276,44.569],[132.366,44.529],[132.46,44.613],[132.614,44.711],[132.81,45.052]]]}},
{"type":"Feature","properties":{"name":"Tonlé Sap","kind":"lake","rank":0,"minzoom":4},"geometry":{"type":"Polygon","coordinates":[[[104.57,12.426],[104.591,12.432],[104.565,12.463],[104.555,12.514],[104.471,12.559],[104.468,12.64],[104.44,12.724],[104.37,12.747],[104.268,12.739],[104.235,12.764],[104.1,13.036],[103.981,13.179],[103.842,13.235],[103.731,13.25],[103.699,13.207],[103.755,13.039],[103.806,12.947],[103.895,12.867],[104.008,12.804],[104.105,12.789],[104.14,12.671],[104.258,12.564],[104.401,12.508],[104.464,12.506],[104.57,12.426]]]}},
{"type":"Feature","properties":{"name":"Qinghai Hu","kind":"alkaline","rank":0,"minzoom":4},"geometry":{"type":"Polygon","coordinates":[[[100.753,36.811],[100.586,36.903],[100.275,37.15],[100.104,37.202],[99.956,37.218],[99.836,37.182],[99.787,37.149],[99.834,36.988],[99.816,36.955],[99.681,36.947],[99.65,36.911],[99.827,36.739],[99.958,36.679],[100.228,36.645],[100.431,36.641],[100.523,36.58],[100.628,36.557],[100.704,36.589],[100.723,36.745],[100.753,36.811]]]}},
{"type":"Feature","properties":{"name":"Ozero Yarroto Vtoroye","kind":"lake","rank":0,"minzoom":4},"geometry":{"type":"Polygon","coordinates":[[[71.239,67.99],[71.381,67.997],[71.381,68.025],[71.277,68.059],[71.093,68.103],[70.964,68.098],[70.93,68.065],[70.971,68.012],[71.239,67.99]]]}},
{"type":"Feature","properties":{"name":"Lake Tharthar","kind":"lake","rank":0,"minzoom":4},"geometry":{"type":"Polygon","coordinates":[[[43.261,33.728],[43.42,33.706],[43.478,33.729],[43.493,33.888],[43.467,33.95],[43.239,34.141],[43.116,34.329],[43.084,34.315],[43.066,34.258],[43.106,33.915],[43.261,33.728]]]}},
{"type":"Feature","properties":{"name":"Razzaza Lake","kind":"alkaline","rank":0,"minzoom":4},"geometry":{"type":"Polygon","coordinates":[[[43.878,32.688],[43.72,32.808],[43.55,33.079],[43.508,33.06],[43.469,33.011],[43.475,32.919],[43.432,32.869],[43.423,32.81],[43.438,32.715],[43.482,32.642],[43.668,32.553],[43.739,32.531],[43.793,32.535],[43.863,32.612],[43.878,32.688]]]}},
{"type":"Feature","properties":{"name":"Dead Sea","kind":"alkaline","rank":0,"minzoom":4},"geometry":{"type":"Polygon","coordinates":[[[35.585,31.724],[35.559,31.766],[35.522,31.756],[35.463,31.71],[35.421,31.619],[35.402,31.492],[35.403,31.348],[35.423,31.325],[35.521,31.327],[35.545,31.359],[35.585,31.724]]]}},
{"type":"Feature","properties":{"name":"Lake Pskov","kind":"lake","rank":0,"minzoom":4},"geometry":{"type":"Polygon","coordinates":[[[27.497,58.184],[27.624,58.014],[27.678,58.019],[27.803,57.99],[27.911,57.896],[27.992,57.868],[28.102,57.86],[28.169,57.915],[28.097,58.044],[27.973,58.133],[27.865,58.173],[27.714,58.164],[27.592,58.175],[27.569,58.215],[27.497,58.184]]]}},
{"type":"Feature","properties":{"name":"Lac Saint-Jean","kind":"lake","rank":0,"minzoom":5},"geometry":{"type":"Polygon","coordinates":[[[-72.055,48.454],[-71.924,48.444],[-71.823,48.475],[-71.781,48.518],[-71.776,48.61],[-71.846,48.659],[-72,48.724],[-72.158,48.755],[-72.291,48.733],[-72.331,48.669],[-72.306,48.619],[-72.242,48.575],[-72.165,48.481],[-72.055,48.454]]]}},
{"type":"Feature","properties":{"name":"Keuka L.","kind":"lake","rank":1,"minzoom":5},"geometry":{"type":"Polygon","coordinates":[[[-77.058,42.644],[-77.077,42.648],[-77.113,42.569],[-77.148,42.568],[-77.203,42.437],[-77.191,42.425],[-77.107,42.521],[-77.058,42.644]]]}},
{"type":"Feature","properties":{"name":"Seneca Lake","kind":"lake","rank":4,"minzoom":5},"geometry":{"type":"Polygon","coordinates":[[[-76.879,42.416],[-76.882,42.683],[-76.97,42.878],[-76.91,42.459],[-76.879,42.416]]]}},
{"type":"Feature","properties":{"name":"Cayuga Lake","kind":"lake","rank":0,"minzoom":5},"geometry":{"type":"Polygon","coordinates":[[[-76.52,42.501],[-76.665,42.668],[-76.735,42.943],[-76.773,42.778],[-76.667,42.603],[-76.528,42.489],[-76.52,42.501]]]}},
{"type":"Feature","properties":{"name":"Kainji Reservoir","kind":"reservoir","rank":0,"minzoom":5},"geometry":{"type":"Polygon","coordinates":[[[4.685,10.365],[4.65,10.517],[4.68,10.585],[4.656,10.607],[4.606,10.617],[4.567,10.603],[4.492,10.644],[4.47,10.627],[4.459,10.46],[4.438,10.418],[4.4,10.403],[4.4,10.375],[4.465,10.306],[4.485,10.229],[4.464,10.196],[4.506,10.174],[4.51,10.148],[4.468,10.098],[4.474,10.07],[4.537,10.028],[4.566,9.903],[4.594,9.867],[4.626,9.865],[4.659,9.885],[4.617,10.003],[4.598,10.196],[4.685,10.365]]]}},
{"type":"Feature","properties":{"name":"Lake Urmia","kind":"alkaline","rank":0,"minzoom":5},"geometry":{"type":"Polygon","coordinates":[[[45.666,37.742],[45.483,37.754],[45.436,37.806],[45.447,37.932],[45.487,38.073],[45.458,38.173],[45.357,38.264],[45.106,38.264],[45.026,38.193],[45.015,38.144],[45.171,38.144],[45.188,38.108],[45.155,38.045],[45.08,37.988],[45.087,37.885],[45.234,37.764],[45.292,37.438],[45.365,37.227],[45.449,37.149],[45.536,37.135],[45.663,37.288],[45.831,37.341],[45.858,37.426],[45.755,37.578],[45.747,37.701],[45.666,37.742]]]}},
{"type":"Feature","properties":{"name":"Cree Lake","kind":"lake","rank":0,"minzoom":5},"geometry":{"type":"Polygon","coordinates":[[[-106.258,57.696],[-106.28,57.713],[-106.316,57.705],[-106.422,57.649],[-106.655,57.597],[-106.831,57.49],[-106.924,57.462],[-107.069,57.476],[-107.028,57.426],[-107.083,57.361],[-107.091,57.236],[-107.079,57.224],[-107.035,57.229],[-106.97,57.254],[-106.804,57.356],[-106.698,57.327],[-106.608,57.337],[-106.541,57.326],[-106.374,57.369],[-106.254,57.374],[-106.14,57.414],[-106.095,57.465],[-106.11,57.655],[-106.258,57.696]]]}},
{"type":"Feature","properties":{"name":null,"kind":"lake","rank":0,"minzoom":5},"geometry":{"type":"Polygon","coordinates":[[[-99.606,62.959],[-99.764,62.873],[-99.73,62.819],[-99.573,62.807],[-99.386,62.817],[-99.142,62.929],[-99.159,62.991],[-99.304,63.048],[-99.332,63.1],[-99.298,63.187],[-99.348,63.173],[-99.606,62.959]]]}},
{"type":"Feature","properties":{"name":"Kasba Lake","kind":"lake","rank":0,"minzoom":5},"geometry":{"type":"Polygon","coordinates":[[[-102.549,60.322],[-102.6,60.309],[-102.588,60.246],[-102.477,60.236],[-102.382,60.25],[-102.275,60.211],[-102.023,59.929],[-101.983,60.01],[-101.885,59.983],[-101.849,60.112],[-101.886,60.238],[-102.261,60.649],[-102.352,60.633],[-102.434,60.585],[-102.437,60.5],[-102.315,60.424],[-102.485,60.314],[-102.549,60.322]]]}},
{"type":"Feature","properties":{"name":"Sarygamysh Köli","kind":"alkaline","rank":0,"minzoom":5},"geometry":{"type":"Polygon","coordinates":[[[57.865,41.773],[57.845,41.838],[57.7,41.913],[57.682,42.01],[57.613,42.105],[57.627,42.15],[57.55,42.261],[57.392,42.335],[57.273,42.303],[57.183,42.185],[57.094,41.968],[57.053,41.773],[57.062,41.725],[57.174,41.735],[57.346,41.573],[57.527,41.594],[57.685,41.636],[57.818,41.7],[57.865,41.773]]]}},
{"type":"Feature","properties":{"name":"L. Chany","kind":"lake","rank":0,"minzoom":5},"geometry":{"type":"Polygon","coordinates":[[[76.747,54.832],[76.734,54.717],[76.826,54.701],[77.052,54.732],[77.245,54.723],[77.522,54.665],[77.574,54.647],[77.565,54.624],[77.6,54.614],[77.741,54.661],[77.693,54.741],[77.636,54.769],[77.643,54.803],[77.777,54.859],[78.049,54.927],[78.033,54.975],[77.724,55.025],[77.667,55.054],[77.57,55.053],[77.43,55.02],[77.327,54.968],[77.294,54.89],[77.245,54.856],[77.164,54.887],[77.134,54.923],[76.869,54.883],[76.747,54.832]]]}},
{"type":"Feature","properties":{"name":"Alaköl","kind":"alkaline","rank":0,"minzoom":5},"geometry":{"type":"Polygon","coordinates":[[[82.133,45.764],[82.064,45.944],[82.025,46.185],[81.912,46.351],[81.761,46.431],[81.65,46.456],[81.53,46.452],[81.443,46.392],[81.399,46.305],[81.427,46.055],[81.555,45.965],[81.749,45.872],[82.133,45.764]]]}},
{"type":"Feature","properties":{"name":null,"kind":"lake","rank":0,"minzoom":5},"geometry":{"type":"Polygon","coordinates":[[[-90.425,30.274],[-90.433,30.326],[-90.493,30.348],[-90.557,30.284],[-90.58,30.235],[-90.574,30.197],[-90.537,30.179],[-90.467,30.198],[-90.425,30.274]]]}},
{"type":"Feature","properties":{"name":"Lac-à-l'Eau-Claire","kind":"lake","rank":0,"minzoom":5},"geometry":{"type":"Polygon","coordinates":[[[-73.99,56.026],[-73.985,56.097],[-74.054,56.137],[-74.248,56.161],[-74.312,56.262],[-74.477,56.318],[-74.664,56.336],[-74.771,56.308],[-74.819,56.273],[-74.8,56.137],[-74.732,56.091],[-74.336,56.024],[-74.231,55.985],[-74.276,55.951],[-74.249,55.938],[-74.07,55.975],[-73.99,56.026]]]}},
{"type":"Feature","properties":{"name":"Lake Nipissing","kind":"lake","rank":0,"minzoom":5},"geometry":{"type":"Polygon","coordinates":[[[-80.447,46.282],[-80.293,46.225],[-80.063,46.244],[-80.015,46.232],[-79.991,46.199],[-80.006,46.166],[-79.986,46.161],[-79.772,46.213],[-79.573,46.166],[-79.487,46.184],[-79.436,46.235],[-79.494,46.311],[-79.653,46.358],[-79.856,46.34],[-80.053,46.346],[-80.125,46.324],[-80.143,46.302],[-80.118,46.277],[-80.147,46.258],[-80.253,46.249],[-80.346,46.286],[-80.447,46.282]]]}},
{"type":"Feature","properties":{"name":"Hulun Nuur","kind":"lake","rank":0,"minzoom":5},"geometry":{"type":"Polygon","coordinates":[[[117.229,48.585],[117.31,48.636],[117.328,48.694],[117.716,48.986],[117.772,49.059],[117.824,49.059],[117.875,49.033],[117.964,49.035],[118.035,49.071],[118.007,49.105],[117.812,49.125],[117.776,49.161],[117.716,49.18],[117.686,49.22],[117.707,49.322],[117.69,49.351],[117.636,49.342],[117.529,49.27],[117.225,49.003],[117.059,48.907],[116.988,48.841],[117.014,48.786],[117.096,48.705],[117.089,48.579],[117.114,48.561],[117.229,48.585]]]}},
{"type":"Feature","properties":{"name":"Lake Bangweulu","kind":"lake","rank":0,"minzoom":5},"geometry":{"type":"Polygon","coordinates":[[[29.995,-11.091],[30.019,-11.014],[30,-10.938],[29.927,-10.878],[29.847,-10.887],[29.772,-10.933],[29.741,-10.931],[29.565,-11.157],[29.496,-11.195],[29.511,-11.23],[29.55,-11.248],[29.588,-11.394],[29.669,-11.415],[29.752,-11.416],[29.837,-11.38],[29.917,-11.301],[29.937,-11.216],[29.995,-11.091]]]}},
{"type":"Feature","properties":{"name":"Inarijärvi","kind":"lake","rank":0,"minzoom":5},"geometry":{"type":"Polygon","coordinates":[[[28.447,69.326],[28.345,69.323],[28.232,69.249],[28.138,69.237],[28.101,69.299],[28.031,69.288],[27.991,69.254],[28.088,69.162],[27.984,69.162],[27.941,69.178],[27.745,69.129],[27.56,69.062],[27.484,69.004],[27.162,68.923],[27.172,68.906],[27.328,68.884],[27.417,68.841],[27.428,68.802],[27.26,68.737],[27.282,68.715],[27.434,68.76],[27.655,68.732],[27.779,68.792],[27.836,68.782],[27.87,68.742],[27.992,68.788],[27.891,68.861],[27.989,68.88],[28.336,68.857],[28.329,68.893],[28.092,68.981],[28.091,69.007],[28.251,69.064],[28.4,69.082],[28.448,69.153],[28.566,69.222],[28.532,69.257],[28.554,69.299],[28.76,69.419],[28.632,69.364],[28.447,69.326]]]}},
{"type":"Feature","properties":{"name":"Oulujärvi","kind":"lake","rank":0,"minzoom":5},"geometry":{"type":"Polygon","coordinates":[[[26.78,64.391],[26.942,64.238],[27.2,64.158],[27.258,64.12],[27.323,64.209],[27.562,64.274],[27.653,64.225],[27.929,64.145],[28.073,64.121],[28.188,64.131],[28.157,64.16],[27.765,64.245],[27.738,64.282],[27.801,64.304],[27.93,64.307],[27.925,64.381],[27.727,64.397],[27.365,64.33],[27.262,64.369],[27.217,64.414],[27.214,64.497],[27.112,64.523],[26.866,64.53],[26.78,64.391]]]}},
{"type":"Feature","properties":{"name":"Lake Peipus","kind":"lake","rank":0,"minzoom":5},"geometry":{"type":"Polygon","coordinates":[[[27.569,58.215],[27.583,58.306],[27.798,58.447],[27.821,58.485],[27.748,58.912],[27.683,58.98],[27.524,59.007],[27.298,58.995],[27.107,58.954],[26.974,58.884],[26.966,58.806],[27.157,58.648],[27.237,58.452],[27.324,58.402],[27.425,58.303],[27.497,58.184],[27.569,58.215]]]}},
{"type":"Feature","properties":{"name":"Lake Kivu","kind":"lake","rank":0,"minzoom":5},"geometry":{"type":"Polygon","coordinates":[[[29.198,-1.644],[29.071,-1.605],[29.033,-1.647],[28.988,-1.838],[28.909,-2.008],[28.916,-2.082],[28.872,-2.187],[28.876,-2.228],[28.903,-2.24],[28.917,-2.288],[28.857,-2.371],[28.85,-2.448],[28.91,-2.433],[28.995,-2.36],[29.077,-2.345],[29.149,-2.277],[29.283,-2.095],[29.338,-2.058],[29.358,-2.016],[29.249,-1.736],[29.198,-1.644]]]}},
{"type":"Feature","properties":{"name":"Lake Edward","kind":"lake","rank":0,"minzoom":5},"geometry":{"type":"Polygon","coordinates":[[[29.419,-0.63],[29.452,-0.607],[29.51,-0.612],[29.868,-0.303],[29.887,-0.172],[29.783,-0.121],[29.644,-0.12],[29.496,-0.18],[29.327,-0.53],[29.366,-0.64],[29.419,-0.63]]]}},
{"type":"Feature","properties":{"name":"Tai Hu","kind":"lake","rank":0,"minzoom":5},"geometry":{"type":"Polygon","coordinates":[[[120.602,31.087],[120.54,31.127],[120.461,31.081],[120.395,31.1],[120.44,31.153],[120.431,31.2],[120.391,31.227],[120.326,31.32],[120.331,31.35],[120.372,31.386],[120.38,31.429],[120.271,31.445],[120.251,31.475],[120.254,31.51],[120.219,31.532],[120.108,31.492],[119.987,31.392],[119.939,31.253],[119.978,31.091],[120.103,30.973],[120.236,30.936],[120.394,30.971],[120.602,31.087]]]}},
{"type":"Feature","properties":{"name":null,"kind":"lake","rank":0,"minzoom":5},"geometry":{"type":"Polygon","coordinates":[[[-76.547,56.164],[-76.446,56.139],[-76.147,56.127],[-75.953,56.145],[-75.935,56.174],[-75.939,56.191],[-76.205,56.322],[-76.275,56.379],[-76.234,56.397],[-76.245,56.423],[-76.366,56.55],[-76.425,56.389],[-76.397,56.345],[-76.547,56.164]]]}},
{"type":"Feature","properties":{"name":"Laguna Mar Chiquita","kind":"alkaline","rank":0,"minzoom":5},"geometry":{"type":"Polygon","coordinates":[[[-62.23,-30.776],[-62.233,-30.671],[-62.288,-30.589],[-62.413,-30.543],[-62.426,-30.559],[-62.644,-30.521],[-62.722,-30.584],[-62.931,-30.649],[-62.979,-30.692],[-62.931,-30.751],[-62.727,-30.917],[-62.571,-30.863],[-62.408,-30.841],[-62.23,-30.776]]]}},
{"type":"Feature","properties":{"name":"Kremenchuk Reservoir","kind":"reservoir","rank":0,"minzoom":5},"geometry":{"type":"Polygon","coordinates":[[[33.167,49.019],[33.194,49.119],[32.754,49.485],[32.712,49.559],[32.665,49.537],[32.682,49.401],[32.632,49.382],[32.114,49.541],[31.955,49.57],[31.888,49.554],[31.9,49.513],[32.408,49.302],[32.77,49.116],[32.863,49.087],[32.981,49.083],[33.043,49.063],[33.076,49.004],[33.163,48.994],[33.167,49.019]]]}},
{"type":"Feature","properties":{"name":"Rés. de La Grande 3","kind":"reservoir","rank":0,"minzoom":5},"geometry":{"type":"Polygon","coordinates":[[[-76.088,53.666],[-75.945,53.686],[-75.907,53.653],[-76.124,53.523],[-76.102,53.475],[-75.934,53.465],[-75.716,53.497],[-75.632,53.538],[-75.601,53.582],[-75.658,53.62],[-75.633,53.638],[-75.238,53.619],[-75.034,53.639],[-74.998,53.622],[-75.027,53.576],[-74.935,53.578],[-74.807,53.605],[-74.679,53.609],[-74.461,53.663],[-74.433,53.685],[-74.456,53.701],[-74.593,53.667],[-74.771,53.654],[-75.265,53.684],[-75.27,53.709],[-74.889,53.794],[-74.82,53.838],[-74.725,53.857],[-74.734,53.896],[-74.799,53.893],[-75.184,53.82],[-75.241,53.843],[-75.292,53.897],[-75.552,53.892],[-75.85,53.855],[-75.912,53.813],[-75.902,53.791],[-75.93,53.766],[-76.036,53.737],[-76.1,53.737],[-76.088,53.666]]]}},
{"type":"Feature","properties":{"name":"Rés. de La Grande 2","kind":"reservoir","rank":0,"minzoom":5},"geometry":{"type":"Polygon","coordinates":[[[-76.1,53.737],[-76.696,53.699],[-76.75,53.723],[-76.596,53.788],[-76.304,53.963],[-76.255,54.073],[-76.105,54.116],[-76.191,54.153],[-76.202,54.139],[-76.264,54.136],[-76.368,54.188],[-76.557,54.157],[-76.573,54.14],[-76.472,54.082],[-76.471,54.059],[-76.509,54.048],[-76.602,54.055],[-76.618,54.033],[-76.66,54.026],[-76.84,54.088],[-76.868,54.072],[-76.888,54.057],[-76.731,53.977],[-76.766,53.91],[-76.902,53.847],[-77.288,53.791],[-77.341,53.811],[-77.42,53.798],[-77.685,53.679],[-77.465,53.638],[-77.493,53.607],[-77.488,53.56],[-77.397,53.521],[-77.223,53.515],[-77.187,53.493],[-76.839,53.499],[-76.515,53.557],[-76.385,53.596],[-76.36,53.63],[-76.088,53.666],[-76.1,53.737]]]}},
{"type":"Feature","properties":{"name":null,"kind":"lake","rank":0,"minzoom":5},"geometry":{"type":"Polygon","coordinates":[[[-156.548,57.766],[-156.59,57.785],[-156.683,57.755],[-156.837,57.653],[-156.842,57.611],[-156.893,57.58],[-157.044,57.548],[-157.019,57.512],[-156.834,57.443],[-156.768,57.507],[-156.777,57.566],[-156.604,57.696],[-156.548,57.766]]]}},
{"type":"Feature","properties":{"name":"Lago Enriquillo","kind":"alkaline","rank":0,"minzoom":5},"geometry":{"type":"Polygon","coordinates":[[[-71.509,18.47],[-71.683,18.551],[-71.777,18.531],[-71.794,18.494],[-71.607,18.421],[-71.537,18.434],[-71.509,18.47]]]}},
{"type":"Feature","properties":{"name":null,"kind":"lake","rank":0,"minzoom":5},"geometry":{"type":"Polygon","coordinates":[[[-159.665,66.474],[-159.729,66.512],[-159.922,66.535],[-160.115,66.544],[-160.134,66.52],[-159.945,66.442],[-159.663,66.433],[-159.665,66.474]]]}},
{"type":"Feature","properties":{"name":null,"kind":"lake","rank":0,"minzoom":5},"geometry":{"type":"Polygon","coordinates":[[[-115.062,60.329],[-115.11,60.35],[-115.531,60.262],[-115.804,60.254],[-115.896,60.201],[-115.879,60.163],[-115.605,60.173],[-115.294,60.109],[-115.286,60.16],[-115.157,60.195],[-115.062,60.329]]]}},
{"type":"Feature","properties":{"name":"Lake Sakami","kind":"lake","rank":0,"minzoom":5},"geometry":{"type":"Polygon","coordinates":[[[-76.637,53.26],[-76.589,53.289],[-76.608,53.306],[-76.656,53.298],[-76.672,53.34],[-76.637,53.361],[-76.523,53.379],[-76.497,53.414],[-76.515,53.468],[-76.564,53.485],[-76.661,53.417],[-76.703,53.419],[-76.72,53.469],[-76.892,53.345],[-76.873,53.324],[-76.881,53.216],[-76.938,53.119],[-76.899,52.995],[-76.855,52.968],[-76.799,52.981],[-76.839,53.034],[-76.843,53.095],[-76.784,53.147],[-76.688,53.17],[-76.692,53.212],[-76.637,53.26]]]}},
{"type":"Feature","properties":{"name":"Lago Argentino","kind":"lake","rank":0,"minzoom":5},"geometry":{"type":"Polygon","coordinates":[[[-71.982,-50.224],[-72.039,-50.162],[-72.116,-50.132],[-72.44,-50.173],[-72.8,-50.196],[-72.947,-50.18],[-73.062,-50.133],[-73.188,-49.982],[-73.286,-50.07],[-73.3,-50.185],[-73.291,-50.211],[-73.232,-50.165],[-73.163,-50.148],[-72.983,-50.226],[-72.972,-50.261],[-73.028,-50.289],[-73.214,-50.27],[-73.285,-50.331],[-73.274,-50.346],[-73.168,-50.332],[-73.109,-50.365],[-72.955,-50.62],[-72.921,-50.612],[-72.782,-50.483],[-72.795,-50.46],[-72.962,-50.471],[-73.004,-50.419],[-72.973,-50.357],[-72.794,-50.291],[-72.672,-50.278],[-72.441,-50.307],[-72.274,-50.302],[-71.999,-50.244],[-71.982,-50.224]]]}},
{"type":"Feature","properties":{"name":"Nam Co","kind":"lake","rank":0,"minzoom":5},"geometry":{"type":"Polygon","coordinates":[[[90.346,30.524],[90.714,30.641],[91.014,30.839],[91.012,30.888],[90.975,30.923],[90.944,30.924],[90.866,30.885],[90.712,30.895],[90.651,30.84],[90.579,30.829],[90.353,30.88],[90.289,30.847],[90.314,30.573],[90.346,30.524]]]}},
{"type":"Feature","properties":{"name":"Lake Tuz","kind":"alkaline","rank":0,"minzoom":5},"geometry":{"type":"Polygon","coordinates":[[[33.458,38.854],[33.44,38.938],[33.454,38.992],[33.424,39.056],[33.35,39.12],[33.305,39.127],[33.293,38.967],[33.158,38.772],[33.236,38.667],[33.423,38.559],[33.533,38.523],[33.617,38.578],[33.674,38.712],[33.597,38.799],[33.525,38.812],[33.458,38.854]]]}},
{"type":"Feature","properties":{"name":"Scott Lake","kind":"lake","rank":0,"minzoom":5},"geometry":{"type":"Polygon","coordinates":[[[-105.959,59.998],[-105.875,60.006],[-105.88,60.038],[-105.939,60.059],[-106.046,60.05],[-106.069,60.083],[-106.028,60.111],[-105.77,60.131],[-105.704,60.184],[-105.873,60.228],[-106.019,60.192],[-106.122,60.144],[-106.195,60.021],[-106.308,60.101],[-106.407,60.064],[-106.398,60.043],[-106.332,60.022],[-106.326,59.935],[-106.375,59.831],[-106.338,59.805],[-106.278,59.813],[-106.237,59.862],[-106.206,59.86],[-106.167,59.808],[-106.104,59.809],[-106.055,59.845],[-106.073,59.959],[-106.019,59.994],[-105.959,59.998]]]}},
{"type":"Feature","properties":{"name":null,"kind":"lake","rank":0,"minzoom":5},"geometry":{"type":"Polygon","coordinates":[[[27.535,60.938],[27.744,60.95],[27.849,60.984],[27.81,61.044],[27.724,61.078],[27.692,61.012],[27.579,60.984],[27.448,60.994],[27.367,61.033],[27.34,61.021],[27.342,61.001],[27.535,60.938]]]}},
{"type":"Feature","properties":{"name":"Rikkavesi","kind":"lake","rank":0,"minzoom":5},"geometry":{"type":"Polygon","coordinates":[[[29.472,62.869],[29.44,62.894],[29.458,62.833],[29.623,62.74],[29.666,62.682],[29.812,62.732],[29.822,62.795],[29.522,63.051],[29.494,63.029],[29.583,62.888],[29.562,62.834],[29.521,62.833],[29.472,62.869]]]}},
{"type":"Feature","properties":{"name":null,"kind":"lake","rank":0,"minzoom":5},"geometry":{"type":"Polygon","coordinates":[[[29.229,62.705],[29.188,62.684],[29.219,62.65],[29.339,62.658],[29.454,62.641],[29.522,62.706],[29.465,62.734],[29.39,62.721],[29.293,62.805],[29.219,62.772],[29.229,62.705]]]}},
{"type":"Feature","properties":{"name":"Ozero Nerpich'ye","kind":"lake","rank":0,"minzoom":5},"geometry":{"type":"Polygon","coordinates":[[[160.48,69.25],[159.998,69.357],[159.844,69.378],[159.808,69.347],[159.965,69.282],[160.256,69.238],[160.433,69.228],[160.48,69.25]]]}},
{"type":"Feature","properties":{"name":"Ozero Yarroto Pervoye","kind":"lake","rank":0,"minzoom":5},"geometry":{"type":"Polygon","coordinates":[[[71.359,67.87],[71.65,67.895],[71.776,67.95],[71.786,67.993],[71.708,68.037],[71.552,68.004],[71.37,67.947],[71.303,67.906],[71.298,67.889],[71.359,67.87]]]}},
{"type":"Feature","properties":{"name":"Ozero Neyto","kind":"lake","rank":0,"minzoom":5},"geometry":{"type":"Polygon","coordinates":[[[70.489,70.092],[70.174,70.136],[70.128,70.076],[70.231,70.011],[70.371,70.015],[70.512,70.055],[70.489,70.092]]]}},
{"type":"Feature","properties":{"name":"Ozero Yambuto","kind":"lake","rank":0,"minzoom":5},"geometry":{"type":"Polygon","coordinates":[[[70.851,69.969],[71.026,69.953],[71.058,69.988],[70.943,70.054],[70.941,70.139],[70.837,70.136],[70.749,70.033],[70.851,69.969]]]}},
{"type":"Feature","properties":{"name":null,"kind":"lake","rank":0,"minzoom":5},"geometry":{"type":"Polygon","coordinates":[[[70.563,70.123],[70.696,70.136],[70.821,70.191],[70.77,70.217],[70.344,70.2],[70.372,70.153],[70.563,70.123]]]}},
{"type":"Feature","properties":{"name":"Lake Vygozero","kind":"lake","rank":0,"minzoom":5},"geometry":{"type":"Polygon","coordinates":[[[35.013,63.506],[34.953,63.54],[34.99,63.585],[34.861,63.688],[34.857,63.721],[34.616,63.766],[34.644,63.789],[34.428,63.848],[34.347,63.851],[34.214,63.676],[34.215,63.613],[34.308,63.692],[34.358,63.697],[34.453,63.623],[34.517,63.484],[34.702,63.399],[34.804,63.326],[34.899,63.055],[34.864,63.01],[34.863,62.919],[34.91,62.951],[34.946,63.033],[34.953,63.181],[34.829,63.434],[34.872,63.464],[35.099,63.383],[35.172,63.381],[35.193,63.404],[35.413,63.448],[35.374,63.492],[35.145,63.482],[35.013,63.506]]]}},
{"type":"Feature","properties":{"name":"Lake Segozerskoye","kind":"lake","rank":0,"minzoom":5},"geometry":{"type":"Polygon","coordinates":[[[33.441,63.444],[33.257,63.423],[33.274,63.316],[33.307,63.284],[33.499,63.216],[33.703,63.19],[33.897,63.189],[34.017,63.201],[34.066,63.229],[33.991,63.297],[33.933,63.418],[33.847,63.438],[33.697,63.409],[33.637,63.476],[33.586,63.487],[33.441,63.444]]]}},
{"type":"Feature","properties":{"name":"Koitere","kind":"lake","rank":0,"minzoom":5},"geometry":{"type":"Polygon","coordinates":[[[30.604,62.876],[30.481,62.788],[30.659,62.767],[30.689,62.847],[30.742,62.864],[30.847,62.954],[30.831,63.027],[30.755,63.05],[30.676,62.973],[30.615,62.966],[30.587,62.937],[30.604,62.876]]]}},
{"type":"Feature","properties":{"name":"Pielinen","kind":"lake","rank":0,"minzoom":5},"geometry":{"type":"Polygon","coordinates":[[[29.994,63.293],[29.915,63.315],[29.784,63.294],[29.309,63.461],[29.092,63.573],[29.042,63.475],[29.393,63.183],[29.814,63.145],[29.854,63.087],[30.033,62.959],[30.137,62.929],[30.216,62.868],[30.09,62.729],[30.143,62.722],[30.229,62.804],[30.317,62.809],[30.33,62.829],[30.138,62.973],[29.994,63.14],[29.959,63.227],[29.994,63.293]]]}},
{"type":"Feature","properties":{"name":"Pääjärvi","kind":"lake","rank":4,"minzoom":5},"geometry":{"type":"Polygon","coordinates":[[[31.17,66.107],[31.103,66.245],[31.033,66.27],[30.899,66.263],[30.789,66.23],[30.722,66.186],[30.651,66.052],[31.155,65.914],[31.295,65.905],[31.335,65.918],[31.17,66.107]]]}},
{"type":"Feature","properties":{"name":"Lake Topozero","kind":"lake","rank":0,"minzoom":5},"geometry":{"type":"Polygon","coordinates":[[[32.517,65.532],[32.425,65.542],[32.377,65.577],[32.329,65.7],[32.139,65.784],[32.118,65.834],[32.051,65.876],[31.983,65.89],[31.693,65.856],[31.507,65.795],[31.574,65.735],[31.733,65.67],[31.943,65.622],[31.996,65.569],[32.481,65.469],[32.706,65.388],[32.664,65.477],[32.517,65.532]]]}},
{"type":"Feature","properties":{"name":null,"kind":"lake","rank":0,"minzoom":5},"geometry":{"type":"Polygon","coordinates":[[[-72.841,81.68],[-72.714,81.67],[-70.016,81.84],[-68.968,81.94],[-69.582,81.918],[-72.347,81.728],[-72.841,81.68]]]}},
{"type":"Feature","properties":{"name":null,"kind":"lake","rank":0,"minzoom":5},"geometry":{"type":"Polygon","coordinates":[[[-89.522,52.883],[-89.478,52.868],[-89.151,52.854],[-89.044,52.87],[-88.952,52.988],[-89.123,52.966],[-89.283,53.006],[-89.422,52.948],[-89.434,52.918],[-89.522,52.883]]]}},
{"type":"Feature","properties":{"name":"Bosten Hu","kind":"lake","rank":0,"minzoom":5},"geometry":{"type":"Polygon","coordinates":[[[87.375,41.851],[87.375,41.908],[87.315,42.017],[86.889,42.108],[86.829,42.073],[86.795,41.975],[86.735,41.903],[86.728,41.85],[86.753,41.825],[86.894,41.87],[87.102,41.901],[87.259,41.894],[87.375,41.851]]]}},
{"type":"Feature","properties":{"name":null,"kind":"lake","rank":0,"minzoom":5},"geometry":{"type":"Polygon","coordinates":[[[30.868,61.974],[30.885,61.941],[30.939,61.921],[31.02,61.929],[31.053,61.97],[30.971,62.065],[30.926,62.083],[30.85,62.083],[30.868,61.974]]]}},
{"type":"Feature","properties":{"name":"Lake Il'Men'","kind":"lake","rank":0,"minzoom":5},"geometry":{"type":"Polygon","coordinates":[[[31.531,58.23],[31.688,58.202],[31.637,58.388],[31.518,58.373],[31.298,58.477],[31.17,58.359],[31.019,58.32],[30.857,58.239],[30.876,58.214],[31.394,58.142],[31.446,58.206],[31.531,58.23]]]}},
{"type":"Feature","properties":{"name":"Poyang Hu","kind":"lake","rank":0,"minzoom":5},"geometry":{"type":"Polygon","coordinates":[[[116.706,29.136],[116.674,29.159],[116.664,29.226],[116.64,29.237],[116.469,29.25],[116.44,29.236],[116.407,29.176],[116.362,29.154],[116.368,29.223],[116.153,29.253],[116.137,29.309],[116.196,29.362],[116.188,29.382],[116.115,29.402],[116.11,29.427],[116.145,29.454],[116.207,29.645],[116.235,29.666],[116.23,29.698],[116.198,29.751],[116.082,29.703],[116.117,29.653],[116.091,29.555],[115.965,29.311],[116.097,29.106],[116.329,28.961],[116.348,28.906],[116.409,28.905],[116.468,28.805],[116.512,28.804],[116.537,28.845],[116.477,29.043],[116.496,29.122],[116.521,29.143],[116.672,29.098],[116.709,29.102],[116.706,29.136]]]}},
{"type":"Feature","properties":{"name":"Daguan Hu","kind":"lake","rank":0,"minzoom":5},"geometry":{"type":"Polygon","coordinates":[[[116.461,30.055],[116.442,30.077],[116.386,30.069],[116.327,30.087],[116.281,30.079],[116.257,30.094],[116.259,30.048],[116.29,29.994],[116.388,29.966],[116.498,29.964],[116.52,29.988],[116.461,30.055]]]}},
{"type":"Feature","properties":{"name":"Long Hu","kind":"lake","rank":0,"minzoom":5},"geometry":{"type":"Polygon","coordinates":[[[116.195,30.038],[116.15,30.061],[116.118,30],[115.985,30.016],[115.977,29.952],[116.044,29.881],[116.211,29.908],[116.254,29.935],[116.26,29.976],[116.242,30.032],[116.195,30.038]]]}},
{"type":"Feature","properties":{"name":"Liangzi Hu","kind":"lake","rank":0,"minzoom":5},"geometry":{"type":"Polygon","coordinates":[[[114.35,30.196],[114.408,30.106],[114.445,30.085],[114.474,30.158],[114.509,30.194],[114.542,30.188],[114.623,30.096],[114.642,30.133],[114.603,30.3],[114.501,30.366],[114.458,30.364],[114.501,30.311],[114.496,30.289],[114.406,30.268],[114.35,30.196]]]}},
{"type":"Feature","properties":{"name":"Siling Co","kind":"lake","rank":0,"minzoom":5},"geometry":{"type":"Polygon","coordinates":[[[89.318,31.794],[89.323,31.823],[89.266,31.872],[89.12,31.913],[88.968,31.918],[88.864,31.887],[88.789,31.829],[88.704,31.867],[88.608,31.88],[88.566,31.844],[88.685,31.729],[88.764,31.712],[88.927,31.728],[88.948,31.7],[88.946,31.625],[89.058,31.596],[89.138,31.602],[89.287,31.788],[89.318,31.794]]]}},
{"type":"Feature","properties":{"name":"Har Us Nuur","kind":"lake","rank":0,"minzoom":5},"geometry":{"type":"Polygon","coordinates":[[[92.787,48.178],[92.802,48.253],[92.733,48.31],[92.638,48.33],[92.643,48.193],[92.544,48.138],[92.405,48.156],[92.402,48.237],[92.483,48.339],[92.425,48.36],[92.287,48.352],[92.25,48.263],[92.249,48.13],[92.105,48.054],[91.976,48.01],[91.991,47.933],[92.084,47.816],[92.2,47.769],[92.354,47.964],[92.442,48.03],[92.787,48.178]]]}},
{"type":"Feature","properties":{"name":"Lake Taupo","kind":"lake","rank":0,"minzoom":5},"geometry":{"type":"Polygon","coordinates":[[[176.066,-38.812],[176.083,-38.758],[176.057,-38.721],[175.944,-38.677],[175.809,-38.677],[175.763,-38.727],[175.749,-38.773],[175.782,-38.797],[175.8,-38.845],[175.755,-38.943],[175.795,-38.948],[175.927,-38.902],[176.066,-38.812]]]}},
{"type":"Feature","properties":{"name":"Lake Geneva","kind":"lake","rank":0,"minzoom":5},"geometry":{"type":"Polygon","coordinates":[[[6.874,46.432],[6.819,46.466],[6.588,46.529],[6.344,46.458],[6.158,46.302],[6.133,46.205],[6.157,46.205],[6.336,46.361],[6.469,46.389],[6.665,46.402],[6.845,46.385],[6.874,46.432]]]}},
{"type":"Feature","properties":{"name":"Lough Neagh","kind":"lake","rank":0,"minzoom":5},"geometry":{"type":"Polygon","coordinates":[[[-6.488,54.723],[-6.585,54.56],[-6.562,54.515],[-6.354,54.502],[-6.282,54.604],[-6.272,54.66],[-6.318,54.709],[-6.488,54.723]]]}},
{"type":"Feature","properties":{"name":"Vättern","kind":"lake","rank":0,"minzoom":5},"geometry":{"type":"Polygon","coordinates":[[[14.933,58.784],[14.968,58.849],[14.932,58.854],[14.632,58.68],[14.507,58.561],[14.213,58.15],[14.121,57.925],[14.159,57.796],[14.245,57.809],[14.499,58.085],[14.686,58.395],[14.946,58.511],[14.963,58.539],[14.891,58.592],[14.933,58.784]]]}},
{"type":"Feature","properties":{"name":"Lake Van","kind":"alkaline","rank":0,"minzoom":5},"geometry":{"type":"Polygon","coordinates":[[[42.989,38.346],[43.088,38.326],[43.148,38.337],[43.235,38.407],[43.318,38.489],[43.287,38.548],[43.186,38.603],[43.21,38.716],[43.292,38.813],[43.531,38.898],[43.611,38.947],[43.56,38.978],[43.436,38.988],[43.152,38.948],[43.075,38.916],[43.088,38.881],[43.159,38.869],[43.163,38.846],[43.079,38.809],[42.723,38.782],[42.526,38.745],[42.458,38.692],[42.458,38.643],[42.365,38.549],[42.353,38.5],[42.538,38.49],[42.683,38.457],[42.781,38.459],[42.856,38.484],[42.882,38.477],[42.923,38.39],[42.989,38.346]]]}},
{"type":"Feature","properties":{"name":"Yellowstone Lake","kind":"lake","rank":0,"minzoom":5},"geometry":{"type":"Polygon","coordinates":[[[-110.199,44.335],[-110.202,44.391],[-110.264,44.447],[-110.272,44.544],[-110.327,44.567],[-110.381,44.556],[-110.45,44.48],[-110.529,44.471],[-110.555,44.447],[-110.531,44.414],[-110.426,44.447],[-110.39,44.425],[-110.394,44.391],[-110.341,44.383],[-110.273,44.319],[-110.199,44.335]]]}},
{"type":"Feature","properties":{"name":"Teshekpuk Lake","kind":"lake","rank":0,"minzoom":5},"geometry":{"type":"Polygon","coordinates":[[[-152.94,70.569],[-153.014,70.603],[-153.611,70.737],[-153.812,70.725],[-153.975,70.679],[-154.161,70.678],[-154.257,70.661],[-154.019,70.543],[-153.794,70.487],[-153.719,70.494],[-153.656,70.48],[-152.94,70.569]]]}},
{"type":"Feature","properties":{"name":"Flathead Lake","kind":"lake","rank":0,"minzoom":5},"geometry":{"type":"Polygon","coordinates":[[[-114.156,47.933],[-114.254,47.858],[-114.25,47.837],[-114.148,47.812],[-114.126,47.784],[-114.163,47.74],[-114.15,47.714],[-114.056,47.711],[-114.005,47.785],[-114.024,47.934],[-114.046,48.015],[-114.134,48.091],[-114.193,48.069],[-114.199,48.04],[-114.156,47.933]]]}},
{"type":"Feature","properties":{"name":"Lake Mead","kind":"reservoir","rank":0,"minzoom":5},"geometry":{"type":"Polygon","coordinates":[[[-113.636,35.831],[-113.633,35.859],[-113.777,36.048],[-113.996,36.244],[-114.03,36.245],[-114.159,36.077],[-114.226,36.05],[-114.295,36.11],[-114.37,36.209],[-114.336,36.519],[-114.364,36.515],[-114.387,36.483],[-114.432,36.237],[-114.512,36.194],[-114.816,36.121],[-114.812,36.075],[-114.769,36.02],[-114.741,36.014],[-114.64,36.106],[-114.504,36.106],[-114.451,36.079],[-114.373,36.1],[-114.321,36.076],[-114.294,36.03],[-114.208,36.006],[-114.11,36.032],[-114.039,36.163],[-113.989,36.165],[-113.795,36.01],[-113.67,35.843],[-113.636,35.831]]]}},
{"type":"Feature","properties":{"name":"Lake Claire","kind":"lake","rank":0,"minzoom":5},"geometry":{"type":"Polygon","coordinates":[[[-111.817,58.56],[-111.717,58.659],[-111.731,58.686],[-111.766,58.685],[-111.844,58.721],[-111.985,58.713],[-112.119,58.736],[-112.113,58.778],[-112.037,58.787],[-112.041,58.819],[-112.154,58.825],[-112.337,58.778],[-112.431,58.683],[-112.447,58.618],[-112.393,58.578],[-112.315,58.563],[-112.255,58.576],[-112.211,58.55],[-112.237,58.46],[-112.189,58.413],[-112.08,58.347],[-111.898,58.306],[-111.809,58.303],[-111.789,58.331],[-111.843,58.425],[-111.817,58.56]]]}},
{"type":"Feature","properties":{"name":"Smallwood Reservoir","kind":"reservoir","rank":0,"minzoom":5},"geometry":{"type":"Polygon","coordinates":[[[-63.176,54.129],[-63.373,54.14],[-63.465,54.098],[-63.584,54.078],[-63.748,54.096],[-63.87,54.169],[-63.947,54.243],[-64.138,54.35],[-64.32,54.517],[-64.296,54.659],[-64.397,54.743],[-64.416,54.737],[-64.366,54.615],[-64.425,54.332],[-64.48,54.273],[-64.464,54.253],[-64.325,54.273],[-64.284,54.256],[-64.219,54.178],[-64.333,54.166],[-64.431,54.187],[-64.583,54.186],[-64.68,54.143],[-64.763,54.144],[-64.855,54.167],[-64.883,54.148],[-64.97,54.236],[-64.98,54.289],[-64.96,54.303],[-65.14,54.511],[-65.218,54.557],[-65.135,54.638],[-65.157,54.656],[-65.224,54.65],[-65.271,54.608],[-65.305,54.46],[-65.165,54.435],[-65.072,54.34],[-65.011,54.224],[-64.941,54.152],[-64.816,54.076],[-64.864,54.053],[-65.13,54.083],[-65.178,54.075],[-65.103,54.012],[-65.192,53.993],[-65.345,54.043],[-65.4,54.007],[-65.682,54.176],[-65.713,54.163],[-65.791,54.202],[-65.872,54.281],[-65.938,54.271],[-65.994,54.34],[-66.191,54.476],[-66.2,54.577],[-66.354,54.687],[-66.429,54.813],[-66.399,54.853],[-66.432,54.893],[-66.351,54.914],[-66.345,54.979],[-66.532,55.1],[-66.556,55.102],[-66.541,55.073],[-66.598,55.029],[-66.567,54.958],[-66.595,54.949],[-66.6,54.922],[-66.509,54.802],[-66.529,54.77],[-66.508,54.654],[-66.535,54.628],[-66.621,54.623],[-66.608,54.488],[-66.491,54.273],[-66.382,54.164],[-66.324,54.154],[-66.406,54.338],[-66.349,54.424],[-66.429,54.508],[-66.44,54.562],[-66.364,54.541],[-66.276,54.478],[-66.254,54.426],[-66.112,54.347],[-65.826,54.135],[-65.728,54.087],[-65.583,54.061],[-65.517,53.997],[-65.507,53.95],[-65.453,53.914],[-65.338,53.879],[-65.328,53.821],[-65.381,53.715],[-65.317,53.605],[-65.388,53.559],[-65.583,53.542],[-65.529,53.49],[-65.02,53.421],[-64.973,53.455],[-65.128,53.5],[-65.164,53.54],[-65.148,53.564],[-65.191,53.674],[-65.295,53.724],[-65.298,53.76],[-65.263,53.796],[-65.014,53.888],[-64.922,53.916],[-64.751,53.934],[-64.694,53.961],[-64.642,54.031],[-64.688,54.081],[-64.652,54.114],[-64.564,54.125],[-64.495,54.079],[-64.176,54.012],[-64.124,53.896],[-64.009,53.862],[-63.827,53.858],[-63.764,53.879],[-63.77,53.902],[-63.703,53.918],[-63.529,53.929],[-63.529,53.955],[-63.568,53.982],[-63.555,54.006],[-63.417,54.006],[-63.2,53.956],[-63.137,53.973],[-63.104,54.004],[-63.203,54.074],[-63.176,54.129]]]}},
{"type":"Feature","properties":{"name":"Lake Taymyr","kind":"lake","rank":0,"minzoom":5},"geometry":{"type":"Polygon","coordinates":[[[101.023,73.86],[101.533,73.841],[101.553,73.878],[101.439,74.043],[101.156,74.246],[101.103,74.387],[100.882,74.425],[100.856,74.463],[101.213,74.491],[101.366,74.479],[101.313,74.404],[101.426,74.356],[101.979,74.236],[102.161,74.233],[101.986,74.413],[102.041,74.502],[102.464,74.516],[103.569,74.593],[103.742,74.633],[103.92,74.633],[104.508,74.74],[105.232,74.785],[105.333,74.814],[105.307,74.855],[104.864,74.915],[104.467,75.093],[104.264,75.121],[104.146,75.112],[104.117,75.055],[103.912,74.985],[103.878,74.928],[104.209,74.859],[104.234,74.814],[103.762,74.763],[103.253,74.676],[102.484,74.641],[101.806,74.641],[101.059,74.681],[100.707,74.757],[100.573,74.823],[100.544,74.932],[100.616,74.982],[100.612,75.036],[100.537,75.073],[100.192,75.15],[100.109,75.16],[100.033,75.148],[100.042,75.103],[100.285,75.079],[100.463,75.007],[100.419,74.948],[100.266,74.936],[100.097,74.861],[100.318,74.8],[100.434,74.722],[100.495,74.577],[100.171,74.44],[99.972,74.409],[99.607,74.42],[99.507,74.4],[99.585,74.36],[99.71,74.34],[100.412,74.337],[100.5,74.308],[100.768,74.292],[100.9,74.256],[101.062,74.095],[101.104,73.992],[100.949,73.894],[101.023,73.86]]]}},
{"type":"Feature","properties":{"name":"Lago de Izabal","kind":"lake","rank":0,"minzoom":6},"geometry":{"type":"Polygon","coordinates":[[[-88.878,15.712],[-88.843,15.765],[-89.105,15.602],[-89.388,15.488],[-89.301,15.382],[-89.079,15.444],[-89.022,15.489],[-88.97,15.636],[-88.878,15.712]]]}},
{"type":"Feature","properties":{"name":"Ozero Mogotoyevo","kind":"lake","rank":0,"minzoom":6},"geometry":{"type":"Polygon","coordinates":[[[149.318,72.037],[149.224,72.127],[149.155,72.151],[149.021,72.163],[148.916,72.034],[149.01,71.925],[149.113,71.906],[149.187,71.921],[149.318,72.037]]]}},
{"type":"Feature","properties":{"name":"Ayakkum Hu","kind":"lake","rank":0,"minzoom":6},"geometry":{"type":"Polygon","coordinates":[[[89.611,37.495],[89.645,37.51],[89.645,37.575],[89.565,37.613],[89.487,37.628],[89.396,37.633],[89.082,37.587],[89.097,37.56],[89.145,37.538],[89.514,37.485],[89.611,37.495]]]}},
{"type":"Feature","properties":{"name":"Storsjön","kind":"lake","rank":0,"minzoom":6},"geometry":{"type":"Polygon","coordinates":[[[14.084,63.259],[14.061,63.236],[13.972,63.263],[14.057,63.194],[14.357,63.087],[14.43,62.98],[14.413,62.954],[14.341,62.953],[14.345,62.925],[14.427,62.826],[14.461,62.836],[14.474,62.887],[14.427,63.127],[14.504,63.165],[14.671,63.139],[14.51,63.265],[14.394,63.262],[14.063,63.325],[14.026,63.319],[14.084,63.259]]]}},
{"type":"Feature","properties":{"name":"Lake St. Joseph","kind":"lake","rank":0,"minzoom":6},"geometry":{"type":"Polygon","coordinates":[[[-91.345,50.969],[-91.367,50.93],[-91.318,50.918],[-90.937,50.954],[-90.528,51.068],[-90.427,51.119],[-90.472,51.17],[-90.604,51.215],[-90.745,51.12],[-90.976,51.011],[-91.274,51.069],[-91.345,50.969]]]}},
{"type":"Feature","properties":{"name":"Lake Rukwa","kind":"lake","rank":0,"minzoom":6},"geometry":{"type":"Polygon","coordinates":[[[32.514,-8.039],[32.026,-7.633],[31.897,-7.585],[31.8,-7.653],[31.794,-7.701],[31.823,-7.783],[31.921,-7.959],[31.96,-7.986],[32.171,-7.963],[32.521,-8.09],[32.53,-8.07],[32.514,-8.039]]]}},
{"type":"Feature","properties":{"name":"Nam Ngum Reservoir","kind":"reservoir","rank":0,"minzoom":6},"geometry":{"type":"Polygon","coordinates":[[[102.879,18.527],[102.894,18.541],[102.791,18.569],[102.753,18.599],[102.747,18.65],[102.659,18.662],[102.582,18.696],[102.527,18.759],[102.506,18.746],[102.571,18.56],[102.615,18.476],[102.646,18.45],[102.719,18.497],[102.879,18.527]]]}},
{"type":"Feature","properties":{"name":"Réservoir Gouin","kind":"reservoir","rank":0,"minzoom":6},"geometry":{"type":"Polygon","coordinates":[[[-74.531,48.461],[-74.51,48.48],[-74.463,48.471],[-74.237,48.347],[-74.1,48.372],[-74.314,48.449],[-74.37,48.486],[-74.412,48.589],[-74.485,48.58],[-74.555,48.608],[-74.58,48.64],[-74.522,48.756],[-74.558,48.802],[-74.63,48.801],[-74.762,48.773],[-74.97,48.694],[-75.061,48.706],[-75.181,48.602],[-75.282,48.597],[-75.414,48.438],[-75.336,48.437],[-75.269,48.408],[-75.174,48.414],[-75.165,48.526],[-75.07,48.596],[-75.018,48.612],[-75.008,48.564],[-75.042,48.514],[-75.099,48.478],[-75.14,48.289],[-75.082,48.341],[-74.96,48.364],[-74.942,48.487],[-74.969,48.519],[-74.945,48.576],[-74.867,48.56],[-74.706,48.42],[-74.686,48.357],[-74.638,48.414],[-74.575,48.425],[-74.531,48.461]]]}},
{"type":"Feature","properties":{"name":"Gaoyou Hu","kind":"lake","rank":0,"minzoom":6},"geometry":{"type":"Polygon","coordinates":[[[119.407,32.794],[119.397,32.916],[119.372,33],[119.346,33.024],[119.349,33.078],[119.304,33.164],[119.254,33.201],[119.17,33.186],[119.102,33.069],[119.059,33.058],[118.882,33.077],[118.966,33.038],[119.099,33.027],[119.154,33.065],[119.18,33.148],[119.237,33.154],[119.314,33.054],[119.245,33.013],[119.242,32.896],[119.229,32.882],[119.13,32.877],[119.079,32.855],[119.125,32.798],[119.173,32.686],[119.201,32.691],[119.253,32.736],[119.392,32.751],[119.407,32.794]]]}},
{"type":"Feature","properties":{"name":"Ozero Pyasino","kind":"lake","rank":0,"minzoom":6},"geometry":{"type":"Polygon","coordinates":[[[88.161,69.498],[88.039,69.563],[87.93,69.756],[87.66,69.921],[87.657,69.96],[87.939,70.025],[87.969,70.061],[87.925,70.09],[87.81,70.097],[87.41,70.004],[87.349,69.889],[87.472,69.871],[87.609,69.809],[87.721,69.624],[87.695,69.541],[87.728,69.513],[87.937,69.478],[88.146,69.483],[88.161,69.498]]]}},
{"type":"Feature","properties":{"name":null,"kind":"lake","rank":0,"minzoom":6},"geometry":{"type":"Polygon","coordinates":[[[27.037,61.662],[27.028,61.704],[26.9,61.753],[26.873,61.902],[26.819,61.948],[26.588,62.037],[26.698,61.931],[26.809,61.902],[26.796,61.871],[26.774,61.861],[26.692,61.888],[26.668,61.868],[26.575,61.937],[26.531,61.939],[26.524,61.9],[26.418,61.863],[26.376,61.87],[26.442,61.962],[26.412,61.976],[26.276,61.866],[26.554,61.758],[26.758,61.612],[26.796,61.558],[26.811,61.571],[26.89,61.569],[26.879,61.626],[26.743,61.694],[26.863,61.696],[26.938,61.67],[27.037,61.662]]]}},
{"type":"Feature","properties":{"name":"Hjälmaren","kind":"lake","rank":0,"minzoom":6},"geometry":{"type":"Polygon","coordinates":[[[16.404,59.309],[15.99,59.286],[15.613,59.317],[15.354,59.283],[15.344,59.27],[15.545,59.246],[15.59,59.225],[15.624,59.167],[15.816,59.149],[15.881,59.162],[15.921,59.194],[16.31,59.275],[16.404,59.309]]]}},
{"type":"Feature","properties":{"name":null,"kind":"lake","rank":0,"minzoom":6},"geometry":{"type":"Polygon","coordinates":[[[26.63,63.114],[26.741,63.227],[26.733,63.257],[26.649,63.293],[26.717,63.314],[26.697,63.322],[26.623,63.321],[26.459,63.365],[26.423,63.354],[26.449,63.302],[26.586,63.234],[26.565,63.196],[26.491,63.17],[26.429,63.164],[26.36,63.187],[26.232,63.264],[26.454,63.095],[26.462,63.015],[26.629,62.952],[26.648,62.982],[26.592,63.089],[26.63,63.114]]]}},
{"type":"Feature","properties":{"name":"Lake Bienville","kind":"lake","rank":0,"minzoom":6},"geometry":{"type":"Polygon","coordinates":[[[-73.182,55.098],[-73.365,55.048],[-73.511,55.048],[-73.514,55.034],[-73.409,54.987],[-73.511,54.942],[-73.604,54.927],[-73.555,54.903],[-73.213,54.968],[-73.045,54.946],[-72.706,55.01],[-72.629,55.049],[-72.358,55.126],[-72.29,55.166],[-72.281,55.226],[-72.225,55.281],[-72.517,55.221],[-72.923,55.18],[-73.154,55.125],[-73.182,55.098]]]}},
{"type":"Feature","properties":{"name":"Lake Beloye","kind":"lake","rank":0,"minzoom":6},"geometry":{"type":"Polygon","coordinates":[[[37.232,60.164],[37.28,60.131],[37.397,60.098],[37.715,60.077],[37.968,60.086],[37.999,60.103],[38.004,60.161],[37.981,60.239],[37.898,60.301],[37.737,60.329],[37.542,60.319],[37.4,60.289],[37.286,60.233],[37.232,60.164]]]}},
{"type":"Feature","properties":{"name":"Van Blommestein Meer","kind":"reservoir","rank":0,"minzoom":6},"geometry":{"type":"Polygon","coordinates":[[[-54.894,4.783],[-54.838,4.789],[-54.796,4.881],[-54.807,4.908],[-54.938,4.904],[-55.02,4.971],[-55.127,4.999],[-55.173,4.879],[-55.284,4.699],[-55.279,4.621],[-55.329,4.574],[-55.335,4.528],[-55.26,4.525],[-55.23,4.514],[-55.22,4.492],[-55.123,4.462],[-55.087,4.489],[-55.048,4.57],[-55.013,4.599],[-54.983,4.609],[-54.932,4.581],[-54.874,4.601],[-54.865,4.655],[-54.924,4.673],[-54.941,4.725],[-54.894,4.783]]]}},
{"type":"Feature","properties":{"name":"Lake Manyara","kind":"lake","rank":0,"minzoom":6},"geometry":{"type":"Polygon","coordinates":[[[35.744,-3.636],[35.753,-3.75],[35.775,-3.757],[35.838,-3.701],[35.869,-3.576],[35.882,-3.452],[35.869,-3.424],[35.848,-3.416],[35.822,-3.432],[35.792,-3.48],[35.744,-3.636]]]}},
{"type":"Feature","properties":{"name":"Lake Äbaya","kind":"alkaline","rank":0,"minzoom":6},"geometry":{"type":"Polygon","coordinates":[[[38.055,6.578],[38.017,6.589],[37.936,6.548],[37.869,6.491],[37.887,6.263],[37.865,6.22],[37.745,6.136],[37.709,6.088],[37.701,6.015],[37.739,6.014],[37.843,6.073],[38.107,6.449],[38.138,6.577],[38.055,6.578]]]}},
{"type":"Feature","properties":{"name":"Akkajaure","kind":"lake","rank":0,"minzoom":6},"geometry":{"type":"Polygon","coordinates":[[[18.184,67.478],[18.428,67.419],[18.396,67.462],[18.116,67.561],[17.131,67.792],[17.154,67.735],[17.246,67.674],[17.838,67.586],[18.184,67.478]]]}},
{"type":"Feature","properties":{"name":"Lake Balaton","kind":"lake","rank":0,"minzoom":6},"geometry":{"type":"Polygon","coordinates":[[[17.586,46.766],[18.143,46.963],[18.164,47.011],[18.078,47.055],[17.824,46.911],[17.479,46.8],[17.271,46.76],[17.269,46.742],[17.277,46.721],[17.476,46.724],[17.586,46.766]]]}},
{"type":"Feature","properties":{"name":"Canandaigua Lake","kind":"lake","rank":5,"minzoom":6},"geometry":{"type":"Polygon","coordinates":[[[-77.262,42.815],[-77.245,42.876],[-77.271,42.895],[-77.361,42.734],[-77.354,42.689],[-77.262,42.815]]]}},
{"type":"Feature","properties":{"name":"Owasco Lake","kind":"lake","rank":5,"minzoom":6},"geometry":{"type":"Polygon","coordinates":[[[-76.479,42.77],[-76.536,42.922],[-76.549,42.897],[-76.527,42.836],[-76.479,42.77]]]}},
{"type":"Feature","properties":{"name":"Skaneateles Lake","kind":"lake","rank":5,"minzoom":6},"geometry":{"type":"Polygon","coordinates":[[[-76.272,42.787],[-76.293,42.833],[-76.372,42.887],[-76.425,42.96],[-76.428,42.91],[-76.272,42.787]]]}},
{"type":"Feature","properties":{"name":null,"kind":"lake","rank":0,"minzoom":6},"geometry":{"type":"Polygon","coordinates":[[[-163.468,60.414],[-163.721,60.439],[-163.797,60.416],[-163.852,60.433],[-163.939,60.389],[-163.85,60.351],[-164.054,60.295],[-164.042,60.275],[-163.793,60.298],[-163.77,60.167],[-163.629,60.214],[-163.557,60.27],[-163.577,60.342],[-163.529,60.393],[-163.468,60.414]]]}},
{"type":"Feature","properties":{"name":"Bear Lake","kind":"lake","rank":0,"minzoom":6},"geometry":{"type":"Polygon","coordinates":[[[-111.288,42.033],[-111.285,42.109],[-111.313,42.148],[-111.344,42.152],[-111.393,42.131],[-111.407,41.988],[-111.373,41.883],[-111.349,41.871],[-111.327,41.889],[-111.288,42.033]]]}},
{"type":"Feature","properties":{"name":"Utah Lake","kind":"lake","rank":0,"minzoom":6},"geometry":{"type":"Polygon","coordinates":[[[-111.742,40.19],[-111.69,40.206],[-111.68,40.225],[-111.763,40.337],[-111.793,40.369],[-111.881,40.377],[-111.852,40.252],[-111.914,40.176],[-111.892,40.064],[-111.848,40.095],[-111.827,40.158],[-111.742,40.19]]]}},
{"type":"Feature","properties":{"name":null,"kind":"lake","rank":0,"minzoom":6},"geometry":{"type":"Polygon","coordinates":[[[-126.414,66.938],[-126.369,66.784],[-126.275,66.754],[-126.189,66.796],[-126.183,66.883],[-126.129,66.941],[-126.218,67.01],[-126.29,67.021],[-126.399,66.983],[-126.414,66.938]]]}},
{"type":"Feature","properties":{"name":"Leech Lake","kind":"lake","rank":0,"minzoom":6},"geometry":{"type":"Polygon","coordinates":[[[-94.245,47.191],[-94.308,47.183],[-94.281,47.27],[-94.296,47.285],[-94.379,47.241],[-94.611,47.206],[-94.621,47.166],[-94.578,47.062],[-94.566,47.12],[-94.519,47.143],[-94.395,47.067],[-94.302,47.097],[-94.245,47.191]]]}},
{"type":"Feature","properties":{"name":"Lac des Mille Lacs","kind":"lake","rank":0,"minzoom":6},"geometry":{"type":"Polygon","coordinates":[[[-90.292,48.935],[-90.361,48.893],[-90.48,48.885],[-90.546,48.895],[-90.591,48.96],[-90.626,48.974],[-90.688,48.944],[-90.684,48.92],[-90.65,48.917],[-90.634,48.833],[-90.601,48.811],[-90.44,48.785],[-90.375,48.786],[-90.34,48.821],[-90.292,48.935]]]}},
{"type":"Feature","properties":{"name":"Réservoir Baskatong","kind":"reservoir","rank":0,"minzoom":6},"geometry":{"type":"Polygon","coordinates":[[[-75.694,46.897],[-75.737,46.997],[-75.831,46.902],[-75.955,46.875],[-75.971,46.819],[-76.033,46.759],[-76.017,46.747],[-75.864,46.755],[-75.795,46.715],[-75.751,46.718],[-75.698,46.825],[-75.694,46.897]]]}},
{"type":"Feature","properties":{"name":"Lago Ranco","kind":"lake","rank":0,"minzoom":6},"geometry":{"type":"Polygon","coordinates":[[[-72.265,-40.26],[-72.273,-40.166],[-72.33,-40.128],[-72.425,-40.135],[-72.529,-40.172],[-72.558,-40.235],[-72.547,-40.272],[-72.457,-40.293],[-72.273,-40.302],[-72.265,-40.26]]]}},
{"type":"Feature","properties":{"name":"Trout Lake","kind":"lake","rank":0,"minzoom":6},"geometry":{"type":"Polygon","coordinates":[[[-121.256,60.448],[-121.149,60.513],[-121.091,60.592],[-121.108,60.665],[-121.176,60.722],[-121.336,60.771],[-121.316,60.588],[-121.484,60.517],[-121.586,60.438],[-121.497,60.459],[-121.408,60.4],[-121.256,60.448]]]}},
{"type":"Feature","properties":{"name":"Lago Viedma","kind":"lake","rank":0,"minzoom":6},"geometry":{"type":"Polygon","coordinates":[[[-72.306,-49.761],[-72.184,-49.784],[-72.114,-49.759],[-72.101,-49.709],[-72.132,-49.668],[-72.211,-49.626],[-72.814,-49.478],[-72.878,-49.44],[-72.93,-49.44],[-73.018,-49.508],[-72.969,-49.588],[-73.029,-49.673],[-72.621,-49.641],[-72.306,-49.761]]]}},
{"type":"Feature","properties":{"name":"Lac Tumba","kind":"lake","rank":0,"minzoom":6},"geometry":{"type":"Polygon","coordinates":[[[18.036,-0.957],[18.057,-0.956],[18.102,-0.989],[18.129,-0.981],[18.107,-0.799],[18.114,-0.708],[18.045,-0.657],[17.811,-0.672],[17.817,-0.695],[17.901,-0.736],[17.917,-0.816],[18.036,-0.957]]]}},
{"type":"Feature","properties":{"name":null,"kind":"lake","rank":0,"minzoom":6},"geometry":{"type":"Polygon","coordinates":[[[30.768,63.834],[30.727,63.825],[30.749,63.805],[30.883,63.79],[30.916,63.767],[30.912,63.708],[31.129,63.613],[31.138,63.709],[31.08,63.78],[31.1,63.79],[31.17,63.771],[31.199,63.786],[31.167,63.815],[30.896,63.868],[30.873,63.903],[30.797,63.922],[30.768,63.834]]]}},
{"type":"Feature","properties":{"name":"Po Hu","kind":"lake","rank":0,"minzoom":6},"geometry":{"type":"Polygon","coordinates":[[[116.424,30.108],[116.468,30.104],[116.506,30.078],[116.526,30.089],[116.539,30.207],[116.443,30.207],[116.371,30.244],[116.314,30.23],[116.317,30.203],[116.424,30.108]]]}},
{"type":"Feature","properties":{"name":"Buyr Nuur","kind":"lake","rank":0,"minzoom":6},"geometry":{"type":"Polygon","coordinates":[[[117.581,47.686],[117.606,47.666],[117.655,47.68],[117.806,47.772],[117.856,47.825],[117.869,47.865],[117.801,47.95],[117.764,47.961],[117.709,47.948],[117.57,47.835],[117.529,47.739],[117.581,47.686]]]}},
{"type":"Feature","properties":{"name":"Ngangla Ringeo","kind":"lake","rank":0,"minzoom":6},"geometry":{"type":"Polygon","coordinates":[[[83.23,31.464],[83.333,31.445],[83.341,31.462],[83.142,31.597],[83.1,31.652],[82.974,31.627],[82.894,31.575],[82.837,31.564],[82.913,31.517],[82.991,31.515],[83.23,31.464]]]}},
{"type":"Feature","properties":{"name":"Tangra Yumco","kind":"lake","rank":0,"minzoom":6},"geometry":{"type":"Polygon","coordinates":[[[86.777,31.166],[86.742,31.342],[86.654,31.367],[86.607,31.221],[86.396,30.871],[86.419,30.807],[86.457,30.795],[86.494,30.811],[86.628,31.084],[86.764,31.136],[86.777,31.166]]]}},
{"type":"Feature","properties":{"name":"Ozero Kulundinskoye","kind":"lake","rank":0,"minzoom":6},"geometry":{"type":"Polygon","coordinates":[[[79.77,52.967],[79.809,52.996],[79.738,53.092],[79.594,53.143],[79.427,53.076],[79.387,53.007],[79.4,52.944],[79.451,52.899],[79.517,52.858],[79.603,52.837],[79.691,52.83],[79.734,52.842],[79.75,52.86],[79.731,52.9],[79.77,52.967]]]}},
{"type":"Feature","properties":{"name":"Siletitengiz Köli","kind":"lake","rank":0,"minzoom":6},"geometry":{"type":"Polygon","coordinates":[[[73.387,53.07],[73.407,53.072],[73.419,53.154],[73.424,53.337],[73.405,53.361],[73.204,53.398],[73.031,53.384],[72.987,53.368],[72.923,53.281],[72.958,53.25],[73.014,53.271],[73.088,53.269],[73.387,53.07]]]}},
{"type":"Feature","properties":{"name":"Ubinskoye Lake","kind":"lake","rank":0,"minzoom":6},"geometry":{"type":"Polygon","coordinates":[[[80.328,55.54],[80.305,55.563],[80.086,55.55],[79.823,55.452],[79.823,55.423],[79.847,55.397],[79.898,55.385],[80.1,55.413],[80.308,55.494],[80.328,55.54]]]}},
{"type":"Feature","properties":{"name":null,"kind":"lake","rank":0,"minzoom":6},"geometry":{"type":"Polygon","coordinates":[[[38.651,61.344],[38.663,61.217],[38.761,61.195],[38.837,61.207],[38.895,61.255],[38.858,61.323],[38.917,61.445],[38.894,61.467],[38.708,61.421],[38.651,61.344]]]}},
{"type":"Feature","properties":{"name":null,"kind":"lake","rank":0,"minzoom":6},"geometry":{"type":"Polygon","coordinates":[[[28.869,66.311],[28.807,66.335],[28.727,66.331],[28.835,66.262],[28.833,66.233],[28.561,66.186],[28.506,66.136],[28.177,66.072],[28.138,66.074],[28.086,66.145],[28.03,66.162],[27.886,66.168],[28.025,66.119],[28.07,66.034],[28.364,66.034],[28.626,66.063],[29.089,66.299],[28.869,66.311]]]}},
{"type":"Feature","properties":{"name":"Umbozero Lake","kind":"lake","rank":0,"minzoom":6},"geometry":{"type":"Polygon","coordinates":[[[34.194,67.871],[34.237,67.771],[34.319,67.701],[34.318,67.545],[34.534,67.552],[34.582,67.593],[34.335,67.858],[34.28,67.887],[34.194,67.871]]]}},
{"type":"Feature","properties":{"name":"Lake Kovdozero","kind":"lake","rank":0,"minzoom":6},"geometry":{"type":"Polygon","coordinates":[[[32.315,66.502],[32.22,66.601],[32.339,66.674],[32.18,66.761],[32.239,66.816],[32.218,66.835],[31.948,66.841],[31.861,66.886],[31.746,66.912],[31.68,66.885],[31.765,66.858],[31.764,66.838],[31.621,66.822],[31.554,66.783],[31.577,66.758],[31.901,66.741],[31.963,66.7],[32.135,66.538],[31.983,66.499],[31.991,66.471],[32.12,66.471],[32.355,66.425],[32.397,66.445],[32.325,66.466],[32.315,66.502]]]}},
{"type":"Feature","properties":{"name":"Lake Tekapo","kind":"lake","rank":0,"minzoom":6},"geometry":{"type":"Polygon","coordinates":[[[170.656,-43.658],[170.6,-43.712],[170.559,-43.707],[170.519,-43.534],[170.5,-43.596],[170.53,-43.816],[170.512,-43.853],[170.51,-44.003],[170.575,-43.935],[170.576,-43.851],[170.656,-43.658]]]}},
{"type":"Feature","properties":{"name":"Ozero Bustakh","kind":"lake","rank":0,"minzoom":6},"geometry":{"type":"Polygon","coordinates":[[[142.194,72.562],[142.127,72.595],[141.965,72.608],[141.586,72.57],[141.639,72.476],[141.69,72.465],[141.96,72.484],[142.194,72.562]]]}},
{"type":"Feature","properties":{"name":"Yamzho Yumco","kind":"lake","rank":0,"minzoom":6},"geometry":{"type":"Polygon","coordinates":[[[90.931,28.923],[90.993,28.892],[90.992,28.978],[90.919,29.021],[90.876,29.024],[90.829,28.989],[90.788,28.991],[90.721,29.072],[90.729,29.13],[90.633,29.192],[90.562,29.211],[90.386,29.107],[90.388,29.093],[90.534,29.165],[90.59,29.167],[90.654,29.126],[90.672,29.011],[90.594,28.903],[90.53,28.861],[90.474,28.885],[90.447,28.878],[90.535,28.786],[90.59,28.797],[90.631,28.838],[90.715,28.883],[90.739,28.866],[90.768,28.914],[90.808,28.938],[90.931,28.923]]]}},
{"type":"Feature","properties":{"name":"Ozero Tenis","kind":"lake","rank":0,"minzoom":6},"geometry":{"type":"Polygon","coordinates":[[[72.003,56.202],[71.941,56.211],[71.82,56.189],[71.642,56.191],[71.625,56.178],[71.676,56.067],[71.718,56.058],[71.778,56.087],[71.947,56.109],[71.989,56.143],[72.003,56.202]]]}},
{"type":"Feature","properties":{"name":"Ozero Chërnoye","kind":"lake","rank":0,"minzoom":6},"geometry":{"type":"Polygon","coordinates":[[[67.679,55.801],[67.668,55.817],[67.595,55.821],[67.483,55.806],[67.382,55.869],[67.351,55.868],[67.298,55.745],[67.396,55.718],[67.504,55.713],[67.679,55.801]]]}},
{"type":"Feature","properties":{"name":null,"kind":"lake","rank":0,"minzoom":6},"geometry":{"type":"Polygon","coordinates":[[[32.91,65.975],[32.863,65.998],[32.898,66.043],[32.836,66.044],[32.745,65.948],[32.849,65.894],[32.842,65.876],[32.704,65.83],[32.743,65.769],[32.8,65.762],[33.072,65.833],[33.087,65.909],[32.91,65.975]]]}},
{"type":"Feature","properties":{"name":"Ozero Bol'šoe Morskoe","kind":"lake","rank":0,"minzoom":6},"geometry":{"type":"Polygon","coordinates":[[[158.934,70.092],[158.925,70.119],[158.709,70.138],[158.61,70.138],[158.546,70.099],[158.642,70.029],[158.792,69.99],[158.934,70.092]]]}},
{"type":"Feature","properties":{"name":"Ozero Chukochye","kind":"lake","rank":0,"minzoom":6},"geometry":{"type":"Polygon","coordinates":[[[160.025,69.456],[160.056,69.394],[160.248,69.352],[160.278,69.359],[160.206,69.411],[160.445,69.43],[160.325,69.489],[160.104,69.539],[160.055,69.538],[160.099,69.485],[160.025,69.456]]]}},
{"type":"Feature","properties":{"name":"Shijiu Hu","kind":"lake","rank":0,"minzoom":6},"geometry":{"type":"Polygon","coordinates":[[[118.78,31.409],[118.85,31.393],[118.96,31.465],[118.964,31.503],[118.941,31.554],[118.723,31.542],[118.78,31.409]]]}},
{"type":"Feature","properties":{"name":"Hong Hu","kind":"lake","rank":0,"minzoom":6},"geometry":{"type":"Polygon","coordinates":[[[113.451,29.94],[113.362,29.949],[113.331,29.894],[113.249,29.904],[113.23,29.893],[113.275,29.78],[113.312,29.749],[113.369,29.785],[113.454,29.914],[113.451,29.94]]]}},
{"type":"Feature","properties":{"name":"Võrtsjärv","kind":"lake","rank":0,"minzoom":6},"geometry":{"type":"Polygon","coordinates":[[[26.143,58.327],[26.121,58.374],[26.019,58.396],[25.966,58.382],[25.928,58.305],[26.051,58.146],[26.085,58.143],[26.143,58.327]]]}},
{"type":"Feature","properties":{"name":"Chao Hu","kind":"lake","rank":0,"minzoom":6},"geometry":{"type":"Polygon","coordinates":[[[117.941,31.521],[117.919,31.551],[117.733,31.66],[117.652,31.654],[117.543,31.591],[117.448,31.61],[117.413,31.694],[117.366,31.709],[117.315,31.697],[117.297,31.65],[117.317,31.592],[117.468,31.467],[117.563,31.445],[117.623,31.455],[117.784,31.579],[117.941,31.521]]]}},
{"type":"Feature","properties":{"name":null,"kind":"lake","rank":0,"minzoom":6},"geometry":{"type":"Polygon","coordinates":[[[12.899,63.652],[13.01,63.544],[13.113,63.497],[13.335,63.427],[13.358,63.451],[13.213,63.486],[13.119,63.554],[13.097,63.608],[13.11,63.671],[13.16,63.69],[13.276,63.686],[13.3,63.695],[13.273,63.711],[13.117,63.726],[13.012,63.712],[12.93,63.686],[12.899,63.652]]]}},
{"type":"Feature","properties":{"name":"Lake Rossignol","kind":"lake","rank":0,"minzoom":6},"geometry":{"type":"Polygon","coordinates":[[[-64.966,44.252],[-65.053,44.224],[-65.08,44.228],[-65.104,44.272],[-65.134,44.27],[-65.189,44.235],[-65.198,44.181],[-65.176,44.155],[-65.099,44.149],[-65.025,44.164],[-64.966,44.252]]]}},
{"type":"Feature","properties":{"name":"Grand Lake","kind":"lake","rank":0,"minzoom":6},"geometry":{"type":"Polygon","coordinates":[[[-66.106,45.871],[-65.989,45.942],[-65.93,46.034],[-65.92,46.093],[-65.942,46.099],[-66.027,46.05],[-66.077,45.953],[-66.19,45.881],[-66.15,45.856],[-66.106,45.871]]]}},
{"type":"Feature","properties":{"name":"Goose Lake","kind":"alkaline","rank":0,"minzoom":6},"geometry":{"type":"Polygon","coordinates":[[[-120.324,41.987],[-120.323,42.04],[-120.344,42.066],[-120.411,42.107],[-120.449,42.088],[-120.475,42.065],[-120.489,41.988],[-120.484,41.869],[-120.443,41.785],[-120.396,41.792],[-120.324,41.987]]]}},
{"type":"Feature","properties":{"name":"Pyramid Lake","kind":"alkaline","rank":0,"minzoom":6},"geometry":{"type":"Polygon","coordinates":[[[-119.432,39.903],[-119.483,39.974],[-119.534,40.181],[-119.577,40.209],[-119.641,40.191],[-119.696,40.123],[-119.636,40.028],[-119.487,39.878],[-119.446,39.868],[-119.432,39.903]]]}},
{"type":"Feature","properties":{"name":"Lake Sevan","kind":"lake","rank":0,"minzoom":6},"geometry":{"type":"Polygon","coordinates":[[[44.99,40.515],[45.095,40.461],[45.183,40.385],[45.248,40.197],[45.276,40.164],[45.313,40.149],[45.543,40.156],[45.651,40.195],[45.656,40.243],[45.602,40.318],[45.373,40.479],[45.242,40.51],[45.095,40.59],[45.015,40.614],[44.986,40.612],[44.972,40.542],[44.99,40.515]]]}},
{"type":"Feature","properties":{"name":null,"kind":"lake","rank":0,"minzoom":6},"geometry":{"type":"Polygon","coordinates":[[[114.839,30.287],[114.834,30.327],[114.806,30.345],[114.713,30.33],[114.674,30.3],[114.679,30.228],[114.704,30.212],[114.778,30.215],[114.739,30.279],[114.839,30.287]]]}},
{"type":"Feature","properties":{"name":null,"kind":"lake","rank":0,"minzoom":6},"geometry":{"type":"Polygon","coordinates":[[[114.601,30.662],[114.584,30.65],[114.622,30.608],[114.696,30.613],[114.786,30.663],[114.781,30.701],[114.719,30.751],[114.646,30.715],[114.64,30.66],[114.601,30.662]]]}},
{"type":"Feature","properties":{"name":"Weishan Hu","kind":"lake","rank":0,"minzoom":6},"geometry":{"type":"Polygon","coordinates":[[[117.326,34.587],[117.318,34.621],[117.266,34.665],[117.179,34.719],[117.139,34.725],[117.141,34.612],[117.21,34.498],[117.25,34.502],[117.326,34.587]]]}},
{"type":"Feature","properties":{"name":null,"kind":"lake","rank":0,"minzoom":6},"geometry":{"type":"Polygon","coordinates":[[[114.601,30.344],[114.655,30.346],[114.683,30.397],[114.753,30.429],[114.756,30.477],[114.701,30.512],[114.666,30.49],[114.609,30.496],[114.633,30.44],[114.601,30.399],[114.533,30.435],[114.482,30.431],[114.601,30.344]]]}},
{"type":"Feature","properties":{"name":"Huangtang Hu","kind":"lake","rank":0,"minzoom":6},"geometry":{"type":"Polygon","coordinates":[[[114.301,30.025],[114.294,30.043],[114.253,30.045],[114.237,30.084],[114.249,30.141],[114.218,30.141],[114.177,30.114],[114.147,30.083],[114.143,29.988],[114.171,29.921],[114.218,29.901],[114.255,29.906],[114.252,29.972],[114.301,30.025]]]}},
{"type":"Feature","properties":{"name":null,"kind":"lake","rank":0,"minzoom":6},"geometry":{"type":"Polygon","coordinates":[[[114.158,29.872],[114.101,30.022],[114.074,30.027],[113.941,29.981],[113.944,29.966],[113.996,29.959],[114.003,29.942],[113.969,29.88],[114.087,29.934],[114.137,29.862],[114.158,29.872]]]}},
{"type":"Feature","properties":{"name":"Millerton Lake","kind":"reservoir","rank":0,"minzoom":6},"geometry":{"type":"Polygon","coordinates":[[[-119.603,37.057],[-119.672,37.028],[-119.693,37],[-119.603,37.031],[-119.603,37.057]]]}},
{"type":"Feature","properties":{"name":"Bluenose Lake","kind":"lake","rank":0,"minzoom":6},"geometry":{"type":"Polygon","coordinates":[[[-119.875,68.558],[-119.835,68.484],[-119.848,68.254],[-119.734,68.255],[-119.525,68.332],[-119.511,68.361],[-119.59,68.396],[-119.65,68.471],[-119.595,68.574],[-119.47,68.608],[-119.665,68.754],[-119.72,68.746],[-119.825,68.661],[-119.806,68.619],[-119.875,68.558]]]}},
{"type":"Feature","properties":{"name":"Réservoir Pipmuacan","kind":"reservoir","rank":0,"minzoom":6},"geometry":{"type":"Polygon","coordinates":[[[-70.08,49.44],[-70.029,49.498],[-69.946,49.518],[-69.902,49.481],[-69.856,49.342],[-69.783,49.339],[-69.899,49.545],[-69.951,49.555],[-70.017,49.597],[-70.135,49.708],[-70.171,49.684],[-70.236,49.699],[-70.317,49.864],[-70.377,49.887],[-70.307,49.748],[-70.305,49.701],[-70.34,49.67],[-70.442,49.684],[-70.585,49.572],[-70.667,49.531],[-70.716,49.525],[-70.834,49.625],[-70.963,49.406],[-70.94,49.408],[-70.855,49.525],[-70.816,49.543],[-70.789,49.536],[-70.736,49.442],[-70.701,49.427],[-70.639,49.466],[-70.571,49.473],[-70.516,49.411],[-70.467,49.532],[-70.354,49.504],[-70.329,49.523],[-70.351,49.59],[-70.283,49.641],[-70.157,49.592],[-70.137,49.491],[-70.08,49.44]]]}},
{"type":"Feature","properties":{"name":"Grand Lake","kind":"lake","rank":0,"minzoom":6},"geometry":{"type":"Polygon","coordinates":[[[-57.035,49.265],[-57.262,49.181],[-57.27,49.099],[-57.371,49.011],[-57.562,48.894],[-57.665,48.859],[-57.78,48.774],[-58.013,48.663],[-57.859,48.643],[-57.76,48.672],[-57.578,48.786],[-57.513,48.858],[-57.24,49.056],[-57.13,49.166],[-57.053,49.215],[-56.97,49.227],[-56.928,49.264],[-56.963,49.336],[-56.99,49.332],[-57.035,49.265]]]}},
{"type":"Feature","properties":{"name":null,"kind":"lake","rank":0,"minzoom":6},"geometry":{"type":"Polygon","coordinates":[[[-126.357,67.271],[-126.206,67.304],[-126.205,67.419],[-126.398,67.488],[-126.494,67.552],[-126.614,67.578],[-126.762,67.56],[-126.613,67.522],[-126.548,67.442],[-126.495,67.263],[-126.419,67.256],[-126.357,67.271]]]}},
{"type":"Feature","properties":{"name":"Colville Lake","kind":"lake","rank":0,"minzoom":6},"geometry":{"type":"Polygon","coordinates":[[[-125.751,67.313],[-126.235,67.215],[-126.184,67.138],[-126.222,67.085],[-126.166,67.065],[-126.061,67.059],[-125.918,67.079],[-125.828,67.124],[-125.73,67.297],[-125.751,67.313]]]}},
{"type":"Feature","properties":{"name":"Hottah Lake","kind":"lake","rank":0,"minzoom":6},"geometry":{"type":"Polygon","coordinates":[[[-118.666,64.999],[-118.636,64.928],[-118.488,64.841],[-118.333,64.781],[-118.146,64.795],[-118.156,64.852],[-118.239,64.845],[-118.319,64.873],[-118.325,64.903],[-118.237,64.986],[-118.282,65.069],[-118.246,65.136],[-118.265,65.199],[-118.445,65.291],[-118.659,65.262],[-118.825,65.217],[-118.832,65.192],[-118.677,65.081],[-118.666,64.999]]]}},
{"type":"Feature","properties":{"name":"Big Trout Lake","kind":"lake","rank":0,"minzoom":6},"geometry":{"type":"Polygon","coordinates":[[[-90.357,53.766],[-90.167,53.747],[-90.034,53.685],[-89.939,53.679],[-89.814,53.69],[-89.609,53.772],[-89.847,53.815],[-90.002,53.886],[-90.101,53.871],[-90.171,53.838],[-90.252,53.87],[-90.29,53.868],[-90.357,53.766]]]}},
{"type":"Feature","properties":{"name":"Trout Lake","kind":"lake","rank":0,"minzoom":6},"geometry":{"type":"Polygon","coordinates":[[[-93.165,51.071],[-93.137,51.123],[-93.072,51.173],[-93.175,51.295],[-93.283,51.279],[-93.37,51.302],[-93.48,51.237],[-93.481,51.208],[-93.429,51.154],[-93.32,51.075],[-93.235,51.033],[-93.165,51.071]]]}},
{"type":"Feature","properties":{"name":"Island Lake","kind":"lake","rank":0,"minzoom":6},"geometry":{"type":"Polygon","coordinates":[[[-94.236,53.734],[-94.103,53.759],[-94.014,53.798],[-94.002,53.847],[-94.048,53.882],[-94.131,53.892],[-94.59,53.858],[-94.689,53.897],[-94.601,53.972],[-94.634,53.986],[-94.754,53.989],[-94.933,53.933],[-94.933,53.827],[-94.682,53.733],[-94.518,53.71],[-94.236,53.734]]]}},
{"type":"Feature","properties":{"name":"Lake Naococane","kind":"lake","rank":0,"minzoom":6},"geometry":{"type":"Polygon","coordinates":[[[-70.509,52.996],[-70.527,53.007],[-70.599,52.988],[-70.691,52.998],[-70.82,53.06],[-70.828,53.015],[-70.748,52.996],[-70.75,52.963],[-70.924,52.938],[-70.982,52.872],[-70.981,52.841],[-70.94,52.817],[-70.817,52.909],[-70.783,52.899],[-70.762,52.787],[-70.703,52.775],[-70.64,52.736],[-70.577,52.803],[-70.538,52.8],[-70.522,52.682],[-70.487,52.63],[-70.433,52.61],[-70.422,52.639],[-70.468,52.746],[-70.464,52.863],[-70.484,52.872],[-70.397,52.974],[-70.509,52.996]]]}},
{"type":"Feature","properties":{"name":"Lac la Ronge","kind":"lake","rank":0,"minzoom":6},"geometry":{"type":"Polygon","coordinates":[[[-104.396,55.16],[-104.369,55.182],[-104.4,55.247],[-104.519,55.257],[-104.59,55.302],[-104.798,55.292],[-104.833,55.306],[-104.955,55.28],[-105.081,55.302],[-105.237,55.219],[-105.218,55.156],[-105.258,55.074],[-105.237,54.957],[-105.128,54.925],[-104.822,54.994],[-104.735,55.09],[-104.637,55.148],[-104.591,55.154],[-104.507,55.133],[-104.396,55.16]]]}},
{"type":"Feature","properties":{"name":"Mille Lacs Lake","kind":"lake","rank":0,"minzoom":6},"geometry":{"type":"Polygon","coordinates":[[[-93.534,46.249],[-93.552,46.341],[-93.607,46.36],[-93.758,46.308],[-93.795,46.255],[-93.775,46.2],[-93.726,46.158],[-93.668,46.137],[-93.54,46.15],[-93.514,46.177],[-93.534,46.249]]]}},
{"type":"Feature","properties":{"name":"Lake Winnipesaukee","kind":"lake","rank":0,"minzoom":6},"geometry":{"type":"Polygon","coordinates":[[[-71.293,43.635],[-71.331,43.7],[-71.399,43.725],[-71.443,43.628],[-71.277,43.532],[-71.232,43.54],[-71.216,43.587],[-71.293,43.635]]]}},
{"type":"Feature","properties":{"name":"Lake Simcoe","kind":"lake","rank":0,"minzoom":6},"geometry":{"type":"Polygon","coordinates":[[[-79.448,44.31],[-79.202,44.384],[-79.163,44.45],[-79.211,44.535],[-79.341,44.636],[-79.373,44.698],[-79.393,44.603],[-79.445,44.51],[-79.584,44.405],[-79.537,44.353],[-79.499,44.227],[-79.448,44.31]]]}},
{"type":"Feature","properties":{"name":"Gods Lake","kind":"lake","rank":0,"minzoom":6},"geometry":{"type":"Polygon","coordinates":[[[-93.923,54.835],[-94.11,54.85],[-94.272,54.842],[-94.477,54.801],[-94.508,54.669],[-94.65,54.541],[-94.735,54.5],[-94.768,54.454],[-94.763,54.412],[-94.495,54.502],[-94.414,54.586],[-93.989,54.671],[-93.912,54.744],[-93.702,54.758],[-93.647,54.779],[-93.923,54.835]]]}},
{"type":"Feature","properties":{"name":"Hoh Xil Hu","kind":"lake","rank":0,"minzoom":6},"geometry":{"type":"Polygon","coordinates":[[[91.316,35.595],[91.222,35.646],[91.199,35.634],[90.993,35.653],[90.95,35.634],[91.043,35.565],[91.268,35.528],[91.316,35.595]]]}},
{"type":"Feature","properties":{"name":"Lake Hammar","kind":"alkaline","rank":0,"minzoom":6},"geometry":{"type":"Polygon","coordinates":[[[47.608,30.689],[47.5,30.809],[47.429,30.812],[47.29,30.772],[47.063,30.828],[46.861,30.917],[46.748,30.903],[46.712,30.867],[46.719,30.837],[46.792,30.803],[46.822,30.725],[47.104,30.74],[47.491,30.663],[47.573,30.664],[47.608,30.689]]]}},
{"type":"Feature","properties":{"name":"Malheur Lake","kind":"alkaline","rank":0,"minzoom":6},"geometry":{"type":"Polygon","coordinates":[[[-118.68,43.29],[-118.623,43.282],[-118.612,43.298],[-118.664,43.405],[-118.791,43.425],[-118.929,43.414],[-118.948,43.394],[-118.903,43.303],[-118.821,43.24],[-118.721,43.291],[-118.68,43.29]]]}},
{"type":"Feature","properties":{"name":null,"kind":"lake","rank":0,"minzoom":6},"geometry":{"type":"Polygon","coordinates":[[[-56.483,48.3],[-56.466,48.329],[-56.524,48.363],[-56.56,48.352],[-56.712,48.182],[-56.586,48.232],[-56.483,48.3]]]}},
{"type":"Feature","properties":{"name":null,"kind":"lake","rank":0,"minzoom":6},"geometry":{"type":"Polygon","coordinates":[[[-95.6,55.615],[-95.795,55.569],[-95.817,55.526],[-95.896,55.487],[-95.918,55.419],[-95.769,55.442],[-95.714,55.477],[-95.6,55.615]]]}},
{"type":"Feature","properties":{"name":null,"kind":"lake","rank":0,"minzoom":6},"geometry":{"type":"Polygon","coordinates":[[[-165.382,65.205],[-165.82,65.191],[-165.898,65.165],[-165.888,65.138],[-165.792,65.091],[-165.708,65.08],[-165.482,65.134],[-165.382,65.205]]]}},
{"type":"Feature","properties":{"name":null,"kind":"lake","rank":0,"minzoom":6},"geometry":{"type":"Polygon","coordinates":[[[-163.798,61.144],[-163.547,61.231],[-163.826,61.217],[-163.889,61.196],[-163.936,61.145],[-163.842,61.055],[-163.816,61.055],[-163.781,61.106],[-163.798,61.144]]]}},
{"type":"Feature","properties":{"name":null,"kind":"lake","rank":0,"minzoom":6},"geometry":{"type":"Polygon","coordinates":[[[-162.508,60.795],[-162.655,60.843],[-162.714,60.842],[-162.768,60.818],[-162.573,60.76],[-162.502,60.772],[-162.508,60.795]]]}},
{"type":"Feature","properties":{"name":"Tikchik Lakes","kind":"lake","rank":0,"minzoom":6},"geometry":{"type":"Polygon","coordinates":[[[-158.863,59.201],[-158.878,59.252],[-158.945,59.314],[-159.058,59.337],[-158.959,59.246],[-158.913,59.164],[-158.875,59.166],[-158.863,59.201]]]}},
{"type":"Feature","properties":{"name":"Tikchik Lakes","kind":"lake","rank":0,"minzoom":6},"geometry":{"type":"Polygon","coordinates":[[[-158.223,59.943],[-158.307,59.98],[-158.423,59.983],[-158.486,60.012],[-158.542,60.016],[-159,59.948],[-159.132,59.951],[-159.092,59.9],[-159.024,59.896],[-158.826,59.911],[-158.535,59.961],[-158.223,59.943]]]}},
{"type":"Feature","properties":{"name":"Tikchik Lakes","kind":"lake","rank":0,"minzoom":6},"geometry":{"type":"Polygon","coordinates":[[[-159.159,60.196],[-159.083,60.212],[-158.781,60.19],[-158.774,60.216],[-158.874,60.264],[-158.853,60.283],[-159.058,60.242],[-159.159,60.196]]]}},
{"type":"Feature","properties":{"name":"Tikchik Lakes","kind":"lake","rank":0,"minzoom":6},"geometry":{"type":"Polygon","coordinates":[[[-158.708,59.564],[-158.647,59.596],[-158.794,59.603],[-158.945,59.586],[-159.094,59.653],[-159.133,59.651],[-158.992,59.516],[-158.805,59.445],[-158.582,59.425],[-158.663,59.465],[-158.804,59.491],[-158.835,59.518],[-158.825,59.543],[-158.708,59.564]]]}},
{"type":"Feature","properties":{"name":"Khyargas Nuur","kind":"alkaline","rank":0,"minzoom":6},"geometry":{"type":"Polygon","coordinates":[[[93.799,49.129],[93.786,49.158],[93.654,49.215],[93.471,49.205],[93.26,49.292],[93.059,49.322],[92.864,49.306],[92.835,49.282],[92.832,49.253],[92.865,49.225],[93.241,49.097],[93.397,48.991],[93.779,49.103],[93.799,49.129]]]}},
{"type":"Feature","properties":{"name":null,"kind":"lake","rank":0,"minzoom":6},"geometry":{"type":"Polygon","coordinates":[[[85.888,30.929],[85.875,30.978],[85.81,31.005],[85.725,31.028],[85.561,31.028],[85.476,31.045],[85.402,31.035],[85.361,30.992],[85.352,30.944],[85.377,30.906],[85.513,30.846],[85.568,30.842],[85.64,30.869],[85.692,30.87],[85.757,30.84],[85.786,30.789],[85.783,30.759],[85.827,30.783],[85.851,30.886],[85.888,30.929]]]}},
{"type":"Feature","properties":{"name":"Lake Assal","kind":"alkaline","rank":0,"minzoom":6},"geometry":{"type":"Polygon","coordinates":[[[42.447,11.677],[42.411,11.712],[42.399,11.645],[42.417,11.629],[42.441,11.64],[42.447,11.677]]]}},
{"type":"Feature","properties":{"name":"Rainy Lake","kind":"lake","rank":0,"minzoom":6},"geometry":{"type":"Polygon","coordinates":[[[-92.918,48.433],[-92.6,48.424],[-92.52,48.399],[-92.456,48.351],[-92.441,48.357],[-92.449,48.424],[-92.491,48.456],[-92.6,48.485],[-92.57,48.5],[-92.585,48.534],[-92.655,48.6],[-92.732,48.588],[-92.866,48.615],[-92.87,48.635],[-92.779,48.678],[-92.793,48.695],[-93.119,48.668],[-93.149,48.675],[-93.124,48.728],[-93.223,48.67],[-93.261,48.674],[-93.2,48.746],[-93.203,48.791],[-93.262,48.825],[-93.322,48.934],[-93.463,48.903],[-93.434,48.846],[-93.613,48.834],[-93.496,48.813],[-93.365,48.748],[-93.352,48.717],[-93.403,48.705],[-93.401,48.681],[-93.37,48.657],[-93.382,48.616],[-93.339,48.6],[-93.279,48.607],[-93.117,48.553],[-93.109,48.581],[-93.001,48.593],[-92.948,48.586],[-92.936,48.565],[-92.698,48.517],[-92.788,48.455],[-93.056,48.513],[-93.071,48.504],[-92.995,48.451],[-92.918,48.433]]]}},
{"type":"Feature","properties":{"name":"Williston Lake","kind":"reservoir","rank":0,"minzoom":6},"geometry":{"type":"Polygon","coordinates":[[[-122.502,56.084],[-122.345,56.029],[-122.222,56.021],[-122.223,56.058],[-122.264,56.084],[-122.566,56.158],[-122.971,56.116],[-123.091,56.076],[-123.118,56.048],[-123.238,56.029],[-123.788,56.072],[-123.97,56.061],[-124.038,56.1],[-124.073,56.154],[-124.053,56.223],[-124.073,56.255],[-124.142,56.237],[-124.249,56.263],[-124.359,56.345],[-124.459,56.471],[-124.759,56.742],[-124.836,56.757],[-124.834,56.713],[-124.345,56.21],[-124.158,56.087],[-124.166,56.067],[-124.215,56.053],[-124.508,56.114],[-124.21,56.014],[-124.033,56],[-124.04,55.913],[-123.921,55.829],[-123.809,55.794],[-123.506,55.613],[-123.415,55.534],[-123.144,55.176],[-123.169,55.393],[-123.232,55.425],[-123.449,55.623],[-123.657,55.752],[-123.715,55.848],[-123.774,55.887],[-123.782,55.995],[-123.716,56.015],[-123.139,55.974],[-123.012,56.04],[-122.925,56.058],[-122.603,56.09],[-122.502,56.084]]]}},
{"type":"Feature","properties":{"name":"Split Lake","kind":"lake","rank":0,"minzoom":6},"geometry":{"type":"Polygon","coordinates":[[[-96.049,56.136],[-96.044,56.156],[-96.105,56.203],[-95.865,56.265],[-95.842,56.291],[-95.906,56.302],[-96.054,56.273],[-96.279,56.177],[-96.504,56.15],[-96.572,56.086],[-96.553,56.063],[-96.358,56.094],[-96.086,56.079],[-96.081,56.118],[-96.049,56.136]]]}},
{"type":"Feature","properties":{"name":"Ft. Peck Lake","kind":"reservoir","rank":0,"minzoom":6},"geometry":{"type":"Polygon","coordinates":[[[-106.217,47.585],[-106.267,47.793],[-106.253,47.815],[-106.345,47.879],[-106.358,47.925],[-106.325,47.985],[-106.366,48.015],[-106.433,48.027],[-106.59,47.958],[-106.566,47.907],[-106.596,47.86],[-106.769,47.788],[-106.933,47.764],[-106.93,47.725],[-107.336,47.728],[-107.455,47.662],[-107.714,47.688],[-107.685,47.646],[-107.841,47.526],[-107.889,47.538],[-107.959,47.601],[-108.045,47.614],[-108.196,47.602],[-108.17,47.584],[-108.044,47.58],[-107.949,47.558],[-107.916,47.509],[-107.911,47.39],[-107.846,47.468],[-107.612,47.623],[-107.429,47.635],[-107.333,47.685],[-107.183,47.685],[-107.03,47.666],[-106.993,47.644],[-106.906,47.672],[-106.862,47.631],[-106.813,47.716],[-106.556,47.75],[-106.521,47.828],[-106.454,47.879],[-106.42,47.876],[-106.384,47.848],[-106.251,47.644],[-106.269,47.548],[-106.217,47.585]]]}},
{"type":"Feature","properties":{"name":"Lake Sakakawea","kind":"reservoir","rank":0,"minzoom":6},"geometry":{"type":"Polygon","coordinates":[[[-102.147,47.568],[-102.032,47.529],[-101.917,47.464],[-101.59,47.515],[-101.4,47.506],[-101.14,47.606],[-101.163,47.634],[-101.203,47.645],[-101.589,47.599],[-101.718,47.567],[-101.884,47.561],[-102.16,47.624],[-102.212,47.677],[-102.169,47.729],[-102.24,47.766],[-102.294,47.912],[-102.258,47.978],[-102.415,47.938],[-102.384,47.82],[-102.408,47.806],[-102.527,47.822],[-102.575,47.844],[-102.557,47.968],[-102.598,48.053],[-102.675,48.105],[-102.916,48.171],[-103.118,48.171],[-103.353,48.076],[-103.45,48.067],[-103.575,48.153],[-103.666,48.142],[-103.759,48.074],[-103.772,48.027],[-103.75,48.017],[-103.583,48.097],[-103.52,48.027],[-103.459,48.016],[-103.339,48.03],[-103.186,48.097],[-103.059,48.125],[-102.901,48.12],[-102.761,48.084],[-102.657,48.035],[-102.614,47.992],[-102.653,47.916],[-102.616,47.819],[-102.561,47.785],[-102.336,47.757],[-102.299,47.657],[-102.42,47.59],[-102.429,47.562],[-102.333,47.586],[-102.237,47.589],[-102.147,47.568]]]}},
{"type":"Feature","properties":{"name":"Teslin Lake","kind":"lake","rank":0,"minzoom":6},"geometry":{"type":"Polygon","coordinates":[[[-132.095,59.607],[-132.089,59.644],[-132.202,59.77],[-132.23,59.849],[-132.364,59.986],[-132.522,60.098],[-132.798,60.192],[-132.98,60.297],[-133.138,60.427],[-133.245,60.449],[-132.958,60.201],[-132.61,60.05],[-132.399,59.922],[-132.159,59.626],[-132.125,59.604],[-132.095,59.607]]]}},
{"type":"Feature","properties":{"name":"Lower Arrow Lake","kind":"reservoir","rank":0,"minzoom":6},"geometry":{"type":"Polygon","coordinates":[[[-117.907,49.342],[-117.911,49.375],[-118.048,49.457],[-118.087,49.515],[-118.109,49.583],[-118.092,49.802],[-118.128,49.752],[-118.156,49.601],[-118.139,49.521],[-118.063,49.412],[-117.957,49.336],[-117.907,49.342]]]}},
{"type":"Feature","properties":{"name":"Lake Pend Oreille","kind":"lake","rank":0,"minzoom":6},"geometry":{"type":"Polygon","coordinates":[[[-116.215,48.16],[-116.362,48.284],[-116.433,48.302],[-116.499,48.301],[-116.53,48.284],[-116.569,48.25],[-116.525,48.242],[-116.469,48.263],[-116.4,48.247],[-116.374,48.208],[-116.458,48.168],[-116.553,47.971],[-116.529,47.964],[-116.456,47.984],[-116.441,48.075],[-116.41,48.107],[-116.215,48.16]]]}},
{"type":"Feature","properties":{"name":"Lake Chelan","kind":"reservoir","rank":0,"minzoom":6},"geometry":{"type":"Polygon","coordinates":[[[-120.011,47.852],[-120.628,48.279],[-120.53,48.162],[-120.205,47.962],[-120.172,47.914],[-120.118,47.88],[-120.011,47.852]]]}},
{"type":"Feature","properties":{"name":"Black Lake","kind":"lake","rank":0,"minzoom":6},"geometry":{"type":"Polygon","coordinates":[[[-105.394,59.128],[-105.012,59.173],[-104.948,59.237],[-105.012,59.263],[-105.215,59.296],[-105.806,59.031],[-105.868,58.939],[-105.835,58.919],[-105.785,58.922],[-105.66,59.055],[-105.554,59.099],[-105.394,59.128]]]}},
{"type":"Feature","properties":{"name":"Lake Louise","kind":"lake","rank":0,"minzoom":6},"geometry":{"type":"Polygon","coordinates":[[[-146.473,62.332],[-146.61,62.414],[-146.661,62.508],[-146.684,62.504],[-146.704,62.411],[-146.653,62.362],[-146.564,62.293],[-146.515,62.282],[-146.473,62.332]]]}},
{"type":"Feature","properties":{"name":"Lower Red Lake","kind":"lake","rank":0,"minzoom":6},"geometry":{"type":"Polygon","coordinates":[[[-94.97,48.032],[-95.011,48.06],[-95.086,48.065],[-95.187,48.033],[-95.251,47.989],[-95.271,47.942],[-95.248,47.907],[-95.111,47.889],[-94.897,47.892],[-94.792,47.91],[-94.783,47.97],[-94.97,48.032]]]}},
{"type":"Feature","properties":{"name":"Upper Red Lake","kind":"lake","rank":0,"minzoom":6},"geometry":{"type":"Polygon","coordinates":[[[-95.02,48.125],[-95.031,48.094],[-95.008,48.072],[-94.75,48.066],[-94.6,48.106],[-94.558,48.141],[-94.561,48.178],[-94.612,48.199],[-94.69,48.203],[-94.84,48.184],[-94.975,48.152],[-95.02,48.125]]]}},
{"type":"Feature","properties":{"name":"Yathkyed Lake","kind":"lake","rank":0,"minzoom":6},"geometry":{"type":"Polygon","coordinates":[[[-97.969,62.548],[-98.048,62.527],[-97.913,62.459],[-97.842,62.5],[-97.702,62.507],[-97.445,62.422],[-97.377,62.432],[-97.309,62.485],[-97.349,62.508],[-97.36,62.484],[-97.427,62.502],[-97.518,62.603],[-97.613,62.663],[-97.662,62.864],[-97.618,62.924],[-97.63,62.979],[-97.764,62.864],[-97.983,62.864],[-98.099,62.842],[-98.194,62.851],[-98.207,62.81],[-98.356,62.811],[-98.458,62.829],[-98.356,62.708],[-98.35,62.616],[-98.315,62.618],[-98.206,62.69],[-98.132,62.664],[-97.969,62.548]]]}},
{"type":"Feature","properties":{"name":"Amadjuak Lake","kind":"lake","rank":0,"minzoom":6},"geometry":{"type":"Polygon","coordinates":[[[-70.647,64.686],[-70.729,64.639],[-70.721,64.622],[-70.416,64.581],[-70.385,64.59],[-70.467,64.621],[-70.48,64.664],[-70.384,64.717],[-70.633,64.908],[-70.695,65.024],[-70.771,65.07],[-71.231,65.211],[-71.3,65.266],[-71.542,65.31],[-71.737,65.408],[-71.765,65.397],[-71.665,65.308],[-71.691,65.242],[-71.546,65.082],[-71.638,64.985],[-71.534,64.947],[-71.512,64.906],[-71.75,64.861],[-71.708,64.829],[-71.748,64.819],[-71.873,64.844],[-71.819,64.91],[-71.963,64.913],[-71.956,64.948],[-72.053,64.91],[-71.898,64.778],[-71.899,64.728],[-71.657,64.632],[-71.563,64.613],[-71.225,64.643],[-70.999,64.787],[-70.917,64.792],[-70.804,64.774],[-70.637,64.711],[-70.647,64.686]]]}},
{"type":"Feature","properties":{"name":"Amistad Reservoir","kind":"reservoir","rank":0,"minzoom":6},"geometry":{"type":"Polygon","coordinates":[[[-100.918,29.502],[-100.951,29.529],[-100.951,29.61],[-100.993,29.535],[-101.004,29.548],[-101.072,29.51],[-101.275,29.648],[-101.31,29.622],[-101.302,29.584],[-101.28,29.585],[-101.261,29.562],[-101.287,29.506],[-101.272,29.498],[-101.233,29.503],[-101.1,29.458],[-101.039,29.46],[-100.918,29.502]]]}},
{"type":"Feature","properties":{"name":"Cabonga Reservoir","kind":"lake","rank":0,"minzoom":6},"geometry":{"type":"Polygon","coordinates":[[[-76.479,47.138],[-76.517,47.201],[-76.475,47.331],[-76.408,47.446],[-76.459,47.476],[-76.633,47.51],[-76.605,47.572],[-76.715,47.524],[-76.722,47.54],[-76.699,47.57],[-76.516,47.673],[-76.522,47.691],[-76.819,47.517],[-76.823,47.498],[-76.779,47.476],[-76.781,47.357],[-76.741,47.355],[-76.707,47.242],[-76.669,47.2],[-76.639,47.185],[-76.668,47.266],[-76.651,47.278],[-76.603,47.241],[-76.535,47.109],[-76.393,47.056],[-76.331,47.083],[-76.327,47.102],[-76.359,47.119],[-76.479,47.138]]]}},
{"type":"Feature","properties":{"name":"Lago de Chapala","kind":"lake","rank":0,"minzoom":6},"geometry":{"type":"Polygon","coordinates":[[[-102.711,20.194],[-102.77,20.198],[-102.894,20.319],[-103.002,20.329],[-103.372,20.26],[-103.34,20.231],[-103.17,20.179],[-103.008,20.183],[-102.786,20.124],[-102.713,20.162],[-102.7,20.182],[-102.711,20.194]]]}},
{"type":"Feature","properties":{"name":"Lago de Managua","kind":"lake","rank":0,"minzoom":6},"geometry":{"type":"Polygon","coordinates":[[[-86.104,12.312],[-86.119,12.329],[-86.161,12.315],[-86.236,12.383],[-86.294,12.474],[-86.339,12.48],[-86.468,12.428],[-86.589,12.405],[-86.572,12.343],[-86.47,12.274],[-86.323,12.28],[-86.304,12.265],[-86.315,12.177],[-86.261,12.172],[-86.105,12.208],[-86.104,12.312]]]}},
{"type":"Feature","properties":{"name":"Itaipú Reservoir","kind":"reservoir","rank":0,"minzoom":6},"geometry":{"type":"Polygon","coordinates":[[[-54.183,-24.708],[-54.259,-24.642],[-54.252,-24.286],[-54.283,-24.144],[-54.267,-24.066],[-54.35,-24.122],[-54.368,-24.211],[-54.313,-24.322],[-54.312,-24.368],[-54.332,-24.404],[-54.382,-24.416],[-54.4,-24.454],[-54.388,-24.509],[-54.42,-24.542],[-54.419,-24.579],[-54.387,-24.62],[-54.386,-24.659],[-54.4,-24.69],[-54.49,-24.712],[-54.524,-24.75],[-54.466,-24.804],[-54.474,-24.848],[-54.531,-24.877],[-54.612,-24.884],[-54.77,-24.868],[-54.795,-24.88],[-54.526,-24.935],[-54.506,-24.965],[-54.528,-25.053],[-54.712,-25.043],[-54.754,-25.063],[-54.721,-25.088],[-54.576,-25.112],[-54.58,-25.128],[-54.527,-25.155],[-54.519,-25.19],[-54.547,-25.235],[-54.608,-25.267],[-54.634,-25.302],[-54.634,-25.417],[-54.611,-25.433],[-54.582,-25.44],[-54.527,-25.396],[-54.491,-25.387],[-54.424,-25.389],[-54.402,-25.371],[-54.433,-25.309],[-54.201,-25.24],[-54.377,-25.18],[-54.377,-25.151],[-54.348,-25.139],[-54.318,-25.079],[-54.337,-25.033],[-54.387,-24.982],[-54.393,-24.946],[-54.357,-24.892],[-54.221,-24.92],[-54.308,-24.819],[-54.312,-24.783],[-54.292,-24.751],[-54.183,-24.708]]]}},
{"type":"Feature","properties":{"name":"Lago Gatun","kind":"lake","rank":0,"minzoom":6},"geometry":{"type":"Polygon","coordinates":[[[-79.671,9.144],[-79.739,9.13],[-79.808,9.172],[-79.844,9.222],[-79.799,9.254],[-79.809,9.316],[-79.822,9.32],[-79.923,9.267],[-79.953,9.192],[-80.076,9.016],[-80.03,9.026],[-80.012,9.06],[-79.96,9.023],[-79.9,9.154],[-79.811,9.105],[-79.855,9.055],[-79.847,9.045],[-79.691,9.104],[-79.671,9.144]]]}},
{"type":"Feature","properties":{"name":"Lake Kariba","kind":"reservoir","rank":0,"minzoom":6},"geometry":{"type":"Polygon","coordinates":[[[28.988,-16.611],[28.943,-16.576],[28.854,-16.572],[28.623,-16.495],[28.579,-16.506],[28.53,-16.546],[28.497,-16.54],[28.393,-16.586],[28.29,-16.543],[28.298,-16.568],[28.283,-16.601],[28.175,-16.655],[28.168,-16.707],[28.042,-16.818],[27.975,-16.819],[27.899,-16.769],[27.794,-16.819],[27.789,-16.836],[27.831,-16.901],[27.705,-16.94],[27.717,-16.959],[27.688,-17.066],[27.609,-17.073],[27.431,-17.3],[27.344,-17.46],[27.372,-17.479],[27.371,-17.504],[27.338,-17.55],[27.172,-17.689],[27.107,-17.771],[27.094,-17.848],[27.018,-17.927],[27.021,-17.958],[27.077,-17.956],[27.353,-17.602],[27.453,-17.568],[27.462,-17.559],[27.44,-17.553],[27.455,-17.533],[27.576,-17.451],[27.668,-17.254],[27.705,-17.207],[27.75,-17.175],[27.841,-17.146],[27.959,-17.04],[28.047,-17.065],[28.076,-17.046],[28.102,-16.993],[28.084,-16.947],[28.117,-16.861],[28.15,-16.839],[28.341,-16.788],[28.382,-16.795],[28.461,-16.866],[28.474,-16.793],[28.509,-16.759],[28.655,-16.7],[28.69,-16.71],[28.697,-16.774],[28.762,-16.808],[28.829,-16.77],[28.867,-16.676],[28.931,-16.689],[28.988,-16.611]]]}},
{"type":"Feature","properties":{"name":"Lake Kyoga","kind":"lake","rank":0,"minzoom":6},"geometry":{"type":"Polygon","coordinates":[[[33.487,1.643],[33.446,1.728],[33.414,1.731],[33.357,1.677],[33.31,1.656],[33.237,1.67],[33.129,1.616],[33.101,1.634],[32.999,1.547],[32.938,1.563],[32.811,1.549],[32.797,1.556],[32.801,1.581],[32.736,1.545],[32.611,1.514],[32.545,1.522],[32.537,1.497],[32.554,1.437],[32.58,1.411],[32.742,1.34],[32.764,1.394],[32.786,1.402],[32.824,1.388],[32.86,1.332],[32.893,1.311],[32.892,1.381],[32.864,1.419],[32.869,1.432],[32.899,1.43],[33.019,1.382],[33.26,1.223],[33.326,1.356],[33.317,1.42],[33.243,1.386],[33.197,1.399],[33.208,1.43],[33.258,1.47],[33.14,1.483],[33.126,1.503],[33.227,1.585],[33.334,1.623],[33.487,1.643]]]}},
{"type":"Feature","properties":{"name":"Ozero Kubenskoye","kind":"reservoir","rank":0,"minzoom":6},"geometry":{"type":"Polygon","coordinates":[[[39.267,59.783],[39.093,59.869],[39.054,59.868],[39.053,59.839],[39.194,59.747],[39.553,59.546],[39.734,59.48],[39.798,59.525],[39.721,59.578],[39.78,59.638],[39.707,59.634],[39.582,59.665],[39.511,59.707],[39.454,59.711],[39.348,59.766],[39.267,59.783]]]}},
{"type":"Feature","properties":{"name":"Bodensee","kind":"lake","rank":0,"minzoom":6},"geometry":{"type":"Polygon","coordinates":[[[9.731,47.527],[9.132,47.782],[9.113,47.772],[9.25,47.598],[9.452,47.514],[9.685,47.506],[9.731,47.527]]]}},
{"type":"Feature","properties":{"name":null,"kind":"lake","rank":0,"minzoom":6},"geometry":{"type":"Polygon","coordinates":[[[23.241,61.417],[23.293,61.452],[23.26,61.46],[23.053,61.429],[22.718,61.3],[22.579,61.211],[22.613,61.202],[22.659,61.219],[22.702,61.263],[22.987,61.369],[23.241,61.417]]]}},
{"type":"Feature","properties":{"name":"Dead Sea","kind":"alkaline","rank":0,"minzoom":6},"geometry":{"type":"Polygon","coordinates":[[[35.522,31.177],[35.446,31.232],[35.382,31.216],[35.377,31.178],[35.417,31.104],[35.498,31.105],[35.522,31.177]]]}},
{"type":"Feature","properties":{"name":"Sea of Galilee","kind":"lake","rank":0,"minzoom":6},"geometry":{"type":"Polygon","coordinates":[[[35.632,32.782],[35.623,32.878],[35.599,32.9],[35.565,32.892],[35.539,32.856],[35.534,32.803],[35.577,32.72],[35.632,32.782]]]}},
{"type":"Feature","properties":{"name":"Lake Argyle","kind":"reservoir","rank":0,"minzoom":6},"geometry":{"type":"Polygon","coordinates":[[[129.032,-16.143],[128.991,-16.117],[128.946,-16.117],[128.791,-16.171],[128.778,-16.126],[128.805,-16.076],[128.774,-16.087],[128.737,-16.134],[128.658,-16.144],[128.645,-16.159],[128.678,-16.223],[128.635,-16.25],[128.568,-16.444],[128.53,-16.508],[128.537,-16.536],[128.584,-16.542],[128.583,-16.615],[128.696,-16.717],[128.734,-16.788],[128.757,-16.778],[128.784,-16.694],[128.802,-16.45],[128.827,-16.422],[128.878,-16.436],[128.895,-16.424],[128.958,-16.302],[128.944,-16.271],[129.032,-16.143]]]}},
{"type":"Feature","properties":{"name":"Ngoring Hu","kind":"lake","rank":0,"minzoom":6},"geometry":{"type":"Polygon","coordinates":[[[97.887,34.838],[97.801,34.932],[97.794,35.033],[97.763,35.088],[97.651,35.028],[97.644,34.978],[97.555,34.902],[97.547,34.876],[97.603,34.798],[97.648,34.788],[97.683,34.792],[97.695,34.831],[97.861,34.823],[97.887,34.838]]]}},
{"type":"Feature","properties":{"name":"Gyaring Hu","kind":"lake","rank":0,"minzoom":6},"geometry":{"type":"Polygon","coordinates":[[[97.468,34.976],[97.351,35.02],[97.231,35.023],[97.067,34.997],[97.062,34.979],[97.084,34.907],[97.23,34.826],[97.36,34.865],[97.468,34.976]]]}},
{"type":"Feature","properties":{"name":"Toktogul Res.","kind":"reservoir","rank":0,"minzoom":6},"geometry":{"type":"Polygon","coordinates":[[[73.291,41.759],[73.3,41.776],[73.24,41.801],[73.086,41.828],[72.94,41.878],[72.685,41.9],[72.658,41.874],[72.709,41.767],[72.635,41.687],[72.679,41.663],[72.839,41.74],[72.972,41.755],[73.202,41.745],[73.291,41.759]]]}},
{"type":"Feature","properties":{"name":"Langa Co","kind":"lake","rank":0,"minzoom":6},"geometry":{"type":"Polygon","coordinates":[[[81.309,30.636],[81.309,30.662],[81.252,30.753],[81.296,30.789],[81.294,30.817],[81.234,30.863],[81.199,30.852],[81.185,30.721],[81.126,30.662],[81.212,30.611],[81.29,30.617],[81.309,30.636]]]}},
{"type":"Feature","properties":{"name":"Mapam Yumco","kind":"lake","rank":0,"minzoom":6},"geometry":{"type":"Polygon","coordinates":[[[81.584,30.7],[81.574,30.733],[81.524,30.757],[81.409,30.778],[81.376,30.758],[81.373,30.659],[81.392,30.61],[81.434,30.591],[81.494,30.61],[81.584,30.7]]]}},
{"type":"Feature","properties":{"name":"Lake Volta","kind":"reservoir","rank":0,"minzoom":6},"geometry":{"type":"Polygon","coordinates":[[[0.272,6.675],[0.254,6.673],[0.237,6.768],[0.24,6.896],[0.305,7.099],[0.271,7.138],[0.272,7.234],[0.294,7.278],[0.276,7.353],[0.32,7.542],[0.25,7.491],[0.229,7.536],[0.24,7.578],[0.282,7.575],[0.278,7.762],[0.237,7.834],[0.258,7.905],[0.168,7.863],[0.108,7.939],[0.161,8.06],[0.267,8.094],[0.231,8.125],[0.184,8.206],[0.214,8.314],[0.294,8.334],[0.242,8.379],[0.115,8.416],[0.103,8.434],[0.128,8.574],[0.168,8.625],[0.198,8.738],[0.184,8.742],[0.16,8.7],[0.135,8.598],[0.085,8.548],[0.092,8.403],[0.217,8.363],[0.137,8.254],[0.105,8.242],[0.152,8.161],[0.17,8.086],[0.099,8.093],[0.07,8.081],[0.062,8.041],[0.079,8.003],[0.056,7.886],[0.07,7.821],[0.055,7.792],[-0.024,7.793],[-0.052,7.811],[-0.103,7.976],[-0.128,8.011],[-0.33,8.158],[-0.321,8.177],[-0.193,8.186],[-0.202,8.213],[-0.245,8.245],[-0.286,8.253],[-0.485,8.209],[-0.554,8.251],[-0.782,8.469],[-0.805,8.52],[-0.705,8.643],[-0.77,8.656],[-0.806,8.689],[-0.791,8.761],[-0.823,8.707],[-0.817,8.6],[-0.843,8.579],[-0.873,8.586],[-0.931,8.653],[-1.026,8.844],[-1.075,8.853],[-1.106,8.897],[-1.121,8.929],[-1.13,9.076],[-1.152,9.117],[-1.174,9.074],[-1.174,8.945],[-1.134,8.813],[-1.067,8.75],[-1.062,8.722],[-1.126,8.705],[-1.269,8.726],[-1.376,8.805],[-1.591,8.695],[-1.663,8.673],[-1.715,8.63],[-1.664,8.629],[-1.545,8.664],[-1.443,8.731],[-1.405,8.739],[-1.219,8.658],[-1.153,8.551],[-1.128,8.632],[-1.041,8.646],[-0.999,8.63],[-0.912,8.555],[-0.784,8.366],[-0.795,8.315],[-0.724,8.28],[-0.6,8.173],[-0.604,8.159],[-0.655,8.142],[-0.748,8.135],[-0.756,8.102],[-0.643,8.106],[-0.643,8.087],[-0.624,8.085],[-0.543,8.154],[-0.526,8.128],[-0.527,8.062],[-0.498,8.057],[-0.446,8.091],[-0.379,8.048],[-0.417,7.972],[-0.351,8.002],[-0.344,8.038],[-0.315,8.04],[-0.192,7.955],[-0.152,7.841],[-0.157,7.779],[-0.1,7.755],[-0.161,7.721],[-0.254,7.72],[-0.262,7.684],[-0.294,7.667],[-0.422,7.649],[-0.654,7.551],[-0.603,7.554],[-0.498,7.597],[-0.432,7.594],[-0.242,7.639],[-0.064,7.641],[0.012,7.543],[-0.169,7.55],[-0.208,7.546],[-0.242,7.517],[-0.157,7.51],[-0.128,7.472],[-0.066,7.444],[-0.063,7.508],[0.046,7.478],[0.05,7.432],[0.102,7.343],[0.184,7.287],[0.174,7.252],[0.099,7.193],[0.007,7.209],[0.01,7.187],[0.085,7.147],[0.101,7.053],[0.088,7.023],[0.123,6.983],[0.042,6.946],[0.059,6.914],[0.112,6.897],[0.03,6.85],[-0.042,6.847],[-0.066,6.825],[-0.067,6.789],[-0.017,6.733],[-0.057,6.63],[-0.144,6.648],[-0.194,6.741],[-0.335,6.716],[-0.393,6.828],[-0.419,6.731],[-0.467,6.723],[-0.491,6.737],[-0.518,6.794],[-0.551,6.811],[-0.58,6.785],[-0.66,6.836],[-0.684,6.834],[-0.674,6.802],[-0.634,6.753],[-0.324,6.622],[-0.099,6.49],[-0.011,6.379],[0.041,6.405],[0.073,6.404],[0.081,6.353],[0.103,6.338],[0.138,6.366],[0.152,6.611],[0.23,6.616],[0.276,6.648],[0.317,6.738],[0.272,6.675]],[[0.13,6.679],[0.09,6.659],[0.011,6.718],[0.017,6.779],[0.062,6.808],[0.159,6.767],[0.181,6.726],[0.13,6.679]]]}},
{"type":"Feature","properties":{"name":"South Aral Sea","kind":"lake","rank":0,"minzoom":3},"geometry":{"type":"Polygon","coordinates":[[[58.312,45.062],[58.221,44.847],[58.321,44.603],[58.237,44.524],[58.235,44.461],[58.26,44.431],[58.364,44.425],[58.483,44.504],[58.524,44.569],[58.563,44.772],[58.624,44.818],[58.567,44.915],[58.588,44.99],[58.547,45.008],[58.682,45.13],[58.629,45.264],[58.672,45.46],[58.766,45.563],[58.869,45.596],[58.914,45.795],[59.105,45.897],[59.244,45.892],[59.303,46.002],[59.24,45.994],[59.179,45.926],[59.079,45.943],[59.06,45.895],[58.849,45.918],[58.814,45.882],[58.838,45.834],[58.712,45.835],[58.653,45.722],[58.638,45.59],[58.574,45.532],[58.549,45.408],[58.417,45.291],[58.372,45.131],[58.312,45.062]]]}},
{"type":"Feature","properties":{"name":"North Aral Sea","kind":"lake","rank":0,"minzoom":3},"geometry":{"type":"Polygon","coordinates":[[[60.783,46.086],[60.862,46.09],[60.977,46.17],[61.217,46.237],[61.3,46.385],[61.283,46.448],[61.45,46.584],[61.528,46.677],[61.315,46.648],[61.297,46.611],[61.203,46.577],[61.264,46.5],[61.134,46.45],[60.892,46.473],[60.776,46.581],[60.811,46.747],[60.58,46.784],[60.525,46.777],[60.526,46.751],[60.745,46.653],[60.746,46.639],[60.58,46.563],[60.459,46.623],[60.41,46.504],[60.368,46.617],[60.287,46.7],[60.002,46.572],[59.988,46.438],[60.133,46.357],[60.348,46.403],[60.58,46.293],[60.722,46.374],[60.825,46.201],[60.752,46.118],[60.783,46.086]]]}},
{"type":"Feature","properties":{"name":"Barsakelmes Lake","kind":"lake","rank":0,"minzoom":6.5},"geometry":{"type":"Polygon","coordinates":[[[59.729,46.083],[59.813,46.124],[59.785,46.284],[59.731,46.322],[59.504,46.319],[59.729,46.083]]]}},
{"type":"Feature","properties":{"name":"Lake Balkhash","kind":"lake","rank":0,"minzoom":3},"geometry":{"type":"Polygon","coordinates":[[[78.991,46.749],[78.93,46.788],[78.823,46.795],[78.761,46.724],[78.63,46.747],[78.581,46.723],[78.476,46.625],[78.452,46.618],[78.433,46.652],[78.397,46.658],[78.359,46.623],[78.348,46.512],[78.297,46.469],[78.136,46.595],[77.86,46.648],[77.69,46.659],[77.266,46.611],[77.226,46.567],[77.175,46.556],[77.082,46.625],[76.859,46.644],[76.793,46.631],[76.668,46.673],[76.496,46.636],[76.45,46.641],[76.298,46.753],[76.203,46.78],[75.951,46.795],[75.826,46.818],[75.338,46.73],[75.201,46.759],[75.089,46.814],[74.939,46.817],[74.625,46.752],[74.553,46.69],[74.524,46.623],[74.43,46.578],[74.375,46.518],[74.28,46.47],[74.094,46.428],[73.95,46.288],[74.027,46.222],[74.021,46.205],[73.982,46.186],[73.898,46.208],[73.829,46.185],[73.775,46.206],[73.679,46.183],[73.646,46.15],[73.663,46.062],[73.737,46.013],[73.56,45.816],[73.488,45.831],[73.44,45.806],[73.451,45.78],[73.519,45.763],[73.532,45.734],[73.444,45.657],[73.437,45.609],[73.615,45.513],[73.663,45.436],[73.84,45.264],[73.999,45.189],[74.017,45.013],[74.1,44.989],[74.12,45],[74.101,45.059],[74.136,45.07],[74.143,45.103],[74.156,45.271],[74.151,45.317],[74.083,45.352],[74.089,45.509],[74.101,45.537],[74.313,45.671],[74.311,45.695],[74.243,45.752],[74.289,45.765],[74.303,45.79],[74.253,45.942],[74.278,46.004],[74.37,46.02],[74.55,46.006],[74.771,46.108],[74.911,46.405],[75.013,46.417],[75.093,46.461],[75.212,46.427],[75.278,46.515],[75.304,46.519],[75.33,46.513],[75.35,46.47],[75.406,46.471],[75.448,46.498],[75.404,46.61],[75.463,46.671],[75.553,46.673],[75.562,46.646],[75.49,46.631],[75.492,46.596],[75.558,46.53],[75.611,46.507],[75.867,46.536],[76.033,46.512],[76.238,46.555],[76.742,46.532],[76.853,46.492],[77.104,46.454],[77.165,46.489],[77.282,46.473],[77.355,46.502],[77.429,46.5],[77.563,46.435],[77.652,46.415],[77.726,46.407],[77.817,46.439],[77.865,46.429],[78.018,46.343],[78.075,46.328],[78.161,46.319],[78.317,46.35],[78.367,46.339],[78.409,46.299],[78.445,46.297],[78.462,46.313],[78.438,46.377],[78.465,46.392],[78.544,46.401],[78.625,46.38],[78.711,46.396],[78.89,46.37],[79.023,46.447],[79.095,46.582],[79.217,46.61],[79.245,46.68],[79.177,46.764],[79.084,46.81],[79.022,46.795],[78.991,46.749]]]}},
{"type":"Feature","properties":{"name":"Lake Tanganyika","kind":"lake","rank":0,"minzoom":3},"geometry":{"type":"Polygon","coordinates":[[[30.806,-8.578],[31.022,-8.787],[31.084,-8.776],[31.133,-8.725],[31.15,-8.72],[31.179,-8.742],[31.189,-8.73],[31.198,-8.652],[31.151,-8.551],[31.143,-8.451],[31.102,-8.385],[30.964,-8.238],[30.948,-8.162],[30.957,-8.121],[30.925,-8.098],[30.725,-7.701],[30.604,-7.542],[30.589,-7.464],[30.599,-7.376],[30.577,-7.276],[30.522,-7.166],[30.513,-7.116],[30.543,-7.104],[30.561,-7.065],[30.563,-6.993],[30.528,-6.923],[30.455,-6.856],[30.299,-6.616],[30.166,-6.483],[30.094,-6.457],[29.95,-6.498],[29.82,-6.37],[29.722,-6.244],[29.729,-6.095],[29.748,-6.03],[29.775,-6.001],[29.856,-5.98],[29.916,-5.938],[29.948,-5.899],[29.951,-5.861],[29.865,-5.63],[29.812,-5.528],[29.758,-5.467],[29.752,-5.405],[29.8,-5.257],[29.803,-5.169],[29.816,-5.152],[29.792,-5.041],[29.749,-4.984],[29.6,-4.896],[29.614,-4.881],[29.607,-4.789],[29.653,-4.42],[29.523,-4.203],[29.434,-3.977],[29.364,-3.856],[29.335,-3.663],[29.332,-3.39],[29.298,-3.355],[29.196,-3.338],[29.175,-3.346],[29.142,-3.408],[29.147,-3.617],[29.138,-3.703],[29.103,-3.788],[29.117,-3.852],[29.086,-4.092],[29.099,-4.206],[29.058,-4.286],[29.063,-4.317],[29.133,-4.343],[29.145,-4.335],[29.228,-4.071],[29.245,-4.065],[29.254,-4.101],[29.202,-4.437],[29.203,-4.511],[29.169,-4.504],[29.124,-4.586],[29.102,-5.054],[29.157,-5.236],[29.372,-5.616],[29.371,-5.63],[29.342,-5.635],[29.333,-5.662],[29.33,-5.799],[29.19,-5.915],[29.193,-6.038],[29.215,-6.088],[29.25,-6.109],[29.311,-6.191],[29.424,-6.491],[29.436,-6.509],[29.476,-6.515],[29.48,-6.633],[29.511,-6.72],[29.616,-6.822],[29.752,-6.995],[29.836,-7.063],[30.013,-7.145],[30.09,-7.214],[30.147,-7.299],[30.208,-7.474],[30.204,-7.587],[30.277,-7.848],[30.294,-7.873],[30.396,-7.928],[30.442,-7.997],[30.532,-8.064],[30.567,-8.115],[30.581,-8.181],[30.573,-8.262],[30.549,-8.313],[30.478,-8.355],[30.461,-8.382],[30.448,-8.449],[30.464,-8.498],[30.568,-8.514],[30.56,-8.556],[30.534,-8.579],[30.555,-8.58],[30.672,-8.503],[30.806,-8.578]]]}},
{"type":"Feature","properties":{"name":"Lagoa Mirim","kind":"alkaline","rank":1,"minzoom":3.6},"geometry":{"type":"Polygon","coordinates":[[[-52.598,-32.585],[-52.593,-32.499],[-52.69,-32.348],[-52.69,-32.237],[-52.701,-32.204],[-52.72,-32.199],[-52.78,-32.263],[-52.81,-32.391],[-52.959,-32.468],[-53.03,-32.598],[-53.092,-32.62],[-53.302,-32.761],[-53.323,-32.883],[-53.354,-32.926],[-53.406,-32.954],[-53.473,-32.959],[-53.6,-33.079],[-53.624,-33.136],[-53.62,-33.191],[-53.544,-33.539],[-53.508,-33.557],[-53.454,-33.532],[-53.437,-33.473],[-53.453,-33.351],[-53.409,-33.159],[-53.352,-33.095],[-53.228,-33.055],[-53.131,-32.846],[-53.068,-32.808],[-53.015,-32.799],[-52.895,-32.91],[-52.808,-32.907],[-52.694,-32.757],[-52.598,-32.585]]]}},
{"type":"Feature","properties":{"name":"Lake Manitoba","kind":"lake","rank":2,"minzoom":3.7},"geometry":{"type":"Polygon","coordinates":[[[-97.959,50.357],[-97.971,50.47],[-98.244,50.719],[-98.41,50.823],[-98.5,50.86],[-98.72,50.912],[-98.74,50.935],[-98.76,50.995],[-98.718,51.088],[-98.669,51.104],[-98.572,51.243],[-98.754,51.363],[-98.779,51.466],[-98.758,51.588],[-98.833,51.684],[-98.894,51.709],[-98.972,51.675],[-98.911,51.513],[-98.918,51.395],[-98.999,51.511],[-99.064,51.686],[-99.166,51.777],[-99.166,51.675],[-99.217,51.636],[-99.338,51.759],[-99.39,51.781],[-99.491,51.758],[-99.545,51.714],[-99.527,51.546],[-99.426,51.627],[-99.37,51.635],[-99.258,51.563],[-99.163,51.543],[-99.026,51.267],[-98.953,51.202],[-98.897,51.188],[-98.836,51.1],[-98.847,51.039],[-98.881,51.037],[-98.988,51.152],[-99.008,51.14],[-98.991,51.076],[-98.941,51.008],[-98.853,50.946],[-98.608,50.568],[-98.549,50.421],[-98.551,50.287],[-98.519,50.242],[-98.402,50.204],[-98.242,50.214],[-98.072,50.274],[-97.959,50.357]]]}},
{"type":"Feature","properties":{"name":"Lake Winnipegosis","kind":"lake","rank":1,"minzoom":3.7},"geometry":{"type":"Polygon","coordinates":[[[-99.674,51.613],[-99.624,51.629],[-99.62,51.651],[-99.647,51.842],[-99.666,51.854],[-99.746,51.752],[-99.781,51.761],[-99.798,51.876],[-99.744,52.005],[-99.809,52.095],[-99.839,52.243],[-99.675,52.473],[-99.662,52.61],[-99.705,52.812],[-99.685,52.91],[-99.757,52.913],[-99.844,52.975],[-100.335,53.107],[-100.515,53.171],[-100.726,53.098],[-100.895,53.098],[-100.964,53.147],[-101.091,53.1],[-101.102,53.081],[-100.994,52.987],[-100.993,52.88],[-100.915,52.814],[-100.833,52.813],[-100.823,52.753],[-100.746,52.752],[-100.678,52.778],[-100.621,52.886],[-100.665,52.98],[-100.6,52.998],[-100.453,52.953],[-100.418,52.773],[-100.275,52.623],[-100.242,52.64],[-100.279,52.782],[-100.343,52.807],[-100.292,52.859],[-100.241,52.865],[-100.062,52.763],[-100.045,52.649],[-99.992,52.567],[-100.027,52.464],[-100.156,52.306],[-100.159,52.116],[-100.113,51.891],[-100.025,51.727],[-99.999,51.744],[-99.984,51.812],[-100.005,52.016],[-100,52.044],[-99.984,52.04],[-99.899,51.841],[-99.95,51.763],[-99.935,51.717],[-99.775,51.59],[-99.674,51.613]]]}},
{"type":"Feature","properties":{"name":"Réservoir Manicouagan","kind":"reservoir","rank":2,"minzoom":3.7},"geometry":{"type":"Polygon","coordinates":[[[-68.255,51.399],[-68.251,51.465],[-68.291,51.537],[-68.269,51.615],[-68.197,51.692],[-68.206,51.707],[-68.319,51.642],[-68.461,51.672],[-68.483,51.702],[-68.429,51.859],[-68.457,51.883],[-68.535,51.755],[-68.596,51.756],[-68.636,51.71],[-68.7,51.691],[-68.808,51.683],[-68.856,51.721],[-68.935,51.648],[-69.01,51.633],[-69.043,51.675],[-69.063,51.838],[-69.092,51.813],[-69.118,51.661],[-69.138,51.656],[-69.232,51.7],[-69.25,51.682],[-69.155,51.58],[-69.134,51.518],[-69.176,51.324],[-69.148,51.274],[-68.868,51.094],[-68.782,51.004],[-68.743,50.922],[-68.74,50.716],[-68.642,50.991],[-68.447,51.12],[-68.352,51.149],[-68.223,51.265],[-68.204,51.306],[-68.255,51.399]],[[-68.538,51.393],[-68.403,51.285],[-68.4,51.256],[-68.596,51.168],[-68.683,51.156],[-68.865,51.198],[-69.015,51.28],[-69.092,51.368],[-69.101,51.41],[-69.054,51.472],[-68.844,51.6],[-68.721,51.632],[-68.605,51.631],[-68.486,51.591],[-68.405,51.532],[-68.396,51.503],[-68.391,51.368],[-68.436,51.376],[-68.562,51.48],[-68.58,51.457],[-68.538,51.393]]]}},
{"type":"Feature","properties":{"name":"Syvash","kind":"alkaline","rank":2,"minzoom":3.7},"geometry":{"type":"Polygon","coordinates":[[[35.399,45.255],[35.439,45.275],[35.426,45.295],[35.3,45.364],[35.182,45.472],[34.909,45.793],[34.84,45.843],[34.789,46.024],[34.713,46.053],[34.718,46.09],[34.755,46.113],[34.716,46.165],[34.667,46.173],[34.64,46.153],[34.588,46.021],[34.479,45.983],[34.429,46.022],[34.469,46.101],[34.548,46.115],[34.544,46.161],[34.329,46.19],[34.298,46.181],[34.175,46.266],[34.159,46.267],[34.164,46.203],[34.103,46.182],[34.107,46.144],[34.03,46.157],[33.922,46.213],[33.848,46.231],[33.778,46.234],[33.704,46.215],[33.708,46.182],[33.771,46.133],[33.831,46.143],[33.885,46.06],[33.924,46.039],[33.96,46.04],[33.998,46.072],[34.072,46.059],[34.121,46.026],[34.164,45.944],[34.187,45.956],[34.19,46.03],[34.271,46.027],[34.363,46],[34.39,45.888],[34.46,45.917],[34.497,45.899],[34.525,45.907],[34.568,45.952],[34.608,45.944],[34.618,45.915],[34.495,45.785],[34.645,45.837],[34.683,45.804],[34.743,45.786],[34.762,45.743],[34.834,45.725],[35.024,45.604],[35.08,45.499],[35.04,45.429],[35.062,45.379],[35.399,45.255]]]}},
{"type":"Feature","properties":{"name":"Lake Saimaa","kind":"lake","rank":2,"minzoom":3.7},"geometry":{"type":"Polygon","coordinates":[[[29.518,62.123],[29.708,62.151],[29.911,62.115],[29.982,62.133],[29.96,62.164],[29.648,62.223],[29.599,62.27],[29.641,62.31],[29.768,62.313],[29.835,62.389],[29.926,62.434],[29.776,62.577],[29.697,62.609],[29.633,62.597],[29.593,62.527],[29.65,62.427],[29.626,62.419],[29.422,62.523],[29.364,62.53],[29.335,62.6],[29.279,62.599],[29.261,62.551],[29.297,62.426],[29.265,62.394],[29.298,62.275],[29.353,62.219],[29.33,62.166],[29.198,62.177],[28.826,62.134],[28.786,62.177],[28.837,62.185],[28.87,62.235],[28.765,62.348],[28.666,62.387],[28.699,62.328],[28.608,62.279],[28.566,62.222],[28.406,62.237],[28.324,62.287],[28.277,62.276],[28.276,62.256],[28.067,62.244],[27.97,62.259],[27.963,62.298],[28.042,62.379],[28.04,62.409],[27.915,62.43],[27.846,62.524],[27.758,62.583],[27.801,62.627],[27.755,62.652],[27.766,62.68],[27.849,62.719],[27.979,62.732],[28.057,62.69],[28.138,62.538],[28.103,62.442],[28.169,62.434],[28.274,62.565],[28.367,62.587],[28.555,62.523],[28.565,62.499],[28.496,62.501],[28.659,62.42],[28.81,62.382],[28.898,62.39],[28.653,62.527],[28.264,62.663],[28.268,62.689],[28.149,62.804],[28.187,62.857],[28.154,62.933],[28.352,63.04],[28.106,63.009],[28.006,63.04],[27.888,63.019],[27.851,63.032],[27.848,63.071],[27.767,63.1],[27.736,63.059],[27.77,62.946],[27.605,63.015],[27.559,63.001],[27.44,63.023],[27.264,63.146],[27.337,63.213],[27.363,63.316],[27.211,63.417],[27.234,63.457],[27.183,63.518],[27.113,63.546],[26.899,63.584],[26.959,63.524],[27.02,63.501],[27.068,63.523],[27.135,63.496],[27.239,63.332],[27.246,63.308],[27.213,63.309],[27.193,63.289],[27.207,63.122],[27.176,63.084],[27.33,63.001],[27.415,62.902],[27.494,62.863],[27.56,62.851],[27.588,62.9],[27.652,62.925],[27.684,62.912],[27.608,62.601],[27.67,62.513],[27.6,62.494],[27.398,62.576],[27.339,62.519],[27.295,62.518],[27.159,62.577],[27.178,62.553],[27.297,62.477],[27.419,62.496],[27.547,62.412],[27.8,62.429],[27.877,62.329],[27.926,62.133],[28.086,62.1],[28.297,62.097],[28.403,62.069],[28.579,61.993],[28.737,61.891],[28.838,61.863],[28.807,61.828],[28.539,61.841],[28.442,61.768],[28.262,61.744],[28.185,61.544],[28.129,61.549],[28.054,61.511],[27.866,61.696],[27.626,61.801],[27.623,61.764],[27.773,61.685],[27.758,61.656],[27.678,61.636],[27.665,61.607],[27.593,61.581],[27.515,61.577],[27.488,61.618],[27.459,61.523],[27.359,61.531],[27.329,61.693],[27.276,61.653],[27.298,61.484],[27.274,61.468],[27.301,61.433],[27.27,61.324],[27.368,61.326],[27.435,61.296],[27.406,61.259],[27.625,61.214],[27.862,61.252],[28.072,61.233],[28.197,61.163],[28.172,61.153],[28.082,61.179],[27.966,61.188],[27.882,61.157],[27.947,61.068],[27.988,61.08],[28.292,61.08],[28.788,61.204],[28.867,61.247],[28.82,61.297],[28.714,61.352],[28.663,61.368],[28.641,61.352],[28.36,61.331],[28.345,61.349],[28.568,61.441],[28.582,61.473],[28.693,61.484],[28.68,61.558],[28.79,61.59],[28.76,61.61],[28.608,61.617],[28.629,61.642],[28.73,61.671],[29.098,61.578],[29.115,61.6],[29.266,61.615],[29.426,61.734],[29.727,61.848],[29.733,61.874],[29.777,61.889],[29.757,61.949],[29.685,62.004],[29.638,62.005],[29.615,61.983],[29.492,62.046],[29.47,62.08],[29.518,62.123]],[[27.849,62.951],[27.903,62.973],[28.062,62.976],[28.109,62.755],[28.072,62.746],[27.886,62.834],[27.849,62.951]],[[27.637,61.273],[27.588,61.266],[27.328,61.4],[27.418,61.437],[27.629,61.383],[27.677,61.31],[27.637,61.273]],[[27.959,61.48],[27.914,61.442],[27.75,61.401],[27.564,61.456],[27.52,61.485],[27.7,61.488],[27.732,61.547],[27.859,61.519],[27.946,61.527],[27.959,61.48]],[[28.496,61.478],[28.495,61.444],[28.416,61.416],[28.24,61.394],[28.243,61.539],[28.308,61.582],[28.277,61.71],[28.328,61.73],[28.388,61.712],[28.476,61.723],[28.515,61.699],[28.536,61.622],[28.493,61.602],[28.445,61.516],[28.496,61.478]],[[29.477,61.967],[29.445,61.948],[29.403,61.975],[29.342,61.971],[29.255,61.807],[29.137,61.775],[28.99,61.802],[28.944,61.873],[28.828,61.963],[28.714,61.995],[28.691,62.036],[28.703,62.082],[28.809,62.082],[29.019,62.125],[29.322,62.13],[29.442,62.038],[29.477,61.967]]]}},
{"type":"Feature","properties":{"name":"Lake Zaysan","kind":"lake","rank":3,"minzoom":4},"geometry":{"type":"Polygon","coordinates":[[[84.516,47.93],[84.468,47.969],[84.334,48.023],[84.051,48.083],[83.581,48.267],[83.596,48.303],[83.682,48.353],[83.907,48.374],[83.919,48.397],[83.613,48.437],[83.487,48.718],[83.514,48.813],[83.609,48.91],[83.777,48.975],[84.329,49.125],[84.361,49.161],[84.288,49.238],[83.729,49.535],[83.818,49.634],[83.961,49.703],[83.964,49.726],[83.89,49.72],[83.74,49.631],[83.608,49.606],[83.391,49.652],[83.364,49.644],[83.426,49.573],[83.479,49.538],[83.539,49.532],[83.66,49.443],[83.849,49.417],[84.1,49.238],[84.121,49.159],[84.036,49.111],[83.747,49.039],[83.589,48.962],[83.471,48.858],[83.423,48.743],[83.417,48.597],[83.387,48.554],[83.392,48.5],[83.533,48.375],[83.498,48.305],[83.435,48.27],[83.039,48.25],[83.027,48.212],[83.259,48.095],[83.625,48.013],[83.994,47.843],[84.242,47.706],[84.296,47.699],[84.357,47.732],[84.394,47.816],[84.516,47.93]]]}},
{"type":"Feature","properties":{"name":"Churchill Lake","kind":"lake","rank":3,"minzoom":4},"geometry":{"type":"Polygon","coordinates":[[[-108.561,56.51],[-108.53,56.479],[-108.539,56.366],[-108.376,56.285],[-108.315,56.29],[-108.268,56.244],[-108.273,56.191],[-108.433,56.104],[-108.467,56.033],[-108.467,55.936],[-108.52,55.879],[-108.6,55.848],[-108.671,55.979],[-108.875,56.08],[-109.086,56.122],[-109.137,56.108],[-109.158,56.068],[-109.1,55.981],[-109.034,55.93],[-108.918,55.933],[-108.759,55.903],[-108.688,55.749],[-108.665,55.569],[-108.627,55.552],[-108.572,55.698],[-108.486,55.765],[-108.3,55.858],[-108.178,56.015],[-108.135,56.038],[-108.122,56.063],[-108.179,56.143],[-108.189,56.271],[-108.111,56.308],[-108.074,56.382],[-108.134,56.426],[-108.324,56.441],[-108.412,56.464],[-108.425,56.629],[-108.495,56.693],[-108.634,56.715],[-108.703,56.792],[-108.765,56.813],[-108.837,56.784],[-108.87,56.748],[-108.859,56.709],[-108.736,56.668],[-108.692,56.49],[-108.634,56.488],[-108.561,56.51]]]}},
{"type":"Feature","properties":{"name":"Lago Buenos Aires","kind":"lake","rank":3,"minzoom":4},"geometry":{"type":"Polygon","coordinates":[[[-71.166,-46.527],[-71.313,-46.436],[-71.578,-46.361],[-71.626,-46.297],[-71.755,-46.33],[-71.872,-46.324],[-71.872,-46.382],[-71.988,-46.437],[-72.478,-46.596],[-72.585,-46.605],[-72.645,-46.564],[-72.692,-46.499],[-72.724,-46.512],[-72.661,-46.664],[-72.707,-46.727],[-72.789,-46.785],[-72.87,-46.911],[-72.904,-47.011],[-72.86,-46.997],[-72.774,-46.873],[-72.258,-46.586],[-71.998,-46.521],[-71.782,-46.499],[-71.376,-46.575],[-71.207,-46.563],[-71.166,-46.527]]]}},
{"type":"Feature","properties":{"name":"Päijänne","kind":"lake","rank":3,"minzoom":4},"geometry":{"type":"Polygon","coordinates":[[[26.95,62.852],[26.889,62.895],[26.894,62.917],[26.948,62.916],[26.931,62.941],[26.978,62.998],[27.033,63.019],[26.996,63.031],[26.765,62.98],[26.762,62.959],[26.729,62.957],[26.73,62.836],[26.568,62.9],[26.822,62.697],[26.785,62.609],[26.563,62.706],[26.359,62.854],[26.469,62.704],[26.451,62.633],[26.359,62.633],[26.342,62.608],[26.178,62.55],[26.16,62.388],[26.084,62.421],[26.096,62.519],[26.056,62.521],[26.024,62.477],[25.938,62.462],[25.834,62.535],[25.821,62.613],[25.913,62.648],[26.029,62.632],[25.98,62.706],[26.007,62.71],[26.067,62.819],[26.103,62.826],[26.302,62.729],[26.371,62.725],[26.364,62.768],[26.014,62.972],[26.015,62.991],[26.079,62.981],[26.084,62.993],[25.903,63.111],[25.837,63.13],[25.792,63.092],[25.681,63.137],[25.621,63.182],[25.623,63.216],[25.44,63.128],[25.444,63.052],[25.368,63.007],[25.436,62.975],[25.495,62.957],[25.522,62.966],[25.541,63.03],[25.617,63.071],[25.832,63.014],[25.934,62.913],[25.866,62.875],[25.818,62.794],[25.888,62.756],[25.894,62.72],[25.827,62.725],[25.781,62.652],[25.632,62.627],[25.69,62.543],[25.763,62.534],[25.841,62.433],[25.897,62.441],[25.922,62.385],[25.881,62.292],[25.735,62.219],[25.713,62.162],[25.668,62.136],[25.472,62.142],[25.498,62.111],[25.586,62.101],[25.671,62.059],[25.625,62.005],[25.543,61.989],[25.51,61.931],[25.317,61.902],[25.314,61.878],[25.393,61.872],[25.444,61.844],[25.389,61.794],[25.306,61.777],[25.209,61.794],[25.228,61.759],[25.403,61.67],[25.418,61.626],[25.398,61.584],[25.27,61.568],[25.188,61.532],[25.194,61.475],[25.271,61.352],[25.356,61.315],[25.406,61.251],[25.465,61.28],[25.5,61.229],[25.459,61.156],[25.356,61.076],[25.405,61.058],[25.48,61.088],[25.549,61.027],[25.592,61.024],[25.603,61.055],[25.531,61.115],[25.657,61.206],[25.621,61.263],[25.67,61.273],[25.871,61.168],[25.961,61.19],[26.026,61.17],[26.102,61.101],[26.071,61.004],[26.025,60.961],[26.095,60.964],[26.241,61.102],[26.184,61.148],[26.197,61.175],[26.148,61.256],[26.173,61.271],[26.257,61.247],[26.238,61.317],[26.275,61.374],[26.163,61.31],[26.106,61.246],[26.118,61.211],[26.082,61.196],[25.977,61.255],[25.58,61.308],[25.547,61.335],[25.543,61.423],[25.641,61.467],[25.573,61.494],[25.586,61.591],[25.706,61.601],[25.68,61.712],[25.721,61.813],[25.622,61.774],[25.588,61.793],[25.615,61.842],[25.701,61.885],[25.632,61.916],[25.641,61.95],[25.774,61.967],[25.79,61.992],[25.858,62.001],[25.878,62.021],[25.821,62.072],[25.826,62.148],[25.876,62.206],[25.951,62.145],[25.946,62.21],[26.002,62.277],[25.956,62.356],[25.992,62.373],[26.05,62.348],[26.128,62.28],[26.128,62.329],[26.173,62.358],[26.277,62.34],[26.312,62.368],[26.238,62.481],[26.273,62.551],[26.383,62.567],[26.526,62.539],[26.558,62.49],[26.508,62.424],[26.407,62.418],[26.379,62.346],[26.42,62.318],[26.426,62.366],[26.58,62.412],[26.69,62.596],[26.736,62.494],[26.909,62.456],[26.93,62.482],[26.851,62.497],[26.819,62.564],[26.896,62.624],[26.984,62.603],[26.999,62.613],[26.952,62.652],[26.983,62.686],[26.88,62.796],[27.018,62.8],[27.018,62.832],[27.092,62.842],[26.95,62.852]]]}},
{"type":"Feature","properties":{"name":"Lake Srednye Kuyto","kind":"lake","rank":3,"minzoom":4},"geometry":{"type":"Polygon","coordinates":[[[30.362,65.149],[30.404,65.112],[30.533,65.063],[30.709,65.021],[30.721,64.995],[30.606,64.977],[30.54,64.931],[30.743,64.944],[30.814,64.982],[30.839,65.043],[30.906,65.074],[31.019,65.092],[31.181,65.078],[31.191,65.102],[31.246,65.117],[31.373,65.116],[31.482,65.096],[31.545,65.003],[31.664,64.945],[31.752,64.935],[31.955,64.864],[31.942,64.897],[31.661,65.032],[31.576,65.137],[31.346,65.181],[30.974,65.183],[30.903,65.122],[30.646,65.074],[30.397,65.159],[30.362,65.149]]]}},
{"type":"Feature","properties":{"name":"Kakhovka Reservoir","kind":"reservoir","rank":4,"minzoom":5},"geometry":{"type":"Polygon","coordinates":[[[35.302,47.492],[35.242,47.647],[35.13,47.84],[35.106,47.842],[35.086,47.824],[35.088,47.676],[34.997,47.588],[34.731,47.578],[34.487,47.593],[34.38,47.558],[34.266,47.59],[34.211,47.536],[34.067,47.558],[33.936,47.541],[33.963,47.331],[33.933,47.282],[33.777,47.163],[33.705,47.061],[33.63,47.034],[33.54,46.831],[33.559,46.822],[33.687,46.861],[33.718,46.941],[33.904,47.159],[34.097,47.316],[34.173,47.325],[34.19,47.42],[34.592,47.52],[34.961,47.406],[35.269,47.45],[35.302,47.492]]]}},
{"type":"Feature","properties":{"name":"Samara Reservoir","kind":"reservoir","rank":4,"minzoom":5},"geometry":{"type":"Polygon","coordinates":[[[48.387,54.168],[48.468,54.124],[48.567,54.098],[48.813,53.939],[48.903,53.828],[48.865,53.648],[49.009,53.46],[48.992,53.44],[49.205,53.368],[49.206,53.338],[49.137,53.309],[48.759,53.324],[48.801,53.281],[49.094,53.27],[49.23,53.284],[49.258,53.352],[49.316,53.402],[49.495,53.436],[49.852,53.426],[49.905,53.457],[49.882,53.486],[49.247,53.502],[49.087,53.534],[49.063,53.607],[49.091,53.794],[49.127,53.825],[49.19,53.807],[49.279,53.728],[49.369,53.695],[49.351,53.77],[49.27,53.818],[49.219,53.878],[49.218,53.934],[49.441,54.038],[49.537,54.127],[49.742,54.191],[49.727,54.225],[49.275,54.071],[49.02,54.015],[48.848,54.045],[48.798,54.131],[48.659,54.171],[48.549,54.241],[48.499,54.334],[48.53,54.394],[48.631,54.435],[48.864,54.462],[48.863,54.501],[48.909,54.55],[48.896,54.582],[48.973,54.641],[48.986,54.728],[49.098,54.8],[48.969,54.828],[48.94,54.902],[49.008,54.97],[49.224,55.023],[49.396,55.016],[49.446,55.052],[49.461,55.114],[49.692,55.191],[49.892,55.294],[50.734,55.407],[50.764,55.429],[50.877,55.452],[51.071,55.415],[51.184,55.357],[51.219,55.4],[51.174,55.463],[51.206,55.489],[51.41,55.441],[51.524,55.503],[51.55,55.558],[51.714,55.593],[51.748,55.675],[51.8,55.684],[51.886,55.671],[51.937,55.699],[51.763,55.72],[51.635,55.646],[51.521,55.632],[51.461,55.701],[51.48,55.833],[51.414,55.774],[51.398,55.685],[51.467,55.59],[51.469,55.511],[51.414,55.494],[51.331,55.499],[51.255,55.526],[50.675,55.451],[50.481,55.46],[50.379,55.431],[50.09,55.463],[50,55.415],[49.788,55.383],[49.455,55.404],[49.371,55.465],[49.367,55.544],[49.329,55.518],[49.328,55.379],[49.358,55.339],[49.303,55.323],[49.233,55.338],[49.12,55.476],[49.059,55.483],[49.048,55.443],[49.172,55.293],[49.159,55.163],[48.859,55.012],[48.864,54.871],[48.808,54.733],[48.745,54.675],[48.551,54.652],[48.416,54.597],[48.387,54.168]]]}},
{"type":"Feature","properties":{"name":"Lake Mead","kind":"reservoir","rank":4,"minzoom":5},"geometry":{"type":"Polygon","coordinates":[[[-113.636,35.831],[-113.633,35.859],[-113.777,36.048],[-113.996,36.244],[-114.03,36.245],[-114.159,36.077],[-114.226,36.05],[-114.295,36.11],[-114.37,36.209],[-114.336,36.519],[-114.364,36.515],[-114.387,36.483],[-114.432,36.237],[-114.512,36.194],[-114.816,36.121],[-114.812,36.075],[-114.769,36.02],[-114.741,36.014],[-114.64,36.106],[-114.504,36.106],[-114.451,36.079],[-114.373,36.1],[-114.321,36.076],[-114.294,36.03],[-114.208,36.006],[-114.11,36.032],[-114.039,36.163],[-113.989,36.165],[-113.795,36.01],[-113.67,35.843],[-113.636,35.831]]]}},
{"type":"Feature","properties":{"name":"Lake Powell","kind":"reservoir","rank":4,"minzoom":5},"geometry":{"type":"Polygon","coordinates":[[[-110.368,37.898],[-110.404,37.906],[-110.435,37.871],[-110.447,37.769],[-110.555,37.631],[-110.681,37.531],[-110.755,37.526],[-110.736,37.431],[-110.799,37.352],[-110.858,37.335],[-110.963,37.151],[-111.073,37.139],[-111.163,37.165],[-111.211,37.119],[-111.256,37.146],[-111.339,37.062],[-111.439,37.059],[-111.53,37.029],[-111.473,36.932],[-111.455,36.919],[-111.307,37.016],[-111.189,37.023],[-111.112,37.076],[-110.996,37.114],[-110.792,37.17],[-110.676,37.175],[-110.65,37.208],[-110.792,37.193],[-110.836,37.225],[-110.697,37.393],[-110.673,37.45],[-110.433,37.711],[-110.368,37.898]]]}},
{"type":"Feature","properties":{"name":"Southern Indian Lake","kind":"lake","rank":1,"minzoom":5},"geometry":{"type":"Polygon","coordinates":[[[-98.295,57.493],[-98.224,57.58],[-98.206,57.654],[-98.293,57.638],[-98.472,57.549],[-98.528,57.543],[-98.556,57.611],[-98.596,57.585],[-98.593,57.529],[-98.537,57.456],[-98.508,57.299],[-98.542,57.275],[-98.632,57.276],[-98.668,57.262],[-98.651,57.219],[-98.695,57.117],[-98.775,57.073],[-98.857,57.06],[-98.873,56.946],[-98.905,56.925],[-99.006,56.927],[-99.037,56.975],[-99.015,57.085],[-99.124,57.005],[-99.155,56.956],[-99.226,56.951],[-99.329,56.988],[-99.546,56.776],[-99.663,56.753],[-99.686,56.73],[-99.571,56.641],[-99.549,56.654],[-99.553,56.711],[-99.47,56.733],[-99.218,56.736],[-99.068,56.846],[-99.002,56.862],[-98.939,56.841],[-98.855,56.841],[-98.561,57.061],[-98.25,57.112],[-98.109,57.317],[-97.995,57.387],[-98.201,57.405],[-98.295,57.493]]]}},
{"type":"Feature","properties":{"name":"Represa de Sobradinho","kind":"reservoir","rank":4,"minzoom":5},"geometry":{"type":"Polygon","coordinates":[[[-40.92,-9.257],[-40.953,-9.174],[-40.935,-9.057],[-40.976,-9.018],[-41.027,-9.004],[-41.047,-9.149],[-41.029,-9.194],[-41.064,-9.282],[-41.184,-9.283],[-41.191,-9.309],[-41.175,-9.352],[-41.186,-9.366],[-41.245,-9.346],[-41.264,-9.362],[-41.224,-9.432],[-41.224,-9.511],[-41.264,-9.594],[-41.305,-9.591],[-41.365,-9.622],[-41.446,-9.591],[-41.592,-9.591],[-41.74,-9.565],[-41.924,-9.618],[-41.979,-9.573],[-41.998,-9.517],[-42.048,-9.511],[-42.09,-9.592],[-42.195,-9.613],[-42.221,-9.696],[-42.354,-9.708],[-42.305,-9.772],[-42.287,-9.834],[-42.361,-9.985],[-42.419,-9.995],[-42.51,-9.948],[-42.519,-9.983],[-42.482,-10.044],[-42.508,-10.069],[-42.547,-10.078],[-42.567,-10.071],[-42.606,-9.999],[-42.675,-9.955],[-42.691,-9.967],[-42.734,-9.916],[-42.753,-9.956],[-42.791,-9.945],[-42.816,-9.962],[-42.791,-9.998],[-42.596,-10.093],[-42.494,-10.267],[-42.497,-10.331],[-42.558,-10.352],[-42.673,-10.288],[-42.679,-10.398],[-42.614,-10.48],[-42.626,-10.509],[-42.668,-10.538],[-42.733,-10.517],[-42.816,-10.462],[-42.848,-10.462],[-42.851,-10.498],[-42.748,-10.615],[-42.745,-10.706],[-42.78,-10.744],[-42.839,-10.741],[-42.955,-10.594],[-42.991,-10.623],[-42.994,-10.664],[-42.924,-10.713],[-42.893,-10.774],[-43.087,-10.94],[-43.16,-11.115],[-43.15,-11.143],[-43.072,-11.109],[-42.978,-11.174],[-42.934,-11.244],[-42.902,-11.257],[-42.825,-11.251],[-42.812,-11.187],[-42.764,-11.142],[-42.74,-11.044],[-42.725,-10.842],[-42.482,-10.467],[-42.415,-10.415],[-42.37,-10.427],[-42.259,-10.548],[-42.237,-10.66],[-42.351,-10.999],[-42.336,-11.001],[-42.24,-10.896],[-42.157,-10.668],[-42.363,-10.192],[-42.335,-10.098],[-42.243,-10.114],[-42.201,-10.145],[-42.119,-10.151],[-41.995,-10.196],[-41.917,-10.29],[-41.874,-10.3],[-41.986,-10.152],[-42.167,-10.081],[-42.171,-10.024],[-42.075,-9.888],[-41.935,-9.787],[-41.866,-9.77],[-41.818,-9.82],[-41.649,-9.819],[-41.561,-9.789],[-41.541,-9.801],[-41.464,-9.794],[-41.35,-9.736],[-41.188,-9.702],[-41.147,-9.664],[-41.138,-9.577],[-41.097,-9.5],[-40.84,-9.455],[-40.818,-9.438],[-40.818,-9.406],[-40.92,-9.257]],[[-42.803,-10.961],[-42.807,-11.083],[-42.849,-11.143],[-42.879,-11.148],[-42.931,-11.079],[-42.879,-10.975],[-42.899,-10.945],[-42.996,-10.961],[-42.991,-10.943],[-42.891,-10.902],[-42.847,-10.846],[-42.783,-10.831],[-42.772,-10.843],[-42.839,-10.905],[-42.849,-10.935],[-42.803,-10.961]]]}},
{"type":"Feature","properties":{"name":"Danau Toba","kind":"lake","rank":5,"minzoom":6},"geometry":{"type":"Polygon","coordinates":[[[99.143,2.412],[99.042,2.483],[98.87,2.731],[98.792,2.799],[98.707,2.854],[98.64,2.873],[98.572,2.876],[98.53,2.859],[98.526,2.824],[98.641,2.65],[98.662,2.644],[98.723,2.724],[98.76,2.729],[98.919,2.558],[98.949,2.504],[98.927,2.483],[98.885,2.476],[98.784,2.515],[98.711,2.577],[98.689,2.555],[98.846,2.353],[98.999,2.349],[99.093,2.37],[99.143,2.397],[99.143,2.412]]]}},
{"type":"Feature","properties":{"name":null,"kind":"lake","rank":1,"minzoom":6},"geometry":{"type":"Polygon","coordinates":[[[26.57,61.623],[26.543,61.688],[26.466,61.735],[26.406,61.717],[26.295,61.716],[26.237,61.841],[26.126,61.767],[25.944,61.796],[25.955,61.717],[25.891,61.675],[25.9,61.647],[26.114,61.542],[26.148,61.546],[26.183,61.629],[26.144,61.669],[26.103,61.648],[26.085,61.657],[26.077,61.704],[26.183,61.73],[26.473,61.612],[26.545,61.609],[26.57,61.623]]]}},
{"type":"Feature","properties":{"name":"Lake Pukaki","kind":"lake","rank":5,"minzoom":6},"geometry":{"type":"Polygon","coordinates":[[[170.248,-44.117],[170.184,-43.831],[170.198,-43.704],[170.136,-43.766],[170.131,-43.809],[170.178,-44.17],[170.23,-44.173],[170.248,-44.117]]]}},
{"type":"Feature","properties":{"name":"Lake Ohau","kind":"lake","rank":1,"minzoom":6},"geometry":{"type":"Polygon","coordinates":[[[169.995,-44.287],[169.921,-44.221],[169.913,-44.172],[169.925,-44.091],[169.982,-44.017],[169.98,-43.974],[169.912,-44.051],[169.891,-44.039],[169.881,-43.973],[169.86,-43.987],[169.865,-44.224],[169.893,-44.277],[169.945,-44.295],[169.995,-44.287]]]}},
{"type":"Feature","properties":{"name":"Lake Abitibi","kind":"lake","rank":5,"minzoom":6},"geometry":{"type":"Polygon","coordinates":[[[-80.18,48.812],[-80.091,48.775],[-80.06,48.783],[-79.972,48.699],[-79.867,48.633],[-79.753,48.644],[-79.511,48.613],[-79.485,48.618],[-79.478,48.642],[-79.439,48.648],[-79.319,48.631],[-79.295,48.578],[-79.313,48.452],[-79.247,48.456],[-79.226,48.472],[-79.259,48.69],[-79.413,48.715],[-79.576,48.797],[-79.701,48.723],[-79.832,48.73],[-79.857,48.807],[-79.836,48.875],[-79.889,48.924],[-79.952,48.935],[-80.105,48.913],[-80.18,48.812]]]}},
{"type":"Feature","properties":{"name":"Fort Peck Lake","kind":"reservoir","rank":1,"minzoom":6},"geometry":{"type":"Polygon","coordinates":[[[-106.217,47.585],[-106.267,47.793],[-106.253,47.815],[-106.345,47.879],[-106.358,47.925],[-106.325,47.985],[-106.366,48.015],[-106.433,48.027],[-106.59,47.958],[-106.566,47.907],[-106.596,47.86],[-106.769,47.788],[-106.933,47.764],[-106.93,47.725],[-107.336,47.728],[-107.455,47.662],[-107.714,47.688],[-107.685,47.646],[-107.841,47.526],[-107.889,47.538],[-107.959,47.601],[-108.045,47.614],[-108.196,47.602],[-108.17,47.584],[-108.044,47.58],[-107.949,47.558],[-107.916,47.509],[-107.911,47.39],[-107.846,47.468],[-107.612,47.623],[-107.429,47.635],[-107.333,47.685],[-107.183,47.685],[-107.03,47.666],[-106.993,47.644],[-106.906,47.672],[-106.862,47.631],[-106.813,47.716],[-106.556,47.75],[-106.521,47.828],[-106.454,47.879],[-106.42,47.876],[-106.384,47.848],[-106.251,47.644],[-106.269,47.548],[-106.217,47.585]]]}},
{"type":"Feature","properties":{"name":"Lake Oahe","kind":"reservoir","rank":5,"minzoom":6},"geometry":{"type":"Polygon","coordinates":[[[-100.289,45.017],[-100.262,45.044],[-100.286,45.088],[-100.255,45.242],[-100.281,45.427],[-100.408,45.564],[-100.398,45.618],[-100.354,45.645],[-100.345,45.685],[-100.35,45.854],[-100.493,45.988],[-100.559,46.096],[-100.574,46.187],[-100.527,46.386],[-100.585,46.617],[-100.714,46.705],[-100.777,46.714],[-100.767,46.673],[-100.634,46.58],[-100.606,46.489],[-100.594,46.314],[-100.668,46.162],[-100.659,46.12],[-100.414,45.808],[-100.39,45.71],[-100.448,45.644],[-100.531,45.636],[-100.637,45.662],[-100.434,45.504],[-100.344,45.39],[-100.528,45.377],[-100.612,45.355],[-100.407,45.348],[-100.345,45.305],[-100.317,45.26],[-100.323,45.215],[-100.347,45.102],[-100.447,44.999],[-100.441,44.897],[-100.457,44.872],[-100.5,44.87],[-100.559,44.811],[-100.67,44.867],[-100.778,44.882],[-100.767,44.85],[-100.805,44.834],[-100.96,44.818],[-100.995,44.777],[-101.158,44.747],[-101.188,44.727],[-100.848,44.764],[-100.724,44.732],[-100.682,44.714],[-100.671,44.627],[-100.62,44.531],[-100.637,44.503],[-100.61,44.47],[-100.567,44.446],[-100.478,44.443],[-100.412,44.419],[-100.388,44.451],[-100.397,44.47],[-100.504,44.522],[-100.488,44.573],[-100.516,44.593],[-100.559,44.584],[-100.595,44.601],[-100.636,44.75],[-100.625,44.767],[-100.573,44.753],[-100.532,44.763],[-100.476,44.794],[-100.392,44.896],[-100.37,44.988],[-100.289,45.017]]]}},
{"type":"Feature","properties":{"name":"Teslin Lake","kind":"lake","rank":1,"minzoom":6},"geometry":{"type":"Polygon","coordinates":[[[-132.095,59.607],[-132.089,59.644],[-132.202,59.77],[-132.23,59.849],[-132.364,59.986],[-132.522,60.098],[-132.798,60.192],[-132.98,60.297],[-133.138,60.427],[-133.245,60.449],[-132.958,60.201],[-132.61,60.05],[-132.399,59.922],[-132.159,59.626],[-132.125,59.604],[-132.095,59.607]]]}},
{"type":"Feature","properties":{"name":"Lower Arrow Lake","kind":"reservoir","rank":5,"minzoom":6},"geometry":{"type":"Polygon","coordinates":[[[-117.907,49.342],[-117.911,49.375],[-118.048,49.457],[-118.087,49.515],[-118.109,49.583],[-118.092,49.802],[-118.128,49.752],[-118.156,49.601],[-118.139,49.521],[-118.063,49.412],[-117.957,49.336],[-117.907,49.342]]]}},
{"type":"Feature","properties":{"name":"Lake Nasser","kind":"reservoir","rank":5,"minzoom":6},"geometry":{"type":"Polygon","coordinates":[[[32.234,22.674],[32.299,22.592],[32.248,22.547],[32.297,22.531],[32.328,22.55],[32.332,22.581],[32.586,22.783],[32.618,22.896],[32.705,22.947],[32.744,23.033],[32.785,23.039],[32.859,22.978],[32.972,22.935],[32.99,22.955],[32.855,23.117],[32.865,23.156],[32.911,23.161],[32.929,23.204],[32.921,23.249],[33.007,23.237],[32.99,23.371],[32.922,23.485],[32.951,23.509],[33.005,23.509],[32.924,23.567],[32.909,23.61],[32.921,23.634],[32.981,23.655],[32.986,23.695],[32.945,23.791],[32.933,23.941],[32.879,23.988],[32.823,23.91],[32.873,23.792],[32.848,23.733],[32.854,23.677],[32.834,23.619],[32.798,23.584],[32.739,23.624],[32.655,23.633],[32.624,23.587],[32.646,23.567],[32.676,23.594],[32.707,23.57],[32.599,23.496],[32.661,23.472],[32.743,23.516],[32.841,23.483],[32.856,23.342],[32.819,23.278],[32.788,23.273],[32.739,23.229],[32.501,22.758],[32.413,22.694],[32.337,22.691],[32.222,22.769],[32.167,22.788],[32.132,22.781],[32.024,22.734],[31.911,22.661],[31.824,22.565],[31.676,22.626],[31.679,22.604],[31.785,22.483],[31.704,22.453],[31.45,22.21],[31.372,22.103],[31.303,21.932],[31.112,21.671],[31.091,21.609],[31.124,21.612],[31.203,21.709],[31.319,21.812],[31.441,22.102],[31.552,22.209],[31.625,22.242],[31.648,22.273],[31.645,22.312],[31.746,22.363],[31.826,22.351],[31.855,22.415],[31.936,22.481],[31.962,22.573],[32.056,22.665],[32.127,22.688],[32.234,22.674]]]}},
{"type":"Feature","properties":{"name":null,"kind":"lake","rank":1,"minzoom":6},"geometry":{"type":"Polygon","coordinates":[[[24.608,61.654],[24.674,61.668],[24.691,61.721],[24.491,61.679],[24.454,61.626],[24.321,61.633],[24.358,61.587],[24.043,61.423],[24.017,61.369],[24.035,61.312],[23.952,61.224],[23.919,61.211],[23.845,61.228],[23.773,61.283],[23.781,61.214],[24.352,61.073],[24.439,61.031],[24.337,61.12],[24.33,61.139],[24.372,61.145],[24.355,61.162],[24.242,61.195],[24.092,61.185],[24.014,61.231],[24.024,61.247],[24.161,61.28],[24.279,61.293],[24.128,61.344],[24.194,61.457],[24.342,61.52],[24.469,61.528],[24.507,61.552],[24.456,61.59],[24.608,61.654]]]}},
{"type":"Feature","properties":{"name":"Pyhäjärvi","kind":"lake","rank":5,"minzoom":6},"geometry":{"type":"Polygon","coordinates":[[[23.511,61.419],[23.776,61.521],[23.798,61.599],[23.772,61.618],[23.834,61.636],[23.739,61.651],[23.786,61.729],[23.758,61.786],[24.105,61.951],[24.094,62.02],[24.417,61.987],[24.482,62.001],[24.549,61.993],[24.706,61.921],[24.634,61.986],[24.63,62.043],[24.686,62.095],[24.722,62.198],[24.682,62.194],[24.662,62.266],[24.63,62.263],[24.615,62.205],[24.585,62.197],[24.595,62.09],[24.438,62.141],[24.363,62.156],[24.343,62.146],[24.524,62.081],[24.565,62.045],[24.498,62.027],[24.324,62.03],[24.304,62.042],[24.335,62.103],[24.301,62.12],[24.22,62.045],[24.126,62.057],[24.123,62.123],[24.181,62.157],[23.954,62.16],[23.999,62.232],[23.928,62.221],[23.906,62.154],[23.855,62.14],[23.701,62.164],[23.699,62.227],[23.645,62.215],[23.681,62.116],[23.974,62.09],[24.003,62.076],[24.032,61.974],[23.865,61.911],[23.838,61.87],[23.751,61.877],[23.708,61.865],[23.725,61.836],[23.667,61.728],[23.603,61.688],[23.632,61.652],[23.57,61.641],[23.709,61.511],[23.349,61.39],[23.44,61.371],[23.572,61.296],[23.717,61.262],[23.707,61.317],[23.568,61.348],[23.507,61.391],[23.511,61.419]]]}},
{"type":"Feature","properties":{"name":"Lake Volta","kind":"reservoir","rank":5,"minzoom":6},"geometry":{"type":"Polygon","coordinates":[[[0.272,6.675],[0.254,6.673],[0.237,6.768],[0.24,6.896],[0.305,7.099],[0.271,7.138],[0.272,7.234],[0.294,7.278],[0.276,7.353],[0.32,7.542],[0.25,7.491],[0.229,7.536],[0.24,7.578],[0.282,7.575],[0.278,7.762],[0.237,7.834],[0.258,7.905],[0.168,7.863],[0.108,7.939],[0.161,8.06],[0.267,8.094],[0.231,8.125],[0.184,8.206],[0.214,8.314],[0.294,8.334],[0.242,8.379],[0.115,8.416],[0.103,8.434],[0.128,8.574],[0.168,8.625],[0.198,8.738],[0.184,8.742],[0.16,8.7],[0.135,8.598],[0.085,8.548],[0.092,8.403],[0.217,8.363],[0.137,8.254],[0.105,8.242],[0.152,8.161],[0.17,8.086],[0.099,8.093],[0.07,8.081],[0.062,8.041],[0.079,8.003],[0.056,7.886],[0.07,7.821],[0.055,7.792],[-0.024,7.793],[-0.052,7.811],[-0.103,7.976],[-0.128,8.011],[-0.33,8.158],[-0.321,8.177],[-0.193,8.186],[-0.202,8.213],[-0.245,8.245],[-0.286,8.253],[-0.485,8.209],[-0.554,8.251],[-0.782,8.469],[-0.805,8.52],[-0.705,8.643],[-0.77,8.656],[-0.806,8.689],[-0.791,8.761],[-0.823,8.707],[-0.817,8.6],[-0.843,8.579],[-0.873,8.586],[-0.931,8.653],[-1.026,8.844],[-1.075,8.853],[-1.106,8.897],[-1.121,8.929],[-1.13,9.076],[-1.152,9.117],[-1.174,9.074],[-1.174,8.945],[-1.134,8.813],[-1.067,8.75],[-1.062,8.722],[-1.126,8.705],[-1.269,8.726],[-1.376,8.805],[-1.591,8.695],[-1.663,8.673],[-1.715,8.63],[-1.664,8.629],[-1.545,8.664],[-1.443,8.731],[-1.405,8.739],[-1.219,8.658],[-1.153,8.551],[-1.128,8.632],[-1.041,8.646],[-0.999,8.63],[-0.912,8.555],[-0.784,8.366],[-0.795,8.315],[-0.724,8.28],[-0.6,8.173],[-0.604,8.159],[-0.655,8.142],[-0.748,8.135],[-0.756,8.102],[-0.643,8.106],[-0.643,8.087],[-0.624,8.085],[-0.543,8.154],[-0.526,8.128],[-0.527,8.062],[-0.498,8.057],[-0.446,8.091],[-0.379,8.048],[-0.417,7.972],[-0.351,8.002],[-0.344,8.038],[-0.315,8.04],[-0.192,7.955],[-0.152,7.841],[-0.157,7.779],[-0.1,7.755],[-0.161,7.721],[-0.254,7.72],[-0.262,7.684],[-0.294,7.667],[-0.422,7.649],[-0.654,7.551],[-0.603,7.554],[-0.498,7.597],[-0.432,7.594],[-0.242,7.639],[-0.064,7.641],[0.012,7.543],[-0.169,7.55],[-0.208,7.546],[-0.242,7.517],[-0.157,7.51],[-0.128,7.472],[-0.066,7.444],[-0.063,7.508],[0.046,7.478],[0.05,7.432],[0.102,7.343],[0.184,7.287],[0.174,7.252],[0.099,7.193],[0.007,7.209],[0.01,7.187],[0.085,7.147],[0.101,7.053],[0.088,7.023],[0.123,6.983],[0.042,6.946],[0.059,6.914],[0.112,6.897],[0.03,6.85],[-0.042,6.847],[-0.066,6.825],[-0.067,6.789],[-0.017,6.733],[-0.057,6.63],[-0.144,6.648],[-0.194,6.741],[-0.335,6.716],[-0.393,6.828],[-0.419,6.731],[-0.467,6.723],[-0.491,6.737],[-0.518,6.794],[-0.551,6.811],[-0.58,6.785],[-0.66,6.836],[-0.684,6.834],[-0.674,6.802],[-0.634,6.753],[-0.324,6.622],[-0.099,6.49],[-0.011,6.379],[0.041,6.405],[0.073,6.404],[0.081,6.353],[0.103,6.338],[0.138,6.366],[0.152,6.611],[0.23,6.616],[0.276,6.648],[0.317,6.738],[0.272,6.675]],[[0.13,6.679],[0.09,6.659],[0.011,6.718],[0.017,6.779],[0.062,6.808],[0.159,6.767],[0.181,6.726],[0.13,6.679]]]}},
{"type":"Feature","properties":{"name":"Bratsk Reservoir","kind":"reservoir","rank":1,"minzoom":6.5},"geometry":{"type":"Polygon","coordinates":[[[103.533,53.636],[103.435,53.679],[103.33,53.779],[103.298,53.874],[103.16,54.001],[103.103,54.147],[103.144,54.239],[103.205,54.311],[103.261,54.342],[103.318,54.303],[103.397,54.17],[103.463,54.16],[103.349,54.323],[103.286,54.482],[103.279,54.578],[103.154,54.801],[103.185,54.878],[103.304,55.02],[103.364,55.219],[103.334,55.358],[103.226,55.558],[103.247,55.714],[103.143,55.808],[103.063,55.92],[103.02,56.045],[103.023,56.214],[103.001,56.223],[102.941,56.197],[102.872,56.199],[102.799,56.262],[102.626,56.253],[102.582,56.332],[102.522,56.349],[102.474,56.311],[102.462,56.253],[102.26,56.255],[102.255,56.227],[101.945,56.125],[101.922,56.167],[101.964,56.227],[101.931,56.242],[101.867,56.236],[101.803,56.291],[101.767,56.287],[101.71,56.264],[101.706,56.175],[101.672,56.135],[101.732,56.07],[101.706,55.973],[101.275,55.982],[101.322,55.946],[101.741,55.807],[101.788,55.772],[101.806,55.654],[101.97,55.563],[101.979,55.523],[101.757,55.469],[101.789,55.414],[102.072,55.457],[102.3,55.53],[102.307,55.495],[102.26,55.409],[102.33,55.271],[102.118,55.053],[102.233,55.101],[102.344,55.232],[102.43,55.285],[102.342,55.32],[102.311,55.401],[102.386,55.544],[102.332,55.59],[102.102,55.628],[102.051,55.663],[102.094,55.696],[102.085,55.718],[101.99,55.731],[101.913,55.783],[101.906,55.834],[101.978,55.903],[102,55.961],[101.986,56.026],[102.18,56.068],[102.236,56.103],[102.309,56.11],[102.439,56.091],[102.53,56.158],[102.717,56.143],[102.797,56.108],[102.852,56.104],[102.921,56.063],[102.99,55.854],[103.074,55.789],[103.139,55.685],[103.179,55.486],[103.272,55.302],[103.282,55.159],[103.226,55.046],[103.07,54.921],[103.033,54.782],[103.186,54.627],[103.218,54.487],[103.173,54.424],[103.106,54.415],[103.017,54.283],[102.987,54.156],[103.003,54.068],[103.208,53.806],[103.117,53.774],[102.927,53.82],[102.868,53.79],[103.096,53.742],[103.275,53.677],[103.343,53.572],[103.343,53.228],[103.374,53.107],[103.44,53.223],[103.44,53.519],[103.49,53.563],[103.609,53.552],[103.726,53.484],[103.743,53.496],[103.725,53.602],[103.533,53.636]]]}},
{"type":"Feature","properties":{"name":"Ozero Khantayskoye","kind":"lake","rank":6,"minzoom":6.5},"geometry":{"type":"Polygon","coordinates":[[[91.937,68.489],[91.483,68.44],[91.092,68.443],[90.869,68.405],[90.658,68.407],[90.232,68.369],[89.523,68.399],[89.315,68.388],[89.313,68.335],[89.472,68.313],[89.772,68.305],[89.807,68.263],[89.935,68.24],[90.92,68.311],[91.105,68.368],[92.331,68.426],[92.104,68.509],[91.937,68.489]]]}},
{"type":"Feature","properties":{"name":"Ozero Keta","kind":"lake","rank":6,"minzoom":6.5},"geometry":{"type":"Polygon","coordinates":[[[91.306,68.793],[91.484,68.787],[91.713,68.862],[91.452,68.836],[90.918,68.816],[90.445,68.758],[89.999,68.837],[89.737,68.856],[89.582,68.848],[89.547,68.819],[90.05,68.702],[90.544,68.71],[90.843,68.755],[91.306,68.793]]]}},
{"type":"Feature","properties":{"name":"Ozero Lama","kind":"lake","rank":6,"minzoom":6.5},"geometry":{"type":"Polygon","coordinates":[[[89.469,69.378],[89.582,69.444],[89.761,69.489],[90.099,69.539],[90.408,69.519],[90.66,69.453],[90.988,69.459],[91.559,69.418],[91.436,69.51],[91.08,69.488],[90.205,69.625],[89.901,69.603],[89.546,69.495],[88.845,69.371],[88.825,69.339],[88.958,69.323],[89.469,69.378]]]}},
{"type":"Feature","properties":{"name":"Uddjaure","kind":"lake","rank":6,"minzoom":6.5},"geometry":{"type":"Polygon","coordinates":[[[17.967,65.852],[18.001,65.882],[17.948,65.934],[17.945,65.997],[17.964,66.048],[18.009,66.051],[17.968,66.106],[17.777,66.187],[17.676,66.201],[17.621,66.193],[17.615,66.168],[17.723,66.115],[17.733,66.083],[17.672,66.067],[17.547,66.108],[17.471,66.113],[17.346,66.08],[17.36,66.047],[17.46,66.066],[17.517,66.05],[17.546,66.012],[17.637,66.012],[17.72,65.979],[17.693,65.875],[17.74,65.857],[17.882,65.89],[17.967,65.852]]]}},
{"type":"Feature","properties":{"name":"Storavan","kind":"lake","rank":6,"minzoom":6.5},"geometry":{"type":"Polygon","coordinates":[[[18.001,65.882],[17.967,65.852],[18.071,65.715],[18.093,65.629],[18.161,65.621],[18.173,65.664],[18.255,65.677],[18.378,65.648],[18.509,65.66],[18.37,65.752],[18.286,65.776],[18.14,65.778],[18.001,65.882]]]}},
{"type":"Feature","properties":{"name":null,"kind":"lake","rank":1,"minzoom":6.5},"geometry":{"type":"Polygon","coordinates":[[[15.755,63.758],[15.824,63.754],[15.745,63.83],[15.578,63.868],[15.395,64.019],[15.419,64.075],[15.21,64.322],[15.111,64.341],[14.851,64.347],[14.493,64.417],[14.356,64.42],[14.195,64.481],[14.096,64.557],[13.802,64.66],[13.71,64.636],[14.093,64.519],[14.192,64.447],[14.328,64.388],[15.037,64.285],[15.319,64.11],[15.316,64.031],[15.417,63.939],[15.39,63.926],[15.263,63.961],[15.52,63.85],[15.542,63.76],[15.642,63.808],[15.755,63.758]]]}},
{"type":"Feature","properties":{"name":null,"kind":"lake","rank":1,"minzoom":6.5},"geometry":{"type":"Polygon","coordinates":[[[13.29,64.738],[13.198,64.684],[13.234,64.671],[13.368,64.693],[13.6,64.675],[13.635,64.686],[13.399,64.785],[13.29,64.738]]]}},
{"type":"Feature","properties":{"name":"Lake Habbaniyah","kind":"lake","rank":6,"minzoom":6.5},"geometry":{"type":"Polygon","coordinates":[[[43.595,33.306],[43.554,33.348],[43.477,33.338],[43.382,33.435],[43.309,33.349],[43.304,33.309],[43.402,33.257],[43.434,33.199],[43.483,33.19],[43.566,33.219],[43.595,33.306]]]}},
{"type":"Feature","properties":{"name":"Lake Skadar","kind":"lake","rank":6,"minzoom":6.5},"geometry":{"type":"Polygon","coordinates":[[[19.293,42.265],[19.099,42.278],[19.216,42.158],[19.394,42.088],[19.467,42.079],[19.481,42.108],[19.364,42.29],[19.293,42.265]]]}},
{"type":"Feature","properties":{"name":"Aylmer Lake","kind":"lake","rank":6,"minzoom":6.5},"geometry":{"type":"Polygon","coordinates":[[[-107.932,64.036],[-107.945,64.094],[-108.186,64.177],[-108.257,64.16],[-108.263,64.142],[-108.336,64.156],[-108.358,64.181],[-108.247,64.316],[-108.419,64.267],[-108.432,64.398],[-108.467,64.413],[-108.541,64.388],[-108.602,64.331],[-108.598,64.195],[-108.634,64.17],[-109.029,64.103],[-109.154,64.104],[-109.363,64.066],[-109.639,64.051],[-109.571,64.018],[-109.394,64.02],[-109.114,64.076],[-108.858,64.065],[-108.749,64.036],[-108.661,63.988],[-108.459,63.945],[-108.252,64.022],[-108.161,64.038],[-107.932,64.036]]]}},
{"type":"Feature","properties":{"name":"Clinton-Colden Lake","kind":"lake","rank":6,"minzoom":6.5},"geometry":{"type":"Polygon","coordinates":[[[-107.945,64.094],[-107.932,64.036],[-107.805,63.956],[-107.789,63.981],[-107.668,63.985],[-107.622,63.97],[-107.632,63.877],[-107.502,63.789],[-107.274,63.776],[-107.088,63.912],[-107.104,63.924],[-107.222,63.926],[-107.269,63.983],[-107.238,64.1],[-107.323,64.131],[-107.589,64.112],[-107.752,64.071],[-107.945,64.094]]]}},
{"type":"Feature","properties":{"name":"Lake Francis Case","kind":"reservoir","rank":6,"minzoom":6.5},"geometry":{"type":"Polygon","coordinates":[[[-99.147,43.433],[-99.244,43.477],[-99.35,43.643],[-99.411,43.703],[-99.315,43.841],[-99.303,43.903],[-99.322,43.957],[-99.364,43.991],[-99.365,43.843],[-99.441,43.752],[-99.471,43.669],[-99.383,43.606],[-99.315,43.468],[-98.93,43.226],[-98.9,43.159],[-98.666,43.059],[-98.56,43.06],[-98.571,43.102],[-98.706,43.135],[-98.831,43.206],[-98.905,43.285],[-99.147,43.433]]]}},
{"type":"Feature","properties":{"name":"Falcon Lake","kind":"reservoir","rank":1,"minzoom":6.5},"geometry":{"type":"Polygon","coordinates":[[[-99.184,26.76],[-99.218,26.805],[-99.218,26.91],[-99.277,26.921],[-99.415,27.044],[-99.457,27.057],[-99.464,27.025],[-99.401,26.954],[-99.368,26.886],[-99.364,26.821],[-99.394,26.795],[-99.331,26.803],[-99.283,26.76],[-99.243,26.584],[-99.2,26.562],[-99.172,26.564],[-99.15,26.592],[-99.149,26.652],[-99.113,26.727],[-99.119,26.749],[-99.184,26.76]]]}},
{"type":"Feature","properties":{"name":"Lac Île-à-la-Crosse","kind":"lake","rank":6,"minzoom":6.5},"geometry":{"type":"Polygon","coordinates":[[[-107.789,55.211],[-107.769,55.267],[-107.792,55.367],[-107.74,55.408],[-107.666,55.744],[-107.737,55.921],[-107.766,55.894],[-107.769,55.698],[-107.805,55.665],[-107.857,55.661],[-107.806,55.553],[-107.85,55.528],[-107.985,55.575],[-108.036,55.554],[-108.044,55.508],[-107.843,55.303],[-107.789,55.211]]]}},
{"type":"Feature","properties":{"name":"Wholdaia Lake","kind":"lake","rank":6,"minzoom":6.5},"geometry":{"type":"Polygon","coordinates":[[[-103.836,60.554],[-103.736,60.642],[-103.746,60.701],[-103.81,60.71],[-103.937,60.614],[-104.042,60.602],[-104.123,60.624],[-104.137,60.668],[-104.082,60.693],[-103.97,60.707],[-103.667,60.835],[-103.647,60.902],[-103.716,60.952],[-103.742,60.945],[-103.769,60.866],[-103.851,60.824],[-104.217,60.738],[-104.141,60.826],[-104.219,60.814],[-104.213,60.938],[-104.335,61.026],[-104.419,61.022],[-104.449,61.001],[-104.53,60.86],[-104.643,60.856],[-104.588,60.813],[-104.505,60.818],[-104.38,60.901],[-104.343,60.871],[-104.494,60.726],[-104.135,60.533],[-104.187,60.341],[-103.949,60.421],[-103.935,60.477],[-103.836,60.554]]]}},
{"type":"Feature","properties":{"name":"Tehek Lake","kind":"lake","rank":6,"minzoom":6.5},"geometry":{"type":"Polygon","coordinates":[[[-95.249,65.003],[-95.25,65.034],[-95.632,65.039],[-95.931,65.003],[-96.003,64.974],[-96.032,64.923],[-95.881,64.851],[-95.858,64.915],[-95.799,64.923],[-95.636,64.846],[-95.593,64.782],[-95.55,64.762],[-95.487,64.766],[-95.459,64.789],[-95.463,64.921],[-95.39,64.972],[-95.249,65.003]]]}},
{"type":"Feature","properties":{"name":"Réservoir de Caniapiscau","kind":"reservoir","rank":6,"minzoom":6.5},"geometry":{"type":"Polygon","coordinates":[[[-69.351,54.083],[-69.406,54.121],[-69.477,54.092],[-69.588,54.107],[-69.697,54.153],[-69.664,54.21],[-69.682,54.268],[-69.793,54.283],[-69.858,54.368],[-69.901,54.379],[-69.971,54.365],[-70.041,54.372],[-70.082,54.343],[-69.88,54.311],[-69.869,54.289],[-69.879,54.261],[-70.011,54.223],[-70.141,54.129],[-70.129,54.11],[-69.983,54.139],[-69.707,54.069],[-69.703,54.038],[-69.856,53.977],[-69.869,53.955],[-69.834,53.946],[-69.412,54.036],[-69.32,54.025],[-69.269,54.047],[-69.351,54.083]]]}},
{"type":"Feature","properties":{"name":null,"kind":"reservoir","rank":1,"minzoom":6.5},"geometry":{"type":"Polygon","coordinates":[[[-68.68,53.798],[-68.846,53.911],[-68.903,53.985],[-68.979,54.011],[-69.005,54.042],[-69.062,54.007],[-69.146,54.04],[-69.154,54],[-69.231,53.979],[-69.243,53.961],[-69.225,53.949],[-69.061,53.958],[-69.008,53.94],[-68.907,53.876],[-68.814,53.846],[-68.767,53.796],[-68.866,53.737],[-68.827,53.676],[-68.947,53.609],[-69.085,53.444],[-69.055,53.428],[-68.9,53.483],[-68.853,53.594],[-68.777,53.577],[-68.716,53.583],[-68.726,53.689],[-68.68,53.798]]]}},
{"type":"Feature","properties":{"name":null,"kind":"reservoir","rank":1,"minzoom":6.5},"geometry":{"type":"Polygon","coordinates":[[[-70.233,54.444],[-69.949,54.425],[-69.882,54.456],[-69.766,54.466],[-69.774,54.492],[-69.839,54.525],[-69.9,54.704],[-69.983,54.742],[-70.029,54.676],[-69.96,54.684],[-69.912,54.617],[-69.912,54.552],[-69.97,54.49],[-70.095,54.473],[-70.214,54.479],[-70.424,54.41],[-70.517,54.441],[-70.419,54.359],[-70.233,54.444]]]}},
{"type":"Feature","properties":{"name":"Kentucky Lake","kind":"reservoir","rank":6,"minzoom":6.5},"geometry":{"type":"Polygon","coordinates":[[[-88.057,36.669],[-88.207,36.971],[-88.283,37.022],[-88.272,36.951],[-88.084,36.555],[-88.116,36.293],[-88.092,36.26],[-88.066,36.314],[-88.039,36.307],[-87.991,36.234],[-87.983,36.099],[-88.041,35.949],[-87.975,35.945],[-87.91,36.187],[-88.007,36.427],[-88.057,36.669]]]}},
{"type":"Feature","properties":{"name":"J. Strom Thurmond Lake","kind":"reservoir","rank":6,"minzoom":6.5},"geometry":{"type":"Polygon","coordinates":[[[-82.411,33.954],[-82.441,33.938],[-82.546,34.009],[-82.589,34.017],[-82.577,33.956],[-82.553,33.937],[-82.579,33.865],[-82.491,33.898],[-82.308,33.776],[-82.275,33.725],[-82.575,33.643],[-82.468,33.641],[-82.332,33.672],[-82.208,33.664],[-82.188,33.694],[-82.411,33.954]]]}},
{"type":"Feature","properties":{"name":"Kinbasket Lake","kind":"reservoir","rank":6,"minzoom":6.5},"geometry":{"type":"Polygon","coordinates":[[[-118.402,52.172],[-119.058,52.727],[-119.128,52.739],[-118.551,52.241],[-118.527,52.102],[-118.499,52.069],[-118.392,52.069],[-118.366,52.09],[-118.218,52.129],[-118.18,52.178],[-118.287,52.159],[-118.402,52.172]]]}},
{"type":"Feature","properties":{"name":"Lake George","kind":"lake","rank":6,"minzoom":6.5},"geometry":{"type":"Polygon","coordinates":[[[-81.684,29.368],[-81.64,29.258],[-81.595,29.198],[-81.529,29.224],[-81.54,29.287],[-81.64,29.414],[-81.683,29.505],[-81.684,29.368]]]}},
{"type":"Feature","properties":{"name":"Lake Havasu","kind":"lake","rank":6,"minzoom":6.5},"geometry":{"type":"Polygon","coordinates":[[[-114.359,34.438],[-114.189,34.318],[-114.164,34.253],[-114.134,34.242],[-114.082,34.318],[-114.327,34.478],[-114.377,34.54],[-114.405,34.488],[-114.359,34.438]]]}},
{"type":"Feature","properties":{"name":"Shasta Lake","kind":"reservoir","rank":1,"minzoom":6.5},"geometry":{"type":"Polygon","coordinates":[[[-122.232,40.871],[-122.301,40.804],[-122.351,40.784],[-122.362,40.82],[-122.395,40.829],[-122.426,40.744],[-122.411,40.721],[-122.241,40.754],[-122.151,40.746],[-122.102,40.766],[-122.095,40.783],[-122.116,40.8],[-122.229,40.793],[-122.232,40.871]]]}},
{"type":"Feature","properties":{"name":"Point Lake","kind":"lake","rank":6,"minzoom":6.5},"geometry":{"type":"Polygon","coordinates":[[[-114.098,65.378],[-113.95,65.335],[-113.787,65.244],[-113.507,65.272],[-113.324,65.26],[-112.997,65.196],[-112.939,65.213],[-112.65,65.16],[-112.457,65.153],[-112.318,64.96],[-112.288,64.952],[-112.242,64.966],[-112.346,65.128],[-112.307,65.183],[-112.222,65.192],[-112.217,65.225],[-112.678,65.203],[-113.312,65.318],[-113.316,65.332],[-113.224,65.356],[-113.125,65.361],[-113.113,65.385],[-113.271,65.401],[-113.401,65.382],[-113.517,65.385],[-113.621,65.416],[-113.84,65.368],[-113.937,65.444],[-114.169,65.496],[-114.287,65.555],[-114.298,65.6],[-114.183,65.611],[-114.173,65.638],[-114.229,65.677],[-114.397,65.657],[-114.381,65.616],[-114.442,65.477],[-114.185,65.446],[-114.098,65.378]]]}},
{"type":"Feature","properties":{"name":"Upper Klamath Lake","kind":"lake","rank":6,"minzoom":6.5},"geometry":{"type":"Polygon","coordinates":[[[-121.941,42.604],[-122.06,42.475],[-122.042,42.428],[-121.957,42.396],[-121.921,42.36],[-121.922,42.332],[-121.842,42.256],[-121.809,42.251],[-121.828,42.409],[-121.948,42.499],[-121.941,42.604]]]}},
{"type":"Feature","properties":{"name":"Harney Lake","kind":"alkaline","rank":6,"minzoom":6.5},"geometry":{"type":"Polygon","coordinates":[[[-119.195,43.229],[-119.163,43.184],[-119.081,43.16],[-119.023,43.197],[-119.005,43.239],[-119.019,43.259],[-119.133,43.308],[-119.205,43.256],[-119.195,43.229]]]}},
{"type":"Feature","properties":{"name":"Chiputneticook Lakes","kind":"lake","rank":6,"minzoom":6.5},"geometry":{"type":"Polygon","coordinates":[[[-67.708,45.692],[-67.787,45.759],[-67.863,45.74],[-67.779,45.67],[-67.625,45.602],[-67.512,45.589],[-67.449,45.607],[-67.48,45.683],[-67.533,45.643],[-67.6,45.637],[-67.708,45.692]]]}},
{"type":"Feature","properties":{"name":"Represa de Tucuruí","kind":"reservoir","rank":6,"minzoom":6.5},"geometry":{"type":"Polygon","coordinates":[[[-49.709,-4.422],[-49.675,-4.437],[-49.653,-4.484],[-49.675,-4.546],[-49.713,-4.593],[-49.592,-4.652],[-49.549,-4.74],[-49.532,-4.846],[-49.281,-5.301],[-49.17,-5.388],[-48.971,-5.333],[-48.937,-5.303],[-48.962,-5.276],[-49.176,-5.275],[-49.281,-5.165],[-49.347,-4.881],[-49.29,-4.836],[-49.283,-4.8],[-49.316,-4.725],[-49.298,-4.679],[-49.435,-4.49],[-49.448,-4.36],[-49.524,-4.257],[-49.543,-4.125],[-49.626,-3.848],[-49.687,-3.835],[-49.715,-3.855],[-49.719,-4.028],[-49.749,-4.058],[-49.753,-4.115],[-49.809,-4.175],[-49.815,-4.26],[-49.865,-4.321],[-49.81,-4.409],[-49.709,-4.422]]]}},
{"type":"Feature","properties":{"name":"Represa Três Marias","kind":"reservoir","rank":6,"minzoom":6.5},"geometry":{"type":"Polygon","coordinates":[[[-44.972,-18.782],[-45.017,-18.723],[-45.036,-18.759],[-45.097,-18.775],[-45.152,-18.735],[-45.156,-18.686],[-45.133,-18.608],[-45.181,-18.607],[-45.192,-18.514],[-45.212,-18.489],[-45.259,-18.474],[-45.285,-18.414],[-45.23,-18.231],[-45.287,-18.201],[-45.36,-18.239],[-45.379,-18.268],[-45.329,-18.273],[-45.328,-18.303],[-45.355,-18.395],[-45.434,-18.433],[-45.479,-18.474],[-45.516,-18.586],[-45.429,-18.556],[-45.367,-18.488],[-45.318,-18.501],[-45.298,-18.541],[-45.331,-18.603],[-45.372,-18.636],[-45.359,-18.66],[-45.255,-18.623],[-45.258,-18.678],[-45.29,-18.764],[-45.34,-18.801],[-45.34,-18.829],[-45.281,-18.853],[-45.247,-18.838],[-45.236,-18.758],[-45.214,-18.753],[-45.195,-18.831],[-45.209,-18.882],[-45.251,-18.909],[-45.386,-18.923],[-45.397,-19.007],[-45.31,-18.974],[-45.156,-18.948],[-45.089,-19.051],[-45.077,-19.005],[-45.129,-18.849],[-45.118,-18.83],[-45.044,-18.828],[-44.92,-18.857],[-44.903,-18.841],[-44.932,-18.824],[-44.942,-18.794],[-44.972,-18.782]]]}},
{"type":"Feature","properties":{"name":null,"kind":"reservoir","rank":1,"minzoom":6.5},"geometry":{"type":"Polygon","coordinates":[[[-51.416,-20.426],[-51.363,-20.452],[-51.305,-20.441],[-51.197,-20.499],[-51.066,-20.529],[-51.065,-20.513],[-51.177,-20.458],[-51.245,-20.392],[-51.112,-20.337],[-50.983,-20.307],[-50.913,-20.319],[-50.934,-20.265],[-50.978,-20.232],[-50.985,-20.17],[-50.936,-20.09],[-50.792,-19.995],[-50.669,-19.947],[-50.582,-19.82],[-50.668,-19.841],[-50.807,-19.932],[-50.949,-19.981],[-50.97,-19.727],[-50.997,-19.668],[-51.051,-19.781],[-51.05,-20.1],[-51.078,-20.175],[-51.104,-20.179],[-51.15,-20.147],[-51.172,-20.185],[-51.156,-20.24],[-51.181,-20.257],[-51.272,-20.255],[-51.314,-20.281],[-51.427,-20.257],[-51.438,-20.284],[-51.396,-20.355],[-51.423,-20.397],[-51.416,-20.426]]]}},
{"type":"Feature","properties":{"name":null,"kind":"lake","rank":1,"minzoom":6.5},"geometry":{"type":"Polygon","coordinates":[[[-72.609,-40.658],[-72.57,-40.69],[-72.464,-40.704],[-72.37,-40.663],[-72.365,-40.639],[-72.391,-40.622],[-72.541,-40.617],[-72.609,-40.658]]]}},
{"type":"Feature","properties":{"name":"Lago Colhué Huapí","kind":"lake","rank":6,"minzoom":6.5},"geometry":{"type":"Polygon","coordinates":[[[-68.676,-45.422],[-68.702,-45.369],[-68.766,-45.365],[-68.802,-45.413],[-68.836,-45.413],[-68.859,-45.388],[-68.875,-45.294],[-68.934,-45.264],[-68.97,-45.282],[-68.966,-45.447],[-68.848,-45.644],[-68.708,-45.657],[-68.599,-45.645],[-68.566,-45.607],[-68.574,-45.568],[-68.641,-45.512],[-68.676,-45.422]]]}},
{"type":"Feature","properties":{"name":null,"kind":"lake","rank":1,"minzoom":6.5},"geometry":{"type":"Polygon","coordinates":[[[9.128,47.671],[9.094,47.716],[8.999,47.752],[8.981,47.702],[8.881,47.656],[9.128,47.671]]]}},
{"type":"Feature","properties":{"name":null,"kind":"lake","rank":1,"minzoom":6.5},"geometry":{"type":"Polygon","coordinates":[[[36.867,62.198],[36.898,62.179],[36.983,62.211],[37.025,62.262],[37.015,62.428],[36.909,62.466],[36.847,62.459],[36.813,62.43],[36.768,62.26],[36.867,62.198]]]}},
{"type":"Feature","properties":{"name":null,"kind":"lake","rank":1,"minzoom":6.5},"geometry":{"type":"Polygon","coordinates":[[[38.909,60.586],[38.958,60.595],[39.054,60.523],[39.069,60.475],[39.031,60.395],[39.096,60.394],[39.188,60.496],[39.173,60.68],[38.938,60.767],[38.866,60.777],[38.844,60.734],[38.909,60.586]]]}},
{"type":"Feature","properties":{"name":null,"kind":"lake","rank":1,"minzoom":6.5},"geometry":{"type":"Polygon","coordinates":[[[31.545,64.435],[32.002,64.405],[32.044,64.46],[32.015,64.495],[31.765,64.557],[31.79,64.495],[31.743,64.477],[31.473,64.482],[31.37,64.5],[31.346,64.465],[31.545,64.435]]]}},
{"type":"Feature","properties":{"name":null,"kind":"lake","rank":1,"minzoom":6.5},"geometry":{"type":"Polygon","coordinates":[[[32.406,67.457],[32.216,67.539],[31.944,67.544],[31.899,67.512],[32.125,67.434],[32.246,67.415],[32.406,67.457]]]}},
{"type":"Feature","properties":{"name":null,"kind":"lake","rank":1,"minzoom":6.5},"geometry":{"type":"Polygon","coordinates":[[[35.159,67.811],[35.26,67.88],[35.243,67.956],[35.297,68.006],[35.291,68.078],[35.247,68.1],[35.099,67.979],[35.092,67.94],[35.158,67.906],[34.995,67.801],[35.08,67.707],[35.159,67.811]]]}},
{"type":"Feature","properties":{"name":"Shardara Bögeni","kind":"reservoir","rank":6,"minzoom":6.5},"geometry":{"type":"Polygon","coordinates":[[[67.991,41.255],[67.933,41.225],[68.024,41.099],[68.135,41.048],[68.28,41.052],[68.403,41.078],[68.456,41.107],[68.393,41.161],[68.162,41.2],[67.991,41.255]]]}},
{"type":"Feature","properties":{"name":"Vilyuy Reservoir","kind":"reservoir","rank":6,"minzoom":6.5},"geometry":{"type":"Polygon","coordinates":[[[111.12,62.62],[111.051,62.544],[110.851,62.546],[110.784,62.528],[110.875,62.468],[111.012,62.504],[111.137,62.483],[111.209,62.431],[111.243,62.309],[111.209,62.256],[111.12,62.221],[111.156,62.11],[111.088,62.051],[110.973,62.061],[110.947,62.083],[110.887,62.084],[110.81,62.111],[110.757,62.099],[110.606,62.131],[110.433,62.194],[110.145,62.204],[109.816,62.055],[109.714,62.039],[109.627,62.053],[109.637,62.007],[109.558,61.9],[109.56,61.799],[109.601,61.783],[109.665,61.911],[110.016,62.078],[110.16,62.124],[110.303,62.134],[110.417,62.093],[111.046,61.99],[111.251,61.99],[111.399,62.058],[111.296,62.131],[111.286,62.191],[111.35,62.223],[111.551,62.187],[111.604,62.214],[111.372,62.283],[111.39,62.327],[111.504,62.349],[111.663,62.311],[111.666,62.331],[111.605,62.39],[111.328,62.397],[111.293,62.431],[111.294,62.46],[111.358,62.472],[111.317,62.55],[111.424,62.653],[111.345,62.847],[111.191,62.94],[111.207,63.005],[111.518,63.047],[111.592,63.077],[111.709,63.187],[111.786,63.196],[111.844,63.16],[111.839,63.121],[111.774,63.07],[111.657,63.041],[111.633,62.973],[111.408,62.94],[111.399,62.919],[111.488,62.873],[111.581,62.858],[111.693,62.864],[111.729,62.846],[111.846,62.873],[112.175,62.765],[112.278,62.79],[112.368,62.842],[112.4,63],[112.48,63.02],[112.44,63.075],[112.234,63.126],[112.148,63.249],[112.139,63.381],[112.171,63.424],[112.125,63.432],[112.079,63.409],[111.91,63.412],[111.816,63.383],[111.908,63.37],[112.047,63.315],[112.12,63.13],[112.115,63.017],[112.155,62.97],[112.12,62.917],[111.998,62.9],[111.924,62.913],[111.829,62.96],[111.83,63.003],[111.985,63.097],[111.9,63.219],[111.798,63.266],[111.69,63.289],[111.536,63.288],[111.584,63.218],[111.558,63.165],[111.473,63.13],[111.334,63.116],[111.211,63.138],[111.144,63.219],[111.17,63.353],[111.143,63.424],[111.103,63.415],[111.042,63.311],[111.086,63.094],[110.944,62.997],[110.772,63.036],[110.719,63.063],[110.728,63.09],[110.886,63.125],[110.939,63.159],[110.918,63.178],[110.843,63.19],[110.744,63.239],[110.668,63.199],[110.546,63.198],[110.474,63.25],[110.61,63.388],[110.482,63.46],[110.247,63.485],[110.127,63.536],[110.113,63.573],[110.146,63.6],[110.136,63.621],[110.096,63.625],[109.899,63.456],[109.746,63.466],[109.587,63.455],[109.648,63.424],[109.848,63.382],[110.002,63.429],[110.162,63.439],[110.389,63.35],[110.374,63.242],[110.291,63.218],[110.094,63.222],[110.039,63.208],[110.109,63.172],[110.484,63.136],[110.494,63.099],[110.433,63.046],[110.431,62.989],[110.648,62.982],[110.839,62.912],[111.139,62.848],[111.158,62.74],[111.194,62.707],[111.12,62.62]]]}},
{"type":"Feature","properties":{"name":null,"kind":"lake","rank":1,"minzoom":6.5},"geometry":{"type":"Polygon","coordinates":[[[139.881,53.556],[139.748,53.524],[139.658,53.456],[139.672,53.39],[139.749,53.348],[139.816,53.34],[139.809,53.4],[139.922,53.527],[139.881,53.556]]]}},
{"type":"Feature","properties":{"name":"Ozero Krasnoye","kind":"lake","rank":6,"minzoom":6.5},"geometry":{"type":"Polygon","coordinates":[[[174.429,64.569],[174.352,64.594],[174.373,64.702],[174.207,64.513],[174.338,64.437],[174.541,64.433],[174.671,64.481],[174.766,64.568],[174.804,64.65],[174.713,64.669],[174.607,64.652],[174.575,64.581],[174.429,64.569]]]}},
{"type":"Feature","properties":{"name":"Biwa Ko","kind":"lake","rank":6,"minzoom":6.5},"geometry":{"type":"Polygon","coordinates":[[[136.058,35.387],[136.032,35.304],[135.892,35.093],[135.889,35],[135.981,35.098],[136.214,35.264],[136.268,35.347],[136.182,35.453],[136.137,35.466],[136.083,35.443],[136.058,35.387]]]}},
{"type":"Feature","properties":{"name":"Aishihik Lake","kind":"lake","rank":6,"minzoom":6.5},"geometry":{"type":"Polygon","coordinates":[[[-137.148,61.503],[-137.331,61.612],[-137.442,61.652],[-137.522,61.636],[-137.168,61.45],[-137.083,61.292],[-137,61.227],[-136.992,61.273],[-137.042,61.31],[-137.096,61.457],[-137.148,61.503]]]}},
{"type":"Feature","properties":{"name":null,"kind":"lake","rank":1,"minzoom":6.5},"geometry":{"type":"Polygon","coordinates":[[[-155.453,58.637],[-155.435,58.66],[-156.006,58.688],[-156.153,58.729],[-156.409,58.691],[-156.323,58.629],[-156.162,58.605],[-155.841,58.597],[-155.653,58.52],[-155.52,58.515],[-155.473,58.53],[-155.496,58.548],[-155.646,58.576],[-155.655,58.602],[-155.453,58.637]]]}},
{"type":"Feature","properties":{"name":null,"kind":"lake","rank":1,"minzoom":6.5},"geometry":{"type":"Polygon","coordinates":[[[-162.838,61.041],[-162.713,61.077],[-163.002,61.109],[-163.031,61.083],[-162.838,61.041]]]}},
{"type":"Feature","properties":{"name":"Lake Clark","kind":"lake","rank":6,"minzoom":6.5},"geometry":{"type":"Polygon","coordinates":[[[-154.473,60.222],[-154.573,60.183],[-154.752,60.07],[-154.72,60.04],[-154.26,60.23],[-154.056,60.301],[-153.659,60.404],[-153.627,60.436],[-154.089,60.34],[-154.473,60.222]]]}},
{"type":"Feature","properties":{"name":null,"kind":"lake","rank":1,"minzoom":6.5},"geometry":{"type":"Polygon","coordinates":[[[-151.166,60.227],[-151.021,60.206],[-150.831,60.128],[-150.716,60.052],[-150.681,60.048],[-150.654,60.121],[-150.894,60.272],[-151.065,60.305],[-151.166,60.227]]]}},
{"type":"Feature","properties":{"name":null,"kind":"lake","rank":1,"minzoom":6.5},"geometry":{"type":"Polygon","coordinates":[[[-160.002,61.35],[-159.934,61.367],[-159.971,61.402],[-160.038,61.422],[-160.103,61.406],[-160.131,61.358],[-160.089,61.34],[-160.002,61.35]]]}},
{"type":"Feature","properties":{"name":null,"kind":"lake","rank":1,"minzoom":6.5},"geometry":{"type":"Polygon","coordinates":[[[-162.307,60.951],[-162.362,60.99],[-162.397,60.95],[-162.37,60.83],[-162.275,60.821],[-162.204,60.853],[-162.297,60.918],[-162.307,60.951]]]}},
{"type":"Feature","properties":{"name":null,"kind":"lake","rank":1,"minzoom":6.5},"geometry":{"type":"Polygon","coordinates":[[[-163.706,61.562],[-163.783,61.602],[-163.931,61.648],[-163.973,61.645],[-163.959,61.619],[-163.729,61.523],[-163.699,61.472],[-163.638,61.519],[-163.706,61.562]]]}},
{"type":"Feature","properties":{"name":null,"kind":"lake","rank":1,"minzoom":6.5},"geometry":{"type":"Polygon","coordinates":[[[-163.459,62.671],[-163.41,62.679],[-163.456,62.71],[-163.619,62.675],[-163.582,62.6],[-163.524,62.574],[-163.5,62.652],[-163.459,62.671]]]}},
{"type":"Feature","properties":{"name":"Wheeler Lake","kind":"reservoir","rank":1,"minzoom":6.5},"geometry":{"type":"Polygon","coordinates":[[[-87.661,34.814],[-87.7,34.773],[-87.637,34.765],[-87.512,34.792],[-87.323,34.767],[-86.959,34.565],[-86.899,34.575],[-87.006,34.683],[-87.383,34.851],[-87.542,34.851],[-87.661,34.814]]]}},
{"type":"Feature","properties":{"name":"Üüreg Nuur","kind":"lake","rank":6,"minzoom":6.5},"geometry":{"type":"Polygon","coordinates":[[[91.052,50.208],[90.942,50.214],[90.891,50.136],[90.961,50.08],[91.078,50.099],[91.131,50.13],[91.117,50.175],[91.052,50.208]]]}},
{"type":"Feature","properties":{"name":null,"kind":"lake","rank":1,"minzoom":6.5},"geometry":{"type":"Polygon","coordinates":[[[90.401,33.526],[90.319,33.702],[90.289,33.638],[90.29,33.475],[90.186,33.416],[90.047,33.445],[90.006,33.437],[90.033,33.385],[90.101,33.377],[90.247,33.325],[90.322,33.363],[90.394,33.436],[90.401,33.526]]]}},
{"type":"Feature","properties":{"name":null,"kind":"lake","rank":1,"minzoom":6.5},"geometry":{"type":"Polygon","coordinates":[[[89.71,33.469],[89.786,33.417],[89.806,33.286],[89.83,33.256],[89.89,33.329],[89.97,33.48],[89.935,33.523],[89.832,33.48],[89.71,33.469]]]}},
{"type":"Feature","properties":{"name":null,"kind":"lake","rank":1,"minzoom":6.5},"geometry":{"type":"Polygon","coordinates":[[[76.169,31.9],[76.171,31.962],[76.095,32.073],[75.983,32.153],[75.936,32.139],[75.938,32.061],[75.975,31.972],[76.082,31.909],[76.169,31.9]]]}},
{"type":"Feature","properties":{"name":null,"kind":"lake","rank":1,"minzoom":6.5},"geometry":{"type":"Polygon","coordinates":[[[91.469,31.947],[91.518,31.943],[91.529,31.966],[91.532,32.08],[91.511,32.133],[91.455,32.112],[91.424,32.062],[91.437,31.991],[91.469,31.947]]]}},
{"type":"Feature","properties":{"name":null,"kind":"lake","rank":1,"minzoom":6.5},"geometry":{"type":"Polygon","coordinates":[[[87.415,31.852],[87.53,31.847],[87.596,31.903],[87.591,31.948],[87.546,31.969],[87.49,31.954],[87.424,31.912],[87.415,31.852]]]}},
{"type":"Feature","properties":{"name":"Banggong Co","kind":"lake","rank":6,"minzoom":6.5},"geometry":{"type":"Polygon","coordinates":[[[78.443,33.939],[78.734,33.677],[78.914,33.697],[78.976,33.723],[78.961,33.741],[78.758,33.747],[78.658,33.816],[78.49,33.974],[78.443,33.939]]]}},
{"type":"Feature","properties":{"name":"Tengiz Köli","kind":"alkaline","rank":6,"minzoom":6.5},"geometry":{"type":"Polygon","coordinates":[[[69.288,50.688],[69.227,50.616],[69.091,50.564],[68.861,50.571],[68.779,50.513],[68.69,50.266],[68.938,50.179],[69.074,50.201],[69.2,50.254],[69.256,50.254],[69.237,50.354],[69.057,50.364],[69.047,50.426],[69.275,50.588],[69.335,50.604],[69.5,50.591],[69.613,50.615],[69.617,50.676],[69.371,50.719],[69.288,50.688]]]}},
{"type":"Feature","properties":{"name":"Qusmuryn Köli","kind":"alkaline","rank":6,"minzoom":6.5},"geometry":{"type":"Polygon","coordinates":[[[64.574,52.605],[64.501,52.535],[64.515,52.516],[64.649,52.553],[64.89,52.672],[64.967,52.731],[64.982,52.883],[64.949,52.908],[64.574,52.605]]]}},
{"type":"Feature","properties":{"name":"Femunden","kind":"lake","rank":6,"minzoom":6.5},"geometry":{"type":"Polygon","coordinates":[[[11.797,61.939],[11.778,62.052],[11.742,62.008],[11.753,61.929],[11.797,61.939]]]}},
{"type":"Feature","properties":{"name":"Femunden","kind":"lake","rank":6,"minzoom":6.5},"geometry":{"type":"Polygon","coordinates":[[[11.846,62.212],[11.736,62.138],[11.721,62.103],[11.843,62.046],[11.883,61.931],[11.927,61.931],[11.885,62.089],[11.967,62.407],[11.922,62.421],[11.892,62.4],[11.893,62.3],[11.846,62.212]]]}},
{"type":"Feature","properties":{"name":null,"kind":"lake","rank":1,"minzoom":6.5},"geometry":{"type":"Polygon","coordinates":[[[-76.677,51.373],[-76.819,51.416],[-76.903,51.355],[-77.026,51.329],[-76.751,51.288],[-76.563,51.344],[-76.554,51.364],[-76.677,51.373]]]}},
{"type":"Feature","properties":{"name":null,"kind":"lake","rank":1,"minzoom":6.5},"geometry":{"type":"Polygon","coordinates":[[[-91.418,51.12],[-91.441,51.163],[-91.609,51.166],[-91.647,51.154],[-91.542,51.085],[-91.39,51.071],[-91.418,51.12]]]}},
{"type":"Feature","properties":{"name":null,"kind":"lake","rank":1,"minzoom":6.5},"geometry":{"type":"Polygon","coordinates":[[[-91.97,51.958],[-91.991,51.937],[-91.932,51.894],[-91.91,51.911],[-91.895,51.952],[-91.95,51.982],[-91.97,51.958]]]}},
{"type":"Feature","properties":{"name":null,"kind":"lake","rank":1,"minzoom":6.5},"geometry":{"type":"Polygon","coordinates":[[[-78.616,51.077],[-78.827,51.152],[-78.813,51.097],[-78.55,51.034],[-78.616,51.077]]]}},
{"type":"Feature","properties":{"name":null,"kind":"lake","rank":1,"minzoom":6.5},"geometry":{"type":"Polygon","coordinates":[[[-78.628,47.597],[-78.571,47.656],[-78.612,47.681],[-78.792,47.691],[-78.813,47.656],[-78.763,47.57],[-78.628,47.597]]]}},
{"type":"Feature","properties":{"name":null,"kind":"lake","rank":1,"minzoom":6.5},"geometry":{"type":"Polygon","coordinates":[[[-77.273,47.591],[-77.288,47.614],[-77.322,47.573],[-77.27,47.463],[-77.289,47.386],[-77.259,47.347],[-77.181,47.369],[-77.165,47.389],[-77.185,47.456],[-77.119,47.477],[-76.966,47.442],[-76.935,47.488],[-77.065,47.508],[-77.129,47.561],[-77.235,47.55],[-77.273,47.591]]]}},
{"type":"Feature","properties":{"name":null,"kind":"lake","rank":1,"minzoom":6.5},"geometry":{"type":"Polygon","coordinates":[[[-108.09,64.715],[-108.063,64.697],[-107.979,64.72],[-108.044,64.749],[-108.09,64.715]]]}},
{"type":"Feature","properties":{"name":null,"kind":"lake","rank":1,"minzoom":6.5},"geometry":{"type":"Polygon","coordinates":[[[-108.189,64.646],[-108.18,64.686],[-108.24,64.684],[-108.494,64.598],[-108.533,64.562],[-108.481,64.559],[-108.189,64.646]]]}},
{"type":"Feature","properties":{"name":null,"kind":"lake","rank":1,"minzoom":6.5},"geometry":{"type":"Polygon","coordinates":[[[-108.929,64.6],[-108.821,64.552],[-108.93,64.706],[-109.062,64.727],[-109.09,64.587],[-108.989,64.613],[-108.929,64.6]]]}},
{"type":"Feature","properties":{"name":null,"kind":"lake","rank":1,"minzoom":6.5},"geometry":{"type":"Polygon","coordinates":[[[-109.251,64.594],[-109.235,64.565],[-109.273,64.536],[-109.16,64.547],[-109.149,64.58],[-109.272,64.662],[-109.284,64.702],[-109.24,64.74],[-109.347,64.758],[-109.34,64.655],[-109.251,64.594]]]}},
{"type":"Feature","properties":{"name":null,"kind":"lake","rank":1,"minzoom":6.5},"geometry":{"type":"Polygon","coordinates":[[[-78.866,71.16],[-78.88,71.173],[-79.277,71.175],[-79.367,71.149],[-79.339,71.122],[-79.211,71.097],[-78.699,71.1],[-78.671,71.126],[-78.866,71.16]]]}},
{"type":"Feature","properties":{"name":null,"kind":"lake","rank":1,"minzoom":6.5},"geometry":{"type":"Polygon","coordinates":[[[-104.511,69.718],[-104.388,69.756],[-104.358,69.815],[-104.482,69.84],[-104.862,69.856],[-104.646,69.733],[-104.511,69.718]]]}},
{"type":"Feature","properties":{"name":null,"kind":"lake","rank":1,"minzoom":6.5},"geometry":{"type":"Polygon","coordinates":[[[-98.382,67.384],[-98.486,67.421],[-98.546,67.243],[-98.491,67.206],[-98.421,67.192],[-98.272,67.289],[-98.229,67.332],[-98.382,67.384]]]}},
{"type":"Feature","properties":{"name":null,"kind":"lake","rank":1,"minzoom":6.5},"geometry":{"type":"Polygon","coordinates":[[[-96.285,55.238],[-96.229,55.212],[-96.106,55.217],[-95.733,55.308],[-95.676,55.364],[-95.702,55.401],[-95.789,55.4],[-96.055,55.287],[-96.205,55.271],[-96.285,55.238]]]}},
{"type":"Feature","properties":{"name":null,"kind":"lake","rank":1,"minzoom":6.5},"geometry":{"type":"Polygon","coordinates":[[[-102.363,54.578],[-102.378,54.516],[-102.34,54.475],[-102.256,54.449],[-102.169,54.455],[-102.128,54.494],[-102.106,54.598],[-102.116,54.708],[-102.197,54.738],[-102.287,54.715],[-102.363,54.578]]]}},
{"type":"Feature","properties":{"name":null,"kind":"lake","rank":1,"minzoom":6.5},"geometry":{"type":"Polygon","coordinates":[[[-105.812,54.234],[-105.805,54.078],[-105.755,54.055],[-105.714,54.086],[-105.673,54.222],[-105.57,54.327],[-105.568,54.459],[-105.683,54.509],[-105.714,54.492],[-105.812,54.234]]]}},
{"type":"Feature","properties":{"name":null,"kind":"lake","rank":1,"minzoom":6.5},"geometry":{"type":"Polygon","coordinates":[[[-70.932,53.519],[-70.95,53.565],[-71.019,53.596],[-71.117,53.591],[-71.125,53.565],[-70.98,53.431],[-70.865,53.407],[-70.843,53.427],[-70.935,53.483],[-70.932,53.519]]]}},
{"type":"Feature","properties":{"name":null,"kind":"lake","rank":1,"minzoom":6.5},"geometry":{"type":"Polygon","coordinates":[[[-60.904,52.55],[-61.139,52.619],[-61.297,52.603],[-61.15,52.589],[-60.968,52.516],[-60.79,52.424],[-60.648,52.315],[-60.6,52.32],[-60.724,52.444],[-60.904,52.55]]]}},
{"type":"Feature","properties":{"name":null,"kind":"lake","rank":1,"minzoom":6.5},"geometry":{"type":"Polygon","coordinates":[[[-111.996,64.66],[-111.966,64.638],[-111.887,64.701],[-112.114,64.848],[-112.343,64.899],[-112.326,64.86],[-111.988,64.69],[-111.996,64.66]]]}},
{"type":"Feature","properties":{"name":null,"kind":"lake","rank":1,"minzoom":6.5},"geometry":{"type":"Polygon","coordinates":[[[-83.611,48.378],[-83.468,48.434],[-83.429,48.506],[-83.573,48.424],[-83.721,48.421],[-83.925,48.307],[-83.781,48.305],[-83.611,48.378]]]}},
{"type":"Feature","properties":{"name":null,"kind":"lake","rank":1,"minzoom":6.5},"geometry":{"type":"Polygon","coordinates":[[[-107.063,55.82],[-107.009,55.806],[-106.973,55.815],[-106.984,55.832],[-106.88,55.908],[-106.897,55.927],[-106.947,55.921],[-107.059,55.855],[-107.063,55.82]]]}},
{"type":"Feature","properties":{"name":null,"kind":"lake","rank":1,"minzoom":6.5},"geometry":{"type":"Polygon","coordinates":[[[-106.472,55.631],[-106.341,55.662],[-106.344,55.76],[-106.539,55.689],[-106.551,55.668],[-106.472,55.631]]]}},
{"type":"Feature","properties":{"name":null,"kind":"lake","rank":1,"minzoom":6.5},"geometry":{"type":"Polygon","coordinates":[[[-102.597,62.657],[-102.66,62.76],[-102.694,62.762],[-102.774,62.704],[-102.677,62.56],[-102.737,62.41],[-102.576,62.45],[-102.551,62.499],[-102.597,62.657]]]}},
{"type":"Feature","properties":{"name":null,"kind":"lake","rank":1,"minzoom":6.5},"geometry":{"type":"Polygon","coordinates":[[[-103.447,61.366],[-103.392,61.395],[-103.296,61.521],[-103.191,61.588],[-103.144,61.653],[-103.21,61.677],[-103.342,61.562],[-103.456,61.513],[-103.478,61.431],[-103.447,61.366]]]}},
{"type":"Feature","properties":{"name":null,"kind":"lake","rank":1,"minzoom":6.5},"geometry":{"type":"Polygon","coordinates":[[[-103.836,58.609],[-103.819,58.583],[-103.668,58.545],[-103.6,58.661],[-103.663,58.702],[-103.786,58.691],[-103.836,58.609]]]}},
{"type":"Feature","properties":{"name":null,"kind":"lake","rank":1,"minzoom":6.5},"geometry":{"type":"Polygon","coordinates":[[[-69.153,56.507],[-69.128,56.65],[-69.274,56.504],[-69.195,56.427],[-69.189,56.326],[-69.121,56.248],[-68.795,56.055],[-68.808,56.089],[-69.077,56.272],[-69.123,56.332],[-69.153,56.507]]]}},
{"type":"Feature","properties":{"name":null,"kind":"lake","rank":1,"minzoom":6.5},"geometry":{"type":"Polygon","coordinates":[[[-88.93,66.577],[-88.82,66.596],[-88.792,66.633],[-88.96,66.607],[-89.075,66.556],[-89.089,66.483],[-88.93,66.577]]]}},
{"type":"Feature","properties":{"name":null,"kind":"lake","rank":1,"minzoom":6.5},"geometry":{"type":"Polygon","coordinates":[[[-88.202,66.633],[-88.341,66.705],[-88.615,66.711],[-88.711,66.632],[-88.71,66.597],[-88.682,66.579],[-88.547,66.64],[-88.396,66.657],[-88.284,66.634],[-88.213,66.581],[-88.091,66.605],[-88.202,66.633]]]}},
{"type":"Feature","properties":{"name":"Lake Disappointment","kind":"alkaline","rank":3,"minzoom":6.7},"geometry":{"type":"Polygon","coordinates":[[[122.823,-23.685],[122.876,-23.662],[122.926,-23.591],[122.947,-23.434],[122.932,-23.277],[122.879,-23.255],[122.703,-23.274],[122.697,-23.322],[122.608,-23.469],[122.641,-23.538],[122.768,-23.661],[122.823,-23.685]]]}},
{"type":"Feature","properties":{"name":"Lake Mackay","kind":"alkaline","rank":3,"minzoom":6.7},"geometry":{"type":"Polygon","coordinates":[[[128.601,-22.648],[128.82,-22.678],[128.899,-22.654],[129.215,-22.417],[129.219,-22.366],[129.142,-22.335],[129.06,-22.271],[129.072,-22.174],[129.201,-22.085],[129.216,-22.035],[129.135,-22.002],[129,-22.009],[128.934,-22.064],[128.908,-22.12],[128.794,-22.22],[128.341,-22.404],[128.317,-22.491],[128.385,-22.598],[128.601,-22.648]]]}},
{"type":"Feature","properties":{"name":"Lake Gairdner","kind":"alkaline","rank":3,"minzoom":6.7},"geometry":{"type":"Polygon","coordinates":[[[135.896,-32.326],[135.975,-32.23],[136.056,-32.209],[136.185,-32.253],[136.238,-32.24],[136.256,-32.211],[136.253,-32.148],[136.312,-31.926],[136.203,-31.577],[136.145,-31.505],[136.11,-31.415],[136.106,-31.305],[136.08,-31.254],[135.955,-31.225],[135.777,-31.238],[135.605,-31.189],[135.493,-31.084],[135.429,-31.063],[135.418,-31.096],[135.439,-31.232],[135.562,-31.354],[135.638,-31.402],[135.611,-31.514],[135.637,-31.59],[135.691,-31.606],[135.749,-31.593],[135.788,-31.617],[135.852,-31.743],[135.992,-31.835],[136.052,-31.902],[136.045,-31.966],[135.921,-32.15],[135.89,-32.241],[135.896,-32.326]]]}},
{"type":"Feature","properties":{"name":"Lake Torrens","kind":"alkaline","rank":3,"minzoom":6.7},"geometry":{"type":"Polygon","coordinates":[[[137.83,-31.717],[138.111,-31.393],[138.133,-31.259],[138.026,-31.06],[138.03,-30.951],[138.002,-30.874],[137.928,-30.717],[137.746,-30.494],[137.482,-30.383],[137.323,-30.217],[137.227,-30.179],[137.212,-30.223],[137.328,-30.365],[137.383,-30.471],[137.395,-30.573],[137.427,-30.629],[137.595,-30.633],[137.626,-30.673],[137.621,-30.765],[137.659,-31.027],[137.632,-31.063],[137.531,-31.106],[137.557,-31.156],[137.703,-31.273],[137.733,-31.326],[137.703,-31.664],[137.672,-31.732],[137.601,-31.778],[137.613,-31.808],[137.748,-31.897],[137.83,-31.717]]]}},
{"type":"Feature","properties":{"name":"Lake Barlee","kind":"alkaline","rank":5,"minzoom":7},"geometry":{"type":"Polygon","coordinates":[[[119.798,-29.505],[119.823,-29.413],[119.751,-29.297],[119.683,-29.12],[119.718,-29.067],[119.877,-28.943],[119.946,-28.985],[119.993,-28.981],[120.006,-28.928],[119.938,-28.882],[119.857,-28.899],[119.764,-28.888],[119.65,-29.027],[119.548,-29.057],[119.398,-28.994],[119.314,-29.012],[119.226,-29.091],[119.129,-29.114],[119.142,-29.28],[119.204,-29.351],[119.33,-29.235],[119.38,-29.214],[119.437,-29.236],[119.382,-29.542],[119.442,-29.554],[119.517,-29.505],[119.548,-29.216],[119.58,-29.188],[119.629,-29.186],[119.668,-29.21],[119.665,-29.277],[119.636,-29.338],[119.693,-29.452],[119.636,-29.55],[119.728,-29.58],[119.786,-29.58],[119.798,-29.505]]]}},
{"type":"Feature","properties":{"name":"Lake Frome","kind":"alkaline","rank":3,"minzoom":6.7},"geometry":{"type":"Polygon","coordinates":[[[139.938,-30.964],[139.982,-30.854],[140.044,-30.423],[140.011,-30.341],[139.951,-30.321],[139.719,-30.566],[139.55,-30.774],[139.488,-30.877],[139.613,-31.011],[139.8,-31.124],[139.835,-31.126],[139.876,-31.084],[139.92,-31.027],[139.938,-30.964]]]}},
{"type":"Feature","properties":{"name":"Lake Eyre South","kind":"alkaline","rank":5,"minzoom":7},"geometry":{"type":"Polygon","coordinates":[[[137.661,-29.348],[137.72,-29.197],[137.698,-29.131],[137.2,-29.245],[137.119,-29.346],[137.111,-29.449],[137.189,-29.468],[137.28,-29.449],[137.374,-29.454],[137.661,-29.348]]]}},
{"type":"Feature","properties":{"name":"Lake Eyre North","kind":"alkaline","rank":1,"minzoom":6.6},"geometry":{"type":"Polygon","coordinates":[[[137.914,-29.1],[138.01,-29.091],[138.014,-29.051],[137.905,-28.985],[137.786,-28.84],[137.676,-28.645],[137.68,-28.562],[137.712,-28.537],[137.733,-28.39],[137.774,-28.35],[137.72,-28.28],[137.702,-28.143],[137.672,-28.12],[137.566,-28.116],[137.453,-28.087],[137.328,-27.974],[137.033,-27.859],[136.891,-27.911],[136.8,-27.967],[136.785,-28.019],[136.889,-28.064],[136.969,-28.199],[136.99,-28.314],[136.966,-28.394],[136.883,-28.45],[136.922,-28.689],[136.894,-28.832],[136.949,-28.953],[137.018,-29.015],[137.075,-29.014],[137.12,-28.978],[137.125,-28.918],[137.146,-28.887],[137.239,-28.892],[137.344,-29.025],[137.407,-29.029],[137.478,-29.012],[137.619,-29.051],[137.777,-29.038],[137.914,-29.1]]]}}
]}
