{"type":"FeatureCollection","features":[
{"type":"Feature","properties":{"minzoom":3.7},"geometry":{"type":"Polygon","coordinates":[[[-121.379,38.392],[-121.379,38.493],[-121.138,38.658],[-121.239,38.823],[-121.315,38.823],[-121.468,38.671],[-121.593,38.626],[-121.582,38.468],[-121.516,38.445],[-121.48,38.392],[-121.379,38.392]]]}},
{"type":"Feature","properties":{"minzoom":5},"geometry":{"type":"Polygon","coordinates":[[[-122.814,38.506],[-122.773,38.382],[-122.712,38.315],[-122.7,38.404],[-122.662,38.455],[-122.724,38.51],[-122.814,38.506]]]}},
{"type":"Feature","properties":{"minzoom":5},"geometry":{"type":"Polygon","coordinates":[[[-122.171,38.086],[-122.23,38.176],[-122.27,38.184],[-122.319,38.163],[-122.298,38.117],[-122.208,38.073],[-122.142,38.071],[-122.171,38.086]]]}},
{"type":"Feature","properties":{"minzoom":3.6},"geometry":{"type":"Polygon","coordinates":[[[-122.446,37.578],[-122.314,37.481],[-122.255,37.414],[-122.161,37.37],[-122.014,37.211],[-121.878,37.2],[-121.773,37.236],[-121.798,37.363],[-121.882,37.444],[-121.938,37.553],[-122.027,37.617],[-122.039,37.706],[-122.128,37.744],[-122.281,37.934],[-122.264,38],[-122.243,38.016],[-122.188,38.016],[-122.169,38.002],[-122.141,37.947],[-122.154,37.871],[-122.057,37.873],[-121.976,37.922],[-121.938,37.985],[-121.725,37.929],[-121.703,37.937],[-121.706,37.96],[-121.742,38.007],[-121.878,38.041],[-122.217,38.041],[-122.314,38.007],[-122.385,37.961],[-122.333,37.897],[-122.296,37.79],[-122.222,37.732],[-122.071,37.478],[-122.166,37.502],[-122.229,37.564],[-122.298,37.592],[-122.37,37.656],[-122.384,37.789],[-122.446,37.798],[-122.514,37.772],[-122.5,37.616],[-122.446,37.578]]]}},
{"type":"Feature","properties":{"minzoom":5},"geometry":{"type":"Polygon","coordinates":[[[-121.226,37.884],[-121.214,37.985],[-121.277,38.087],[-121.252,38.15],[-121.341,38.163],[-121.328,38.062],[-121.404,38.062],[-121.43,37.973],[-121.358,37.904],[-121.328,37.795],[-121.257,37.77],[-121.188,37.795],[-121.226,37.884]]]}},
{"type":"Feature","properties":{"minzoom":5},"geometry":{"type":"Polygon","coordinates":[[[-122.523,38.027],[-122.56,38.087],[-122.598,38.1],[-122.584,37.941],[-122.537,37.91],[-122.483,37.906],[-122.491,38.008],[-122.523,38.027]]]}},
{"type":"Feature","properties":{"minzoom":5},"geometry":{"type":"Polygon","coordinates":[[[-121.79,37.732],[-121.9,37.731],[-121.95,37.804],[-122.027,37.82],[-121.996,37.718],[-121.938,37.642],[-121.793,37.644],[-121.709,37.706],[-121.79,37.732]]]}},
{"type":"Feature","properties":{"minzoom":5},"geometry":{"type":"Polygon","coordinates":[[[-120.972,37.757],[-121.163,37.757],[-121.176,37.719],[-121.087,37.642],[-121.049,37.579],[-120.972,37.553],[-120.922,37.63],[-120.972,37.757]]]}},
{"type":"Feature","properties":{"minzoom":4},"geometry":{"type":"Polygon","coordinates":[[[-119.738,36.89],[-119.804,36.893],[-119.931,36.842],[-119.842,36.69],[-119.728,36.664],[-119.687,36.759],[-119.69,36.868],[-119.738,36.89]]]}},
{"type":"Feature","properties":{"minzoom":6},"geometry":{"type":"Polygon","coordinates":[[[-121.69,36.741],[-121.734,36.703],[-121.706,36.642],[-121.633,36.626],[-121.613,36.676],[-121.62,36.728],[-121.69,36.741]]]}},
{"type":"Feature","properties":{"minzoom":5},"geometry":{"type":"Polygon","coordinates":[[[-119.156,35.331],[-119.115,35.296],[-119.055,35.28],[-118.94,35.369],[-119.062,35.451],[-119.156,35.331]]]}},
{"type":"Feature","properties":{"minzoom":5},"geometry":{"type":"Polygon","coordinates":[[[-118.09,34.734],[-118.229,34.721],[-118.176,34.583],[-118.026,34.569],[-118.09,34.734]]]}},
{"type":"Feature","properties":{"minzoom":5},"geometry":{"type":"Polygon","coordinates":[[[-117.364,34.549],[-117.391,34.48],[-117.357,34.438],[-117.302,34.417],[-117.266,34.489],[-117.289,34.569],[-117.364,34.549]]]}},
{"type":"Feature","properties":{"minzoom":4},"geometry":{"type":"Polygon","coordinates":[[[-119.697,34.442],[-119.735,34.48],[-119.825,34.49],[-119.881,34.466],[-119.903,34.426],[-119.713,34.4],[-119.681,34.405],[-119.697,34.442]]]}},
{"type":"Feature","properties":{"minzoom":5},"geometry":{"type":"Polygon","coordinates":[[[-119.153,34.15],[-119.067,34.213],[-119,34.216],[-118.979,34.264],[-119.029,34.284],[-119.106,34.277],[-119.217,34.328],[-119.3,34.334],[-119.326,34.29],[-119.268,34.257],[-119.236,34.164],[-119.179,34.132],[-119.153,34.15]]]}},
{"type":"Feature","properties":{"minzoom":5},"geometry":{"type":"Polygon","coordinates":[[[-116.388,33.794],[-116.498,33.874],[-116.616,33.832],[-116.515,33.782],[-116.435,33.709],[-116.324,33.667],[-116.235,33.693],[-116.201,33.669],[-116.159,33.68],[-116.237,33.773],[-116.388,33.794]]]}},
{"type":"Feature","properties":{"minzoom":3.6},"geometry":{"type":"Polygon","coordinates":[[[-117.106,32.51],[-117.023,32.448],[-116.87,32.448],[-116.842,32.484],[-116.845,32.524],[-116.972,32.639],[-116.883,32.854],[-116.918,32.896],[-116.985,32.905],[-117.086,32.867],[-117.01,32.969],[-117.035,33.159],[-117.235,33.278],[-117.289,33.288],[-117.416,33.227],[-117.319,33.1],[-117.263,32.939],[-117.271,32.806],[-117.243,32.664],[-117.184,32.688],[-117.137,32.649],[-117.13,32.54],[-117.106,32.51]],[[-117.137,33.007],[-117.201,32.982],[-117.194,33.102],[-117.112,33.07],[-117.137,33.007]]]}},
{"type":"Feature","properties":{"minzoom":3.6},"geometry":{"type":"Polygon","coordinates":[[[-117.575,33.414],[-117.632,33.553],[-117.569,33.667],[-117.667,33.715],[-117.747,33.782],[-117.709,33.883],[-117.797,33.985],[-117.594,33.985],[-117.645,33.883],[-117.616,33.849],[-117.569,33.832],[-117.378,33.909],[-117.213,33.883],[-117.175,33.959],[-117.251,34.036],[-117.123,34.053],[-117.074,34.15],[-117.164,34.161],[-117.213,34.213],[-117.48,34.175],[-117.616,34.18],[-117.759,34.163],[-117.95,34.175],[-118.042,34.204],[-118.115,34.252],[-118.2,34.262],[-118.255,34.302],[-118.509,34.353],[-118.407,34.467],[-118.572,34.493],[-118.61,34.544],[-118.624,34.432],[-118.559,34.34],[-118.708,34.31],[-118.902,34.315],[-118.966,34.188],[-118.839,34.137],[-118.655,34.143],[-118.521,34.112],[-118.563,34.076],[-118.559,34.056],[-118.542,34.024],[-118.506,34.017],[-118.393,33.858],[-118.41,33.744],[-118.294,33.712],[-118.264,33.759],[-118.162,33.751],[-118.081,33.722],[-117.884,33.586],[-117.811,33.626],[-117.772,33.629],[-117.76,33.517],[-117.576,33.377],[-117.575,33.414]]]}},
{"type":"Feature","properties":{"minzoom":3.7},"geometry":{"type":"Polygon","coordinates":[[[-113.302,53.579],[-113.34,53.643],[-113.5,53.641],[-113.657,53.668],[-113.683,53.49],[-113.575,53.446],[-113.442,53.427],[-113.365,53.49],[-113.264,53.516],[-113.302,53.579]]]}},
{"type":"Feature","properties":{"minzoom":3.7},"geometry":{"type":"Polygon","coordinates":[[[-114.063,51.161],[-114.204,51.192],[-114.28,51.116],[-114.127,50.9],[-114.049,50.892],[-113.975,50.912],[-113.924,51.128],[-114.063,51.161]]]}},
{"type":"Feature","properties":{"minzoom":5},"geometry":{"type":"Polygon","coordinates":[[[-120.383,50.759],[-120.465,50.671],[-120.357,50.644],[-120.274,50.696],[-120.383,50.759]]]}},
{"type":"Feature","properties":{"minzoom":6},"geometry":{"type":"Polygon","coordinates":[[[-119.423,49.985],[-119.525,49.884],[-119.591,49.889],[-119.639,49.846],[-119.58,49.842],[-119.525,49.871],[-119.461,49.833],[-119.372,49.884],[-119.38,49.952],[-119.423,49.985]]]}},
{"type":"Feature","properties":{"minzoom":3.6},"geometry":{"type":"Polygon","coordinates":[[[-123.02,49.142],[-122.967,49.147],[-122.865,49.109],[-122.806,49.133],[-122.751,49.16],[-122.725,49.274],[-122.79,49.311],[-123.067,49.292],[-123.229,49.261],[-123.191,49.22],[-123.182,49.13],[-123.15,49.121],[-123.02,49.142]]]}},
{"type":"Feature","properties":{"minzoom":3.6},"geometry":{"type":"Polygon","coordinates":[[[-122.713,49.096],[-122.662,49.096],[-122.598,49.236],[-122.697,49.221],[-122.713,49.096]]]}},
{"type":"Feature","properties":{"minzoom":4},"geometry":{"type":"Polygon","coordinates":[[[-123.319,48.499],[-123.357,48.513],[-123.412,48.496],[-123.441,48.426],[-123.311,48.411],[-123.284,48.455],[-123.319,48.499]]]}},
{"type":"Feature","properties":{"minzoom":5},"geometry":{"type":"Polygon","coordinates":[[[-122.35,47.761],[-122.268,47.737],[-122.255,47.839],[-122.192,47.852],[-122.173,48.066],[-122.253,48.029],[-122.242,48.011],[-122.393,47.821],[-122.396,47.775],[-122.35,47.761]]]}},
{"type":"Feature","properties":{"minzoom":4},"geometry":{"type":"Polygon","coordinates":[[[-117.163,47.725],[-117.328,47.737],[-117.366,47.839],[-117.531,47.763],[-117.531,47.648],[-117.379,47.598],[-117.24,47.624],[-117.15,47.699],[-117.163,47.725]]]}},
{"type":"Feature","properties":{"minzoom":4},"geometry":{"type":"Polygon","coordinates":[[[-116.769,47.801],[-116.832,47.768],[-116.858,47.699],[-116.791,47.679],[-116.731,47.699],[-116.769,47.801]]]}},
{"type":"Feature","properties":{"minzoom":5},"geometry":{"type":"Polygon","coordinates":[[[-122.192,47.763],[-122.23,47.585],[-122.166,47.547],[-122.09,47.661],[-122.192,47.763]]]}},
{"type":"Feature","properties":{"minzoom":3.6},"geometry":{"type":"Polygon","coordinates":[[[-122.563,47.215],[-122.547,47.128],[-122.492,47.107],[-122.42,47.102],[-122.382,47.179],[-122.281,47.14],[-122.265,47.162],[-122.255,47.191],[-122.298,47.218],[-122.319,47.267],[-122.243,47.242],[-122.174,47.354],[-122.166,47.496],[-122.255,47.496],[-122.296,47.57],[-122.293,47.661],[-122.32,47.702],[-122.384,47.719],[-122.411,47.653],[-122.368,47.604],[-122.354,47.372],[-122.42,47.312],[-122.542,47.276],[-122.563,47.215]]]}},
{"type":"Feature","properties":{"minzoom":6},"geometry":{"type":"Polygon","coordinates":[[[-120.3,47.509],[-120.369,47.496],[-120.388,47.433],[-120.342,47.403],[-120.274,47.394],[-120.3,47.509]]]}},
{"type":"Feature","properties":{"minzoom":4},"geometry":{"type":"Polygon","coordinates":[[[-113.924,46.899],[-114.034,46.923],[-114.089,46.848],[-113.994,46.835],[-113.924,46.899]]]}},
{"type":"Feature","properties":{"minzoom":5},"geometry":{"type":"Polygon","coordinates":[[[-120.439,46.613],[-120.439,46.658],[-120.515,46.696],[-120.63,46.62],[-120.557,46.557],[-120.439,46.569],[-120.439,46.613]]]}},
{"type":"Feature","properties":{"minzoom":5},"geometry":{"type":"Polygon","coordinates":[[[-119.117,46.295],[-119.22,46.29],[-119.258,46.334],[-119.322,46.353],[-119.235,46.199],[-119.055,46.251],[-119.117,46.295]]]}},
{"type":"Feature","properties":{"minzoom":3.7},"geometry":{"type":"Polygon","coordinates":[[[-122.384,45.517],[-122.382,45.566],[-122.464,45.618],[-122.522,45.693],[-122.674,45.743],[-122.738,45.667],[-122.801,45.655],[-122.827,45.578],[-122.937,45.568],[-123.03,45.54],[-122.878,45.413],[-122.847,45.336],[-122.776,45.299],[-122.748,45.359],[-122.7,45.401],[-122.664,45.348],[-122.598,45.324],[-122.484,45.464],[-122.395,45.477],[-122.384,45.517]]]}},
{"type":"Feature","properties":{"minzoom":4},"geometry":{"type":"Polygon","coordinates":[[[-123.03,45.02],[-123.086,45.005],[-123.119,44.969],[-123.102,44.903],[-123.055,44.867],[-122.993,44.881],[-122.967,44.931],[-122.982,44.991],[-123.03,45.02]]]}},
{"type":"Feature","properties":{"minzoom":5},"geometry":{"type":"Polygon","coordinates":[[[-123.221,44.054],[-123.208,44.029],[-123.083,44.017],[-122.967,44.042],[-123.096,44.131],[-123.221,44.054]]]}},
{"type":"Feature","properties":{"minzoom":3.7},"geometry":{"type":"Polygon","coordinates":[[[-116.185,43.673],[-116.35,43.711],[-116.416,43.638],[-116.426,43.597],[-116.134,43.546],[-116.185,43.673]]]}},
{"type":"Feature","properties":{"minzoom":5},"geometry":{"type":"Polygon","coordinates":[[[-122.852,42.403],[-122.857,42.443],[-122.89,42.454],[-122.954,42.365],[-122.924,42.3],[-122.852,42.276],[-122.814,42.353],[-122.852,42.403]]]}},
{"type":"Feature","properties":{"minzoom":5},"geometry":{"type":"Polygon","coordinates":[[[-112.095,41.171],[-111.994,41.044],[-111.907,41.046],[-111.879,41.108],[-111.956,41.095],[-111.968,41.133],[-111.93,41.273],[-111.98,41.296],[-112.045,41.286],[-112.095,41.171]]]}},
{"type":"Feature","properties":{"minzoom":3.7},"geometry":{"type":"Polygon","coordinates":[[[-112.058,40.74],[-112.095,40.689],[-112.032,40.638],[-111.943,40.498],[-111.791,40.6],[-111.778,40.625],[-111.792,40.719],[-111.829,40.79],[-111.892,40.829],[-111.857,40.869],[-111.841,40.93],[-111.946,40.891],[-112.045,40.816],[-112.058,40.74]]]}},
{"type":"Feature","properties":{"minzoom":5},"geometry":{"type":"Polygon","coordinates":[[[-111.763,40.337],[-111.68,40.225],[-111.701,40.202],[-111.664,40.169],[-111.625,40.168],[-111.622,40.244],[-111.648,40.316],[-111.697,40.372],[-111.764,40.404],[-111.854,40.397],[-111.847,40.374],[-111.793,40.369],[-111.763,40.337]]]}},
{"type":"Feature","properties":{"minzoom":4},"geometry":{"type":"Polygon","coordinates":[[[-119.753,39.419],[-119.703,39.444],[-119.652,39.597],[-119.81,39.615],[-119.906,39.52],[-119.841,39.459],[-119.753,39.419]]]}},
{"type":"Feature","properties":{"minzoom":6},"geometry":{"type":"Polygon","coordinates":[[[-106.591,52.098],[-106.616,52.187],[-106.743,52.148],[-106.686,52.088],[-106.591,52.098]]]}},
{"type":"Feature","properties":{"minzoom":4},"geometry":{"type":"Polygon","coordinates":[[[-104.698,50.497],[-104.681,50.427],[-104.622,50.396],[-104.573,50.416],[-104.546,50.459],[-104.608,50.508],[-104.698,50.497]]]}},
{"type":"Feature","properties":{"minzoom":3.7},"geometry":{"type":"Polygon","coordinates":[[[-97.142,49.786],[-97.002,49.913],[-97.053,49.989],[-97.205,49.977],[-97.282,49.913],[-97.318,49.905],[-97.332,49.875],[-97.248,49.82],[-97.142,49.786]]]}},
{"type":"Feature","properties":{"minzoom":3.7},"geometry":{"type":"Polygon","coordinates":[[[-89.206,48.444],[-89.192,48.478],[-89.305,48.48],[-89.395,48.402],[-89.354,48.348],[-89.268,48.338],[-89.206,48.444]]]}},
{"type":"Feature","properties":{"minzoom":5},"geometry":{"type":"Polygon","coordinates":[[[-71.018,48.453],[-71.043,48.478],[-71.145,48.44],[-71.259,48.478],[-71.285,48.415],[-71.124,48.378],[-71.018,48.453]]]}},
{"type":"Feature","properties":{"minzoom":3.7},"geometry":{"type":"Polygon","coordinates":[[[-71.342,46.72],[-71.285,46.7],[-71.189,46.732],[-71.132,46.802],[-71.137,46.822],[-71.261,46.756],[-71.367,46.735],[-71.342,46.72]]]}},
{"type":"Feature","properties":{"minzoom":3.7},"geometry":{"type":"Polygon","coordinates":[[[-71.209,46.954],[-71.272,46.903],[-71.399,47.005],[-71.45,46.929],[-71.499,46.933],[-71.526,46.891],[-71.437,46.827],[-71.387,46.763],[-71.268,46.796],[-71.163,46.885],[-71.209,46.954]]]}},
{"type":"Feature","properties":{"minzoom":5},"geometry":{"type":"Polygon","coordinates":[[[-92.189,46.726],[-92.119,46.698],[-92.049,46.7],[-92.05,46.726],[-92.107,46.762],[-92.062,46.853],[-92.145,46.868],[-92.227,46.853],[-92.189,46.726]]]}},
{"type":"Feature","properties":{"minzoom":5},"geometry":{"type":"Polygon","coordinates":[[[-80.924,46.535],[-81.03,46.558],[-81.102,46.497],[-81.002,46.444],[-80.924,46.535]]]}},
{"type":"Feature","properties":{"minzoom":5},"geometry":{"type":"Polygon","coordinates":[[[-72.498,46.391],[-72.506,46.419],[-72.54,46.435],[-72.682,46.395],[-72.677,46.289],[-72.492,46.375],[-72.498,46.391]]]}},
{"type":"Feature","properties":{"minzoom":5},"geometry":{"type":"Polygon","coordinates":[[[-64.795,46.052],[-64.745,46.078],[-64.719,46.129],[-64.821,46.164],[-64.897,46.091],[-64.86,46.058],[-64.795,46.052]]]}},
{"type":"Feature","properties":{"minzoom":5},"geometry":{"type":"Polygon","coordinates":[[[-74.066,45.862],[-74.117,45.976],[-74.168,45.976],[-74.206,45.9],[-74.079,45.837],[-74.091,45.773],[-73.964,45.76],[-73.952,45.849],[-74.066,45.862]]]}},
{"type":"Feature","properties":{"minzoom":4},"geometry":{"type":"Polygon","coordinates":[[[-108.496,45.862],[-108.573,45.825],[-108.623,45.76],[-108.494,45.756],[-108.42,45.837],[-108.496,45.862]]]}},
{"type":"Feature","properties":{"minzoom":3.7},"geometry":{"type":"Polygon","coordinates":[[[-75.781,45.316],[-75.615,45.329],[-75.603,45.405],[-75.501,45.481],[-75.591,45.499],[-75.679,45.481],[-75.806,45.532],[-75.825,45.468],[-75.882,45.443],[-75.844,45.341],[-75.928,45.33],[-75.958,45.265],[-75.863,45.28],[-75.781,45.316]]]}},
{"type":"Feature","properties":{"minzoom":5},"geometry":{"type":"Polygon","coordinates":[[[-71.93,45.362],[-71.869,45.354],[-71.843,45.391],[-71.831,45.443],[-71.856,45.468],[-71.909,45.452],[-71.971,45.456],[-71.998,45.414],[-71.996,45.367],[-71.93,45.362]]]}},
{"type":"Feature","properties":{"minzoom":5},"geometry":{"type":"Polygon","coordinates":[[[-89.636,44.859],[-89.573,44.897],[-89.591,44.987],[-89.649,45.036],[-89.712,44.935],[-89.636,44.859]]]}},
{"type":"Feature","properties":{"minzoom":5},"geometry":{"type":"Polygon","coordinates":[[[-91.478,44.909],[-91.533,44.876],[-91.554,44.808],[-91.495,44.761],[-91.414,44.782],[-91.432,44.86],[-91.478,44.909]]]}},
{"type":"Feature","properties":{"minzoom":5},"geometry":{"type":"Polygon","coordinates":[[[-63.474,44.694],[-63.589,44.732],[-63.703,44.808],[-63.703,44.643],[-63.679,44.63],[-63.562,44.616],[-63.604,44.683],[-63.484,44.645],[-63.474,44.694]]]}},
{"type":"Feature","properties":{"minzoom":5},"geometry":{"type":"Polygon","coordinates":[[[-88.019,44.571],[-88.028,44.618],[-88.049,44.617],[-88.15,44.541],[-88.1,44.427],[-87.934,44.478],[-87.946,44.556],[-88.019,44.571]]]}},
{"type":"Feature","properties":{"minzoom":5},"geometry":{"type":"Polygon","coordinates":[[[-88.393,44.195],[-88.364,44.235],[-88.29,44.262],[-88.265,44.3],[-88.394,44.309],[-88.506,44.274],[-88.506,44.16],[-88.445,44.161],[-88.418,44.195],[-88.393,44.195]]]}},
{"type":"Feature","properties":{"minzoom":4},"geometry":{"type":"Polygon","coordinates":[[[-76.49,44.244],[-76.489,44.29],[-76.556,44.314],[-76.603,44.309],[-76.64,44.281],[-76.646,44.249],[-76.636,44.229],[-76.49,44.244]]]}},
{"type":"Feature","properties":{"minzoom":5},"geometry":{"type":"Polygon","coordinates":[[[-103.174,44.109],[-103.243,44.144],[-103.34,44.135],[-103.352,44.109],[-103.264,44.044],[-103.174,44.109]]]}},
{"type":"Feature","properties":{"minzoom":3.6},"geometry":{"type":"Polygon","coordinates":[[[-79.236,43.88],[-79.273,43.919],[-79.4,43.906],[-79.441,43.986],[-79.425,44.084],[-79.514,44.122],[-79.517,44.008],[-79.489,43.893],[-79.591,43.85],[-79.667,43.779],[-79.777,43.775],[-79.845,43.728],[-79.794,43.627],[-79.787,43.559],[-79.743,43.5],[-79.804,43.434],[-79.883,43.385],[-79.908,43.309],[-79.984,43.284],[-80.022,43.22],[-79.884,43.189],[-79.743,43.198],[-79.652,43.238],[-79.728,43.253],[-79.774,43.32],[-79.569,43.578],[-79.48,43.636],[-79.396,43.645],[-79.303,43.69],[-79.165,43.78],[-79.007,43.85],[-79.041,43.906],[-79.083,43.919],[-79.197,43.843],[-79.236,43.88]]]}},
{"type":"Feature","properties":{"minzoom":5},"geometry":{"type":"Polygon","coordinates":[[[-78.781,43.879],[-78.778,43.932],[-78.886,43.957],[-78.94,43.956],[-78.986,43.93],[-78.993,43.891],[-78.98,43.856],[-78.781,43.879]]]}},
{"type":"Feature","properties":{"minzoom":5},"geometry":{"type":"Polygon","coordinates":[[[-91.191,43.824],[-91.198,43.906],[-91.268,43.886],[-91.3,43.83],[-91.272,43.781],[-91.211,43.766],[-91.191,43.824]]]}},
{"type":"Feature","properties":{"minzoom":5},"geometry":{"type":"Polygon","coordinates":[[[-70.268,43.731],[-70.3,43.739],[-70.408,43.69],[-70.37,43.601],[-70.323,43.598],[-70.232,43.651],[-70.269,43.672],[-70.226,43.717],[-70.268,43.731]]]}},
{"type":"Feature","properties":{"minzoom":5},"geometry":{"type":"Polygon","coordinates":[[[-80.36,43.346],[-80.314,43.335],[-80.275,43.365],[-80.264,43.424],[-80.315,43.448],[-80.378,43.436],[-80.5,43.52],[-80.594,43.436],[-80.503,43.394],[-80.391,43.373],[-80.36,43.346]]]}},
{"type":"Feature","properties":{"minzoom":5},"geometry":{"type":"Polygon","coordinates":[[[-83.909,43.373],[-83.883,43.425],[-83.896,43.487],[-83.992,43.49],[-84.061,43.436],[-84.002,43.387],[-83.909,43.373]]]}},
{"type":"Feature","properties":{"minzoom":4},"geometry":{"type":"Polygon","coordinates":[[[-77.625,43.279],[-77.677,43.307],[-77.741,43.256],[-77.774,43.22],[-77.787,43.106],[-77.676,43.069],[-77.559,43.068],[-77.491,43.032],[-77.419,43.03],[-77.428,43.14],[-77.525,43.268],[-77.625,43.279]]]}},
{"type":"Feature","properties":{"minzoom":3.7},"geometry":{"type":"Polygon","coordinates":[[[-87.846,42.953],[-87.893,43.041],[-87.879,43.103],[-87.9,43.275],[-87.987,43.263],[-88.074,43.195],[-88.163,43.208],[-88.125,43.106],[-88.216,43.07],[-88.265,42.992],[-88.214,42.986],[-88.163,43.004],[-88.15,42.956],[-88.176,42.903],[-88.1,42.928],[-88.046,42.906],[-87.985,42.916],[-87.952,42.89],[-87.858,42.876],[-87.832,42.882],[-87.846,42.953]]]}},
{"type":"Feature","properties":{"minzoom":3.7},"geometry":{"type":"Polygon","coordinates":[[[-78.916,43.053],[-78.951,43.058],[-78.96,42.989],[-78.916,43.053]]]}},
{"type":"Feature","properties":{"minzoom":3.7},"geometry":{"type":"Polygon","coordinates":[[[-78.922,42.924],[-78.969,42.965],[-78.993,42.891],[-78.922,42.924]]]}},
{"type":"Feature","properties":{"minzoom":3.7},"geometry":{"type":"Polygon","coordinates":[[[-79.313,43.203],[-79.26,43.093],[-79.159,43.119],[-79.108,43.055],[-79.05,43.07],[-79.066,43.106],[-78.895,43.058],[-78.924,42.998],[-78.92,42.948],[-78.872,42.836],[-78.903,42.777],[-78.856,42.715],[-78.759,42.763],[-78.655,42.899],[-78.638,42.954],[-78.663,43.043],[-78.781,43.065],[-79.07,43.208],[-79.146,43.17],[-79.22,43.239],[-79.313,43.203]]]}},
{"type":"Feature","properties":{"minzoom":4},"geometry":{"type":"Polygon","coordinates":[[[-76.009,43.017],[-76.042,43.105],[-76.098,43.17],[-76.188,43.175],[-76.263,43.157],[-76.263,43.03],[-76.162,42.992],[-76.009,43.017]]]}},
{"type":"Feature","properties":{"minzoom":5},"geometry":{"type":"Polygon","coordinates":[[[-89.317,43.133],[-89.395,43.157],[-89.397,43.114],[-89.42,43.093],[-89.484,43.124],[-89.547,43.106],[-89.45,43.016],[-89.293,43.055],[-89.317,43.133]]]}},
{"type":"Feature","properties":{"minzoom":4},"geometry":{"type":"Polygon","coordinates":[[[-75.323,43.157],[-75.334,43.101],[-75.311,43.055],[-75.226,43.066],[-75.184,43.119],[-75.238,43.153],[-75.323,43.157]]]}},
{"type":"Feature","properties":{"minzoom":5},"geometry":{"type":"Polygon","coordinates":[[[-83.605,42.987],[-83.591,43.068],[-83.655,43.131],[-83.718,43.131],[-83.776,43.075],[-83.807,42.992],[-83.731,42.941],[-83.629,42.916],[-83.605,42.987]]]}},
{"type":"Feature","properties":{"minzoom":5},"geometry":{"type":"Polygon","coordinates":[[[-85.551,42.994],[-85.572,43.068],[-85.674,43.081],[-85.814,42.903],[-85.748,42.861],[-85.661,42.839],[-85.551,42.881],[-85.483,42.966],[-85.551,42.994]]]}},
{"type":"Feature","properties":{"minzoom":5},"geometry":{"type":"Polygon","coordinates":[[[-82.432,43.039],[-82.459,43.077],[-82.503,42.97],[-82.499,42.89],[-82.411,42.914],[-82.346,42.968],[-82.335,43.037],[-82.417,43.017],[-82.432,43.039]]]}},
{"type":"Feature","properties":{"minzoom":5},"geometry":{"type":"Polygon","coordinates":[[[-71.399,42.916],[-71.356,42.881],[-71.31,42.877],[-71.386,42.954],[-71.424,43.081],[-71.507,43.061],[-71.539,42.992],[-71.493,42.93],[-71.399,42.916]]]}},
{"type":"Feature","properties":{"minzoom":5},"geometry":{"type":"Polygon","coordinates":[[[-81.178,43.068],[-81.302,43.037],[-81.343,42.954],[-81.197,42.945],[-81.178,43.068]]]}},
{"type":"Feature","properties":{"minzoom":3.6},"geometry":{"type":"Polygon","coordinates":[[[-70.878,42.814],[-70.828,42.979],[-70.866,42.979],[-70.955,42.852],[-70.929,42.82],[-70.878,42.814]]]}},
{"type":"Feature","properties":{"minzoom":5},"geometry":{"type":"Polygon","coordinates":[[[-73.914,42.712],[-73.846,42.646],[-73.749,42.611],[-73.647,42.738],[-73.66,42.839],[-73.728,42.826],[-73.774,42.789],[-73.914,42.89],[-74.028,42.865],[-73.998,42.761],[-73.914,42.712]]]}},
{"type":"Feature","properties":{"minzoom":3.6},"geometry":{"type":"Polygon","coordinates":[[[-70.844,42.575],[-70.866,42.623],[-71.018,42.636],[-71.094,42.598],[-71.094,42.725],[-71.031,42.789],[-71.12,42.865],[-71.175,42.819],[-71.272,42.827],[-71.259,42.712],[-71.399,42.712],[-71.428,42.816],[-71.501,42.877],[-71.548,42.855],[-71.577,42.814],[-71.513,42.7],[-71.459,42.69],[-71.424,42.662],[-71.424,42.598],[-71.308,42.498],[-71.348,42.357],[-71.437,42.395],[-71.488,42.357],[-71.511,42.404],[-71.564,42.42],[-71.691,42.331],[-71.844,42.344],[-71.876,42.274],[-71.869,42.192],[-71.717,42.217],[-71.666,42.268],[-71.513,42.319],[-71.475,42.23],[-71.36,42.26],[-71.259,42.242],[-71.31,42.192],[-71.285,42.065],[-71.374,42.014],[-71.374,41.964],[-71.399,41.938],[-71.488,42.052],[-71.551,42.027],[-71.488,41.912],[-71.551,41.9],[-71.539,41.76],[-71.602,41.671],[-71.548,41.661],[-71.483,41.609],[-71.43,41.596],[-71.427,41.633],[-71.364,41.703],[-71.39,41.795],[-71.331,41.762],[-71.287,41.697],[-71.275,41.711],[-71.323,41.874],[-71.247,41.988],[-71.202,42.001],[-71.183,42.039],[-71.234,42.115],[-71.142,42.102],[-71.082,42.027],[-70.95,42.072],[-70.84,42.141],[-70.896,42.28],[-70.997,42.3],[-71.046,42.331],[-70.871,42.497],[-70.835,42.547],[-70.844,42.575]]]}},
{"type":"Feature","properties":{"minzoom":5},"geometry":{"type":"Polygon","coordinates":[[[-87.781,42.753],[-87.787,42.809],[-87.809,42.836],[-87.83,42.834],[-87.896,42.712],[-87.846,42.649],[-87.909,42.56],[-87.838,42.539],[-87.812,42.546],[-87.781,42.753]]]}},
{"type":"Feature","properties":{"minzoom":3.6},"geometry":{"type":"Polygon","coordinates":[[[-83.142,42.228],[-83.063,42.323],[-82.902,42.394],[-82.87,42.519],[-82.784,42.613],[-82.804,42.639],[-82.788,42.664],[-82.828,42.699],[-82.943,42.687],[-83.056,42.733],[-83.21,42.738],[-83.256,42.837],[-83.274,42.839],[-83.301,42.785],[-83.35,42.75],[-83.415,42.775],[-83.489,42.763],[-83.511,42.635],[-83.578,42.522],[-83.515,42.293],[-83.629,42.281],[-83.722,42.33],[-83.82,42.319],[-83.812,42.257],[-83.782,42.217],[-83.312,42.179],[-83.299,42.09],[-83.183,42.108],[-83.142,42.228]]]}},
{"type":"Feature","properties":{"minzoom":5},"geometry":{"type":"Polygon","coordinates":[[[-82.971,42.327],[-83.076,42.276],[-83.097,42.231],[-82.981,42.23],[-82.854,42.331],[-82.971,42.327]]]}},
{"type":"Feature","properties":{"minzoom":5},"geometry":{"type":"Polygon","coordinates":[[[-84.518,42.636],[-84.476,42.689],[-84.404,42.712],[-84.417,42.789],[-84.562,42.79],[-84.671,42.725],[-84.612,42.663],[-84.518,42.636]]]}},
{"type":"Feature","properties":{"minzoom":5},"geometry":{"type":"Polygon","coordinates":[[[-92.472,42.57],[-92.494,42.56],[-92.494,42.522],[-92.341,42.446],[-92.303,42.458],[-92.354,42.535],[-92.443,42.573],[-92.472,42.57]]]}},
{"type":"Feature","properties":{"minzoom":5},"geometry":{"type":"Polygon","coordinates":[[[-89.016,42.374],[-89.065,42.382],[-89.154,42.281],[-89.127,42.231],[-89.077,42.204],[-88.976,42.242],[-88.976,42.357],[-89.016,42.374]]]}},
{"type":"Feature","properties":{"minzoom":5},"geometry":{"type":"Polygon","coordinates":[[[-85.28,42.369],[-85.28,42.331],[-85.204,42.255],[-85.128,42.331],[-85.19,42.38],[-85.28,42.369]]]}},
{"type":"Feature","properties":{"minzoom":5},"geometry":{"type":"Polygon","coordinates":[[[-85.674,42.306],[-85.645,42.227],[-85.572,42.192],[-85.509,42.293],[-85.584,42.34],[-85.674,42.306]]]}},
{"type":"Feature","properties":{"minzoom":5},"geometry":{"type":"Polygon","coordinates":[[[-80.125,42.128],[-80.179,42.098],[-80.1,42.057],[-80.03,42.085],[-79.997,42.154],[-80.014,42.172],[-80.125,42.128]]]}},
{"type":"Feature","properties":{"minzoom":5},"geometry":{"type":"Polygon","coordinates":[[[-75.857,42.09],[-75.865,42.152],[-75.908,42.179],[-76.005,42.143],[-76.085,42.09],[-75.972,42.076],[-75.857,42.09]]]}},
{"type":"Feature","properties":{"minzoom":3.6},"geometry":{"type":"Polygon","coordinates":[[[-71.463,42.077],[-71.39,42.068],[-71.348,42.115],[-71.447,42.153],[-71.539,42.166],[-71.463,42.077]]]}},
{"type":"Feature","properties":{"minzoom":5},"geometry":{"type":"Polygon","coordinates":[[[-91.77,41.988],[-91.721,41.949],[-91.643,41.938],[-91.592,42.039],[-91.701,42.049],[-91.77,41.988]]]}},
{"type":"Feature","properties":{"minzoom":3.6},"geometry":{"type":"Polygon","coordinates":[[[-71.149,41.671],[-71.107,41.76],[-71.165,41.78],[-71.247,41.773],[-71.22,41.716],[-71.149,41.746],[-71.189,41.669],[-71.149,41.671]]]}},
{"type":"Feature","properties":{"minzoom":5},"geometry":{"type":"Polygon","coordinates":[[[-86.144,41.696],[-86.203,41.739],[-86.296,41.773],[-86.334,41.684],[-86.234,41.625],[-86.144,41.696]]]}},
{"type":"Feature","properties":{"minzoom":5},"geometry":{"type":"Polygon","coordinates":[[[-83.456,41.742],[-83.438,41.771],[-83.602,41.767],[-83.686,41.757],[-83.756,41.722],[-83.731,41.588],[-83.629,41.531],[-83.451,41.62],[-83.422,41.722],[-83.456,41.742]]]}},
{"type":"Feature","properties":{"minzoom":5},"geometry":{"type":"Polygon","coordinates":[[[-85.902,41.671],[-85.969,41.756],[-86.042,41.671],[-85.972,41.656],[-85.902,41.671]]]}},
{"type":"Feature","properties":{"minzoom":3.7},"geometry":{"type":"Polygon","coordinates":[[[-81.637,41.548],[-81.723,41.511],[-81.988,41.506],[-81.991,41.404],[-81.892,41.332],[-81.813,41.239],[-81.775,41.303],[-81.668,41.316],[-81.584,41.353],[-81.457,41.252],[-81.538,41.186],[-81.661,41.163],[-81.662,41.125],[-81.635,41.087],[-81.661,41.011],[-81.47,40.96],[-81.413,41.028],[-81.407,41.125],[-81.35,41.138],[-81.318,41.176],[-81.407,41.226],[-81.445,41.353],[-81.445,41.48],[-81.407,41.62],[-81.253,41.685],[-81.247,41.744],[-81.259,41.756],[-81.447,41.671],[-81.637,41.548]]]}},
{"type":"Feature","properties":{"minzoom":3.6},"geometry":{"type":"Polygon","coordinates":[[[-73.971,41.642],[-73.888,41.569],[-73.882,41.682],[-73.939,41.747],[-73.971,41.642]]]}},
{"type":"Feature","properties":{"minzoom":3.6},"geometry":{"type":"Polygon","coordinates":[[[-70.883,41.662],[-70.92,41.721],[-70.967,41.734],[-71.005,41.633],[-70.946,41.565],[-70.87,41.612],[-70.883,41.662]]]}},
{"type":"Feature","properties":{"minzoom":3.7},"geometry":{"type":"Polygon","coordinates":[[[-93.789,41.582],[-93.65,41.541],[-93.548,41.607],[-93.677,41.67],[-93.789,41.582]]]}},
{"type":"Feature","properties":{"minzoom":5},"geometry":{"type":"Polygon","coordinates":[[[-73.107,41.557],[-73.088,41.493],[-73.005,41.511],[-72.961,41.569],[-73.039,41.614],[-73.139,41.607],[-73.107,41.557]]]}},
{"type":"Feature","properties":{"minzoom":5},"geometry":{"type":"Polygon","coordinates":[[[-90.534,41.441],[-90.474,41.442],[-90.462,41.468],[-90.424,41.48],[-90.411,41.569],[-90.614,41.582],[-90.652,41.506],[-90.601,41.442],[-90.534,41.441]]]}},
{"type":"Feature","properties":{"minzoom":5},"geometry":{"type":"Polygon","coordinates":[[[-75.639,41.501],[-75.717,41.519],[-75.717,41.455],[-75.996,41.214],[-75.831,41.226],[-75.768,41.303],[-75.663,41.363],[-75.59,41.455],[-75.639,41.501]]]}},
{"type":"Feature","properties":{"minzoom":5},"geometry":{"type":"Polygon","coordinates":[[[-82.238,41.467],[-82.232,41.418],[-82.157,41.366],[-82.08,41.341],[-82.058,41.376],[-82.055,41.499],[-82.238,41.467]]]}},
{"type":"Feature","properties":{"minzoom":3.6},"geometry":{"type":"Polygon","coordinates":[[[-73.418,41.366],[-73.393,41.442],[-73.489,41.465],[-73.533,41.379],[-73.418,41.366]]]}},
{"type":"Feature","properties":{"minzoom":3.7},"geometry":{"type":"Polygon","coordinates":[[[-95.986,41.176],[-95.897,41.138],[-95.885,41.214],[-95.842,41.229],[-95.821,41.265],[-95.842,41.32],[-95.91,41.328],[-95.986,41.366],[-96.012,41.366],[-96.109,41.298],[-96.189,41.214],[-96.106,41.177],[-95.986,41.176]]]}},
{"type":"Feature","properties":{"minzoom":5},"geometry":{"type":"Polygon","coordinates":[[[-85.214,41.128],[-85.255,41.061],[-85.148,41.017],[-85.026,41.061],[-85.052,41.163],[-85.166,41.188],[-85.214,41.128]]]}},
{"type":"Feature","properties":{"minzoom":5},"geometry":{"type":"Polygon","coordinates":[[[-81.355,40.885],[-81.407,40.934],[-81.445,40.934],[-81.559,40.782],[-81.42,40.759],[-81.318,40.82],[-81.355,40.885]]]}},
{"type":"Feature","properties":{"minzoom":5},"geometry":{"type":"Polygon","coordinates":[[[-96.761,40.833],[-96.726,40.766],[-96.634,40.757],[-96.642,40.856],[-96.761,40.833]]]}},
{"type":"Feature","properties":{"minzoom":5},"geometry":{"type":"Polygon","coordinates":[[[-89.573,40.807],[-89.641,40.805],[-89.674,40.769],[-89.712,40.553],[-89.651,40.54],[-89.598,40.566],[-89.588,40.639],[-89.535,40.693],[-89.573,40.807]]]}},
{"type":"Feature","properties":{"minzoom":3.7},"geometry":{"type":"Polygon","coordinates":[[[-79.705,40.642],[-79.779,40.615],[-79.832,40.566],[-79.868,40.567],[-79.908,40.541],[-80.06,40.617],[-80.079,40.559],[-80.124,40.528],[-80.34,40.782],[-80.352,40.73],[-80.353,40.668],[-80.289,40.642],[-80.251,40.553],[-80.276,40.49],[-80.228,40.438],[-80.149,40.439],[-80.121,40.347],[-80.048,40.299],[-79.964,40.315],[-79.883,40.287],[-79.818,40.33],[-79.781,40.401],[-79.705,40.464],[-79.781,40.515],[-79.732,40.568],[-79.705,40.642]]]}},
{"type":"Feature","properties":{"minzoom":5},"geometry":{"type":"Polygon","coordinates":[[[-75.336,40.706],[-75.438,40.68],[-75.514,40.706],[-75.628,40.579],[-75.488,40.528],[-75.311,40.617],[-75.336,40.706]]]}},
{"type":"Feature","properties":{"minzoom":5},"geometry":{"type":"Polygon","coordinates":[[[-105.041,40.503],[-105.003,40.591],[-105.105,40.645],[-105.181,40.541],[-105.123,40.51],[-105.041,40.503]]]}},
{"type":"Feature","properties":{"minzoom":5},"geometry":{"type":"Polygon","coordinates":[[[-75.908,40.452],[-75.958,40.464],[-76.035,40.312],[-75.939,40.285],[-75.831,40.299],[-75.908,40.452]]]}},
{"type":"Feature","properties":{"minzoom":5},"geometry":{"type":"Polygon","coordinates":[[[-76.746,40.299],[-76.784,40.363],[-76.936,40.35],[-77.063,40.249],[-77.038,40.198],[-76.733,40.185],[-76.644,40.312],[-76.694,40.319],[-76.746,40.299]]]}},
{"type":"Feature","properties":{"minzoom":4},"geometry":{"type":"Polygon","coordinates":[[[-82.842,40.052],[-82.893,40.16],[-83.02,40.198],[-83.077,40.178],[-83.147,40.185],[-83.188,40.057],[-83.172,39.918],[-82.958,39.861],[-82.778,39.956],[-82.842,40.052]]]}},
{"type":"Feature","properties":{"minzoom":5},"geometry":{"type":"Polygon","coordinates":[[[-76.428,40.058],[-76.344,40.015],[-76.25,40.033],[-76.328,40.121],[-76.428,40.058]]]}},
{"type":"Feature","properties":{"minzoom":3.6},"geometry":{"type":"Polygon","coordinates":[[[-104.804,39.516],[-104.762,39.512],[-104.737,39.626],[-104.749,39.804],[-104.864,39.855],[-104.876,39.931],[-104.962,39.966],[-105.067,39.982],[-105.105,40.045],[-105.219,40.096],[-105.303,40.085],[-105.359,40.045],[-105.168,39.893],[-105.257,39.753],[-105.143,39.575],[-105.016,39.525],[-104.838,39.537],[-104.804,39.516]]]}},
{"type":"Feature","properties":{"minzoom":4},"geometry":{"type":"Polygon","coordinates":[[[-85.928,39.956],[-85.977,39.989],[-86.004,40.045],[-86.08,40.007],[-86.155,39.999],[-86.22,39.956],[-86.283,39.969],[-86.309,39.842],[-86.385,39.753],[-86.27,39.696],[-86.195,39.601],[-86.093,39.588],[-86.055,39.715],[-85.953,39.779],[-85.966,39.88],[-85.928,39.956]]]}},
{"type":"Feature","properties":{"minzoom":5},"geometry":{"type":"Polygon","coordinates":[[[-76.758,40.045],[-76.799,40.001],[-76.809,39.956],[-76.711,39.921],[-76.644,39.995],[-76.758,40.045]]]}},
{"type":"Feature","properties":{"minzoom":4},"geometry":{"type":"Polygon","coordinates":[[[-84.141,39.902],[-84.239,39.918],[-84.251,39.868],[-84.29,39.894],[-84.328,39.893],[-84.277,39.715],[-84.315,39.626],[-84.201,39.601],[-84.126,39.634],[-84.086,39.702],[-84.036,39.715],[-84.01,39.842],[-84.048,39.855],[-84.086,39.842],[-84.141,39.902]]]}},
{"type":"Feature","properties":{"minzoom":5},"geometry":{"type":"Polygon","coordinates":[[[-89.698,39.847],[-89.738,39.779],[-89.681,39.747],[-89.598,39.741],[-89.585,39.809],[-89.611,39.868],[-89.698,39.847]]]}},
{"type":"Feature","properties":{"minzoom":5},"geometry":{"type":"Polygon","coordinates":[[[-76.327,39.588],[-76.388,39.58],[-76.416,39.537],[-76.366,39.485],[-76.339,39.41],[-76.289,39.423],[-76.295,39.518],[-76.327,39.588]]]}},
{"type":"Feature","properties":{"minzoom":4},"geometry":{"type":"Polygon","coordinates":[[[-87.439,39.41],[-87.365,39.431],[-87.338,39.499],[-87.425,39.529],[-87.439,39.41]]]}},
{"type":"Feature","properties":{"minzoom":3.6},"geometry":{"type":"Polygon","coordinates":[[[-75.095,39.525],[-75.086,39.438],[-75.044,39.385],[-75.005,39.442],[-74.993,39.525],[-75.044,39.539],[-75.095,39.525]]]}},
{"type":"Feature","properties":{"minzoom":5},"geometry":{"type":"Polygon","coordinates":[[[-74.454,39.43],[-74.517,39.468],[-74.536,39.499],[-74.599,39.512],[-74.663,39.487],[-74.603,39.28],[-74.579,39.316],[-74.517,39.347],[-74.474,39.343],[-74.429,39.387],[-74.454,39.43]]]}},
{"type":"Feature","properties":{"minzoom":3.7},"geometry":{"type":"Polygon","coordinates":[[[-84.685,38.996],[-84.632,38.966],[-84.562,39.01],[-84.467,39.029],[-84.391,39.067],[-84.317,39.055],[-84.264,39.093],[-84.34,39.182],[-84.264,39.296],[-84.353,39.364],[-84.493,39.36],[-84.531,39.448],[-84.594,39.448],[-84.645,39.334],[-84.646,39.236],[-84.683,39.144],[-84.734,39.144],[-84.685,38.996]]]}},
{"type":"Feature","properties":{"minzoom":4},"geometry":{"type":"Polygon","coordinates":[[[-94.348,39.055],[-94.381,39.142],[-94.45,39.194],[-94.43,39.233],[-94.437,39.271],[-94.526,39.258],[-94.605,39.291],[-94.704,39.271],[-94.698,39.204],[-94.729,39.169],[-94.767,39.182],[-94.805,39.169],[-94.814,39.021],[-94.856,38.877],[-94.786,38.856],[-94.716,38.89],[-94.589,38.89],[-94.526,38.852],[-94.477,38.911],[-94.45,38.991],[-94.416,39.015],[-94.373,39.029],[-94.259,39.004],[-94.28,39.052],[-94.348,39.055]]]}},
{"type":"Feature","properties":{"minzoom":5},"geometry":{"type":"Polygon","coordinates":[[[-108.661,39.118],[-108.569,39.043],[-108.47,39.106],[-108.563,39.13],[-108.661,39.118]]]}},
{"type":"Feature","properties":{"minzoom":4},"geometry":{"type":"Polygon","coordinates":[[[-95.796,39.042],[-95.734,38.994],[-95.643,39.004],[-95.631,39.093],[-95.725,39.107],[-95.796,39.042]]]}},
{"type":"Feature","properties":{"minzoom":4},"geometry":{"type":"Polygon","coordinates":[[[-104.703,38.786],[-104.686,38.852],[-104.737,38.991],[-104.864,39.017],[-104.909,38.961],[-104.914,38.864],[-104.841,38.773],[-104.724,38.725],[-104.703,38.786]]]}},
{"type":"Feature","properties":{"minzoom":3.6},"geometry":{"type":"Polygon","coordinates":[[[-90.259,38.471],[-90.244,38.52],[-90.208,38.547],[-90.068,38.572],[-90.042,38.515],[-89.979,38.496],[-89.947,38.521],[-89.941,38.572],[-89.911,38.58],[-89.903,38.61],[-89.992,38.648],[-89.954,38.725],[-89.984,38.73],[-90.017,38.712],[-90.068,38.661],[-90.068,38.763],[-90.158,38.803],[-90.195,38.864],[-90.128,38.829],[-90.055,38.826],[-90.043,38.915],[-90.208,38.953],[-90.246,38.864],[-90.373,38.864],[-90.469,38.839],[-90.576,38.852],[-90.659,38.838],[-90.741,38.852],[-90.868,38.813],[-90.746,38.783],[-90.652,38.725],[-90.64,38.598],[-90.436,38.471],[-90.413,38.424],[-90.373,38.394],[-90.259,38.471]]]}},
{"type":"Feature","properties":{"minzoom":5},"geometry":{"type":"Polygon","coordinates":[[[-82.588,38.382],[-82.444,38.385],[-82.321,38.445],[-82.44,38.452],[-82.55,38.42],[-82.6,38.509],[-82.664,38.547],[-82.74,38.572],[-82.765,38.566],[-82.778,38.547],[-82.753,38.521],[-82.588,38.382]]]}},
{"type":"Feature","properties":{"minzoom":4},"geometry":{"type":"Polygon","coordinates":[[[-81.762,38.42],[-81.851,38.483],[-81.877,38.407],[-81.747,38.34],[-81.572,38.318],[-81.638,38.398],[-81.762,38.42]]]}},
{"type":"Feature","properties":{"minzoom":4},"geometry":{"type":"Polygon","coordinates":[[[-85.665,38.354],[-85.826,38.369],[-85.856,38.323],[-85.864,38.255],[-85.906,38.214],[-85.928,38.153],[-85.902,38.102],[-85.763,38.115],[-85.674,38.077],[-85.555,38.168],[-85.496,38.318],[-85.665,38.354]]]}},
{"type":"Feature","properties":{"minzoom":5},"geometry":{"type":"Polygon","coordinates":[[[-104.622,38.369],[-104.711,38.255],[-104.643,38.211],[-104.559,38.242],[-104.568,38.328],[-104.622,38.369]]]}},
{"type":"Feature","properties":{"minzoom":3.6},"geometry":{"type":"Polygon","coordinates":[[[-77.543,38.245],[-77.508,38.229],[-77.458,38.262],[-77.444,38.331],[-77.524,38.356],[-77.571,38.267],[-77.543,38.245]]]}},
{"type":"Feature","properties":{"minzoom":5},"geometry":{"type":"Polygon","coordinates":[[[-84.594,38.013],[-84.518,37.963],[-84.417,37.988],[-84.491,38.108],[-84.594,38.013]]]}},
{"type":"Feature","properties":{"minzoom":5},"geometry":{"type":"Polygon","coordinates":[[[-87.452,37.95],[-87.482,38.022],[-87.541,38.064],[-87.611,38.032],[-87.642,37.963],[-87.552,37.938],[-87.452,37.95]]]}},
{"type":"Feature","properties":{"minzoom":5},"geometry":{"type":"Polygon","coordinates":[[[-97.435,37.761],[-97.498,37.709],[-97.473,37.663],[-97.377,37.613],[-97.32,37.594],[-97.218,37.658],[-97.231,37.759],[-97.358,37.797],[-97.435,37.761]]]}},
{"type":"Feature","properties":{"minzoom":4},"geometry":{"type":"Polygon","coordinates":[[[-77.469,37.714],[-77.482,37.696],[-77.622,37.709],[-77.647,37.649],[-77.635,37.582],[-77.66,37.493],[-77.516,37.427],[-77.406,37.328],[-77.383,37.394],[-77.406,37.467],[-77.305,37.505],[-77.305,37.562],[-77.317,37.632],[-77.395,37.675],[-77.457,37.734],[-77.469,37.714]]]}},
{"type":"Feature","properties":{"minzoom":5},"geometry":{"type":"Polygon","coordinates":[[[-79.997,37.213],[-79.928,37.24],[-79.883,37.289],[-79.986,37.373],[-80.099,37.289],[-80.058,37.242],[-79.997,37.213]]]}},
{"type":"Feature","properties":{"minzoom":5},"geometry":{"type":"Polygon","coordinates":[[[-77.444,37.289],[-77.44,37.218],[-77.393,37.188],[-77.292,37.264],[-77.254,37.317],[-77.254,37.378],[-77.292,37.378],[-77.353,37.319],[-77.444,37.289]]]}},
{"type":"Feature","properties":{"minzoom":5},"geometry":{"type":"Polygon","coordinates":[[[-107.937,37.34],[-107.887,37.253],[-107.797,37.315],[-107.855,37.354],[-107.937,37.34]]]}},
{"type":"Feature","properties":{"minzoom":5},"geometry":{"type":"Polygon","coordinates":[[[-93.357,37.15],[-93.237,37.144],[-93.218,37.264],[-93.339,37.26],[-93.357,37.15]]]}},
{"type":"Feature","properties":{"minzoom":5},"geometry":{"type":"Polygon","coordinates":[[[-76.428,37.15],[-76.468,37.22],[-76.517,37.188],[-76.58,37.212],[-76.626,37.209],[-76.602,37.143],[-76.401,36.991],[-76.283,37.053],[-76.34,37.16],[-76.428,37.15]]]}},
{"type":"Feature","properties":{"minzoom":5},"geometry":{"type":"Polygon","coordinates":[[[-88.709,37.074],[-88.644,37.035],[-88.557,37.048],[-88.623,37.132],[-88.709,37.074]]]}},
{"type":"Feature","properties":{"minzoom":3.7},"geometry":{"type":"Polygon","coordinates":[[[-115.074,36.82],[-115.113,37.023],[-115.151,37.035],[-115.155,36.968],[-115.125,36.908],[-115.135,36.842],[-115.074,36.82]]]}},
{"type":"Feature","properties":{"minzoom":3.7},"geometry":{"type":"Polygon","coordinates":[[[-76.454,36.826],[-76.406,36.766],[-76.25,36.705],[-76.162,36.756],[-76.017,36.76],[-75.947,36.787],[-75.999,36.913],[-76.244,36.953],[-76.4,36.89],[-76.475,36.896],[-76.454,36.826]]]}},
{"type":"Feature","properties":{"minzoom":5},"geometry":{"type":"Polygon","coordinates":[[[-93.332,36.642],[-93.23,36.604],[-93.192,36.629],[-93.192,36.693],[-93.287,36.72],[-93.332,36.642]]]}},
{"type":"Feature","properties":{"minzoom":3.7},"geometry":{"type":"Polygon","coordinates":[[[-87.391,36.519],[-87.299,36.502],[-87.279,36.567],[-87.299,36.616],[-87.426,36.591],[-87.391,36.519]]]}},
{"type":"Feature","properties":{"minzoom":4},"geometry":{"type":"Polygon","coordinates":[[[-82.499,36.515],[-82.486,36.553],[-82.557,36.611],[-82.639,36.578],[-82.584,36.517],[-82.499,36.515]]]}},
{"type":"Feature","properties":{"minzoom":3.7},"geometry":{"type":"Polygon","coordinates":[[[-86.493,36.032],[-86.525,36.032],[-86.614,36.134],[-86.563,36.21],[-86.582,36.273],[-86.563,36.35],[-86.715,36.35],[-86.906,36.21],[-86.982,36.07],[-86.868,36.032],[-86.918,35.918],[-86.859,35.895],[-86.791,35.918],[-86.76,35.994],[-86.677,36.019],[-86.587,35.97],[-86.474,35.943],[-86.461,36.032],[-86.493,36.032]]]}},
{"type":"Feature","properties":{"minzoom":3.7},"geometry":{"type":"Polygon","coordinates":[[[-115.024,36.146],[-115.018,36.225],[-115.049,36.299],[-115.138,36.248],[-115.278,36.299],[-115.354,36.21],[-115.31,36.108],[-115.201,36.07],[-115.151,35.994],[-114.935,35.994],[-114.909,36.083],[-115.024,36.146]]]}},
{"type":"Feature","properties":{"minzoom":4},"geometry":{"type":"Polygon","coordinates":[[[-95.872,36.235],[-95.999,36.248],[-96.151,36.146],[-96.062,36.108],[-95.986,36.019],[-95.783,36.045],[-95.813,36.154],[-95.872,36.235]]]}},
{"type":"Feature","properties":{"minzoom":5},"geometry":{"type":"Polygon","coordinates":[[[-94.119,36.223],[-94.183,36.223],[-94.221,36.045],[-94.114,36.093],[-94.119,36.223]]]}},
{"type":"Feature","properties":{"minzoom":5},"geometry":{"type":"Polygon","coordinates":[[[-80.302,36.223],[-80.348,36.155],[-80.365,36.058],[-80.271,36.032],[-80.175,36.058],[-80.204,36.174],[-80.302,36.223]]]}},
{"type":"Feature","properties":{"minzoom":5},"geometry":{"type":"Polygon","coordinates":[[[-80.01,36.121],[-80.01,36.058],[-80.073,35.981],[-80.111,35.867],[-79.959,35.905],[-79.944,35.967],[-79.908,36.007],[-79.776,36.021],[-79.718,36.108],[-79.849,36.167],[-80.01,36.121]]]}},
{"type":"Feature","properties":{"minzoom":5},"geometry":{"type":"Polygon","coordinates":[[[-79.54,36.096],[-79.457,36.048],[-79.362,36.07],[-79.44,36.148],[-79.54,36.096]]]}},
{"type":"Feature","properties":{"minzoom":4},"geometry":{"type":"Polygon","coordinates":[[[-83.921,36.083],[-84.007,36.061],[-84.061,36.007],[-84.138,35.97],[-84.188,35.905],[-84.015,35.898],[-83.832,35.943],[-83.832,36.045],[-83.921,36.083]]]}},
{"type":"Feature","properties":{"minzoom":3.7},"geometry":{"type":"Polygon","coordinates":[[[-78.549,35.931],[-78.671,35.946],[-78.803,35.931],[-78.879,36.083],[-78.956,36.083],[-79.019,35.994],[-79.075,35.967],[-79.095,35.905],[-78.967,35.905],[-78.867,35.842],[-78.877,35.776],[-78.854,35.715],[-78.714,35.74],[-78.625,35.702],[-78.536,35.829],[-78.549,35.931]]]}},
{"type":"Feature","properties":{"minzoom":5},"geometry":{"type":"Polygon","coordinates":[[[-106.235,35.931],[-106.323,35.943],[-106.375,35.892],[-106.293,35.843],[-106.222,35.892],[-106.235,35.931]]]}},
{"type":"Feature","properties":{"minzoom":5},"geometry":{"type":"Polygon","coordinates":[[[-86.339,35.827],[-86.322,35.892],[-86.389,35.916],[-86.461,35.905],[-86.449,35.822],[-86.385,35.791],[-86.339,35.827]]]}},
{"type":"Feature","properties":{"minzoom":4},"geometry":{"type":"Polygon","coordinates":[[[-83.967,35.735],[-83.947,35.74],[-83.942,35.826],[-83.997,35.88],[-84.036,35.797],[-83.985,35.727],[-83.967,35.735]]]}},
{"type":"Feature","properties":{"minzoom":5},"geometry":{"type":"Polygon","coordinates":[[[-81.205,35.732],[-81.356,35.791],[-81.394,35.778],[-81.407,35.74],[-81.306,35.685],[-81.191,35.677],[-81.205,35.732]]]}},
{"type":"Feature","properties":{"minzoom":3.7},"geometry":{"type":"Polygon","coordinates":[[[-106.032,35.664],[-106.019,35.638],[-105.918,35.636],[-105.88,35.727],[-105.976,35.745],[-106.032,35.664]]]}},
{"type":"Feature","properties":{"minzoom":5},"geometry":{"type":"Polygon","coordinates":[[[-88.89,35.711],[-88.925,35.664],[-88.872,35.609],[-88.798,35.575],[-88.775,35.65],[-88.811,35.715],[-88.89,35.711]]]}},
{"type":"Feature","properties":{"minzoom":3.7},"geometry":{"type":"Polygon","coordinates":[[[-97.371,35.41],[-97.332,35.511],[-97.447,35.575],[-97.409,35.638],[-97.434,35.689],[-97.515,35.681],[-97.561,35.638],[-97.65,35.626],[-97.701,35.499],[-97.623,35.431],[-97.536,35.372],[-97.371,35.41]]]}},
{"type":"Feature","properties":{"minzoom":4},"geometry":{"type":"Polygon","coordinates":[[[-80.607,35.55],[-80.657,35.55],[-80.679,35.457],[-80.734,35.397],[-80.835,35.397],[-80.942,35.333],[-81.089,35.308],[-81.187,35.338],[-81.254,35.283],[-81.129,35.226],[-80.975,35.194],[-81.013,35.118],[-80.962,35.054],[-80.81,35.054],[-80.749,35.082],[-80.67,35.08],[-80.708,35.296],[-80.66,35.362],[-80.568,35.384],[-80.576,35.478],[-80.607,35.55]]]}},
{"type":"Feature","properties":{"minzoom":5},"geometry":{"type":"Polygon","coordinates":[[[-94.457,35.415],[-94.399,35.296],[-94.329,35.355],[-94.335,35.461],[-94.457,35.415]]]}},
{"type":"Feature","properties":{"minzoom":4},"geometry":{"type":"Polygon","coordinates":[[[-106.438,35.08],[-106.451,35.207],[-106.705,35.296],[-106.732,35.183],[-106.781,35.092],[-106.734,35.038],[-106.667,35.003],[-106.544,35.033],[-106.438,35.08]]]}},
{"type":"Feature","properties":{"minzoom":3.7},"geometry":{"type":"Polygon","coordinates":[[[-89.738,35.105],[-89.725,35.232],[-89.869,35.273],[-90.03,35.296],[-90.144,35.194],[-90.197,35.206],[-90.246,35.194],[-90.214,35.124],[-90.132,35.105],[-90.157,35.054],[-90.03,34.953],[-89.827,34.991],[-89.738,35.054],[-89.68,35.042],[-89.649,35.08],[-89.738,35.105]]]}},
{"type":"Feature","properties":{"minzoom":4},"geometry":{"type":"Polygon","coordinates":[[[-111.671,35.169],[-111.589,35.188],[-111.544,35.245],[-111.633,35.267],[-111.696,35.207],[-111.671,35.169]]]}},
{"type":"Feature","properties":{"minzoom":4},"geometry":{"type":"Polygon","coordinates":[[[-101.955,35.169],[-101.904,35.13],[-101.83,35.158],[-101.777,35.207],[-101.875,35.253],[-101.955,35.169]]]}},
{"type":"Feature","properties":{"minzoom":5},"geometry":{"type":"Polygon","coordinates":[[[-114.655,35.092],[-114.565,35.11],[-114.528,35.181],[-114.643,35.215],[-114.655,35.092]]]}},
{"type":"Feature","properties":{"minzoom":5},"geometry":{"type":"Polygon","coordinates":[[[-78.932,35.192],[-78.994,35.219],[-79.095,35.181],[-79.049,35.05],[-78.943,34.978],[-78.851,35.041],[-78.867,35.169],[-78.932,35.192]]]}},
{"type":"Feature","properties":{"minzoom":5},"geometry":{"type":"Polygon","coordinates":[[[-85.267,35.169],[-85.335,35.116],[-85.369,35.029],[-85.322,34.98],[-85.255,34.953],[-85.178,34.984],[-85.128,35.042],[-85.179,35.123],[-85.267,35.169]]]}},
{"type":"Feature","properties":{"minzoom":5},"geometry":{"type":"Polygon","coordinates":[[[-82.042,35.029],[-82.067,34.953],[-82.132,34.961],[-82.181,34.927],[-82.232,35.003],[-82.486,34.902],[-82.48,34.826],[-82.448,34.775],[-82.341,34.761],[-82.258,34.724],[-82.245,34.826],[-82.156,34.915],[-82.102,34.918],[-82.067,34.94],[-81.972,34.906],[-81.851,34.927],[-81.915,35.025],[-82.042,35.029]]]}},
{"type":"Feature","properties":{"minzoom":5},"geometry":{"type":"Polygon","coordinates":[[[-80.972,34.937],[-80.962,35.003],[-81.049,35.007],[-81.102,34.953],[-81.071,34.914],[-81.013,34.902],[-80.972,34.937]]]}},
{"type":"Feature","properties":{"minzoom":4},"geometry":{"type":"Polygon","coordinates":[[[-92.373,34.888],[-92.405,34.915],[-92.405,34.838],[-92.455,34.831],[-92.481,34.8],[-92.443,34.635],[-92.244,34.684],[-92.151,34.838],[-92.103,34.86],[-92.075,34.902],[-92.112,34.935],[-92.176,34.94],[-92.259,34.883],[-92.367,34.851],[-92.373,34.888]]]}},
{"type":"Feature","properties":{"minzoom":5},"geometry":{"type":"Polygon","coordinates":[[[-87.7,34.773],[-87.661,34.814],[-87.62,34.826],[-87.617,34.851],[-87.706,34.841],[-87.744,34.749],[-87.642,34.724],[-87.63,34.766],[-87.7,34.773]]]}},
{"type":"Feature","properties":{"minzoom":5},"geometry":{"type":"Polygon","coordinates":[[[-86.639,34.826],[-86.728,34.724],[-86.771,34.716],[-86.779,34.673],[-86.719,34.669],[-86.664,34.699],[-86.61,34.658],[-86.537,34.635],[-86.525,34.775],[-86.639,34.826]]]}},
{"type":"Feature","properties":{"minzoom":4},"geometry":{"type":"Polygon","coordinates":[[[-93.141,34.47],[-93.078,34.445],[-93.037,34.479],[-93.027,34.546],[-93.112,34.551],[-93.141,34.47]]]}},
{"type":"Feature","properties":{"minzoom":4},"geometry":{"type":"Polygon","coordinates":[[[-77.785,34.265],[-77.879,34.314],[-78.003,34.28],[-77.985,34.198],[-77.914,34.127],[-77.87,34.116],[-77.773,34.257],[-77.785,34.265]]]}},
{"type":"Feature","properties":{"minzoom":5},"geometry":{"type":"Polygon","coordinates":[[[-92.087,34.305],[-92.105,34.25],[-92.075,34.191],[-91.979,34.203],[-91.935,34.267],[-92.087,34.305]]]}},
{"type":"Feature","properties":{"minzoom":4},"geometry":{"type":"Polygon","coordinates":[[[-81.064,34.102],[-81.14,34.14],[-81.229,34.114],[-81.23,34.04],[-81.267,33.975],[-81.089,33.911],[-80.899,33.975],[-80.873,34.178],[-81.064,34.102]]]}},
{"type":"Feature","properties":{"minzoom":3.6},"geometry":{"type":"Polygon","coordinates":[[[-83.997,34.089],[-83.986,34.131],[-84.023,34.153],[-84.056,34.104],[-84.112,34.076],[-84.226,34.14],[-84.442,34.089],[-84.594,34.153],[-84.671,34.051],[-84.65,33.984],[-84.658,33.911],[-84.696,33.848],[-84.683,33.772],[-84.62,33.746],[-84.556,33.645],[-84.607,33.556],[-84.543,33.546],[-84.48,33.568],[-84.455,33.543],[-84.493,33.454],[-84.434,33.459],[-84.404,33.492],[-84.302,33.53],[-84.254,33.507],[-84.201,33.518],[-84.264,33.645],[-84.191,33.673],[-84.099,33.683],[-84.049,33.644],[-83.972,33.632],[-83.959,33.708],[-84.027,33.73],[-84.074,33.772],[-83.972,33.86],[-83.921,34.013],[-83.997,34.089]]]}},
{"type":"Feature","properties":{"minzoom":5},"geometry":{"type":"Polygon","coordinates":[[[-83.428,34.012],[-83.502,33.937],[-83.324,33.911],[-83.324,34],[-83.428,34.012]]]}},
{"type":"Feature","properties":{"minzoom":6},"geometry":{"type":"Polygon","coordinates":[[[-98.514,34],[-98.577,33.873],[-98.473,33.905],[-98.514,34]]]}},
{"type":"Feature","properties":{"minzoom":5},"geometry":{"type":"Polygon","coordinates":[[[-78.634,33.888],[-78.733,33.875],[-78.827,33.802],[-78.905,33.772],[-78.956,33.784],[-79.002,33.861],[-79.083,33.873],[-79.051,33.799],[-78.981,33.733],[-79.054,33.629],[-79.06,33.57],[-79.022,33.541],[-78.841,33.724],[-78.608,33.856],[-78.634,33.888]]]}},
{"type":"Feature","properties":{"minzoom":5},"geometry":{"type":"Polygon","coordinates":[[[-96.494,33.784],[-96.583,33.822],[-96.659,33.632],[-96.539,33.655],[-96.494,33.784]]]}},
{"type":"Feature","properties":{"minzoom":3.6},"geometry":{"type":"Polygon","coordinates":[[[-111.62,33.467],[-111.655,33.508],[-111.709,33.53],[-111.795,33.504],[-111.874,33.53],[-111.76,33.606],[-111.721,33.606],[-111.709,33.632],[-111.815,33.653],[-111.887,33.708],[-112.02,33.715],[-112.128,33.746],[-112.212,33.741],[-112.372,33.717],[-112.42,33.67],[-112.344,33.581],[-112.379,33.53],[-112.369,33.441],[-112.223,33.422],[-112.103,33.378],[-112.09,33.302],[-111.938,33.289],[-111.861,33.225],[-111.823,33.276],[-111.695,33.351],[-111.531,33.391],[-111.557,33.447],[-111.62,33.467]]]}},
{"type":"Feature","properties":{"minzoom":4},"geometry":{"type":"Polygon","coordinates":[[[-85.855,33.719],[-85.877,33.619],[-85.826,33.595],[-85.775,33.619],[-85.775,33.733],[-85.855,33.719]]]}},
{"type":"Feature","properties":{"minzoom":4},"geometry":{"type":"Polygon","coordinates":[[[-86.83,33.683],[-86.855,33.606],[-86.906,33.606],[-86.999,33.497],[-87.007,33.365],[-86.88,33.403],[-86.863,33.3],[-86.804,33.238],[-86.755,33.348],[-86.664,33.416],[-86.69,33.505],[-86.646,33.556],[-86.626,33.632],[-86.705,33.684],[-86.83,33.683]]]}},
{"type":"Feature","properties":{"minzoom":5},"geometry":{"type":"Polygon","coordinates":[[[-101.955,33.594],[-101.93,33.505],[-101.842,33.519],[-101.816,33.594],[-101.885,33.609],[-101.955,33.594]]]}},
{"type":"Feature","properties":{"minzoom":4},"geometry":{"type":"Polygon","coordinates":[[[-81.943,33.367],[-81.953,33.416],[-81.9,33.502],[-81.953,33.594],[-82.043,33.57],[-82.169,33.594],[-82.207,33.429],[-82.092,33.365],[-81.953,33.327],[-81.943,33.367]]]}},
{"type":"Feature","properties":{"minzoom":5},"geometry":{"type":"Polygon","coordinates":[[[-94.145,33.454],[-94.11,33.412],[-94.056,33.391],[-94.002,33.426],[-93.992,33.505],[-94.089,33.527],[-94.145,33.454]]]}},
{"type":"Feature","properties":{"minzoom":5},"geometry":{"type":"Polygon","coordinates":[[[-87.465,33.264],[-87.566,33.278],[-87.63,33.225],[-87.599,33.161],[-87.541,33.124],[-87.481,33.166],[-87.452,33.238],[-87.465,33.264]]]}},
{"type":"Feature","properties":{"minzoom":3.6},"geometry":{"type":"Polygon","coordinates":[[[-96.57,32.959],[-96.625,33.031],[-96.647,33.137],[-96.758,33.127],[-96.85,33.098],[-96.901,33.137],[-96.964,33.086],[-97.053,33.149],[-97.142,32.997],[-97.193,32.997],[-97.3,32.914],[-97.479,32.845],[-97.51,32.819],[-97.485,32.679],[-97.358,32.616],[-97.351,32.566],[-97.32,32.54],[-97.251,32.642],[-97.104,32.629],[-97.015,32.654],[-97.005,32.607],[-96.977,32.578],[-96.898,32.586],[-96.824,32.565],[-96.7,32.663],[-96.558,32.743],[-96.532,32.857],[-96.47,32.89],[-96.443,32.959],[-96.57,32.959]]]}},
{"type":"Feature","properties":{"minzoom":4},"geometry":{"type":"Polygon","coordinates":[[[-79.811,32.835],[-79.796,32.86],[-79.895,32.87],[-80.035,33.022],[-80.048,33.06],[-80.073,33.073],[-80.226,33.073],[-80.219,32.986],[-80.137,32.946],[-80.086,32.806],[-80.022,32.758],[-79.996,32.746],[-79.934,32.753],[-79.911,32.764],[-79.933,32.81],[-79.844,32.794],[-79.811,32.835]]]}},
{"type":"Feature","properties":{"minzoom":5},"geometry":{"type":"Polygon","coordinates":[[[-83.731,32.946],[-83.769,32.844],[-83.719,32.793],[-83.642,32.768],[-83.581,32.818],[-83.566,32.883],[-83.731,32.946]]]}},
{"type":"Feature","properties":{"minzoom":4},"geometry":{"type":"Polygon","coordinates":[[[-115.582,32.641],[-115.436,32.574],[-115.341,32.667],[-115.476,32.714],[-115.582,32.641]]]}},
{"type":"Feature","properties":{"minzoom":5},"geometry":{"type":"Polygon","coordinates":[[[-85.458,32.679],[-85.515,32.654],[-85.534,32.59],[-85.418,32.608],[-85.344,32.667],[-85.396,32.692],[-85.458,32.679]]]}},
{"type":"Feature","properties":{"minzoom":5},"geometry":{"type":"Polygon","coordinates":[[[-83.705,32.616],[-83.63,32.578],[-83.566,32.629],[-83.636,32.677],[-83.705,32.616]]]}},
{"type":"Feature","properties":{"minzoom":4},"geometry":{"type":"Polygon","coordinates":[[[-93.713,32.59],[-93.779,32.606],[-93.853,32.578],[-93.886,32.497],[-93.954,32.451],[-93.815,32.375],[-93.688,32.4],[-93.63,32.492],[-93.624,32.603],[-93.713,32.59]]]}},
{"type":"Feature","properties":{"minzoom":5},"geometry":{"type":"Polygon","coordinates":[[[-94.69,32.425],[-94.627,32.463],[-94.691,32.603],[-94.808,32.594],[-94.881,32.54],[-94.767,32.451],[-94.69,32.425]]]}},
{"type":"Feature","properties":{"minzoom":5},"geometry":{"type":"Polygon","coordinates":[[[-84.963,32.603],[-85.077,32.502],[-85.001,32.4],[-84.998,32.371],[-84.975,32.362],[-84.92,32.383],[-84.867,32.489],[-84.861,32.565],[-84.963,32.603]]]}},
{"type":"Feature","properties":{"minzoom":5},"geometry":{"type":"Polygon","coordinates":[[[-92.137,32.583],[-92.214,32.527],[-92.103,32.463],[-92.037,32.552],[-92.137,32.583]]]}},
{"type":"Feature","properties":{"minzoom":3.7},"geometry":{"type":"Polygon","coordinates":[[[-90.055,32.349],[-90.106,32.476],[-90.144,32.489],[-90.259,32.387],[-90.315,32.374],[-90.347,32.336],[-90.27,32.256],[-90.144,32.222],[-90.088,32.261],[-90.005,32.273],[-90.055,32.349]]]}},
{"type":"Feature","properties":{"minzoom":4},"geometry":{"type":"Polygon","coordinates":[[[-86.398,32.349],[-86.385,32.324],[-86.235,32.309],[-86.144,32.413],[-86.3,32.454],[-86.398,32.349]]]}},
{"type":"Feature","properties":{"minzoom":5},"geometry":{"type":"Polygon","coordinates":[[[-95.338,32.418],[-95.389,32.324],[-95.343,32.281],[-95.275,32.26],[-95.235,32.315],[-95.237,32.387],[-95.338,32.418]]]}},
{"type":"Feature","properties":{"minzoom":4},"geometry":{"type":"Polygon","coordinates":[[[-110.833,32.362],[-110.934,32.375],[-110.985,32.413],[-111.099,32.375],[-111.061,32.273],[-111.074,32.146],[-110.947,32.108],[-110.805,32.182],[-110.769,32.235],[-110.833,32.362]]]}},
{"type":"Feature","properties":{"minzoom":5},"geometry":{"type":"Polygon","coordinates":[[[-106.832,32.286],[-106.739,32.266],[-106.68,32.324],[-106.786,32.373],[-106.832,32.286]]]}},
{"type":"Feature","properties":{"minzoom":4},"geometry":{"type":"Polygon","coordinates":[[[-81.267,32.146],[-81.203,32.057],[-81.2,32.003],[-81.178,31.968],[-81.066,31.996],[-81.013,32.082],[-81.13,32.182],[-81.267,32.146]]]}},
{"type":"Feature","properties":{"minzoom":4},"geometry":{"type":"Polygon","coordinates":[[[-106.349,31.817],[-106.4,31.854],[-106.388,31.93],[-106.456,31.941],[-106.515,31.917],[-106.603,31.917],[-106.607,31.834],[-106.523,31.693],[-106.464,31.638],[-106.286,31.651],[-106.273,31.803],[-106.349,31.817]]]}},
{"type":"Feature","properties":{"minzoom":5},"geometry":{"type":"Polygon","coordinates":[[[-94.704,31.587],[-94.607,31.599],[-94.602,31.701],[-94.679,31.671],[-94.704,31.587]]]}},
{"type":"Feature","properties":{"minzoom":5},"geometry":{"type":"Polygon","coordinates":[[[-84.264,31.613],[-84.202,31.554],[-84.099,31.536],[-84.061,31.6],[-84.165,31.661],[-84.264,31.613]]]}},
{"type":"Feature","properties":{"minzoom":5},"geometry":{"type":"Polygon","coordinates":[[[-97.129,31.651],[-97.218,31.6],[-97.269,31.511],[-97.176,31.497],[-97.091,31.549],[-97.091,31.638],[-97.129,31.651]]]}},
{"type":"Feature","properties":{"minzoom":5},"geometry":{"type":"Polygon","coordinates":[[[-94.805,31.333],[-94.792,31.308],[-94.694,31.309],[-94.653,31.397],[-94.756,31.407],[-94.805,31.333]]]}},
{"type":"Feature","properties":{"minzoom":5},"geometry":{"type":"Polygon","coordinates":[[[-92.498,31.348],[-92.506,31.257],[-92.402,31.297],[-92.418,31.397],[-92.498,31.348]]]}},
{"type":"Feature","properties":{"minzoom":5},"geometry":{"type":"Polygon","coordinates":[[[-89.408,31.32],[-89.32,31.295],[-89.255,31.346],[-89.345,31.385],[-89.408,31.32]]]}},
{"type":"Feature","properties":{"minzoom":5},"geometry":{"type":"Polygon","coordinates":[[[-88.045,30.751],[-88.061,30.838],[-88.112,30.838],[-88.166,30.77],[-88.239,30.724],[-88.226,30.636],[-88.187,30.556],[-88.098,30.489],[-88.017,30.691],[-88.045,30.751]]]}},
{"type":"Feature","properties":{"minzoom":5},"geometry":{"type":"Polygon","coordinates":[[[-96.418,30.635],[-96.348,30.591],[-96.24,30.584],[-96.332,30.703],[-96.418,30.635]]]}},
{"type":"Feature","properties":{"minzoom":4},"geometry":{"type":"Polygon","coordinates":[[[-91.071,30.52],[-91.124,30.557],[-91.211,30.584],[-91.244,30.501],[-91.236,30.406],[-91.145,30.377],[-91.033,30.368],[-90.995,30.431],[-91.018,30.491],[-91.071,30.52]]]}},
{"type":"Feature","properties":{"minzoom":5},"geometry":{"type":"Polygon","coordinates":[[[-87.23,30.582],[-87.287,30.584],[-87.324,30.525],[-87.329,30.418],[-87.266,30.368],[-87.185,30.454],[-87.172,30.532],[-87.23,30.582]]]}},
{"type":"Feature","properties":{"minzoom":4},"geometry":{"type":"Polygon","coordinates":[[[-97.65,30.419],[-97.65,30.508],[-97.675,30.571],[-97.737,30.55],[-97.777,30.508],[-97.866,30.546],[-97.815,30.381],[-97.904,30.216],[-97.759,30.178],[-97.625,30.266],[-97.65,30.419]]]}},
{"type":"Feature","properties":{"minzoom":5},"geometry":{"type":"Polygon","coordinates":[[[-86.462,30.543],[-86.476,30.568],[-86.512,30.571],[-86.554,30.522],[-86.687,30.469],[-86.706,30.412],[-86.68,30.403],[-86.606,30.425],[-86.464,30.489],[-86.462,30.543]]]}},
{"type":"Feature","properties":{"minzoom":4},"geometry":{"type":"Polygon","coordinates":[[[-84.306,30.524],[-84.391,30.495],[-84.328,30.41],[-84.213,30.431],[-84.213,30.546],[-84.306,30.524]]]}},
{"type":"Feature","properties":{"minzoom":4},"geometry":{"type":"Polygon","coordinates":[[[-81.44,30.404],[-81.461,30.384],[-81.496,30.381],[-81.578,30.476],[-81.699,30.533],[-81.826,30.317],[-81.8,30.127],[-81.718,30.152],[-81.661,30.203],[-81.61,30.136],[-81.521,30.177],[-81.521,30.254],[-81.496,30.264],[-81.365,30.216],[-81.414,30.415],[-81.44,30.404]]]}},
{"type":"Feature","properties":{"minzoom":5},"geometry":{"type":"Polygon","coordinates":[[[-88.767,30.438],[-88.795,30.47],[-88.855,30.482],[-88.976,30.457],[-89.116,30.495],[-89.179,30.393],[-89.166,30.345],[-88.905,30.415],[-88.763,30.384],[-88.767,30.438]]]}},
{"type":"Feature","properties":{"minzoom":5},"geometry":{"type":"Polygon","coordinates":[[[-88.487,30.415],[-88.506,30.457],[-88.547,30.453],[-88.577,30.425],[-88.594,30.361],[-88.48,30.367],[-88.487,30.415]]]}},
{"type":"Feature","properties":{"minzoom":3.6},"geometry":{"type":"Polygon","coordinates":[[[-94.915,29.709],[-94.869,29.911],[-94.952,29.893],[-95.008,29.847],[-95.11,29.898],[-95.18,29.904],[-95.224,29.936],[-95.135,30.025],[-95.142,30.076],[-95.237,30.165],[-95.326,30.076],[-95.44,30.266],[-95.364,30.292],[-95.364,30.368],[-95.446,30.395],[-95.529,30.368],[-95.504,30.279],[-95.554,30.19],[-95.516,30.101],[-95.669,30.012],[-95.681,29.885],[-95.783,29.784],[-95.713,29.714],[-95.694,29.593],[-95.542,29.555],[-95.489,29.585],[-95.415,29.593],[-95.371,29.621],[-95.326,29.619],[-95.3,29.555],[-95.25,29.549],[-95.224,29.517],[-95.11,29.492],[-95.037,29.378],[-94.928,29.336],[-94.888,29.371],[-94.93,29.449],[-95.019,29.444],[-95.059,29.492],[-94.999,29.569],[-95.023,29.702],[-94.982,29.713],[-94.929,29.68],[-94.915,29.709]]]}},
{"type":"Feature","properties":{"minzoom":5},"geometry":{"type":"Polygon","coordinates":[[[-93.23,30.279],[-93.264,30.302],[-93.319,30.304],[-93.395,30.241],[-93.357,30.139],[-93.209,30.169],[-93.141,30.279],[-93.186,30.293],[-93.23,30.279]]]}},
{"type":"Feature","properties":{"minzoom":5},"geometry":{"type":"Polygon","coordinates":[[[-92.1,30.177],[-91.991,30.184],[-91.986,30.292],[-92.067,30.274],[-92.1,30.177]]]}},
{"type":"Feature","properties":{"minzoom":5},"geometry":{"type":"Polygon","coordinates":[[[-85.844,30.262],[-85.908,30.257],[-85.917,30.237],[-85.756,30.167],[-85.742,30.225],[-85.844,30.262]]]}},
{"type":"Feature","properties":{"minzoom":5},"geometry":{"type":"Polygon","coordinates":[[[-85.605,30.215],[-85.64,30.239],[-85.663,30.189],[-85.613,30.141],[-85.585,30.139],[-85.605,30.215]]]}},
{"type":"Feature","properties":{"minzoom":5},"geometry":{"type":"Polygon","coordinates":[[[-93.878,29.996],[-94.005,30.067],[-94.03,30.127],[-94.17,30.177],[-94.246,30.076],[-94.121,30.017],[-94.018,29.936],[-94.001,29.848],[-93.965,29.825],[-93.94,29.824],[-93.846,29.972],[-93.878,29.996]]]}},
{"type":"Feature","properties":{"minzoom":3.7},"geometry":{"type":"Polygon","coordinates":[[[-90.305,30.044],[-90.315,30.003],[-90.347,29.987],[-90.394,30.03],[-90.462,30.05],[-90.487,30.114],[-90.627,30.089],[-90.59,30.05],[-90.513,30.05],[-90.5,29.974],[-90.36,29.923],[-90.259,29.949],[-90.149,29.861],[-90.005,29.809],[-89.949,29.861],[-89.916,29.936],[-89.941,30],[-89.901,30.017],[-89.89,30.063],[-89.947,30.09],[-89.994,30.059],[-90.175,30.029],[-90.291,30.068],[-90.305,30.044]]]}},
{"type":"Feature","properties":{"minzoom":5},"geometry":{"type":"Polygon","coordinates":[[[-82.435,29.72],[-82.448,29.695],[-82.424,29.636],[-82.372,29.606],[-82.306,29.642],[-82.27,29.708],[-82.346,29.734],[-82.435,29.72]]]}},
{"type":"Feature","properties":{"minzoom":3.7},"geometry":{"type":"Polygon","coordinates":[[[-98.305,29.537],[-98.272,29.593],[-98.475,29.669],[-98.653,29.644],[-98.709,29.519],[-98.679,29.39],[-98.59,29.403],[-98.519,29.345],[-98.399,29.365],[-98.348,29.492],[-98.305,29.537]]]}},
{"type":"Feature","properties":{"minzoom":5},"geometry":{"type":"Polygon","coordinates":[[[-81.071,29.34],[-81.119,29.329],[-81.14,29.288],[-81.11,29.202],[-81.025,29.105],[-80.99,29.122],[-80.968,29.184],[-81.047,29.342],[-81.071,29.34]]]}},
{"type":"Feature","properties":{"minzoom":4},"geometry":{"type":"Polygon","coordinates":[[[-111.048,29.136],[-111.008,29.049],[-110.921,29.009],[-110.896,29.149],[-110.983,29.185],[-111.048,29.136]]]}},
{"type":"Feature","properties":{"minzoom":5},"geometry":{"type":"Polygon","coordinates":[[[-95.255,29.03],[-95.466,29.111],[-95.491,29.06],[-95.396,28.951],[-95.385,28.9],[-95.233,29.003],[-95.255,29.03]]]}},
{"type":"Feature","properties":{"minzoom":4},"geometry":{"type":"Polygon","coordinates":[[[-81.318,28.882],[-81.265,28.893],[-81.242,28.933],[-81.292,28.996],[-81.28,29.073],[-81.318,29.085],[-81.343,29.022],[-81.318,28.882]]]}},
{"type":"Feature","properties":{"minzoom":4},"geometry":{"type":"Polygon","coordinates":[[[-81.536,28.663],[-81.521,28.628],[-81.597,28.59],[-81.546,28.488],[-81.617,28.432],[-81.661,28.349],[-81.457,28.285],[-81.33,28.298],[-81.343,28.387],[-81.284,28.449],[-81.242,28.526],[-81.176,28.569],[-81.153,28.653],[-81.267,28.73],[-81.267,28.819],[-81.366,28.837],[-81.419,28.73],[-81.546,28.704],[-81.536,28.663]]]}},
{"type":"Feature","properties":{"minzoom":3.7},"geometry":{"type":"Polygon","coordinates":[[[-106.032,28.704],[-106.121,28.755],[-106.168,28.72],[-106.172,28.641],[-106.091,28.591],[-105.994,28.615],[-106.032,28.704]]]}},
{"type":"Feature","properties":{"minzoom":5},"geometry":{"type":"Polygon","coordinates":[[[-80.823,28.382],[-80.776,28.337],[-80.723,28.336],[-80.76,28.436],[-80.823,28.382]]]}},
{"type":"Feature","properties":{"minzoom":3.6},"geometry":{"type":"Polygon","coordinates":[[[-82.353,27.895],[-82.245,27.904],[-82.346,28.158],[-82.443,28.153],[-82.537,28.171],[-82.626,28.095],[-82.677,28.158],[-82.652,28.333],[-82.692,28.397],[-82.749,28.237],[-82.844,27.846],[-82.808,27.777],[-82.743,27.709],[-82.715,27.733],[-82.661,27.718],[-82.626,27.746],[-82.597,27.873],[-82.634,27.898],[-82.675,27.964],[-82.636,27.981],[-82.58,27.958],[-82.498,27.868],[-82.446,27.903],[-82.431,27.888],[-82.353,27.895]]]}},
{"type":"Feature","properties":{"minzoom":5},"geometry":{"type":"Polygon","coordinates":[[[-80.716,28.172],[-80.721,28.095],[-80.624,28.026],[-80.587,28.036],[-80.669,28.23],[-80.695,28.234],[-80.716,28.172]]]}},
{"type":"Feature","properties":{"minzoom":5},"geometry":{"type":"Polygon","coordinates":[[[-81.991,27.98],[-81.909,28],[-81.889,28.082],[-81.999,28.103],[-81.991,27.98]]]}},
{"type":"Feature","properties":{"minzoom":5},"geometry":{"type":"Polygon","coordinates":[[[-81.782,28.002],[-81.673,27.993],[-81.711,28.107],[-81.838,28.095],[-81.782,28.002]]]}},
{"type":"Feature","properties":{"minzoom":4},"geometry":{"type":"Polygon","coordinates":[[[-110.807,28.018],[-110.878,28.008],[-110.96,27.969],[-110.991,27.928],[-110.921,27.889],[-110.849,27.918],[-110.795,27.916],[-110.807,28.018]]]}},
{"type":"Feature","properties":{"minzoom":4},"geometry":{"type":"Polygon","coordinates":[[[-97.498,27.85],[-97.612,27.904],[-97.636,27.856],[-97.625,27.79],[-97.548,27.815],[-97.485,27.758],[-97.447,27.676],[-97.345,27.66],[-97.289,27.669],[-97.426,27.842],[-97.498,27.85]]]}},
{"type":"Feature","properties":{"minzoom":4},"geometry":{"type":"Polygon","coordinates":[[[-99.555,27.574],[-99.58,27.498],[-99.556,27.465],[-99.517,27.447],[-99.455,27.474],[-99.428,27.536],[-99.456,27.591],[-99.504,27.625],[-99.555,27.574]]]}},
{"type":"Feature","properties":{"minzoom":5},"geometry":{"type":"Polygon","coordinates":[[[-109.988,27.555],[-109.994,27.472],[-109.918,27.434],[-109.894,27.538],[-109.956,27.612],[-109.988,27.555]]]}},
{"type":"Feature","properties":{"minzoom":5},"geometry":{"type":"Polygon","coordinates":[[[-82.45,27.263],[-82.423,27.32],[-82.506,27.52],[-82.594,27.581],[-82.636,27.525],[-82.715,27.5],[-82.62,27.401],[-82.509,27.189],[-82.45,27.263]]]}},
{"type":"Feature","properties":{"minzoom":3.6},"geometry":{"type":"Polygon","coordinates":[[[-80.324,27.33],[-80.325,27.295],[-80.264,27.155],[-80.174,27.143],[-80.226,27.207],[-80.286,27.345],[-80.324,27.33]]]}},
{"type":"Feature","properties":{"minzoom":4},"geometry":{"type":"Polygon","coordinates":[[[-103.746,26.952],[-103.763,26.992],[-103.809,27.002],[-103.83,26.93],[-103.809,26.85],[-103.746,26.888],[-103.709,26.88],[-103.682,26.914],[-103.746,26.952]]]}},
{"type":"Feature","properties":{"minzoom":3.6},"geometry":{"type":"Polygon","coordinates":[[[-80.137,27.002],[-80.162,26.952],[-80.162,26.761],[-80.248,26.739],[-80.289,26.672],[-80.2,26.596],[-80.2,26.482],[-80.314,26.329],[-80.34,26.203],[-80.429,26.139],[-80.439,25.993],[-80.416,25.859],[-80.505,25.72],[-80.441,25.567],[-80.494,25.517],[-80.505,25.453],[-80.414,25.483],[-80.365,25.555],[-80.306,25.578],[-80.301,25.619],[-80.219,25.742],[-80.159,25.878],[-80.126,25.834],[-80.111,26.132],[-80.041,26.569],[-80.05,26.808],[-80.089,26.994],[-80.094,27.006],[-80.137,27.002]]]}},
{"type":"Feature","properties":{"minzoom":5},"geometry":{"type":"Polygon","coordinates":[[[-101.498,26.888],[-101.456,26.86],[-101.396,26.85],[-101.358,26.914],[-101.442,26.962],[-101.498,26.888]]]}},
{"type":"Feature","properties":{"minzoom":5},"geometry":{"type":"Polygon","coordinates":[[[-81.927,26.761],[-81.965,26.667],[-82.04,26.552],[-82.006,26.54],[-81.97,26.552],[-81.921,26.631],[-81.829,26.687],[-81.927,26.761]]]}},
{"type":"Feature","properties":{"minzoom":5},"geometry":{"type":"Polygon","coordinates":[[[-81.846,26.531],[-81.81,26.633],[-81.829,26.687],[-81.959,26.49],[-81.929,26.466],[-81.846,26.531]]]}},
{"type":"Feature","properties":{"minzoom":5},"geometry":{"type":"Polygon","coordinates":[[[-81.717,26.134],[-81.686,26.19],[-81.737,26.228],[-81.8,26.406],[-81.86,26.401],[-81.811,26.146],[-81.779,26.091],[-81.717,26.134]]]}},
{"type":"Feature","properties":{"minzoom":5},"geometry":{"type":"Polygon","coordinates":[[[-98.12,26.19],[-98.158,26.329],[-98.361,26.24],[-98.263,26.172],[-98.12,26.19]]]}},
{"type":"Feature","properties":{"minzoom":5},"geometry":{"type":"Polygon","coordinates":[[[-98.348,26.075],[-98.316,26.038],[-98.26,26.025],[-98.234,26.05],[-98.287,26.144],[-98.348,26.075]]]}},
{"type":"Feature","properties":{"minzoom":4},"geometry":{"type":"Polygon","coordinates":[[[-97.498,25.821],[-97.459,25.821],[-97.434,25.853],[-97.383,25.974],[-97.548,25.999],[-97.571,25.904],[-97.536,25.821],[-97.498,25.821]]]}},
{"type":"Feature","properties":{"minzoom":5},"geometry":{"type":"Polygon","coordinates":[[[-109.067,25.783],[-108.966,25.758],[-108.928,25.834],[-109.02,25.859],[-109.067,25.783]]]}},
{"type":"Feature","properties":{"minzoom":3.6},"geometry":{"type":"Polygon","coordinates":[[[-100.368,25.847],[-100.457,25.758],[-100.499,25.743],[-100.52,25.707],[-100.41,25.633],[-100.266,25.593],[-100.152,25.656],[-100.152,25.783],[-100.368,25.847]]]}},
{"type":"Feature","properties":{"minzoom":4},"geometry":{"type":"Polygon","coordinates":[[[-103.39,25.478],[-103.352,25.542],[-103.423,25.598],[-103.53,25.618],[-103.543,25.542],[-103.475,25.502],[-103.39,25.478]]]}},
{"type":"Feature","properties":{"minzoom":5},"geometry":{"type":"Polygon","coordinates":[[[-100.952,25.567],[-101.042,25.511],[-101.079,25.402],[-100.999,25.383],[-100.927,25.428],[-100.952,25.567]]]}},
{"type":"Feature","properties":{"minzoom":4},"geometry":{"type":"Polygon","coordinates":[[[-107.454,24.755],[-107.375,24.758],[-107.34,24.805],[-107.423,24.856],[-107.454,24.755]]]}},
{"type":"Feature","properties":{"minzoom":5},"geometry":{"type":"Polygon","coordinates":[[[-104.724,24.005],[-104.626,24.009],[-104.584,24.094],[-104.677,24.101],[-104.724,24.005]]]}},
{"type":"Feature","properties":{"minzoom":3.7},"geometry":{"type":"Polygon","coordinates":[[[-82.474,23.07],[-82.402,23.054],[-82.338,23.072],[-82.288,23.116],[-82.263,23.167],[-82.351,23.154],[-82.501,23.097],[-82.474,23.07]]]}},
{"type":"Feature","properties":{"minzoom":5},"geometry":{"type":"Polygon","coordinates":[[[-80.594,41.15],[-80.57,41.167],[-80.581,41.188],[-80.607,41.15],[-80.72,41.24],[-80.861,41.303],[-80.886,41.265],[-80.734,41.011],[-80.632,40.985],[-80.568,41.036],[-80.594,41.15]]]}},
{"type":"Feature","properties":{"minzoom":3.7},"geometry":{"type":"Polygon","coordinates":[[[-73.567,45.469],[-73.476,45.705],[-73.522,45.701],[-73.687,45.561],[-73.853,45.516],[-73.894,45.487],[-73.878,45.449],[-73.775,45.468],[-73.644,45.449],[-73.567,45.469]]]}},
{"type":"Feature","properties":{"minzoom":5},"geometry":{"type":"Polygon","coordinates":[[[-73.761,45.722],[-73.939,45.71],[-73.888,45.608],[-73.974,45.552],[-73.981,45.527],[-73.897,45.564],[-73.75,45.686],[-73.761,45.722]]]}},
{"type":"Feature","properties":{"minzoom":5},"geometry":{"type":"Polygon","coordinates":[[[-73.816,45.565],[-73.695,45.585],[-73.572,45.694],[-73.725,45.672],[-73.858,45.574],[-73.816,45.565]]]}},
{"type":"Feature","properties":{"minzoom":5},"geometry":{"type":"Polygon","coordinates":[[[-73.75,45.383],[-73.761,45.341],[-73.533,45.367],[-73.431,45.456],[-73.317,45.506],[-73.279,45.544],[-73.3,45.499],[-73.291,45.456],[-73.225,45.516],[-73.177,45.595],[-73.355,45.608],[-73.377,45.56],[-73.418,45.532],[-73.458,45.642],[-73.519,45.459],[-73.558,45.425],[-73.747,45.398],[-73.75,45.383]]]}},
{"type":"Feature","properties":{"minzoom":5},"geometry":{"type":"Polygon","coordinates":[[[-73.63,45.755],[-73.682,45.775],[-73.736,45.773],[-73.699,45.713],[-73.587,45.726],[-73.63,45.755]]]}},
{"type":"Feature","properties":{"minzoom":3.6},"geometry":{"type":"Polygon","coordinates":[[[-92.944,45.044],[-92.976,45.125],[-93.027,45.136],[-93.078,45.125],[-93.137,45.161],[-93.23,45.163],[-93.256,45.214],[-93.408,45.265],[-93.446,45.24],[-93.497,45.113],[-93.484,45.049],[-93.573,44.998],[-93.599,44.897],[-93.558,44.848],[-93.484,44.833],[-93.281,44.681],[-93.129,44.757],[-93.091,44.821],[-92.951,44.821],[-92.955,44.89],[-92.926,44.948],[-92.944,45.044]]]}},
{"type":"Feature","properties":{"minzoom":3.6},"geometry":{"type":"Polygon","coordinates":[[[-87.253,41.638],[-87.413,41.656],[-87.557,41.766],[-87.695,42.084],[-87.767,42.154],[-87.797,42.211],[-87.812,42.484],[-87.858,42.484],[-87.903,42.427],[-87.985,42.408],[-88.074,42.446],[-88.125,42.408],[-88.174,42.435],[-88.227,42.433],[-88.202,42.375],[-88.073,42.339],[-88.023,42.306],[-88.074,42.23],[-88.201,42.217],[-88.284,42.263],[-88.379,42.242],[-88.341,42.141],[-88.366,42.039],[-88.341,41.976],[-88.392,41.747],[-88.366,41.709],[-88.222,41.712],[-88.112,41.658],[-88.214,41.646],[-88.214,41.404],[-88.165,41.425],[-88.138,41.468],[-88.011,41.519],[-88.036,41.62],[-87.991,41.664],[-87.922,41.684],[-87.877,41.549],[-87.846,41.519],[-87.757,41.544],[-87.737,41.488],[-87.693,41.455],[-87.553,41.493],[-87.488,41.474],[-87.414,41.493],[-87.379,41.465],[-87.325,41.455],[-87.287,41.519],[-87.185,41.569],[-87.127,41.625],[-87.139,41.652],[-87.253,41.638]]]}},
{"type":"Feature","properties":{"minzoom":3.6},"geometry":{"type":"Polygon","coordinates":[[[-73.695,40.87],[-73.879,40.792],[-73.965,40.725],[-74.032,40.639],[-74.015,40.581],[-73.929,40.599],[-73.875,40.652],[-73.823,40.656],[-73.801,40.622],[-73.9,40.571],[-73.621,40.6],[-73.266,40.664],[-73.194,40.654],[-72.935,40.729],[-72.931,40.928],[-72.952,40.968],[-73.137,40.948],[-73.155,40.894],[-73.187,40.896],[-73.216,40.928],[-73.278,40.924],[-73.373,40.944],[-73.487,40.877],[-73.623,40.896],[-73.652,40.838],[-73.695,40.87]]]}},
{"type":"Feature","properties":{"minzoom":3.6},"geometry":{"type":"Polygon","coordinates":[[[-72.807,41.276],[-72.809,41.347],[-72.834,41.392],[-72.72,41.557],[-72.631,41.544],[-72.618,41.646],[-72.516,41.756],[-72.466,41.887],[-72.58,41.861],[-72.596,41.89],[-72.606,41.925],[-72.476,42.088],[-72.453,42.166],[-72.631,42.293],[-72.631,42.369],[-72.669,42.369],[-72.669,42.204],[-72.746,42.18],[-72.796,42.128],[-72.644,42.039],[-72.644,41.976],[-72.743,41.897],[-72.809,41.785],[-72.913,41.756],[-72.974,41.684],[-72.91,41.557],[-72.93,41.5],[-72.898,41.455],[-72.974,41.392],[-73.037,41.366],[-73.088,41.404],[-73.164,41.315],[-73.261,41.272],[-73.317,41.188],[-73.444,41.201],[-73.583,41.15],[-73.66,41.087],[-73.749,41.087],[-73.784,41.166],[-73.832,41.199],[-73.887,41.21],[-73.929,41.253],[-73.906,41.287],[-73.839,41.307],[-73.812,41.341],[-73.952,41.328],[-73.977,41.265],[-74.015,41.265],[-74.082,41.186],[-74.18,41.138],[-74.251,41.056],[-74.384,41.036],[-74.371,40.934],[-74.481,40.938],[-74.561,40.972],[-74.635,40.932],[-74.739,40.934],[-74.691,40.875],[-74.599,40.858],[-74.46,40.731],[-74.498,40.68],[-74.574,40.718],[-74.625,40.668],[-74.688,40.648],[-74.726,40.604],[-74.676,40.477],[-74.618,40.504],[-74.561,40.503],[-74.579,40.45],[-74.612,40.414],[-74.688,40.414],[-74.714,40.325],[-74.79,40.325],[-74.912,40.275],[-75.069,40.261],[-75.133,40.363],[-75.175,40.329],[-75.234,40.312],[-75.323,40.376],[-75.374,40.198],[-75.476,40.236],[-75.512,40.202],[-75.565,40.185],[-75.539,40.096],[-75.614,40.078],[-75.704,40.096],[-75.717,40.007],[-75.658,39.958],[-75.577,39.931],[-75.514,40.02],[-75.425,40.007],[-75.514,39.88],[-75.574,39.839],[-75.641,39.804],[-75.717,39.817],[-75.753,39.751],[-75.819,39.715],[-75.844,39.601],[-75.662,39.58],[-75.582,39.593],[-75.588,39.641],[-75.401,39.832],[-75.321,39.865],[-75.173,39.895],[-75.074,39.983],[-75.154,39.87],[-75.307,39.839],[-75.265,39.801],[-75.222,39.791],[-75.146,39.69],[-75.064,39.7],[-74.993,39.677],[-74.879,39.766],[-74.879,39.855],[-74.815,39.868],[-74.804,39.952],[-74.765,40.007],[-74.79,40.096],[-74.688,40.122],[-74.649,40.191],[-74.638,40.287],[-74.574,40.388],[-74.497,40.332],[-74.384,40.337],[-74.333,40.223],[-74.257,40.223],[-74.231,40.376],[-74.135,40.283],[-74.142,40.147],[-74.257,40.185],[-74.281,40.134],[-74.282,40.058],[-74.358,40.045],[-74.287,39.956],[-74.269,39.842],[-74.216,39.804],[-74.157,39.797],[-74.091,40.045],[-74.028,40.074],[-73.962,40.307],[-74.006,40.37],[-74.021,40.442],[-74.05,40.43],[-74.242,40.456],[-74.264,40.529],[-74.187,40.648],[-74.026,40.756],[-73.927,40.914],[-73.909,40.996],[-73.918,41.136],[-73.97,41.25],[-73.882,41.171],[-73.872,41.055],[-73.907,40.912],[-73.987,40.751],[-73.911,40.816],[-73.851,40.831],[-73.583,41.022],[-73.182,41.176],[-73.024,41.216],[-72.925,41.285],[-72.847,41.266],[-72.807,41.276]]]}},
{"type":"Feature","properties":{"minzoom":3.6},"geometry":{"type":"Polygon","coordinates":[[[-75.349,39.766],[-75.363,39.824],[-75.417,39.792],[-75.349,39.766]]]}},
{"type":"Feature","properties":{"minzoom":3.6},"geometry":{"type":"Polygon","coordinates":[[[-74.188,40.615],[-74.236,40.519],[-74.139,40.542],[-74.08,40.586],[-74.069,40.649],[-74.1,40.658],[-74.188,40.615]]]}},
{"type":"Feature","properties":{"minzoom":3.6},"geometry":{"type":"Polygon","coordinates":[[[-76.417,39.313],[-76.39,39.36],[-76.441,39.436],[-76.563,39.466],[-76.657,39.525],[-76.72,39.423],[-76.763,39.463],[-76.822,39.487],[-76.822,39.334],[-76.873,39.321],[-76.911,39.156],[-77.025,39.118],[-77.063,39.169],[-77.127,39.156],[-77.212,39.215],[-77.317,39.194],[-77.269,39.098],[-77.279,39.004],[-77.368,39.067],[-77.47,39.067],[-77.571,39.131],[-77.482,38.953],[-77.482,38.877],[-77.559,38.788],[-77.532,38.738],[-77.47,38.725],[-77.368,38.826],[-77.305,38.737],[-77.393,38.661],[-77.329,38.61],[-77.237,38.618],[-77.092,38.72],[-77.046,38.776],[-77.03,38.889],[-77.028,38.758],[-76.873,38.763],[-76.771,38.928],[-76.687,38.978],[-76.682,39.08],[-76.605,39.094],[-76.584,39.035],[-76.593,38.966],[-76.497,38.953],[-76.559,39.065],[-76.473,39.031],[-76.44,39.057],[-76.495,39.082],[-76.507,39.109],[-76.491,39.161],[-76.574,39.254],[-76.57,39.269],[-76.456,39.235],[-76.417,39.313]]]}},
{"type":"Feature","properties":{"minzoom":4},"geometry":{"type":"Polygon","coordinates":[[[-147.684,64.878],[-147.874,64.878],[-147.838,64.819],[-147.773,64.789],[-147.671,64.801],[-147.608,64.852],[-147.658,64.853],[-147.684,64.878]]]}},
{"type":"Feature","properties":{"minzoom":4},"geometry":{"type":"Polygon","coordinates":[[[-149.856,61.1],[-149.779,61.233],[-149.854,61.287],[-149.927,61.213],[-150.053,61.171],[-149.968,61.122],[-149.869,61.088],[-149.856,61.1]]]}},
{"type":"Feature","properties":{"minzoom":4},"geometry":{"type":"Polygon","coordinates":[[[-52.739,47.631],[-52.802,47.555],[-52.845,47.547],[-52.853,47.504],[-52.757,47.513],[-52.656,47.558],[-52.674,47.626],[-52.739,47.631]]]}},
{"type":"Feature","properties":{"minzoom":5},"geometry":{"type":"Polygon","coordinates":[[[-157.713,21.289],[-157.782,21.309],[-157.93,21.412],[-157.981,21.398],[-157.958,21.327],[-157.902,21.341],[-157.849,21.291],[-157.799,21.269],[-157.713,21.278],[-157.713,21.289]]]}},
{"type":"Feature","properties":{"minzoom":3.7},"geometry":{"type":"Polygon","coordinates":[[[-97.85,22.348],[-97.912,22.351],[-97.9,22.211],[-97.776,22.226],[-97.801,22.352],[-97.85,22.348]]]}},
{"type":"Feature","properties":{"minzoom":4},"geometry":{"type":"Polygon","coordinates":[[[-101.087,22.173],[-100.995,22.107],[-100.859,22.084],[-100.949,22.235],[-101.087,22.173]]]}},
{"type":"Feature","properties":{"minzoom":5},"geometry":{"type":"Polygon","coordinates":[[[-102.281,21.97],[-102.347,21.926],[-102.332,21.843],[-102.23,21.843],[-102.218,21.919],[-102.242,21.952],[-102.281,21.97]]]}},
{"type":"Feature","properties":{"minzoom":4},"geometry":{"type":"Polygon","coordinates":[[[-101.646,21.221],[-101.739,21.192],[-101.748,21.106],[-101.687,21.078],[-101.608,21.068],[-101.614,21.158],[-101.646,21.221]]]}},
{"type":"Feature","properties":{"minzoom":3.7},"geometry":{"type":"Polygon","coordinates":[[[-89.657,21.056],[-89.678,21],[-89.67,20.941],[-89.597,20.937],[-89.556,20.992],[-89.586,21.044],[-89.657,21.056]]]}},
{"type":"Feature","properties":{"minzoom":3.7},"geometry":{"type":"Polygon","coordinates":[[[-103.277,20.598],[-103.234,20.636],[-103.351,20.768],[-103.488,20.675],[-103.462,20.598],[-103.323,20.56],[-103.277,20.598]]]}},
{"type":"Feature","properties":{"minzoom":5},"geometry":{"type":"Polygon","coordinates":[[[-100.351,20.687],[-100.43,20.709],[-100.503,20.687],[-100.478,20.598],[-100.414,20.535],[-100.338,20.573],[-100.351,20.687]]]}},
{"type":"Feature","properties":{"minzoom":5},"geometry":{"type":"Polygon","coordinates":[[[-98.827,20.167],[-98.827,20.103],[-98.739,20.077],[-98.674,20.128],[-98.738,20.184],[-98.827,20.167]]]}},
{"type":"Feature","properties":{"minzoom":5},"geometry":{"type":"Polygon","coordinates":[[[-99.741,19.278],[-99.629,19.242],[-99.513,19.278],[-99.623,19.363],[-99.741,19.278]]]}},
{"type":"Feature","properties":{"minzoom":3.7},"geometry":{"type":"Polygon","coordinates":[[[-98.243,19.201],[-98.268,19.138],[-98.322,19.109],[-98.357,19.062],[-98.262,18.985],[-98.217,18.973],[-98.151,19.002],[-98.103,19.049],[-98.158,19.14],[-98.243,19.201]]]}},
{"type":"Feature","properties":{"minzoom":5},"geometry":{"type":"Polygon","coordinates":[[[-99.259,18.998],[-99.271,18.919],[-99.233,18.833],[-99.173,18.856],[-99.144,18.909],[-99.183,18.972],[-99.259,18.998]]]}},
{"type":"Feature","properties":{"minzoom":3.7},"geometry":{"type":"Polygon","coordinates":[[[-69.788,18.503],[-69.808,18.547],[-69.86,18.566],[-70.049,18.554],[-70.042,18.416],[-70.023,18.371],[-69.789,18.44],[-69.788,18.503]]]}},
{"type":"Feature","properties":{"minzoom":3.7},"geometry":{"type":"Polygon","coordinates":[[[-66.245,18.45],[-66.264,18.427],[-66.121,18.334],[-65.921,18.376],[-65.973,18.456],[-66.093,18.469],[-66.068,18.428],[-66.098,18.425],[-66.153,18.471],[-66.219,18.477],[-66.245,18.45]]]}},
{"type":"Feature","properties":{"minzoom":3.7},"geometry":{"type":"Polygon","coordinates":[[[-76.74,17.994],[-76.78,18.071],[-76.811,18.073],[-76.867,18.049],[-76.899,17.992],[-76.879,17.932],[-76.853,17.974],[-76.765,17.969],[-76.74,17.994]]]}},
{"type":"Feature","properties":{"minzoom":3.7},"geometry":{"type":"Polygon","coordinates":[[[-99.802,16.863],[-99.816,16.911],[-99.855,16.928],[-99.922,16.902],[-99.941,16.87],[-99.807,16.79],[-99.802,16.863]]]}},
{"type":"Feature","properties":{"minzoom":3.7},"geometry":{"type":"Polygon","coordinates":[[[-90.623,14.667],[-90.61,14.515],[-90.488,14.565],[-90.445,14.693],[-90.546,14.705],[-90.623,14.667]]]}},
{"type":"Feature","properties":{"minzoom":3.7},"geometry":{"type":"Polygon","coordinates":[[[-89.302,13.664],[-89.173,13.669],[-89.099,13.728],[-89.223,13.758],[-89.302,13.664]]]}},
{"type":"Feature","properties":{"minzoom":3.7},"geometry":{"type":"Polygon","coordinates":[[[-86.267,12.173],[-86.317,12.14],[-86.243,12.088],[-86.178,12.153],[-86.267,12.173]]]}},
{"type":"Feature","properties":{"minzoom":5},"geometry":{"type":"Polygon","coordinates":[[[-70.158,11.645],[-70.125,11.746],[-70.168,11.771],[-70.237,11.77],[-70.193,11.625],[-70.158,11.645]]]}},
{"type":"Feature","properties":{"minzoom":4},"geometry":{"type":"Polygon","coordinates":[[[-74.836,11.035],[-74.851,10.935],[-74.773,10.87],[-74.742,10.909],[-74.735,10.972],[-74.78,11.024],[-74.836,11.035]]]}},
{"type":"Feature","properties":{"minzoom":3.7},"geometry":{"type":"Polygon","coordinates":[[[-71.693,10.785],[-71.738,10.718],[-71.725,10.54],[-71.692,10.516],[-71.674,10.476],[-71.718,10.451],[-71.718,10.391],[-71.665,10.444],[-71.594,10.657],[-71.598,10.726],[-71.671,10.812],[-71.693,10.785]]]}},
{"type":"Feature","properties":{"minzoom":3.7},"geometry":{"type":"Polygon","coordinates":[[[-66.975,10.553],[-67.018,10.492],[-67.013,10.413],[-66.799,10.431],[-66.747,10.502],[-66.975,10.553]]]}},
{"type":"Feature","properties":{"minzoom":3.7},"geometry":{"type":"Polygon","coordinates":[[[-75.524,10.336],[-75.522,10.308],[-75.497,10.299],[-75.446,10.403],[-75.449,10.426],[-75.514,10.459],[-75.542,10.367],[-75.524,10.336]]]}},
{"type":"Feature","properties":{"minzoom":5},"geometry":{"type":"Polygon","coordinates":[[[-67.559,10.299],[-67.636,10.299],[-67.654,10.279],[-67.661,10.248],[-67.597,10.146],[-67.483,10.14],[-67.42,10.184],[-67.559,10.299]]]}},
{"type":"Feature","properties":{"minzoom":3.7},"geometry":{"type":"Polygon","coordinates":[[[-67.94,10.222],[-67.982,10.264],[-68.042,10.286],[-68.093,10.095],[-67.915,10.121],[-67.851,10.248],[-67.94,10.222]]]}},
{"type":"Feature","properties":{"minzoom":5},"geometry":{"type":"Polygon","coordinates":[[[-64.738,10.144],[-64.74,10.095],[-64.676,10.07],[-64.588,10.172],[-64.574,10.248],[-64.732,10.163],[-64.738,10.144]]]}},
{"type":"Feature","properties":{"minzoom":5},"geometry":{"type":"Polygon","coordinates":[[[-69.312,10.019],[-69.27,9.999],[-69.223,10.007],[-69.236,10.108],[-69.302,10.138],[-69.388,10.146],[-69.441,10.097],[-69.464,10.019],[-69.392,10],[-69.312,10.019]]]}},
{"type":"Feature","properties":{"minzoom":3.7},"geometry":{"type":"Polygon","coordinates":[[[-84.107,10.019],[-84.222,10.019],[-84.219,9.99],[-84.121,9.889],[-83.993,9.88],[-83.993,9.981],[-84.058,9.992],[-84.107,10.019]]]}},
{"type":"Feature","properties":{"minzoom":5},"geometry":{"type":"Polygon","coordinates":[[[-63.102,9.765],[-63.203,9.816],[-63.267,9.689],[-63.159,9.702],[-63.102,9.765]]]}},
{"type":"Feature","properties":{"minzoom":5},"geometry":{"type":"Polygon","coordinates":[[[-63.648,9.549],[-63.611,9.576],[-63.597,9.626],[-63.538,9.636],[-63.521,9.689],[-63.582,9.712],[-63.648,9.702],[-63.645,9.648],[-63.622,9.613],[-63.648,9.549]]]}},
{"type":"Feature","properties":{"minzoom":5},"geometry":{"type":"Polygon","coordinates":[[[-63.691,9.28],[-63.8,9.27],[-63.779,9.215],[-63.724,9.194],[-63.716,9.163],[-63.625,9.171],[-63.597,9.219],[-63.691,9.28]]]}},
{"type":"Feature","properties":{"minzoom":3.7},"geometry":{"type":"Polygon","coordinates":[[[-79.39,9.037],[-79.397,9.071],[-79.51,9.092],[-79.568,8.977],[-79.561,8.931],[-79.551,8.925],[-79.442,9.006],[-79.376,9.011],[-79.39,9.037]]]}},
{"type":"Feature","properties":{"minzoom":5},"geometry":{"type":"Polygon","coordinates":[[[-64.105,8.864],[-64.111,8.968],[-64.181,9.003],[-64.207,8.927],[-64.346,8.927],[-64.257,8.849],[-64.105,8.864]]]}},
{"type":"Feature","properties":{"minzoom":3.7},"geometry":{"type":"Polygon","coordinates":[[[-62.67,8.292],[-62.624,8.283],[-62.581,8.305],[-62.64,8.407],[-62.746,8.33],[-62.81,8.33],[-62.858,8.283],[-62.886,8.216],[-62.761,8.222],[-62.67,8.292]]]}},
{"type":"Feature","properties":{"minzoom":5},"geometry":{"type":"Polygon","coordinates":[[[-63.597,8.19],[-63.612,8.114],[-63.597,8.038],[-63.572,8.025],[-63.518,8.048],[-63.483,8.089],[-63.521,8.159],[-63.597,8.19]]]}},
{"type":"Feature","properties":{"minzoom":3.7},"geometry":{"type":"Polygon","coordinates":[[[-75.605,6.324],[-75.637,6.273],[-75.637,6.146],[-75.521,6.24],[-75.573,6.362],[-75.605,6.324]]]}},
{"type":"Feature","properties":{"minzoom":3.7},"geometry":{"type":"Polygon","coordinates":[[[-74.201,4.711],[-74.24,4.571],[-74.113,4.495],[-74.073,4.525],[-74.062,4.584],[-74.011,4.673],[-74.011,4.774],[-74.114,4.765],[-74.201,4.711]]]}},
{"type":"Feature","properties":{"minzoom":3.7},"geometry":{"type":"Polygon","coordinates":[[[-76.475,3.568],[-76.5,3.58],[-76.568,3.487],[-76.576,3.364],[-76.505,3.364],[-76.449,3.403],[-76.475,3.568]]]}},
{"type":"Feature","properties":{"minzoom":3.7},"geometry":{"type":"Polygon","coordinates":[[[-60.638,2.806],[-60.694,2.887],[-60.778,2.818],[-60.713,2.78],[-60.638,2.806]]]}},
{"type":"Feature","properties":{"minzoom":3.7},"geometry":{"type":"Polygon","coordinates":[[[-78.392,-0.09],[-78.456,-0.014],[-78.502,-0.05],[-78.532,-0.103],[-78.57,-0.331],[-78.431,-0.331],[-78.443,-0.23],[-78.324,-0.14],[-78.253,-0.001],[-78.346,-0.022],[-78.392,-0.09]]]}},
{"type":"Feature","properties":{"minzoom":3.7},"geometry":{"type":"Polygon","coordinates":[[[-48.37,-1.392],[-48.344,-1.335],[-48.461,-1.301],[-48.478,-1.324],[-48.451,-1.436],[-48.429,-1.446],[-48.37,-1.392]]]}},
{"type":"Feature","properties":{"minzoom":5},"geometry":{"type":"Polygon","coordinates":[[[-78.773,-1.69],[-78.71,-1.703],[-78.697,-1.747],[-78.659,-1.766],[-78.624,-1.706],[-78.608,-1.627],[-78.699,-1.635],[-78.773,-1.69]]]}},
{"type":"Feature","properties":{"minzoom":3.7},"geometry":{"type":"Polygon","coordinates":[[[-79.807,-2.26],[-79.802,-2.071],[-79.904,-2.033],[-79.993,-2.058],[-79.993,-2.185],[-79.936,-2.272],[-79.886,-2.298],[-79.893,-2.146],[-79.842,-2.067],[-79.828,-2.295],[-79.807,-2.26]]]}},
{"type":"Feature","properties":{"minzoom":4},"geometry":{"type":"Polygon","coordinates":[[[-44.297,-2.589],[-44.179,-2.573],[-44.153,-2.527],[-44.173,-2.473],[-44.229,-2.471],[-44.308,-2.535],[-44.326,-2.586],[-44.297,-2.589]]]}},
{"type":"Feature","properties":{"minzoom":3.7},"geometry":{"type":"Polygon","coordinates":[[[-60.028,-2.973],[-60.07,-3.033],[-60.079,-3.125],[-60.023,-3.158],[-59.939,-3.163],[-59.911,-3.115],[-59.901,-3.049],[-59.951,-2.997],[-60.028,-2.973]]]}},
{"type":"Feature","properties":{"minzoom":3.7},"geometry":{"type":"Polygon","coordinates":[[[-38.672,-3.681],[-38.683,-3.755],[-38.654,-3.887],[-38.476,-3.875],[-38.424,-3.79],[-38.476,-3.717],[-38.667,-3.66],[-38.672,-3.681]]]}},
{"type":"Feature","properties":{"minzoom":4},"geometry":{"type":"Polygon","coordinates":[[[-42.763,-5.144],[-42.731,-5.094],[-42.774,-5.036],[-42.858,-5.018],[-42.86,-5.087],[-42.832,-5.157],[-42.763,-5.144]]]}},
{"type":"Feature","properties":{"minzoom":4},"geometry":{"type":"Polygon","coordinates":[[[-35.213,-5.702],[-35.289,-5.691],[-35.309,-5.766],[-35.289,-5.856],[-35.314,-5.945],[-35.149,-5.891],[-35.202,-5.693],[-35.213,-5.702]]]}},
{"type":"Feature","properties":{"minzoom":5},"geometry":{"type":"Polygon","coordinates":[[[-34.86,-7.056],[-34.933,-7.113],[-34.997,-7.088],[-35.022,-7.164],[-34.867,-7.212],[-34.833,-7.201],[-34.816,-7.189],[-34.834,-7.024],[-34.845,-7.019],[-34.86,-7.056]]]}},
{"type":"Feature","properties":{"minzoom":3.6},"geometry":{"type":"Polygon","coordinates":[[[-34.932,-7.908],[-34.946,-7.977],[-35.031,-7.969],[-35.085,-7.989],[-35.009,-8.066],[-35.039,-8.087],[-35.047,-8.129],[-34.984,-8.154],[-34.971,-8.243],[-34.926,-8.239],[-34.891,-8.092],[-34.835,-7.971],[-34.837,-7.871],[-34.92,-7.837],[-34.932,-7.908]]]}},
{"type":"Feature","properties":{"minzoom":3.7},"geometry":{"type":"Polygon","coordinates":[[[-78.956,-8.135],[-78.939,-8.078],[-79.002,-8.035],[-79.082,-8.05],[-79.119,-8.096],[-79.004,-8.229],[-78.956,-8.135]]]}},
{"type":"Feature","properties":{"minzoom":3.6},"geometry":{"type":"Polygon","coordinates":[[[-98.827,19.722],[-98.885,19.746],[-98.941,19.709],[-98.988,19.72],[-99.043,19.709],[-99.083,19.733],[-99.144,19.735],[-99.168,19.768],[-99.233,19.786],[-99.271,19.671],[-99.347,19.646],[-99.309,19.519],[-99.332,19.453],[-99.335,19.366],[-99.231,19.26],[-99.055,19.227],[-99.005,19.189],[-98.905,19.241],[-98.839,19.328],[-98.89,19.392],[-98.876,19.466],[-98.839,19.519],[-98.928,19.684],[-98.858,19.684],[-98.827,19.722]]]}},
{"type":"Feature","properties":{"minzoom":4},"geometry":{"type":"Polygon","coordinates":[[[-78.537,-9.137],[-78.495,-9.099],[-78.52,-9.059],[-78.559,-9.027],[-78.641,-9.023],[-78.574,-9.166],[-78.537,-9.137]]]}},
{"type":"Feature","properties":{"minzoom":4},"geometry":{"type":"Polygon","coordinates":[[[-40.574,-9.345],[-40.548,-9.459],[-40.447,-9.459],[-40.434,-9.358],[-40.498,-9.331],[-40.574,-9.345]]]}},
{"type":"Feature","properties":{"minzoom":4},"geometry":{"type":"Polygon","coordinates":[[[-35.686,-9.585],[-35.707,-9.569],[-35.71,-9.535],[-35.824,-9.51],[-35.811,-9.568],[-35.75,-9.689],[-35.66,-9.602],[-35.686,-9.585]]]}},
{"type":"Feature","properties":{"minzoom":5},"geometry":{"type":"Polygon","coordinates":[[[-37.024,-10.852],[-37.056,-10.818],[-37.125,-10.844],[-37.157,-10.907],[-37.085,-11.043],[-36.984,-10.89],[-37.024,-10.852]]]}},
{"type":"Feature","properties":{"minzoom":3.6},"geometry":{"type":"Polygon","coordinates":[[[-76.842,-12.279],[-76.822,-12.254],[-76.87,-12.113],[-76.835,-12.06],[-76.769,-12.037],[-76.741,-12.001],[-76.661,-11.954],[-76.642,-11.91],[-76.718,-11.899],[-76.794,-11.948],[-76.908,-11.936],[-76.985,-11.809],[-77.086,-11.796],[-77.174,-11.72],[-77.204,-11.729],[-77.158,-11.923],[-77.153,-12.06],[-77.063,-12.107],[-77.038,-12.173],[-76.879,-12.311],[-76.842,-12.279]]]}},
{"type":"Feature","properties":{"minzoom":3.7},"geometry":{"type":"Polygon","coordinates":[[[-38.999,-12.177],[-39.013,-12.252],[-38.986,-12.317],[-38.925,-12.314],[-38.885,-12.291],[-38.914,-12.191],[-38.999,-12.177]]]}},
{"type":"Feature","properties":{"minzoom":5},"geometry":{"type":"Polygon","coordinates":[[[-38.364,-12.638],[-38.339,-12.748],[-38.256,-12.677],[-38.288,-12.571],[-38.364,-12.638]]]}},
{"type":"Feature","properties":{"minzoom":3.7},"geometry":{"type":"Polygon","coordinates":[[[-38.32,-12.859],[-38.377,-12.875],[-38.389,-12.787],[-38.462,-12.803],[-38.515,-12.838],[-38.499,-12.957],[-38.402,-12.966],[-38.259,-12.859],[-38.32,-12.859]]]}},
{"type":"Feature","properties":{"minzoom":4},"geometry":{"type":"Polygon","coordinates":[[[-56.08,-15.53],[-56.141,-15.584],[-56.182,-15.657],[-56.065,-15.669],[-56.004,-15.542],[-56.08,-15.53]]]}},
{"type":"Feature","properties":{"minzoom":3.6},"geometry":{"type":"Polygon","coordinates":[[[-47.793,-15.817],[-47.775,-15.758],[-47.821,-15.748],[-47.838,-15.708],[-47.762,-15.631],[-47.788,-15.607],[-47.838,-15.606],[-47.978,-15.758],[-48.156,-15.784],[-48.143,-15.923],[-47.813,-15.873],[-47.793,-15.817]]]}},
{"type":"Feature","properties":{"minzoom":5},"geometry":{"type":"Polygon","coordinates":[[[-47.965,-16.012],[-48.025,-15.971],[-48.092,-15.987],[-48.069,-16.059],[-48.003,-16.089],[-47.985,-16.14],[-47.94,-16.165],[-47.941,-16.093],[-47.965,-16.012]]]}},
{"type":"Feature","properties":{"minzoom":4},"geometry":{"type":"Polygon","coordinates":[[[-71.486,-16.317],[-71.586,-16.338],[-71.587,-16.457],[-71.513,-16.469],[-71.447,-16.444],[-71.457,-16.372],[-71.486,-16.317]]]}},
{"type":"Feature","properties":{"minzoom":3.7},"geometry":{"type":"Polygon","coordinates":[[[-68.209,-16.584],[-68.097,-16.581],[-68.031,-16.533],[-68.053,-16.475],[-68.107,-16.419],[-68.198,-16.43],[-68.26,-16.47],[-68.245,-16.537],[-68.209,-16.584]]]}},
{"type":"Feature","properties":{"minzoom":3.7},"geometry":{"type":"Polygon","coordinates":[[[-49.273,-16.838],[-49.197,-16.774],[-49.172,-16.635],[-49.249,-16.595],[-49.337,-16.597],[-49.369,-16.725],[-49.337,-16.838],[-49.273,-16.838]]]}},
{"type":"Feature","properties":{"minzoom":5},"geometry":{"type":"Polygon","coordinates":[[[-66.202,-17.308],[-66.304,-17.397],[-66.272,-17.422],[-66.215,-17.422],[-66.152,-17.486],[-66.001,-17.414],[-65.986,-17.384],[-66.086,-17.337],[-66.202,-17.308]]]}},
{"type":"Feature","properties":{"minzoom":5},"geometry":{"type":"Polygon","coordinates":[[[-63.218,-17.714],[-63.269,-17.841],[-63.174,-17.869],[-63.091,-17.841],[-63.091,-17.752],[-63.145,-17.724],[-63.218,-17.714]]]}},
{"type":"Feature","properties":{"minzoom":3.7},"geometry":{"type":"Polygon","coordinates":[[[-70.241,-17.93],[-70.266,-17.93],[-70.304,-18.015],[-70.317,-18.095],[-70.233,-18.058],[-70.19,-17.981],[-70.206,-17.946],[-70.241,-17.93]]]}},
{"type":"Feature","properties":{"minzoom":4},"geometry":{"type":"Polygon","coordinates":[[[-48.287,-18.85],[-48.346,-18.946],[-48.252,-18.967],[-48.194,-18.908],[-48.287,-18.85]]]}},
{"type":"Feature","properties":{"minzoom":3.7},"geometry":{"type":"Polygon","coordinates":[[[-65.199,-19.06],[-65.199,-18.997],[-65.3,-18.99],[-65.301,-19.086],[-65.199,-19.06]]]}},
{"type":"Feature","properties":{"minzoom":5},"geometry":{"type":"Polygon","coordinates":[[[-42.682,-19.568],[-42.622,-19.558],[-42.491,-19.479],[-42.601,-19.427],[-42.682,-19.568]]]}},
{"type":"Feature","properties":{"minzoom":4},"geometry":{"type":"Polygon","coordinates":[[[-43.876,-19.759],[-43.965,-19.753],[-44.041,-19.784],[-44.079,-19.86],[-44.126,-19.877],[-44.155,-19.911],[-44.208,-19.922],[-44.231,-19.962],[-44.054,-20.038],[-43.91,-19.985],[-43.812,-19.886],[-43.854,-19.833],[-43.876,-19.759]]]}},
{"type":"Feature","properties":{"minzoom":4},"geometry":{"type":"Polygon","coordinates":[[[-40.188,-20.104],[-40.32,-20.102],[-40.32,-20.178],[-40.408,-20.249],[-40.447,-20.368],[-40.332,-20.45],[-40.301,-20.307],[-40.335,-20.304],[-40.343,-20.263],[-40.332,-20.242],[-40.282,-20.278],[-40.203,-20.206],[-40.176,-20.101],[-40.188,-20.104]]]}},
{"type":"Feature","properties":{"minzoom":3.7},"geometry":{"type":"Polygon","coordinates":[[[-54.62,-20.546],[-54.569,-20.546],[-54.531,-20.419],[-54.596,-20.398],[-54.683,-20.407],[-54.695,-20.481],[-54.671,-20.546],[-54.62,-20.546]]]}},
{"type":"Feature","properties":{"minzoom":5},"geometry":{"type":"Polygon","coordinates":[[[-47.368,-20.597],[-47.345,-20.557],[-47.343,-20.495],[-47.406,-20.457],[-47.482,-20.521],[-47.442,-20.576],[-47.368,-20.597]]]}},
{"type":"Feature","properties":{"minzoom":5},"geometry":{"type":"Polygon","coordinates":[[[-49.438,-20.826],[-49.389,-20.861],[-49.324,-20.851],[-49.373,-20.754],[-49.438,-20.826]]]}},
{"type":"Feature","properties":{"minzoom":4},"geometry":{"type":"Polygon","coordinates":[[[-47.8,-21.08],[-47.869,-21.163],[-47.8,-21.245],[-47.752,-21.217],[-47.724,-21.169],[-47.748,-21.11],[-47.8,-21.08]]]}},
{"type":"Feature","properties":{"minzoom":5},"geometry":{"type":"Polygon","coordinates":[[[-43.406,-21.689],[-43.414,-21.659],[-43.469,-21.651],[-43.393,-21.804],[-43.325,-21.795],[-43.304,-21.74],[-43.344,-21.704],[-43.406,-21.689]]]}},
{"type":"Feature","properties":{"minzoom":5},"geometry":{"type":"Polygon","coordinates":[[[-41.323,-21.677],[-41.37,-21.7],[-41.387,-21.753],[-41.327,-21.81],[-41.247,-21.791],[-41.268,-21.717],[-41.323,-21.677]]]}},
{"type":"Feature","properties":{"minzoom":5},"geometry":{"type":"Polygon","coordinates":[[[-48.232,-21.778],[-48.151,-21.832],[-48.105,-21.727],[-48.184,-21.725],[-48.232,-21.778]]]}},
{"type":"Feature","properties":{"minzoom":5},"geometry":{"type":"Polygon","coordinates":[[[-49.134,-22.324],[-49.059,-22.371],[-48.994,-22.312],[-49.07,-22.264],[-49.134,-22.324]]]}},
{"type":"Feature","properties":{"minzoom":5},"geometry":{"type":"Polygon","coordinates":[[[-46.908,-22.395],[-46.911,-22.299],[-46.975,-22.299],[-46.993,-22.396],[-46.962,-22.464],[-46.908,-22.395]]]}},
{"type":"Feature","properties":{"minzoom":5},"geometry":{"type":"Polygon","coordinates":[[[-44.219,-22.54],[-44.193,-22.578],[-44.091,-22.554],[-44.041,-22.477],[-44.15,-22.473],[-44.219,-22.54]]]}},
{"type":"Feature","properties":{"minzoom":3.6},"geometry":{"type":"Polygon","coordinates":[[[-43.23,-22.71],[-43.215,-22.667],[-43.18,-22.646],[-43.165,-22.604],[-43.18,-22.581],[-43.215,-22.578],[-43.406,-22.693],[-43.571,-22.68],[-43.58,-22.738],[-43.558,-22.794],[-43.506,-22.793],[-43.482,-22.82],[-43.571,-22.832],[-43.603,-22.788],[-43.66,-22.769],[-43.711,-22.858],[-43.801,-22.853],[-43.831,-22.923],[-43.703,-22.966],[-43.68,-23.003],[-43.63,-22.993],[-43.469,-22.908],[-43.431,-22.947],[-43.505,-22.985],[-43.517,-23.042],[-43.369,-22.998],[-43.224,-22.991],[-43.194,-22.939],[-43.237,-22.829],[-43.23,-22.71]]]}},
{"type":"Feature","properties":{"minzoom":5},"geometry":{"type":"Polygon","coordinates":[[[-42.985,-22.899],[-42.957,-22.871],[-42.949,-22.832],[-42.896,-22.789],[-42.86,-22.731],[-42.898,-22.693],[-42.929,-22.697],[-43.01,-22.769],[-43.067,-22.774],[-43.101,-22.85],[-43.081,-22.903],[-43.009,-22.946],[-42.985,-22.899]]]}},
{"type":"Feature","properties":{"minzoom":5},"geometry":{"type":"Polygon","coordinates":[[[-47.711,-22.693],[-47.666,-22.763],[-47.584,-22.769],[-47.624,-22.666],[-47.711,-22.693]]]}},
{"type":"Feature","properties":{"minzoom":4},"geometry":{"type":"Polygon","coordinates":[[[-46.959,-22.991],[-46.975,-22.883],[-47.102,-22.705],[-47.181,-22.71],[-47.254,-22.743],[-47.279,-22.68],[-47.372,-22.682],[-47.444,-22.705],[-47.444,-22.769],[-47.334,-22.804],[-47.254,-22.87],[-47.254,-22.908],[-47.127,-23.023],[-47.063,-22.985],[-47.027,-23.05],[-46.962,-23.086],[-46.959,-22.991]]]}},
{"type":"Feature","properties":{"minzoom":5},"geometry":{"type":"Polygon","coordinates":[[[-41.983,-22.83],[-42.112,-22.807],[-42.147,-22.822],[-42.161,-22.858],[-42.107,-22.879],[-42.087,-22.944],[-42.042,-22.947],[-41.983,-22.83]]]}},
{"type":"Feature","properties":{"minzoom":5},"geometry":{"type":"Polygon","coordinates":[[[-42.287,-22.903],[-42.225,-22.845],[-42.352,-22.832],[-42.415,-22.908],[-42.457,-22.888],[-42.504,-22.896],[-42.477,-22.941],[-42.305,-22.941],[-42.287,-22.903]]]}},
{"type":"Feature","properties":{"minzoom":5},"geometry":{"type":"Polygon","coordinates":[[[-46.517,-23.137],[-46.581,-23.01],[-46.644,-23.137],[-46.582,-23.162],[-46.517,-23.137]]]}},
{"type":"Feature","properties":{"minzoom":3.6},"geometry":{"type":"Polygon","coordinates":[[[-46.251,-23.493],[-46.314,-23.366],[-46.441,-23.366],[-46.682,-23.429],[-46.695,-23.277],[-46.759,-23.201],[-46.812,-23.171],[-46.847,-23.124],[-46.949,-23.112],[-46.97,-23.142],[-46.975,-23.188],[-46.906,-23.24],[-46.797,-23.251],[-46.784,-23.366],[-46.86,-23.442],[-46.924,-23.429],[-46.987,-23.531],[-46.962,-23.607],[-46.886,-23.658],[-46.873,-23.721],[-46.746,-23.772],[-46.746,-23.811],[-46.721,-23.823],[-46.619,-23.772],[-46.527,-23.763],[-46.454,-23.734],[-46.413,-23.745],[-46.378,-23.734],[-46.378,-23.607],[-46.225,-23.575],[-46.136,-23.48],[-46.251,-23.493]]]}},
{"type":"Feature","properties":{"minzoom":5},"geometry":{"type":"Polygon","coordinates":[[[-45.87,-23.15],[-45.92,-23.124],[-46.035,-23.315],[-45.985,-23.338],[-45.92,-23.328],[-45.768,-23.15],[-45.815,-23.139],[-45.87,-23.15]]]}},
{"type":"Feature","properties":{"minzoom":5},"geometry":{"type":"Polygon","coordinates":[[[-51.292,-23.264],[-51.229,-23.34],[-51.187,-23.368],[-51.127,-23.378],[-51.089,-23.289],[-51.174,-23.235],[-51.292,-23.264]]]}},
{"type":"Feature","properties":{"minzoom":5},"geometry":{"type":"Polygon","coordinates":[[[-52.016,-23.442],[-51.952,-23.46],[-51.864,-23.455],[-51.931,-23.369],[-52.016,-23.442]]]}},
{"type":"Feature","properties":{"minzoom":4},"geometry":{"type":"Polygon","coordinates":[[[-47.533,-23.531],[-47.444,-23.569],[-47.393,-23.513],[-47.381,-23.417],[-47.492,-23.424],[-47.533,-23.531]]]}},
{"type":"Feature","properties":{"minzoom":3.7},"geometry":{"type":"Polygon","coordinates":[[[-70.352,-23.699],[-70.316,-23.656],[-70.309,-23.6],[-70.334,-23.553],[-70.417,-23.532],[-70.392,-23.566],[-70.433,-23.693],[-70.352,-23.699]]]}},
{"type":"Feature","properties":{"minzoom":6},"geometry":{"type":"Polygon","coordinates":[[[-46.428,-23.874],[-46.454,-23.874],[-46.47,-23.944],[-46.551,-24.039],[-46.559,-24.076],[-46.276,-23.941],[-46.428,-23.874]]]}},
{"type":"Feature","properties":{"minzoom":5},"geometry":{"type":"Polygon","coordinates":[[[-46.701,-24.11],[-46.849,-24.183],[-46.866,-24.236],[-46.629,-24.109],[-46.701,-24.11]]]}},
{"type":"Feature","properties":{"minzoom":6},"geometry":{"type":"Polygon","coordinates":[[[-65.174,-24.255],[-65.253,-24.17],[-65.364,-24.178],[-65.281,-24.244],[-65.174,-24.255]]]}},
{"type":"Feature","properties":{"minzoom":4},"geometry":{"type":"Polygon","coordinates":[[[-65.377,-24.712],[-65.478,-24.763],[-65.466,-24.852],[-65.398,-24.843],[-65.351,-24.813],[-65.377,-24.712]]]}},
{"type":"Feature","properties":{"minzoom":4},"geometry":{"type":"Polygon","coordinates":[[[-50.238,-25.042],[-50.216,-25.109],[-50.162,-25.144],[-50.086,-25.106],[-50.135,-25.047],[-50.238,-25.042]]]}},
{"type":"Feature","properties":{"minzoom":3.7},"geometry":{"type":"Polygon","coordinates":[[[-57.49,-25.194],[-57.467,-25.174],[-57.477,-25.144],[-57.516,-25.144],[-57.562,-25.218],[-57.642,-25.258],[-57.712,-25.248],[-57.757,-25.283],[-57.681,-25.322],[-57.624,-25.392],[-57.541,-25.436],[-57.414,-25.334],[-57.49,-25.194]]]}},
{"type":"Feature","properties":{"minzoom":3.6},"geometry":{"type":"Polygon","coordinates":[[[-49.137,-25.408],[-49.184,-25.296],[-49.299,-25.296],[-49.413,-25.385],[-49.4,-25.499],[-49.426,-25.552],[-49.413,-25.614],[-49.299,-25.575],[-49.134,-25.563],[-49.137,-25.408]]]}},
{"type":"Feature","properties":{"minzoom":4},"geometry":{"type":"Polygon","coordinates":[[[-54.633,-25.461],[-54.722,-25.461],[-54.734,-25.487],[-54.661,-25.566],[-54.556,-25.614],[-54.493,-25.474],[-54.559,-25.439],[-54.633,-25.461]]]}},
{"type":"Feature","properties":{"minzoom":4},"geometry":{"type":"Polygon","coordinates":[[[-58.252,-26.198],[-58.227,-26.223],[-58.149,-26.193],[-58.125,-26.109],[-58.215,-26.112],[-58.252,-26.198]]]}},
{"type":"Feature","properties":{"minzoom":5},"geometry":{"type":"Polygon","coordinates":[[[-48.905,-26.261],[-48.878,-26.336],[-48.816,-26.376],[-48.776,-26.345],[-48.752,-26.299],[-48.813,-26.238],[-48.905,-26.261]]]}},
{"type":"Feature","properties":{"minzoom":4},"geometry":{"type":"Polygon","coordinates":[[[-65.288,-26.706],[-65.316,-26.76],[-65.326,-26.833],[-65.201,-26.89],[-65.085,-26.82],[-65.167,-26.744],[-65.288,-26.706]]]}},
{"type":"Feature","properties":{"minzoom":5},"geometry":{"type":"Polygon","coordinates":[[[-49.159,-26.922],[-49.102,-26.94],[-49.045,-26.934],[-49.032,-26.909],[-49.103,-26.836],[-49.159,-26.922]]]}},
{"type":"Feature","properties":{"minzoom":5},"geometry":{"type":"Polygon","coordinates":[[[-48.667,-26.844],[-48.738,-26.858],[-48.752,-26.896],[-48.696,-26.942],[-48.676,-27.023],[-48.597,-27.025],[-48.628,-26.844],[-48.667,-26.844]]]}},
{"type":"Feature","properties":{"minzoom":4},"geometry":{"type":"Polygon","coordinates":[[[-70.381,-27.328],[-70.325,-27.421],[-70.203,-27.417],[-70.262,-27.314],[-70.381,-27.328]]]}},
{"type":"Feature","properties":{"minzoom":3.7},"geometry":{"type":"Polygon","coordinates":[[[-55.903,-27.341],[-55.947,-27.354],[-55.966,-27.392],[-55.931,-27.439],[-55.865,-27.455],[-55.826,-27.315],[-55.876,-27.303],[-55.903,-27.341]]]}},
{"type":"Feature","properties":{"minzoom":5},"geometry":{"type":"Polygon","coordinates":[[[-58.938,-27.379],[-59.065,-27.392],[-59.027,-27.498],[-58.9,-27.493],[-58.938,-27.379]]]}},
{"type":"Feature","properties":{"minzoom":5},"geometry":{"type":"Polygon","coordinates":[[[-48.664,-27.493],[-48.692,-27.576],[-48.689,-27.658],[-48.629,-27.656],[-48.643,-27.558],[-48.624,-27.508],[-48.664,-27.493]]]}},
{"type":"Feature","properties":{"minzoom":5},"geometry":{"type":"Polygon","coordinates":[[[-64.323,-27.823],[-64.251,-27.858],[-64.17,-27.836],[-64.157,-27.753],[-64.183,-27.684],[-64.293,-27.713],[-64.323,-27.823]]]}},
{"type":"Feature","properties":{"minzoom":5},"geometry":{"type":"Polygon","coordinates":[[[-65.821,-28.509],[-65.728,-28.509],[-65.669,-28.446],[-65.761,-28.406],[-65.821,-28.509]]]}},
{"type":"Feature","properties":{"minzoom":4},"geometry":{"type":"Polygon","coordinates":[[[-51.254,-29.195],[-51.14,-29.208],[-51.102,-29.119],[-51.204,-29.115],[-51.254,-29.195]]]}},
{"type":"Feature","properties":{"minzoom":3.6},"geometry":{"type":"Polygon","coordinates":[[[-51.062,-30.151],[-50.998,-30.071],[-50.962,-29.97],[-50.926,-29.961],[-50.912,-29.932],[-51.002,-29.889],[-51.077,-29.83],[-51.047,-29.784],[-51.064,-29.716],[-50.99,-29.675],[-50.95,-29.601],[-51.089,-29.639],[-51.166,-29.614],[-51.198,-29.645],[-51.229,-29.678],[-51.191,-29.779],[-51.242,-29.893],[-51.234,-29.998],[-51.342,-29.985],[-51.366,-30.012],[-51.371,-30.211],[-51.287,-30.202],[-51.298,-30.035],[-51.25,-30.06],[-51.19,-30.194],[-51.062,-30.151]]]}},
{"type":"Feature","properties":{"minzoom":5},"geometry":{"type":"Polygon","coordinates":[[[-49.985,-29.714],[-50.035,-29.716],[-50.067,-29.767],[-50.073,-29.843],[-50.124,-29.893],[-50.128,-29.935],[-50.181,-30.031],[-50.155,-30.086],[-49.985,-29.714]]]}},
{"type":"Feature","properties":{"minzoom":4},"geometry":{"type":"Polygon","coordinates":[[[-71.177,-29.956],[-71.13,-29.868],[-71.268,-29.831],[-71.336,-29.829],[-71.364,-29.998],[-71.265,-30.005],[-71.177,-29.956]]]}},
{"type":"Feature","properties":{"minzoom":3.7},"geometry":{"type":"Polygon","coordinates":[[[-64.221,-31.303],[-64.323,-31.214],[-64.361,-31.354],[-64.297,-31.405],[-64.259,-31.494],[-64.153,-31.506],[-64.056,-31.481],[-64.031,-31.379],[-64.109,-31.31],[-64.221,-31.303]]]}},
{"type":"Feature","properties":{"minzoom":5},"geometry":{"type":"Polygon","coordinates":[[[-58.036,-31.303],[-58.093,-31.342],[-58.112,-31.417],[-57.922,-31.417],[-57.957,-31.338],[-58.036,-31.303]]]}},
{"type":"Feature","properties":{"minzoom":4},"geometry":{"type":"Polygon","coordinates":[[[-68.463,-31.443],[-68.57,-31.451],[-68.653,-31.481],[-68.632,-31.561],[-68.59,-31.621],[-68.59,-31.672],[-68.425,-31.583],[-68.428,-31.497],[-68.463,-31.443]]]}},
{"type":"Feature","properties":{"minzoom":4},"geometry":{"type":"Polygon","coordinates":[[[-60.691,-31.684],[-60.626,-31.654],[-60.576,-31.608],[-60.691,-31.532],[-60.767,-31.532],[-60.789,-31.567],[-60.792,-31.621],[-60.827,-31.643],[-60.83,-31.697],[-60.76,-31.705],[-60.691,-31.684]]]}},
{"type":"Feature","properties":{"minzoom":4},"geometry":{"type":"Polygon","coordinates":[[[-52.423,-31.748],[-52.336,-31.794],[-52.22,-31.773],[-52.317,-31.68],[-52.423,-31.748]]]}},
{"type":"Feature","properties":{"minzoom":5},"geometry":{"type":"Polygon","coordinates":[[[-60.576,-31.786],[-60.504,-31.805],[-60.437,-31.786],[-60.507,-31.693],[-60.576,-31.786]]]}},
{"type":"Feature","properties":{"minzoom":4},"geometry":{"type":"Polygon","coordinates":[[[-60.602,-32.967],[-60.682,-32.831],[-60.716,-32.649],[-60.779,-32.649],[-60.802,-32.753],[-60.767,-32.84],[-60.81,-32.902],[-60.805,-32.992],[-60.706,-33.042],[-60.589,-33.043],[-60.602,-32.967]]]}},
{"type":"Feature","properties":{"minzoom":3.7},"geometry":{"type":"Polygon","coordinates":[[[-69.034,-33.056],[-68.951,-33.093],[-68.844,-33.068],[-68.825,-33.031],[-68.735,-32.974],[-68.704,-32.916],[-68.732,-32.836],[-68.78,-32.776],[-68.876,-32.801],[-68.933,-32.865],[-68.907,-32.98],[-68.982,-33.006],[-69.034,-33.056]]]}},
{"type":"Feature","properties":{"minzoom":3.7},"geometry":{"type":"Polygon","coordinates":[[[-71.634,-33.064],[-71.613,-33.081],[-71.473,-33.056],[-71.385,-33.069],[-71.333,-33.018],[-71.39,-33.01],[-71.447,-33.03],[-71.486,-32.967],[-71.465,-32.887],[-71.54,-32.855],[-71.592,-32.97],[-71.653,-33.034],[-71.634,-33.064]]]}},
{"type":"Feature","properties":{"minzoom":6},"geometry":{"type":"Polygon","coordinates":[[[-58.582,-32.967],[-58.582,-33.043],[-58.479,-33.045],[-58.43,-32.992],[-58.492,-32.965],[-58.582,-32.967]]]}},
{"type":"Feature","properties":{"minzoom":5},"geometry":{"type":"Polygon","coordinates":[[[-66.367,-33.246],[-66.393,-33.335],[-66.333,-33.344],[-66.232,-33.292],[-66.215,-33.234],[-66.367,-33.246]]]}},
{"type":"Feature","properties":{"minzoom":3.6},"geometry":{"type":"Polygon","coordinates":[[[-70.635,-33.31],[-70.724,-33.246],[-70.756,-33.277],[-70.762,-33.335],[-70.825,-33.386],[-70.879,-33.555],[-70.978,-33.678],[-70.862,-33.664],[-70.762,-33.602],[-70.711,-33.665],[-70.495,-33.627],[-70.431,-33.322],[-70.635,-33.31]]]}},
{"type":"Feature","properties":{"minzoom":5},"geometry":{"type":"Polygon","coordinates":[[[-71.555,-33.571],[-71.536,-33.488],[-71.602,-33.442],[-71.624,-33.336],[-71.696,-33.335],[-71.696,-33.429],[-71.636,-33.519],[-71.662,-33.643],[-71.574,-33.653],[-71.555,-33.571]]]}},
{"type":"Feature","properties":{"minzoom":5},"geometry":{"type":"Polygon","coordinates":[[[-70.736,-34.059],[-70.8,-34.186],[-70.703,-34.21],[-70.622,-34.161],[-70.668,-34.099],[-70.736,-34.059]]]}},
{"type":"Feature","properties":{"minzoom":5},"geometry":{"type":"Polygon","coordinates":[[[-58.976,-34.123],[-58.998,-34.081],[-59.04,-34.059],[-59.078,-34.072],[-59.041,-34.175],[-58.925,-34.199],[-58.942,-34.152],[-58.976,-34.123]]]}},
{"type":"Feature","properties":{"minzoom":3.6},"geometry":{"type":"Polygon","coordinates":[[[-58.424,-34.559],[-58.455,-34.542],[-58.547,-34.411],[-58.722,-34.364],[-58.759,-34.318],[-58.811,-34.288],[-58.836,-34.288],[-58.925,-34.389],[-58.963,-34.376],[-59.001,-34.389],[-58.887,-34.554],[-58.964,-34.566],[-59.014,-34.605],[-58.915,-34.646],[-58.836,-34.707],[-58.836,-34.796],[-58.742,-34.783],[-58.684,-34.821],[-58.747,-34.872],[-58.722,-34.961],[-58.665,-34.941],[-58.595,-34.948],[-58.481,-34.897],[-58.421,-34.92],[-58.379,-34.961],[-58.43,-35.024],[-58.395,-35.03],[-58.366,-35.012],[-58.354,-34.935],[-58.29,-34.91],[-58.163,-34.923],[-58.074,-35.037],[-57.863,-34.973],[-57.85,-34.859],[-57.98,-34.807],[-58.001,-34.856],[-58.071,-34.839],[-58.138,-34.859],[-58.143,-34.74],[-58.283,-34.684],[-58.396,-34.557],[-58.424,-34.559]]]}},
{"type":"Feature","properties":{"minzoom":6},"geometry":{"type":"Polygon","coordinates":[[[-68.399,-34.567],[-68.374,-34.656],[-68.298,-34.656],[-68.272,-34.58],[-68.331,-34.554],[-68.399,-34.567]]]}},
{"type":"Feature","properties":{"minzoom":3.7},"geometry":{"type":"Polygon","coordinates":[[[-55.749,-34.714],[-55.814,-34.745],[-55.903,-34.745],[-55.903,-34.669],[-56.013,-34.679],[-56.106,-34.707],[-56.246,-34.618],[-56.292,-34.711],[-56.398,-34.745],[-56.35,-34.787],[-56.357,-34.87],[-56.25,-34.901],[-56.118,-34.908],[-55.863,-34.811],[-55.645,-34.779],[-55.68,-34.715],[-55.749,-34.714]]]}},
{"type":"Feature","properties":{"minzoom":5},"geometry":{"type":"Polygon","coordinates":[[[-54.834,-34.886],[-54.963,-34.847],[-55.013,-34.864],[-55.028,-34.908],[-54.902,-34.933],[-54.822,-34.903],[-54.834,-34.886]]]}},
{"type":"Feature","properties":{"minzoom":6},"geometry":{"type":"Polygon","coordinates":[[[-71.562,-35.405],[-71.655,-35.37],[-71.701,-35.456],[-71.613,-35.463],[-71.562,-35.405]]]}},
{"type":"Feature","properties":{"minzoom":5},"geometry":{"type":"Polygon","coordinates":[[[-56.732,-36.483],[-56.715,-36.612],[-56.726,-36.7],[-56.669,-36.761],[-56.694,-36.468],[-56.732,-36.483]]]}},
{"type":"Feature","properties":{"minzoom":4},"geometry":{"type":"Polygon","coordinates":[[[-64.335,-36.65],[-64.254,-36.664],[-64.196,-36.624],[-64.283,-36.567],[-64.335,-36.65]]]}},
{"type":"Feature","properties":{"minzoom":3.7},"geometry":{"type":"Polygon","coordinates":[[[-73.033,-36.843],[-72.971,-36.815],[-73.072,-36.698],[-73.118,-36.688],[-73.151,-36.873],[-73.033,-36.843]]]}},
{"type":"Feature","properties":{"minzoom":5},"geometry":{"type":"Polygon","coordinates":[[[-69.073,-37.336],[-69.161,-37.234],[-69.308,-37.226],[-69.377,-37.298],[-69.314,-37.361],[-69.377,-37.412],[-69.341,-37.439],[-69.288,-37.45],[-69.263,-37.374],[-69.166,-37.371],[-69.073,-37.336]]]}},
{"type":"Feature","properties":{"minzoom":5},"geometry":{"type":"Polygon","coordinates":[[[-69.619,-37.234],[-69.71,-37.26],[-69.708,-37.348],[-69.593,-37.323],[-69.619,-37.234]]]}},
{"type":"Feature","properties":{"minzoom":6},"geometry":{"type":"Polygon","coordinates":[[[-59.192,-37.259],[-59.203,-37.316],[-59.179,-37.361],[-59.072,-37.348],[-59.027,-37.272],[-59.192,-37.259]]]}},
{"type":"Feature","properties":{"minzoom":3.7},"geometry":{"type":"Polygon","coordinates":[[[-57.527,-37.891],[-57.667,-37.921],[-57.719,-38.009],[-57.576,-38.11],[-57.547,-38.086],[-57.498,-37.896],[-57.527,-37.891]]]}},
{"type":"Feature","properties":{"minzoom":6},"geometry":{"type":"Polygon","coordinates":[[[-58.675,-38.496],[-58.742,-38.491],[-58.792,-38.516],[-58.798,-38.613],[-58.634,-38.566],[-58.675,-38.496]]]}},
{"type":"Feature","properties":{"minzoom":3.7},"geometry":{"type":"Polygon","coordinates":[[[-62.182,-38.757],[-62.195,-38.695],[-62.256,-38.652],[-62.291,-38.644],[-62.429,-38.665],[-62.418,-38.72],[-62.344,-38.735],[-62.313,-38.802],[-62.191,-38.813],[-62.182,-38.757]]]}},
{"type":"Feature","properties":{"minzoom":6},"geometry":{"type":"Polygon","coordinates":[[[-72.532,-38.748],[-72.527,-38.669],[-72.654,-38.707],[-72.66,-38.759],[-72.629,-38.796],[-72.532,-38.748]]]}},
{"type":"Feature","properties":{"minzoom":4},"geometry":{"type":"Polygon","coordinates":[[[-68.107,-38.885],[-68.164,-38.934],[-68.247,-38.936],[-68.224,-38.982],[-68.171,-38.961],[-68.057,-39.012],[-67.98,-38.98],[-67.93,-38.923],[-67.998,-38.884],[-68.107,-38.885]]]}},
{"type":"Feature","properties":{"minzoom":3.7},"geometry":{"type":"Polygon","coordinates":[[[-67.408,-45.769],[-67.443,-45.753],[-67.529,-45.776],[-67.596,-45.843],[-67.625,-45.934],[-67.558,-45.973],[-67.393,-45.776],[-67.408,-45.769]]]}},
{"type":"Feature","properties":{"minzoom":6},"geometry":{"type":"Polygon","coordinates":[[[-69.047,-46.162],[-69.123,-46.073],[-69.088,-46.038],[-69.085,-45.972],[-69.159,-45.961],[-69.2,-46.01],[-69.161,-46.086],[-69.205,-46.106],[-69.225,-46.149],[-69.098,-46.188],[-69.111,-46.264],[-69.013,-46.268],[-68.958,-46.213],[-69.047,-46.162]]]}},
{"type":"Feature","properties":{"minzoom":5},"geometry":{"type":"Polygon","coordinates":[[[-45.514,-22.959],[-45.577,-22.947],[-45.743,-23.112],[-45.688,-23.112],[-45.641,-23.074],[-45.539,-23.074],[-45.509,-23.027],[-45.501,-22.959],[-45.442,-22.948],[-45.425,-22.896],[-45.48,-22.917],[-45.514,-22.959]]]}},
{"type":"Feature","properties":{"minzoom":5},"geometry":{"type":"Polygon","coordinates":[[[-69.53,-37.069],[-69.581,-36.967],[-69.572,-36.942],[-69.606,-36.929],[-69.695,-37.132],[-69.669,-37.171],[-69.53,-37.082],[-69.53,-37.158],[-69.474,-37.15],[-69.454,-37.107],[-69.53,-37.069]]]}},
{"type":"Feature","properties":{"minzoom":3.7},"geometry":{"type":"Polygon","coordinates":[[[146.708,-19.33],[146.767,-19.34],[146.823,-19.33],[146.856,-19.239],[146.729,-19.2],[146.702,-19.257],[146.708,-19.33]]]}},
{"type":"Feature","properties":{"minzoom":4},"geometry":{"type":"Polygon","coordinates":[[[139.419,-20.752],[139.496,-20.762],[139.546,-20.714],[139.47,-20.666],[139.419,-20.752]]]}},
{"type":"Feature","properties":{"minzoom":5},"geometry":{"type":"Polygon","coordinates":[[[153.071,-26.594],[153.046,-26.645],[153.084,-26.734],[153.084,-26.823],[153.145,-26.834],[153.119,-26.61],[153.071,-26.594]]]}},
{"type":"Feature","properties":{"minzoom":3.7},"geometry":{"type":"Polygon","coordinates":[[[153.125,-27.333],[153.033,-27.28],[153.014,-27.248],[152.957,-27.229],[152.906,-27.394],[152.919,-27.47],[152.83,-27.572],[152.756,-27.564],[152.703,-27.585],[152.721,-27.623],[152.754,-27.648],[152.855,-27.623],[152.97,-27.648],[153.046,-27.699],[153.236,-27.737],[153.147,-27.534],[153.269,-27.542],[153.176,-27.349],[153.125,-27.333]]]}},
{"type":"Feature","properties":{"minzoom":5},"geometry":{"type":"Polygon","coordinates":[[[151.827,-27.534],[151.881,-27.602],[151.979,-27.597],[151.992,-27.572],[151.924,-27.498],[151.827,-27.534]]]}},
{"type":"Feature","properties":{"minzoom":4},"geometry":{"type":"Polygon","coordinates":[[[153.355,-27.849],[153.316,-27.845],[153.287,-27.864],[153.325,-28.067],[153.479,-28.179],[153.549,-28.198],[153.455,-28.048],[153.42,-27.873],[153.355,-27.849]]]}},
{"type":"Feature","properties":{"minzoom":4},"geometry":{"type":"Polygon","coordinates":[[[121.397,-30.76],[121.45,-30.796],[121.537,-30.798],[121.492,-30.714],[121.397,-30.76]]]}},
{"type":"Feature","properties":{"minzoom":3.7},"geometry":{"type":"Polygon","coordinates":[[[115.829,-32.271],[115.835,-32.157],[115.962,-32.106],[116.025,-32.157],[116.025,-32.017],[116.059,-31.948],[116.063,-31.852],[115.964,-31.821],[115.807,-31.715],[115.696,-31.691],[115.738,-31.888],[115.727,-32.319],[115.746,-32.335],[115.829,-32.271]]]}},
{"type":"Feature","properties":{"minzoom":5},"geometry":{"type":"Polygon","coordinates":[[[151.032,-32.378],[151.039,-32.347],[150.874,-32.335],[150.887,-32.385],[150.988,-32.449],[151.001,-32.512],[151.039,-32.55],[151.058,-32.471],[151.014,-32.398],[151.032,-32.378]]]}},
{"type":"Feature","properties":{"minzoom":5},"geometry":{"type":"Polygon","coordinates":[[[151.496,-32.804],[151.572,-32.772],[151.623,-32.716],[151.518,-32.704],[151.496,-32.804]]]}},
{"type":"Feature","properties":{"minzoom":5},"geometry":{"type":"Polygon","coordinates":[[[151.833,-32.875],[151.749,-32.816],[151.687,-32.804],[151.598,-32.957],[151.641,-33.036],[151.685,-33.076],[151.813,-32.901],[151.842,-32.885],[151.833,-32.875]]]}},
{"type":"Feature","properties":{"minzoom":3.6},"geometry":{"type":"Polygon","coordinates":[[[151.251,-33.712],[151.216,-33.75],[151.153,-33.77],[151.12,-33.74],[151.115,-33.681],[151.052,-33.706],[150.968,-33.665],[150.836,-33.681],[150.76,-33.719],[150.7,-33.694],[150.633,-33.706],[150.658,-33.795],[150.811,-33.82],[150.817,-33.925],[150.772,-33.998],[150.72,-34.006],[150.683,-34.049],[150.798,-34.113],[150.884,-34.027],[151.001,-33.973],[151.052,-34.049],[151.195,-34.064],[151.232,-34.03],[151.125,-34.005],[151.202,-33.964],[151.245,-33.985],[151.28,-33.927],[151.323,-33.699],[151.314,-33.665],[151.251,-33.712]]]}},
{"type":"Feature","properties":{"minzoom":5},"geometry":{"type":"Polygon","coordinates":[[[150.924,-34.313],[150.902,-34.316],[150.861,-34.361],[150.772,-34.494],[150.871,-34.502],[150.952,-34.32],[150.924,-34.313]]]}},
{"type":"Feature","properties":{"minzoom":3.7},"geometry":{"type":"Polygon","coordinates":[[[138.515,-35.178],[138.593,-35.103],[138.758,-34.824],[138.734,-34.734],[138.682,-34.671],[138.491,-34.77],[138.511,-35.024],[138.448,-35.195],[138.485,-35.199],[138.515,-35.178]]]}},
{"type":"Feature","properties":{"minzoom":3.7},"geometry":{"type":"Polygon","coordinates":[[[149.185,-35.256],[149.157,-35.201],[149.109,-35.167],[148.994,-35.192],[149.007,-35.421],[149.058,-35.471],[149.137,-35.442],[149.172,-35.37],[149.248,-35.357],[149.233,-35.29],[149.185,-35.256]]]}},
{"type":"Feature","properties":{"minzoom":5},"geometry":{"type":"Polygon","coordinates":[[[146.823,-36.119],[146.937,-36.157],[147.001,-36.03],[146.882,-36.017],[146.823,-36.119]]]}},
{"type":"Feature","properties":{"minzoom":3.7},"geometry":{"type":"Polygon","coordinates":[[[174.747,-36.714],[174.695,-36.705],[174.664,-36.738],[174.699,-36.808],[174.692,-36.851],[174.661,-36.863],[174.623,-36.823],[174.585,-36.818],[174.585,-36.885],[174.683,-36.967],[174.782,-36.944],[174.904,-37.061],[174.953,-37.072],[174.926,-36.862],[174.891,-36.909],[174.802,-36.853],[174.722,-36.841],[174.719,-36.796],[174.749,-36.774],[174.76,-36.725],[174.747,-36.714]]]}},
{"type":"Feature","properties":{"minzoom":5},"geometry":{"type":"Polygon","coordinates":[[[143.775,-37.554],[143.855,-37.601],[143.914,-37.542],[143.838,-37.502],[143.775,-37.554]]]}},
{"type":"Feature","properties":{"minzoom":3.6},"geometry":{"type":"Polygon","coordinates":[[[145.113,-38.152],[145.146,-38.177],[145.192,-38.14],[145.172,-38.075],[145.266,-38.053],[145.35,-38.011],[145.299,-37.948],[145.324,-37.834],[145.388,-37.745],[145.304,-37.72],[145.21,-37.745],[145.134,-37.643],[144.905,-37.592],[144.833,-37.626],[144.74,-37.643],[144.71,-37.725],[144.715,-37.821],[144.643,-37.845],[144.613,-37.91],[144.77,-37.895],[144.905,-37.859],[144.965,-37.897],[144.966,-37.942],[145.12,-38.091],[145.094,-38.148],[145.113,-38.152]]]}},
{"type":"Feature","properties":{"minzoom":5},"geometry":{"type":"Polygon","coordinates":[[[144.428,-38.094],[144.402,-38.037],[144.339,-38.039],[144.285,-38.113],[144.283,-38.164],[144.336,-38.2],[144.384,-38.196],[144.409,-38.174],[144.419,-38.142],[144.396,-38.137],[144.422,-38.124],[144.428,-38.094]]]}},
{"type":"Feature","properties":{"minzoom":5},"geometry":{"type":"Polygon","coordinates":[[[146.556,-38.227],[146.531,-38.164],[146.213,-38.151],[146.248,-38.199],[146.327,-38.202],[146.378,-38.278],[146.467,-38.253],[146.594,-38.265],[146.586,-38.235],[146.556,-38.227]]]}},
{"type":"Feature","properties":{"minzoom":5},"geometry":{"type":"Polygon","coordinates":[[[147.064,-41.428],[147.102,-41.491],[147.163,-41.489],[147.204,-41.466],[147.146,-41.363],[147.064,-41.428]]]}},
{"type":"Feature","properties":{"minzoom":4},"geometry":{"type":"Polygon","coordinates":[[[147.437,-42.846],[147.305,-42.773],[147.23,-42.787],[147.254,-42.872],[147.318,-42.914],[147.336,-42.905],[147.298,-42.791],[147.396,-42.882],[147.458,-42.876],[147.437,-42.846]]]}},
{"type":"Feature","properties":{"minzoom":3.7},"geometry":{"type":"Polygon","coordinates":[[[172.543,-43.464],[172.466,-43.489],[172.426,-43.536],[172.55,-43.577],[172.705,-43.587],[172.708,-43.451],[172.543,-43.464]]]}},
{"type":"Feature","properties":{"minzoom":4},"geometry":{"type":"Polygon","coordinates":[[[7.546,10.583],[7.495,10.685],[7.457,10.685],[7.414,10.633],[7.356,10.596],[7.399,10.443],[7.533,10.38],[7.572,10.418],[7.521,10.507],[7.546,10.583]]]}},
{"type":"Feature","properties":{"minzoom":5},"geometry":{"type":"Polygon","coordinates":[[[8.803,9.91],[8.867,9.809],[8.947,9.901],[8.905,10.025],[8.83,9.992],[8.803,9.91]]]}},
{"type":"Feature","properties":{"minzoom":3.7},"geometry":{"type":"Polygon","coordinates":[[[-13.584,9.542],[-13.56,9.598],[-13.522,9.632],[-13.51,9.682],[-13.574,9.693],[-13.659,9.635],[-13.691,9.536],[-13.584,9.542]]]}},
{"type":"Feature","properties":{"minzoom":3.7},"geometry":{"type":"Polygon","coordinates":[[[7.442,9.119],[7.381,9.085],[7.469,9.007],[7.597,9.021],[7.56,9.105],[7.495,9.161],[7.442,9.119]]]}},
{"type":"Feature","properties":{"minzoom":3.7},"geometry":{"type":"Polygon","coordinates":[[[38.674,9.085],[38.674,8.983],[38.715,8.936],[38.737,8.869],[38.839,8.831],[38.814,8.945],[38.869,9.004],[38.903,9.085],[38.674,9.085]]]}},
{"type":"Feature","properties":{"minzoom":5},"geometry":{"type":"Polygon","coordinates":[[[39.195,8.564],[39.221,8.514],[39.283,8.501],[39.318,8.53],[39.334,8.577],[39.277,8.602],[39.195,8.602],[39.129,8.637],[39.093,8.564],[39.142,8.552],[39.195,8.564]]]}},
{"type":"Feature","properties":{"minzoom":5},"geometry":{"type":"Polygon","coordinates":[[[4.581,8.567],[4.511,8.577],[4.494,8.476],[4.574,8.412],[4.676,8.501],[4.651,8.577],[4.581,8.567]]]}},
{"type":"Feature","properties":{"minzoom":5},"geometry":{"type":"Polygon","coordinates":[[[3.939,7.802],[4.008,7.841],[4.041,7.916],[3.985,7.94],[3.914,7.929],[3.825,7.955],[3.8,7.84],[3.939,7.802]]]}},
{"type":"Feature","properties":{"minzoom":4},"geometry":{"type":"Polygon","coordinates":[[[8.486,7.726],[8.522,7.673],[8.575,7.637],[8.6,7.751],[8.537,7.784],[8.486,7.726]]]}},
{"type":"Feature","properties":{"minzoom":4},"geometry":{"type":"Polygon","coordinates":[[[-5.09,7.739],[-5.064,7.663],[-4.989,7.637],[-4.976,7.726],[-5.028,7.752],[-5.09,7.739]]]}},
{"type":"Feature","properties":{"minzoom":4},"geometry":{"type":"Polygon","coordinates":[[[4.169,7.325],[4.244,7.332],[4.232,7.396],[4.147,7.438],[4.104,7.523],[4.057,7.487],[4.028,7.434],[3.952,7.51],[3.923,7.589],[3.85,7.624],[3.863,7.497],[3.83,7.48],[3.774,7.37],[3.889,7.218],[3.963,7.321],[4.104,7.358],[4.169,7.325]]]}},
{"type":"Feature","properties":{"minzoom":5},"geometry":{"type":"Polygon","coordinates":[[[8.956,7.294],[9.041,7.289],[9.083,7.358],[8.998,7.389],[8.956,7.294]]]}},
{"type":"Feature","properties":{"minzoom":5},"geometry":{"type":"Polygon","coordinates":[[[5.133,7.294],[5.161,7.233],[5.222,7.205],[5.26,7.244],[5.273,7.307],[5.199,7.33],[5.133,7.294]]]}},
{"type":"Feature","properties":{"minzoom":5},"geometry":{"type":"Polygon","coordinates":[[[3.393,7.243],[3.287,7.201],[3.279,7.091],[3.38,7.109],[3.431,7.205],[3.393,7.243]]]}},
{"type":"Feature","properties":{"minzoom":5},"geometry":{"type":"Polygon","coordinates":[[[1.971,7.193],[1.984,7.111],[2.022,7.053],[2.046,7.079],[2.047,7.129],[2.106,7.165],[2.136,7.231],[1.971,7.193]]]}},
{"type":"Feature","properties":{"minzoom":5},"geometry":{"type":"Polygon","coordinates":[[[3.622,6.875],[3.609,6.799],[3.683,6.819],[3.736,6.888],[3.706,6.94],[3.635,6.951],[3.622,6.875]]]}},
{"type":"Feature","properties":{"minzoom":5},"geometry":{"type":"Polygon","coordinates":[[[3.876,6.799],[3.937,6.777],[4.003,6.786],[3.94,6.886],[3.876,6.799]]]}},
{"type":"Feature","properties":{"minzoom":5},"geometry":{"type":"Polygon","coordinates":[[[-1.661,6.824],[-1.725,6.697],[-1.645,6.644],[-1.534,6.621],[-1.509,6.71],[-1.555,6.797],[-1.661,6.824]]]}},
{"type":"Feature","properties":{"minzoom":4},"geometry":{"type":"Polygon","coordinates":[[[3.451,6.427],[3.487,6.409],[3.539,6.409],[3.527,6.47],[3.451,6.427]]]}},
{"type":"Feature","properties":{"minzoom":4},"geometry":{"type":"Polygon","coordinates":[[[3.43,6.525],[3.552,6.546],[3.565,6.646],[3.546,6.697],[3.493,6.686],[3.457,6.659],[3.411,6.683],[3.381,6.723],[3.318,6.743],[3.279,6.786],[3.241,6.786],[3.203,6.736],[3.177,6.672],[3.203,6.61],[3.177,6.545],[3.05,6.583],[3.074,6.501],[3.101,6.473],[3.21,6.429],[3.241,6.393],[3.336,6.397],[3.43,6.525]]]}},
{"type":"Feature","properties":{"minzoom":5},"geometry":{"type":"Polygon","coordinates":[[[2.687,6.367],[2.682,6.415],[2.658,6.455],[2.784,6.558],[2.771,6.71],[2.688,6.718],[2.606,6.697],[2.53,6.57],[2.619,6.443],[2.473,6.397],[2.377,6.481],[2.333,6.486],[2.276,6.481],[2.236,6.413],[2.161,6.38],[2.149,6.456],[2.034,6.456],[2.005,6.421],[1.958,6.405],[1.963,6.474],[1.996,6.545],[1.936,6.569],[1.869,6.558],[1.895,6.469],[1.845,6.449],[1.818,6.405],[1.968,6.282],[2.687,6.367]]]}},
{"type":"Feature","properties":{"minzoom":3.7},"geometry":{"type":"Polygon","coordinates":[[[7.56,6.525],[7.432,6.481],[7.419,6.431],[7.46,6.383],[7.521,6.354],[7.562,6.414],[7.635,6.443],[7.56,6.525]]]}},
{"type":"Feature","properties":{"minzoom":4},"geometry":{"type":"Polygon","coordinates":[[[5.728,6.312],[5.73,6.392],[5.578,6.456],[5.555,6.36],[5.578,6.265],[5.705,6.253],[5.728,6.312]]]}},
{"type":"Feature","properties":{"minzoom":3.7},"geometry":{"type":"Polygon","coordinates":[[[-10.708,6.258],[-10.642,6.23],[-10.638,6.241],[-10.652,6.302],[-10.704,6.392],[-10.779,6.38],[-10.802,6.351],[-10.786,6.31],[-10.708,6.258]]]}},
{"type":"Feature","properties":{"minzoom":5},"geometry":{"type":"Polygon","coordinates":[[[7.013,6.215],[6.937,6.278],[6.898,6.202],[6.772,6.189],[6.721,6.227],[6.726,6.19],[6.772,6.164],[6.78,6.109],[6.822,6.088],[6.884,6.128],[6.962,6.151],[7,6.075],[7.007,6.139],[7.038,6.189],[7.079,6.178],[7.114,6.189],[7.114,6.24],[7.055,6.236],[7.013,6.215]]]}},
{"type":"Feature","properties":{"minzoom":5},"geometry":{"type":"Polygon","coordinates":[[[6.962,6.037],[6.911,6.062],[6.881,6.029],[6.835,6.011],[6.811,5.911],[6.822,5.796],[6.88,5.873],[6.873,5.986],[6.926,6.003],[6.962,6.037]]]}},
{"type":"Feature","properties":{"minzoom":3.6},"geometry":{"type":"Polygon","coordinates":[[[0.033,5.646],[0.002,5.757],[-0.099,5.719],[-0.184,5.761],[-0.302,5.77],[-0.315,5.846],[-0.353,5.846],[-0.353,5.757],[-0.429,5.77],[-0.366,5.63],[-0.338,5.504],[-0.126,5.568],[0.033,5.646]]]}},
{"type":"Feature","properties":{"minzoom":5},"geometry":{"type":"Polygon","coordinates":[[[7.025,5.554],[7.003,5.519],[7,5.465],[7.056,5.455],[7.102,5.478],[7.051,5.669],[6.975,5.681],[6.975,5.72],[6.949,5.732],[6.924,5.643],[6.99,5.614],[7.025,5.554]]]}},
{"type":"Feature","properties":{"minzoom":4},"geometry":{"type":"Polygon","coordinates":[[[5.812,5.579],[5.794,5.605],[5.692,5.592],[5.712,5.537],[5.796,5.459],[5.857,5.465],[5.85,5.515],[5.819,5.542],[5.812,5.579]]]}},
{"type":"Feature","properties":{"minzoom":5},"geometry":{"type":"Polygon","coordinates":[[[7.305,5.592],[7.272,5.543],[7.254,5.478],[7.279,5.453],[7.366,5.48],[7.432,5.529],[7.486,5.508],[7.533,5.529],[7.48,5.576],[7.381,5.567],[7.305,5.592]]]}},
{"type":"Feature","properties":{"minzoom":3.7},"geometry":{"type":"Polygon","coordinates":[[[-3.984,5.293],[-3.915,5.249],[-3.886,5.31],[-3.846,5.313],[-3.973,5.503],[-4.062,5.529],[-4.146,5.309],[-3.984,5.293]]]}},
{"type":"Feature","properties":{"minzoom":5},"geometry":{"type":"Polygon","coordinates":[[[7.353,5.055],[7.407,5.059],[7.424,5.039],[7.457,5.034],[7.504,5.158],[7.572,5.262],[7.427,5.222],[7.318,5.148],[7.3,5.097],[7.305,5.046],[7.353,5.055]]]}},
{"type":"Feature","properties":{"minzoom":5},"geometry":{"type":"Polygon","coordinates":[[[-1.638,4.981],[-1.62,4.988],[-1.645,5.008],[-1.734,4.987],[-1.802,4.942],[-1.802,4.891],[-1.777,4.88],[-1.638,4.981]]]}},
{"type":"Feature","properties":{"minzoom":4},"geometry":{"type":"Polygon","coordinates":[[[9.689,4.056],[9.652,4.003],[9.731,3.992],[9.806,4.018],[9.832,4.094],[9.724,4.124],[9.61,4.108],[9.637,4.053],[9.67,4.077],[9.689,4.056]]]}},
{"type":"Feature","properties":{"minzoom":3.7},"geometry":{"type":"Polygon","coordinates":[[[11.445,3.865],[11.486,3.83],[11.547,3.814],[11.589,3.876],[11.559,3.954],[11.484,3.928],[11.445,3.865]]]}},
{"type":"Feature","properties":{"minzoom":3.7},"geometry":{"type":"Polygon","coordinates":[[[9.47,0.362],[9.53,0.31],[9.539,0.32],[9.54,0.449],[9.457,0.486],[9.397,0.489],[9.47,0.362]]]}},
{"type":"Feature","properties":{"minzoom":3.7},"geometry":{"type":"Polygon","coordinates":[[[32.647,0.253],[32.66,0.228],[32.663,0.288],[32.683,0.329],[32.72,0.344],[32.757,0.337],[32.781,0.36],[32.745,0.383],[32.67,0.397],[32.591,0.449],[32.51,0.32],[32.59,0.196],[32.647,0.253]]]}},
{"type":"Feature","properties":{"minzoom":6},"geometry":{"type":"Polygon","coordinates":[[[34.729,-0.114],[34.757,-0.141],[34.826,-0.161],[34.823,-0.087],[34.8,-0.034],[34.74,-0.049],[34.714,-0.093],[34.729,-0.114]]]}},
{"type":"Feature","properties":{"minzoom":3.6},"geometry":{"type":"Polygon","coordinates":[[[36.68,-1.253],[36.694,-1.315],[36.731,-1.355],[36.818,-1.344],[36.896,-1.367],[36.963,-1.27],[36.959,-1.151],[36.82,-1.139],[36.813,-1.094],[36.782,-1.075],[36.794,-1.151],[36.723,-1.188],[36.68,-1.253]]]}},
{"type":"Feature","properties":{"minzoom":4},"geometry":{"type":"Polygon","coordinates":[[[30.178,-1.964],[30.078,-1.903],[30.013,-1.99],[30.106,-2.013],[30.178,-1.964]]]}},
{"type":"Feature","properties":{"minzoom":4},"geometry":{"type":"Polygon","coordinates":[[[32.891,-2.508],[32.916,-2.55],[33.01,-2.548],[32.962,-2.46],[32.899,-2.468],[32.891,-2.508]]]}},
{"type":"Feature","properties":{"minzoom":4},"geometry":{"type":"Polygon","coordinates":[[[29.416,-3.412],[29.403,-3.31],[29.346,-3.296],[29.289,-3.31],[29.33,-3.388],[29.416,-3.412]]]}},
{"type":"Feature","properties":{"minzoom":3.7},"geometry":{"type":"Polygon","coordinates":[[[39.746,-3.955],[39.629,-3.952],[39.576,-3.971],[39.586,-3.997],[39.687,-4.068],[39.746,-3.955]]]}},
{"type":"Feature","properties":{"minzoom":3.7},"geometry":{"type":"Polygon","coordinates":[[[15.342,-4.296],[15.306,-4.25],[15.293,-4.199],[15.255,-4.187],[15.192,-4.301],[15.242,-4.479],[15.372,-4.443],[15.484,-4.39],[15.428,-4.369],[15.395,-4.326],[15.342,-4.296]]]}},
{"type":"Feature","properties":{"minzoom":4},"geometry":{"type":"Polygon","coordinates":[[[22.354,-5.927],[22.481,-5.977],[22.494,-5.903],[22.469,-5.838],[22.377,-5.847],[22.354,-5.927]]]}},
{"type":"Feature","properties":{"minzoom":4},"geometry":{"type":"Polygon","coordinates":[[[23.574,-6.193],[23.675,-6.181],[23.675,-6.079],[23.564,-6.089],[23.574,-6.193]]]}},
{"type":"Feature","properties":{"minzoom":3.7},"geometry":{"type":"Polygon","coordinates":[[[39.231,-6.69],[39.181,-6.779],[39.182,-6.866],[39.251,-6.89],[39.321,-6.862],[39.341,-6.833],[39.287,-6.815],[39.231,-6.69]]]}},
{"type":"Feature","properties":{"minzoom":3.7},"geometry":{"type":"Polygon","coordinates":[[[13.226,-8.851],[13.33,-8.902],[13.401,-8.911],[13.363,-8.835],[13.371,-8.774],[13.318,-8.731],[13.21,-8.843],[13.226,-8.851]]]}},
{"type":"Feature","properties":{"minzoom":3.7},"geometry":{"type":"Polygon","coordinates":[[[25.384,-10.699],[25.377,-10.765],[25.484,-10.766],[25.529,-10.676],[25.39,-10.638],[25.384,-10.699]]]}},
{"type":"Feature","properties":{"minzoom":3.7},"geometry":{"type":"Polygon","coordinates":[[[27.549,-11.616],[27.442,-11.631],[27.447,-11.73],[27.531,-11.706],[27.549,-11.616]]]}},
{"type":"Feature","properties":{"minzoom":4},"geometry":{"type":"Polygon","coordinates":[[[28.171,-12.734],[28.174,-12.843],[28.26,-12.899],[28.285,-12.797],[28.243,-12.751],[28.171,-12.734]]]}},
{"type":"Feature","properties":{"minzoom":5},"geometry":{"type":"Polygon","coordinates":[[[28.59,-12.899],[28.593,-13.013],[28.704,-13.051],[28.679,-12.943],[28.59,-12.899]]]}},
{"type":"Feature","properties":{"minzoom":3.7},"geometry":{"type":"Polygon","coordinates":[[[33.746,-13.864],[33.712,-13.931],[33.695,-14.016],[33.81,-14.042],[33.837,-13.966],[33.823,-13.877],[33.746,-13.864]]]}},
{"type":"Feature","properties":{"minzoom":4},"geometry":{"type":"Polygon","coordinates":[[[40.664,-14.532],[40.658,-14.633],[40.68,-14.664],[40.743,-14.525],[40.7,-14.46],[40.664,-14.532]]]}},
{"type":"Feature","properties":{"minzoom":3.7},"geometry":{"type":"Polygon","coordinates":[[[28.209,-15.35],[28.219,-15.473],[28.273,-15.553],[28.32,-15.499],[28.4,-15.477],[28.45,-15.325],[28.317,-15.324],[28.209,-15.35]]]}},
{"type":"Feature","properties":{"minzoom":4},"geometry":{"type":"Polygon","coordinates":[[[34.965,-15.794],[35.011,-15.844],[35.08,-15.871],[35.118,-15.794],[35.033,-15.728],[34.965,-15.794]]]}},
{"type":"Feature","properties":{"minzoom":3.7},"geometry":{"type":"Polygon","coordinates":[[[31.212,-17.799],[31.15,-17.724],[31.105,-17.699],[30.99,-17.738],[30.893,-17.806],[30.914,-17.928],[31.016,-17.953],[31.041,-18.042],[31.117,-18.03],[31.092,-17.941],[31.208,-17.853],[31.212,-17.799]]]}},
{"type":"Feature","properties":{"minzoom":3.7},"geometry":{"type":"Polygon","coordinates":[[[47.335,-19.058],[47.335,-19.249],[47.408,-19.247],[47.462,-19.198],[47.462,-18.995],[47.551,-18.995],[47.577,-18.911],[47.564,-18.817],[47.45,-18.842],[47.449,-18.919],[47.424,-18.969],[47.359,-18.932],[47.284,-18.931],[47.3,-19.005],[47.335,-19.058]]]}},
{"type":"Feature","properties":{"minzoom":5},"geometry":{"type":"Polygon","coordinates":[[[47.078,-19.836],[47.094,-19.744],[47.005,-19.731],[46.98,-19.816],[47.018,-19.884],[47.078,-19.836]]]}},
{"type":"Feature","properties":{"minzoom":3.7},"geometry":{"type":"Polygon","coordinates":[[[28.692,-20.227],[28.669,-20.148],[28.628,-20.087],[28.524,-20.078],[28.463,-20.138],[28.549,-20.24],[28.692,-20.227]]]}},
{"type":"Feature","properties":{"minzoom":4},"geometry":{"type":"Polygon","coordinates":[[[57.445,-20.197],[57.459,-20.295],[57.493,-20.327],[57.546,-20.316],[57.483,-20.201],[57.521,-20.159],[57.519,-20.128],[57.496,-20.115],[57.486,-20.144],[57.435,-20.173],[57.445,-20.197]]]}},
{"type":"Feature","properties":{"minzoom":3.7},"geometry":{"type":"Polygon","coordinates":[[[17.024,-22.591],[17.097,-22.64],[17.147,-22.602],[17.111,-22.496],[17.008,-22.487],[17.024,-22.591]]]}},
{"type":"Feature","properties":{"minzoom":6},"geometry":{"type":"Polygon","coordinates":[[[47.825,-22.8],[47.793,-22.779],[47.742,-22.983],[47.818,-22.927],[47.845,-22.808],[47.825,-22.8]]]}},
{"type":"Feature","properties":{"minzoom":4},"geometry":{"type":"Polygon","coordinates":[[[43.748,-23.407],[43.779,-23.376],[43.729,-23.35],[43.703,-23.3],[43.768,-23.319],[43.817,-23.275],[43.766,-23.249],[43.69,-23.249],[43.688,-23.291],[43.638,-23.307],[43.698,-23.419],[43.748,-23.407]]]}},
{"type":"Feature","properties":{"minzoom":4},"geometry":{"type":"Polygon","coordinates":[[[27.536,-23.643],[27.644,-23.706],[27.752,-23.656],[27.536,-23.643]]]}},
{"type":"Feature","properties":{"minzoom":5},"geometry":{"type":"Polygon","coordinates":[[[29.352,-23.821],[29.393,-23.907],[29.492,-23.935],[29.468,-23.831],[29.352,-23.821]]]}},
{"type":"Feature","properties":{"minzoom":5},"geometry":{"type":"Polygon","coordinates":[[[31.165,-23.995],[31.181,-23.986],[31.173,-23.93],[31.143,-23.897],[31.079,-23.922],[31.047,-23.896],[31.003,-23.91],[31.003,-23.961],[31.155,-24.011],[31.165,-23.995]]]}},
{"type":"Feature","properties":{"minzoom":5},"geometry":{"type":"Polygon","coordinates":[[[28.943,-24.079],[28.92,-24.126],[28.96,-24.187],[29.035,-24.215],[28.997,-24.062],[28.943,-24.079]]]}},
{"type":"Feature","properties":{"minzoom":3.7},"geometry":{"type":"Polygon","coordinates":[[[25.91,-24.583],[25.871,-24.6],[25.847,-24.634],[25.854,-24.684],[25.885,-24.71],[25.977,-24.659],[25.974,-24.545],[25.932,-24.553],[25.91,-24.583]]]}},
{"type":"Feature","properties":{"minzoom":5},"geometry":{"type":"Polygon","coordinates":[[[28.961,-25.157],[29.022,-25.129],[29.098,-25.167],[29.012,-25.059],[28.857,-25.142],[28.895,-25.18],[28.961,-25.157]]]}},
{"type":"Feature","properties":{"minzoom":5},"geometry":{"type":"Polygon","coordinates":[[[31.181,-25.472],[31.218,-25.364],[31.143,-25.281],[31.105,-25.307],[31.124,-25.408],[31.181,-25.472]]]}},
{"type":"Feature","properties":{"minzoom":3.6},"geometry":{"type":"Polygon","coordinates":[[[28.362,-26.539],[28.409,-26.51],[28.438,-26.462],[28.499,-26.46],[28.539,-26.437],[28.521,-26.328],[28.527,-26.221],[28.48,-26.179],[28.463,-26.107],[28.311,-26.094],[28.277,-26.045],[28.285,-25.98],[28.184,-25.916],[28.273,-25.866],[28.412,-25.732],[28.438,-25.662],[28.234,-25.637],[28.057,-25.586],[28.094,-25.541],[28.158,-25.523],[28.132,-25.447],[28.057,-25.421],[28.019,-25.51],[27.904,-25.612],[28.069,-25.675],[28.044,-25.789],[28.085,-25.825],[28.108,-25.878],[28.093,-25.927],[28.057,-25.954],[27.93,-25.993],[27.909,-26.042],[27.866,-26.069],[27.752,-26.056],[27.599,-26.221],[27.574,-26.348],[27.475,-26.352],[27.384,-26.323],[27.335,-26.385],[27.345,-26.475],[27.438,-26.455],[27.536,-26.412],[27.599,-26.437],[27.649,-26.419],[27.714,-26.437],[27.73,-26.39],[27.765,-26.361],[27.81,-26.424],[27.904,-26.437],[27.904,-26.335],[27.946,-26.307],[28.006,-26.297],[28.158,-26.424],[28.311,-26.285],[28.4,-26.424],[28.359,-26.474],[28.362,-26.539]]]}},
{"type":"Feature","properties":{"minzoom":5},"geometry":{"type":"Polygon","coordinates":[[[27.206,-25.713],[27.358,-25.688],[27.295,-25.624],[27.206,-25.485],[27.168,-25.485],[27.142,-25.586],[27.206,-25.713]]]}},
{"type":"Feature","properties":{"minzoom":5},"geometry":{"type":"Polygon","coordinates":[[[25.592,-25.893],[25.682,-25.891],[25.647,-25.797],[25.555,-25.815],[25.592,-25.893]]]}},
{"type":"Feature","properties":{"minzoom":5},"geometry":{"type":"Polygon","coordinates":[[[29.273,-25.907],[29.276,-25.853],[29.156,-25.815],[29.073,-25.891],[29.25,-25.942],[29.273,-25.907]]]}},
{"type":"Feature","properties":{"minzoom":3.7},"geometry":{"type":"Polygon","coordinates":[[[32.695,-25.854],[32.451,-25.866],[32.438,-25.98],[32.615,-25.966],[32.695,-25.854]]]}},
{"type":"Feature","properties":{"minzoom":5},"geometry":{"type":"Polygon","coordinates":[[[29.238,-26.577],[29.238,-26.475],[29.112,-26.467],[29.047,-26.551],[29.136,-26.598],[29.238,-26.577]]]}},
{"type":"Feature","properties":{"minzoom":4},"geometry":{"type":"Polygon","coordinates":[[[28.019,-26.539],[27.973,-26.557],[27.955,-26.602],[27.93,-26.576],[27.93,-26.526],[27.896,-26.502],[27.853,-26.488],[27.82,-26.53],[27.803,-26.589],[27.761,-26.611],[27.739,-26.653],[27.803,-26.755],[27.79,-26.843],[27.844,-26.867],[27.904,-26.856],[27.892,-26.716],[28.019,-26.691],[28.006,-26.615],[28.028,-26.579],[28.019,-26.539]]]}},
{"type":"Feature","properties":{"minzoom":5},"geometry":{"type":"Polygon","coordinates":[[[26.774,-26.996],[26.824,-26.91],[26.825,-26.805],[26.723,-26.818],[26.632,-26.807],[26.571,-26.882],[26.607,-26.96],[26.672,-27.009],[26.774,-26.996]]]}},
{"type":"Feature","properties":{"minzoom":5},"geometry":{"type":"Polygon","coordinates":[[[30.076,-27.81],[30.178,-27.72],[30.101,-27.732],[30.051,-27.656],[29.898,-27.707],[29.898,-27.783],[30.076,-27.81]]]}},
{"type":"Feature","properties":{"minzoom":4},"geometry":{"type":"Polygon","coordinates":[[[26.812,-28.063],[26.825,-28.139],[26.881,-28.146],[26.926,-28.126],[26.896,-27.997],[26.838,-27.898],[26.772,-27.886],[26.749,-27.834],[26.66,-27.834],[26.68,-27.989],[26.812,-28.063]]]}},
{"type":"Feature","properties":{"minzoom":5},"geometry":{"type":"Polygon","coordinates":[[[28.895,-28.526],[28.895,-28.494],[28.805,-28.478],[28.755,-28.558],[28.826,-28.581],[28.895,-28.558],[28.895,-28.526]]]}},
{"type":"Feature","properties":{"minzoom":5},"geometry":{"type":"Polygon","coordinates":[[[24.743,-28.786],[24.805,-28.799],[24.783,-28.667],[24.704,-28.748],[24.743,-28.786]]]}},
{"type":"Feature","properties":{"minzoom":6},"geometry":{"type":"Polygon","coordinates":[[[31.857,-28.809],[31.879,-28.888],[31.943,-28.875],[31.923,-28.757],[31.854,-28.71],[31.857,-28.809]]]}},
{"type":"Feature","properties":{"minzoom":3.7},"geometry":{"type":"Polygon","coordinates":[[[26.163,-29.188],[26.228,-29.218],[26.291,-29.174],[26.317,-29.091],[26.203,-29.044],[26.126,-29.129],[26.163,-29.188]]]}},
{"type":"Feature","properties":{"minzoom":5},"geometry":{"type":"Polygon","coordinates":[[[30.339,-29.571],[30.305,-29.663],[30.379,-29.669],[30.444,-29.637],[30.432,-29.536],[30.339,-29.571]]]}},
{"type":"Feature","properties":{"minzoom":3.6},"geometry":{"type":"Polygon","coordinates":[[[31.092,-29.756],[31.045,-29.686],[30.988,-29.657],[30.914,-29.676],[30.86,-29.761],[30.762,-29.752],[30.774,-29.866],[30.838,-29.917],[30.82,-29.968],[30.828,-30.017],[30.896,-30.05],[31.023,-29.901],[31.092,-29.756]]]}},
{"type":"Feature","properties":{"minzoom":5},"geometry":{"type":"Polygon","coordinates":[[[28.717,-31.631],[28.787,-31.632],[28.831,-31.581],[28.782,-31.532],[28.692,-31.542],[28.717,-31.631]]]}},
{"type":"Feature","properties":{"minzoom":4},"geometry":{"type":"Polygon","coordinates":[[[28.158,-32.304],[28.107,-32.311],[28.082,-32.343],[28.234,-32.368],[28.255,-32.321],[28.234,-32.266],[28.184,-32.273],[28.158,-32.304]]]}},
{"type":"Feature","properties":{"minzoom":4},"geometry":{"type":"Polygon","coordinates":[[[28.011,-32.933],[27.931,-32.913],[27.828,-32.939],[27.73,-32.892],[27.663,-32.952],[27.79,-32.978],[27.844,-33.061],[28.011,-32.933]]]}},
{"type":"Feature","properties":{"minzoom":3.7},"geometry":{"type":"Polygon","coordinates":[[[25.638,-34.011],[25.651,-33.868],[25.623,-33.862],[25.618,-33.765],[25.58,-33.765],[25.55,-33.817],[25.491,-33.841],[25.498,-34.03],[25.574,-34.035],[25.638,-34.011]]]}},
{"type":"Feature","properties":{"minzoom":3.7},"geometry":{"type":"Polygon","coordinates":[[[1.187,6.089],[1.311,6.147],[1.417,6.171],[1.535,6.285],[1.613,6.283],[1.62,6.216],[1.71,6.236],[1.722,6.361],[1.695,6.405],[1.653,6.431],[1.615,6.367],[1.577,6.405],[1.555,6.349],[1.406,6.246],[1.341,6.218],[1.272,6.215],[1.234,6.291],[1.107,6.253],[1.107,6.113],[1.058,6.097],[1.032,6.049],[1.078,6.022],[1.106,6.051],[1.187,6.089]]]}},
{"type":"Feature","properties":{"minzoom":5},"geometry":{"type":"Polygon","coordinates":[[[6.962,5.948],[6.924,5.859],[6.992,5.8],[7.076,5.757],[7.093,5.855],[7.127,5.935],[7.108,5.973],[7.064,5.986],[7.055,5.864],[6.975,5.846],[6.988,5.905],[6.962,5.948]]]}},
{"type":"Feature","properties":{"minzoom":4},"geometry":{"type":"Polygon","coordinates":[[[7.038,4.741],[7.153,4.754],[7.164,4.714],[7.203,4.703],[7.153,4.78],[7.165,4.881],[7.061,4.903],[6.962,4.868],[6.978,4.783],[7.038,4.741]]]}},
{"type":"Feature","properties":{"minzoom":3.6},"geometry":{"type":"Polygon","coordinates":[[[18.465,-33.888],[18.376,-33.929],[18.431,-34.009],[18.432,-34.159],[18.462,-34.176],[18.5,-34.109],[18.534,-34.086],[18.728,-34.077],[18.753,-34.03],[18.73,-33.98],[18.735,-33.841],[18.659,-33.822],[18.583,-33.841],[18.518,-33.795],[18.456,-33.795],[18.465,-33.888]]]}},
{"type":"Feature","properties":{"minzoom":5},"geometry":{"type":"Polygon","coordinates":[[[5.908,5.986],[5.835,6.05],[5.73,5.986],[5.679,5.999],[5.641,5.935],[5.68,5.86],[5.755,5.821],[5.844,5.897],[5.812,5.948],[5.806,5.999],[5.908,5.986]]]}},
{"type":"Feature","properties":{"minzoom":6},"geometry":{"type":"Polygon","coordinates":[[[-21.948,64.124],[-21.965,64.071],[-21.749,64.109],[-21.736,64.16],[-21.641,64.175],[-21.622,64.236],[-21.774,64.236],[-21.762,64.173],[-21.831,64.164],[-21.872,64.178],[-21.935,64.154],[-21.948,64.124]]]}},
{"type":"Feature","properties":{"minzoom":6},"geometry":{"type":"Polygon","coordinates":[[[-22.667,64.047],[-22.689,63.97],[-22.638,63.956],[-22.548,63.989],[-22.638,64.07],[-22.667,64.047]]]}},
{"type":"Feature","properties":{"minzoom":5},"geometry":{"type":"Polygon","coordinates":[[[-2.086,57.2],[-2.216,57.213],[-2.162,57.125],[-2.089,57.104],[-2.052,57.188],[-2.086,57.2]]]}},
{"type":"Feature","properties":{"minzoom":5},"geometry":{"type":"Polygon","coordinates":[[[-2.833,56.488],[-2.813,56.527],[-2.928,56.502],[-3.118,56.502],[-3.075,56.441],[-2.84,56.475],[-2.833,56.488]]]}},
{"type":"Feature","properties":{"minzoom":5},"geometry":{"type":"Polygon","coordinates":[[[-3.436,56.375],[-3.385,56.464],[-3.497,56.471],[-3.575,56.413],[-3.519,56.38],[-3.436,56.375]]]}},
{"type":"Feature","properties":{"minzoom":5},"geometry":{"type":"Polygon","coordinates":[[[-3.025,56.226],[-3.156,56.286],[-3.283,56.159],[-3.155,56.094],[-2.985,56.191],[-3.025,56.226]]]}},
{"type":"Feature","properties":{"minzoom":3.7},"geometry":{"type":"Polygon","coordinates":[[[-3.766,56.159],[-3.88,56.146],[-3.956,56.184],[-3.964,56.128],[-3.931,56.083],[-3.829,56.096],[-3.834,56.031],[-3.804,55.981],[-3.652,55.981],[-3.696,56.041],[-3.789,56.095],[-3.72,56.072],[-3.766,56.159]]]}},
{"type":"Feature","properties":{"minzoom":5},"geometry":{"type":"Polygon","coordinates":[[[-3.525,55.981],[-3.563,55.88],[-3.499,55.871],[-3.448,55.905],[-3.398,55.896],[-3.347,55.918],[-3.067,55.842],[-3.004,55.867],[-3.006,55.962],[-3.049,55.952],[-3.473,56.001],[-3.525,55.981]]]}},
{"type":"Feature","properties":{"minzoom":5},"geometry":{"type":"Polygon","coordinates":[[[-3.37,56.068],[-3.389,56.088],[-3.451,56.096],[-3.486,56.083],[-3.491,56.043],[-3.348,56.03],[-3.37,56.068]]]}},
{"type":"Feature","properties":{"minzoom":3.7},"geometry":{"type":"Polygon","coordinates":[[[-3.931,55.842],[-3.906,55.918],[-4.045,55.892],[-4.147,55.956],[-4.274,55.918],[-4.34,55.938],[-4.426,55.93],[-4.49,55.829],[-4.325,55.765],[-4.236,55.778],[-4.185,55.74],[-4.096,55.778],[-4.045,55.753],[-3.88,55.765],[-3.931,55.842]]]}},
{"type":"Feature","properties":{"minzoom":4},"geometry":{"type":"Polygon","coordinates":[[[-1.524,55.223],[-1.592,55.233],[-1.655,55.207],[-1.658,55.067],[-1.759,55.054],[-1.775,55],[-1.785,54.94],[-1.658,54.927],[-1.631,54.84],[-1.607,54.749],[-1.649,54.689],[-1.658,54.622],[-1.602,54.636],[-1.493,54.724],[-1.543,54.762],[-1.475,54.789],[-1.378,54.787],[-1.264,54.673],[-1.366,54.584],[-1.34,54.495],[-1.21,54.514],[-1.087,54.554],[-1.019,54.543],[-0.976,54.603],[-1.154,54.654],[-1.292,54.774],[-1.524,55.223]]]}},
{"type":"Feature","properties":{"minzoom":4},"geometry":{"type":"Polygon","coordinates":[[[-5.857,54.699],[-5.988,54.686],[-6.065,54.495],[-5.95,54.546],[-5.873,54.558],[-5.833,54.626],[-5.834,54.654],[-5.879,54.641],[-5.879,54.684],[-5.836,54.7],[-5.857,54.699]]]}},
{"type":"Feature","properties":{"minzoom":3.6},"geometry":{"type":"Polygon","coordinates":[[[-1.099,53.911],[-1.037,53.939],[-1.023,54.013],[-1.058,54.024],[-1.099,54.013],[-1.162,54.051],[-1.159,53.967],[-1.099,53.911]]]}},
{"type":"Feature","properties":{"minzoom":3.6},"geometry":{"type":"Polygon","coordinates":[[[-2.982,53.832],[-2.978,53.898],[-3.003,53.916],[-3.027,53.906],[-3.045,53.844],[-3.032,53.774],[-3.004,53.758],[-2.982,53.832]]]}},
{"type":"Feature","properties":{"minzoom":5},"geometry":{"type":"Polygon","coordinates":[[[-2.204,53.873],[-2.34,53.8],[-2.508,53.759],[-2.467,53.698],[-2.318,53.771],[-2.219,53.787],[-2.178,53.86],[-2.204,53.873]]]}},
{"type":"Feature","properties":{"minzoom":3.6},"geometry":{"type":"Polygon","coordinates":[[[-2.661,53.81],[-2.738,53.791],[-2.75,53.708],[-2.623,53.619],[-2.597,53.632],[-2.661,53.81]]]}},
{"type":"Feature","properties":{"minzoom":5},"geometry":{"type":"Polygon","coordinates":[[[-0.325,53.66],[-0.261,53.594],[-0.172,53.568],[-0.119,53.525],[-0.083,53.517],[-0.035,53.546],[-0.294,53.692],[-0.331,53.693],[-0.325,53.66]]]}},
{"type":"Feature","properties":{"minzoom":5},"geometry":{"type":"Polygon","coordinates":[[[-0.128,53.708],[-0.121,53.759],[-0.182,53.806],[-0.248,53.848],[-0.324,53.848],[-0.371,53.878],[-0.426,53.872],[-0.473,53.835],[-0.512,53.747],[-0.513,53.721],[-0.461,53.716],[-0.27,53.737],[-0.122,53.664],[-0.128,53.708]]]}},
{"type":"Feature","properties":{"minzoom":5},"geometry":{"type":"Polygon","coordinates":[[[-0.756,53.562],[-0.692,53.53],[-0.477,53.581],[-0.536,53.642],[-0.616,53.683],[-0.73,53.663],[-0.807,53.606],[-0.756,53.562]]]}},
{"type":"Feature","properties":{"minzoom":3.7},"geometry":{"type":"Polygon","coordinates":[[[-6.333,53.43],[-6.418,53.408],[-6.484,53.352],[-6.407,53.263],[-6.179,53.263],[-6.079,53.181],[-6.152,53.366],[-6.134,53.429],[-6.333,53.43]]]}},
{"type":"Feature","properties":{"minzoom":5},"geometry":{"type":"Polygon","coordinates":[[[-0.578,53.327],[-0.667,53.225],[-0.533,53.165],[-0.438,53.302],[-0.578,53.327]]]}},
{"type":"Feature","properties":{"minzoom":5},"geometry":{"type":"Polygon","coordinates":[[[-2.198,52.962],[-2.089,52.971],[-2.152,53.077],[-2.28,53.086],[-2.28,53.009],[-2.198,52.962]]]}},
{"type":"Feature","properties":{"minzoom":3.6},"geometry":{"type":"Polygon","coordinates":[[[-1.555,52.737],[-1.505,52.717],[-1.524,52.798],[-1.607,52.844],[-1.662,52.824],[-1.696,52.781],[-1.594,52.768],[-1.555,52.737]]]}},
{"type":"Feature","properties":{"minzoom":4},"geometry":{"type":"Polygon","coordinates":[[[-2.547,52.73],[-2.504,52.659],[-2.42,52.628],[-2.394,52.73],[-2.47,52.745],[-2.547,52.73]]]}},
{"type":"Feature","properties":{"minzoom":4},"geometry":{"type":"Polygon","coordinates":[[[-1.785,52.73],[-1.873,52.679],[-2.036,52.732],[-2.14,52.628],[-2.191,52.628],[-2.216,52.463],[-2.155,52.429],[-2.064,52.425],[-2.001,52.374],[-1.759,52.374],[-1.67,52.463],[-1.696,52.565],[-1.646,52.585],[-1.62,52.628],[-1.785,52.73]]]}},
{"type":"Feature","properties":{"minzoom":5},"geometry":{"type":"Polygon","coordinates":[[[1.263,52.705],[1.187,52.679],[1.292,52.597],[1.403,52.679],[1.263,52.705]]]}},
{"type":"Feature","properties":{"minzoom":5},"geometry":{"type":"Polygon","coordinates":[[[-0.286,52.514],[-0.108,52.578],[-0.172,52.667],[-0.337,52.692],[-0.362,52.641],[-0.286,52.514]]]}},
{"type":"Feature","properties":{"minzoom":5},"geometry":{"type":"Polygon","coordinates":[[[1.706,52.651],[1.673,52.604],[1.721,52.451],[1.747,52.469],[1.743,52.578],[1.723,52.652],[1.706,52.651]]]}},
{"type":"Feature","properties":{"minzoom":5},"geometry":{"type":"Polygon","coordinates":[[[-1.375,52.561],[-1.442,52.552],[-1.569,52.616],[-1.531,52.463],[-1.594,52.4],[-1.511,52.366],[-1.416,52.387],[-1.429,52.489],[-1.315,52.578],[-1.375,52.561]]]}},
{"type":"Feature","properties":{"minzoom":5},"geometry":{"type":"Polygon","coordinates":[[[-0.654,52.374],[-0.718,52.438],[-0.731,52.298],[-0.603,52.286],[-0.578,52.362],[-0.654,52.374]]]}},
{"type":"Feature","properties":{"minzoom":5},"geometry":{"type":"Polygon","coordinates":[[[-0.248,52.374],[-0.21,52.324],[-0.124,52.327],[-0.07,52.362],[-0.163,52.405],[-0.248,52.374]]]}},
{"type":"Feature","properties":{"minzoom":5},"geometry":{"type":"Polygon","coordinates":[[[0.082,52.159],[0.186,52.197],[0.197,52.298],[0.062,52.268],[0.082,52.159]]]}},
{"type":"Feature","properties":{"minzoom":5},"geometry":{"type":"Polygon","coordinates":[[[-0.972,52.286],[-0.945,52.223],[-0.883,52.197],[-0.823,52.22],[-0.794,52.273],[-0.972,52.286]]]}},
{"type":"Feature","properties":{"minzoom":3.6},"geometry":{"type":"Polygon","coordinates":[[[-0.235,52.114],[-0.235,52.171],[-0.292,52.186],[-0.35,52.171],[-0.33,52.089],[-0.248,52.07],[-0.235,52.114]]]}},
{"type":"Feature","properties":{"minzoom":5},"geometry":{"type":"Polygon","coordinates":[[[1.086,52.12],[1.111,52.019],[1.219,52.025],[1.276,52.082],[1.199,52.133],[1.086,52.12]]]}},
{"type":"Feature","properties":{"minzoom":5},"geometry":{"type":"Polygon","coordinates":[[[-0.769,52.12],[-0.845,52.057],[-0.718,51.968],[-0.667,52.044],[-0.708,52.092],[-0.769,52.12]]]}},
{"type":"Feature","properties":{"minzoom":3.6},"geometry":{"type":"Polygon","coordinates":[[[-0.197,52.019],[-0.265,51.998],[-0.299,51.943],[-0.172,51.879],[-0.146,51.905],[-0.197,52.019]]]}},
{"type":"Feature","properties":{"minzoom":5},"geometry":{"type":"Polygon","coordinates":[[[-2.077,51.955],[-2.27,51.895],[-2.293,51.854],[-2.28,51.828],[-2.039,51.892],[-2.042,51.939],[-2.077,51.955]]]}},
{"type":"Feature","properties":{"minzoom":5},"geometry":{"type":"Polygon","coordinates":[[[-1.264,51.778],[-1.327,51.612],[-1.226,51.6],[-1.226,51.701],[-1.181,51.72],[-1.175,51.778],[-1.264,51.778]]]}},
{"type":"Feature","properties":{"minzoom":5},"geometry":{"type":"Polygon","coordinates":[[[-3.741,51.584],[-3.778,51.663],[-4.045,51.663],[-4.013,51.58],[-3.944,51.598],[-3.891,51.592],[-3.704,51.503],[-3.741,51.584]]]}},
{"type":"Feature","properties":{"minzoom":5},"geometry":{"type":"Polygon","coordinates":[[[-2.926,51.601],[-2.992,51.631],[-3.004,51.676],[-3.042,51.676],[-3.08,51.587],[-2.987,51.535],[-2.873,51.558],[-2.926,51.601]]]}},
{"type":"Feature","properties":{"minzoom":5},"geometry":{"type":"Polygon","coordinates":[[[-3.093,51.549],[-3.232,51.574],[-3.248,51.466],[-3.204,51.428],[-3.087,51.492],[-3.093,51.549]]]}},
{"type":"Feature","properties":{"minzoom":5},"geometry":{"type":"Polygon","coordinates":[[[-2.743,51.477],[-2.648,51.485],[-2.61,51.397],[-2.512,51.407],[-2.458,51.46],[-2.502,51.524],[-2.572,51.562],[-2.619,51.54],[-2.678,51.544],[-2.772,51.486],[-2.743,51.477]]]}},
{"type":"Feature","properties":{"minzoom":5},"geometry":{"type":"Polygon","coordinates":[[[3.587,51.454],[3.74,51.435],[3.751,51.46],[3.739,51.507],[3.699,51.536],[3.632,51.548],[3.54,51.531],[3.524,51.51],[3.521,51.486],[3.587,51.454]]]}},
{"type":"Feature","properties":{"minzoom":5},"geometry":{"type":"Polygon","coordinates":[[[-1.061,51.422],[-0.832,51.397],[-0.938,51.497],[-1.061,51.422]]]}},
{"type":"Feature","properties":{"minzoom":5},"geometry":{"type":"Polygon","coordinates":[[[3.133,51.322],[3.168,51.13],[3.235,51.153],[3.283,51.193],[3.245,51.282],[3.33,51.337],[3.331,51.373],[3.133,51.322]]]}},
{"type":"Feature","properties":{"minzoom":5},"geometry":{"type":"Polygon","coordinates":[[[2.871,51.231],[2.898,51.175],[2.94,51.158],[2.986,51.159],[3.029,51.181],[3.013,51.283],[2.871,51.231]]]}},
{"type":"Feature","properties":{"minzoom":5},"geometry":{"type":"Polygon","coordinates":[[[2.561,51.108],[2.648,51.066],[2.759,51.125],[2.812,51.193],[2.801,51.204],[2.561,51.108]]]}},
{"type":"Feature","properties":{"minzoom":5},"geometry":{"type":"Polygon","coordinates":[[[2.116,51.02],[2.132,50.974],[2.203,50.939],[2.288,50.975],[2.406,50.977],[2.518,51.078],[2.506,51.09],[2.446,51.066],[2.116,51.02]]]}},
{"type":"Feature","properties":{"minzoom":4},"geometry":{"type":"Polygon","coordinates":[[[3.676,50.431],[3.575,50.469],[3.486,50.406],[3.333,50.393],[3.207,50.419],[3.079,50.52],[3.181,50.558],[3.215,50.626],[3.27,50.673],[3.27,50.787],[3.395,50.814],[3.448,50.914],[3.346,50.927],[3.313,50.899],[3.283,50.901],[3.321,50.977],[3.207,50.977],[3.13,51.041],[3.092,50.939],[3.155,50.913],[3.194,50.863],[3.13,50.812],[3.003,50.787],[3.067,50.711],[2.965,50.673],[2.9,50.567],[2.762,50.533],[2.659,50.579],[2.533,50.571],[2.512,50.632],[2.444,50.647],[2.432,50.508],[2.522,50.457],[2.622,50.469],[2.768,50.399],[2.965,50.381],[3.054,50.33],[3.219,50.355],[3.333,50.266],[3.448,50.317],[3.537,50.317],[3.616,50.365],[3.676,50.431]]]}},
{"type":"Feature","properties":{"minzoom":5},"geometry":{"type":"Polygon","coordinates":[[[-0.972,50.889],[-1.043,50.897],[-1.124,50.863],[-1.264,50.889],[-1.304,50.963],[-1.366,51.016],[-1.391,51.016],[-1.505,50.914],[-1.391,50.873],[-1.416,50.897],[-1.285,50.857],[-1.017,50.819],[-0.972,50.889]]]}},
{"type":"Feature","properties":{"minzoom":5},"geometry":{"type":"Polygon","coordinates":[[[1.784,50.942],[1.809,50.915],[1.871,50.913],[1.925,50.927],[1.962,50.965],[1.948,50.996],[1.784,50.942]]]}},
{"type":"Feature","properties":{"minzoom":5},"geometry":{"type":"Polygon","coordinates":[[[-1.698,50.746],[-1.731,50.78],[-1.823,50.762],[-1.912,50.838],[-1.95,50.781],[-2.026,50.774],[-2.028,50.761],[-2.015,50.724],[-1.866,50.715],[-1.695,50.734],[-1.698,50.746]]]}},
{"type":"Feature","properties":{"minzoom":4},"geometry":{"type":"Polygon","coordinates":[[[3.358,50.606],[3.46,50.546],[3.486,50.596],[3.346,50.698],[3.358,50.606]]]}},
{"type":"Feature","properties":{"minzoom":5},"geometry":{"type":"Polygon","coordinates":[[[3.918,50.508],[3.83,50.506],[3.765,50.482],[3.829,50.393],[3.896,50.396],[4.004,50.434],[4.032,50.482],[3.984,50.504],[3.918,50.508]]]}},
{"type":"Feature","properties":{"minzoom":5},"geometry":{"type":"Polygon","coordinates":[[[2.341,49.948],[2.241,49.936],[2.294,49.859],[2.406,49.873],[2.341,49.948]]]}},
{"type":"Feature","properties":{"minzoom":4},"geometry":{"type":"Polygon","coordinates":[[[0.278,49.463],[0.306,49.465],[0.298,49.488],[0.236,49.54],[0.174,49.555],[0.119,49.533],[0.129,49.508],[0.278,49.463]]]}},
{"type":"Feature","properties":{"minzoom":5},"geometry":{"type":"Polygon","coordinates":[[[1.226,49.249],[1.276,49.288],[1.2,49.288],[1.174,49.453],[1.109,49.502],[1.022,49.53],[1.009,49.403],[0.971,49.352],[0.997,49.276],[1.174,49.288],[1.162,49.225],[1.226,49.249]]]}},
{"type":"Feature","properties":{"minzoom":5},"geometry":{"type":"Polygon","coordinates":[[[2.914,49.517],[2.876,49.53],[2.833,49.472],[2.762,49.441],[2.755,49.376],[2.787,49.339],[2.869,49.41],[2.914,49.517]]]}},
{"type":"Feature","properties":{"minzoom":5},"geometry":{"type":"Polygon","coordinates":[[[-0.398,49.325],[-0.362,49.263],[-0.438,49.174],[-0.348,49.136],[-0.248,49.161],[-0.248,49.288],[-0.306,49.265],[-0.315,49.321],[-0.398,49.325]]]}},
{"type":"Feature","properties":{"minzoom":6},"geometry":{"type":"Polygon","coordinates":[[[-2.798,48.586],[-2.813,48.501],[-2.743,48.465],[-2.699,48.475],[-2.7,48.542],[-2.788,48.598],[-2.798,48.586]]]}},
{"type":"Feature","properties":{"minzoom":6},"geometry":{"type":"Polygon","coordinates":[[[-1.612,48.074],[-1.581,48.095],[-1.628,48.15],[-1.708,48.171],[-1.759,48.031],[-1.612,48.074]]]}},
{"type":"Feature","properties":{"minzoom":5},"geometry":{"type":"Polygon","coordinates":[[[0.151,47.994],[0.158,47.929],[0.227,47.936],[0.273,47.993],[0.235,48.037],[0.171,48.056],[0.151,47.994]]]}},
{"type":"Feature","properties":{"minzoom":5},"geometry":{"type":"Polygon","coordinates":[[[1.975,47.815],[2.005,47.848],[2.013,47.904],[1.923,47.97],[1.809,47.942],[1.822,47.866],[1.975,47.815]]]}},
{"type":"Feature","properties":{"minzoom":5},"geometry":{"type":"Polygon","coordinates":[[[-0.616,47.536],[-0.629,47.447],[-0.556,47.404],[-0.464,47.421],[-0.464,47.523],[-0.544,47.519],[-0.616,47.536]]]}},
{"type":"Feature","properties":{"minzoom":5},"geometry":{"type":"Polygon","coordinates":[[[0.793,47.359],[0.832,47.409],[0.692,47.46],[0.59,47.396],[0.636,47.327],[0.743,47.32],[0.793,47.359]]]}},
{"type":"Feature","properties":{"minzoom":5},"geometry":{"type":"Polygon","coordinates":[[[-1.467,47.155],[-1.34,47.243],[-1.327,47.307],[-1.543,47.307],[-1.708,47.218],[-1.612,47.15],[-1.467,47.155]]]}},
{"type":"Feature","properties":{"minzoom":5},"geometry":{"type":"Polygon","coordinates":[[[0.306,46.629],[0.324,46.532],[0.412,46.571],[0.402,46.656],[0.362,46.71],[0.306,46.629]]]}},
{"type":"Feature","properties":{"minzoom":6},"geometry":{"type":"Polygon","coordinates":[[[-1.126,46.115],[-1.073,46.088],[-1.073,46.19],[-1.136,46.208],[-1.126,46.115]]]}},
{"type":"Feature","properties":{"minzoom":5},"geometry":{"type":"Polygon","coordinates":[[[3.488,46.171],[3.41,46.215],[3.393,46.131],[3.473,46.088],[3.488,46.171]]]}},
{"type":"Feature","properties":{"minzoom":5},"geometry":{"type":"Polygon","coordinates":[[[3.219,45.936],[3.156,45.91],[3.041,45.936],[3.028,45.86],[3.029,45.77],[3.077,45.736],[3.143,45.72],[3.194,45.643],[3.284,45.782],[3.295,45.847],[3.219,45.936]]]}},
{"type":"Feature","properties":{"minzoom":4},"geometry":{"type":"Polygon","coordinates":[[[-0.605,45.031],[-0.667,44.958],[-0.771,44.934],[-0.819,44.856],[-0.692,44.729],[-0.49,44.806],[-0.426,45.021],[-0.575,45.046],[-0.548,45.001],[-0.605,45.031]]]}},
{"type":"Feature","properties":{"minzoom":4},"geometry":{"type":"Polygon","coordinates":[[[2.076,43.942],[2.164,43.908],[2.229,43.967],[2.191,44.017],[2.203,44.081],[2.162,44.105],[2.114,44.094],[2.14,44.005],[2.099,43.982],[2.076,43.942]]]}},
{"type":"Feature","properties":{"minzoom":4},"geometry":{"type":"Polygon","coordinates":[[[1.327,43.446],[1.404,43.471],[1.454,43.523],[1.555,43.535],[1.555,43.675],[1.365,43.789],[1.317,43.73],[1.289,43.65],[1.243,43.625],[1.225,43.573],[1.327,43.446]]]}},
{"type":"Feature","properties":{"minzoom":5},"geometry":{"type":"Polygon","coordinates":[[[3.486,43.599],[3.549,43.637],[3.587,43.7],[3.467,43.703],[3.397,43.624],[3.486,43.599]]]}},
{"type":"Feature","properties":{"minzoom":5},"geometry":{"type":"Polygon","coordinates":[[[-1.581,43.481],[-1.532,43.454],[-1.472,43.458],[-1.416,43.484],[-1.44,43.546],[-1.48,43.579],[-1.581,43.481]]]}},
{"type":"Feature","properties":{"minzoom":4},"geometry":{"type":"Polygon","coordinates":[[[-3.113,43.386],[-3.086,43.307],[-2.968,43.247],[-2.928,43.205],[-2.978,43.142],[-2.813,43.218],[-2.839,43.332],[-2.933,43.332],[-3.004,43.4],[-3.046,43.372],[-3.113,43.386]]]}},
{"type":"Feature","properties":{"minzoom":5},"geometry":{"type":"Polygon","coordinates":[[[2.497,43.283],[2.483,43.332],[2.279,43.294],[2.349,43.187],[2.508,43.23],[2.497,43.283]]]}},
{"type":"Feature","properties":{"minzoom":5},"geometry":{"type":"Polygon","coordinates":[[[-5.573,42.815],[-5.544,42.888],[-5.645,42.926],[-5.666,42.85],[-5.645,42.786],[-5.573,42.815]]]}},
{"type":"Feature","properties":{"minzoom":5},"geometry":{"type":"Polygon","coordinates":[[[-2.61,42.875],[-2.737,42.924],[-2.839,42.849],[-2.717,42.814],[-2.61,42.875]]]}},
{"type":"Feature","properties":{"minzoom":5},"geometry":{"type":"Polygon","coordinates":[[[-1.708,42.799],[-1.62,42.761],[-1.578,42.792],[-1.518,42.786],[-1.613,42.886],[-1.708,42.799]]]}},
{"type":"Feature","properties":{"minzoom":5},"geometry":{"type":"Polygon","coordinates":[[[-5.709,42.608],[-5.641,42.568],[-5.557,42.545],[-5.501,42.591],[-5.468,42.659],[-5.557,42.684],[-5.583,42.728],[-5.658,42.748],[-5.658,42.684],[-5.709,42.608]]]}},
{"type":"Feature","properties":{"minzoom":5},"geometry":{"type":"Polygon","coordinates":[[[-6.52,42.562],[-6.471,42.608],[-6.293,42.595],[-6.304,42.635],[-6.407,42.684],[-6.486,42.667],[-6.573,42.672],[-6.75,42.608],[-6.703,42.522],[-6.573,42.519],[-6.52,42.562]]]}},
{"type":"Feature","properties":{"minzoom":5},"geometry":{"type":"Polygon","coordinates":[[[-2.325,42.417],[-2.28,42.405],[-2.242,42.43],[-2.277,42.478],[-2.356,42.481],[-2.355,42.534],[-2.382,42.557],[-2.398,42.523],[-2.432,42.507],[-2.538,42.526],[-2.623,42.468],[-2.501,42.416],[-2.356,42.443],[-2.325,42.417]]]}},
{"type":"Feature","properties":{"minzoom":5},"geometry":{"type":"Polygon","coordinates":[[[2.076,42.468],[2.038,42.532],[1.911,42.488],[1.886,42.43],[1.98,42.435],[2.076,42.468]]]}},
{"type":"Feature","properties":{"minzoom":5},"geometry":{"type":"Polygon","coordinates":[[[-3.613,42.38],[-3.715,42.367],[-3.778,42.418],[-3.804,42.38],[-3.693,42.298],[-3.613,42.38]]]}},
{"type":"Feature","properties":{"minzoom":5},"geometry":{"type":"Polygon","coordinates":[[[-1.899,42.303],[-1.915,42.376],[-1.962,42.418],[-2.051,42.303],[-1.964,42.27],[-1.899,42.214],[-1.823,42.24],[-1.852,42.281],[-1.899,42.303]]]}},
{"type":"Feature","properties":{"minzoom":5},"geometry":{"type":"Polygon","coordinates":[[[-7.779,42.291],[-7.83,42.405],[-7.906,42.398],[-7.931,42.341],[-7.864,42.292],[-7.779,42.291]]]}},
{"type":"Feature","properties":{"minzoom":4},"geometry":{"type":"Polygon","coordinates":[[[-8.772,42.211],[-8.834,42.154],[-8.805,42.113],[-8.77,42.176],[-8.63,42.202],[-8.63,42.231],[-8.645,42.263],[-8.698,42.288],[-8.714,42.282],[-8.691,42.274],[-8.772,42.211]]]}},
{"type":"Feature","properties":{"minzoom":3.6},"geometry":{"type":"Polygon","coordinates":[[[1.033,41.062],[1.567,41.196],[2.083,41.287],[2.146,41.321],[2.311,41.467],[2.866,41.707],[2.825,41.783],[2.889,41.91],[2.876,41.973],[2.921,42.011],[2.94,42.075],[2.864,42.126],[2.838,42.176],[2.724,42.164],[2.738,42.108],[2.775,42.075],[2.739,42.021],[2.724,41.948],[2.671,41.924],[2.648,41.872],[2.688,41.848],[2.698,41.795],[2.512,41.768],[2.33,41.706],[2.241,41.77],[2.217,41.749],[2.178,41.745],[2.149,41.684],[2.102,41.643],[1.937,41.63],[1.955,41.752],[2,41.846],[1.946,41.919],[1.86,41.96],[1.835,41.846],[1.759,41.757],[1.822,41.605],[1.759,41.592],[1.708,41.668],[1.602,41.666],[1.555,41.605],[1.619,41.529],[1.676,41.522],[1.708,41.491],[1.695,41.402],[1.631,41.377],[1.594,41.325],[1.517,41.325],[1.436,41.258],[1.314,41.262],[1.34,41.364],[1.275,41.373],[1.213,41.351],[1.157,41.286],[1.073,41.249],[0.933,41.148],[0.92,41.071],[0.844,41.033],[0.774,40.943],[0.76,40.894],[0.779,40.87],[1.033,41.062]],[[2.564,41.701],[2.648,41.757],[2.686,41.656],[2.495,41.63],[2.564,41.701]]]}},
{"type":"Feature","properties":{"minzoom":5},"geometry":{"type":"Polygon","coordinates":[[[3.248,41.944],[3.225,42.111],[3.175,42.136],[3.153,42.18],[3.115,42.181],[3.102,42.078],[3.13,41.986],[3.105,41.897],[3.012,41.834],[3.001,41.79],[3.018,41.776],[3.248,41.944]]]}},
{"type":"Feature","properties":{"minzoom":3.6},"geometry":{"type":"Polygon","coordinates":[[[2.356,42.062],[2.24,42.087],[2.203,41.948],[2.279,41.884],[2.222,41.859],[2.19,41.808],[2.264,41.789],[2.33,41.833],[2.317,41.91],[2.353,41.97],[2.356,42.062]]]}},
{"type":"Feature","properties":{"minzoom":5},"geometry":{"type":"Polygon","coordinates":[[[-4.566,42.075],[-4.617,42.024],[-4.546,41.926],[-4.439,41.922],[-4.48,42.021],[-4.566,42.075]]]}},
{"type":"Feature","properties":{"minzoom":5},"geometry":{"type":"Polygon","coordinates":[[[-6.827,41.783],[-6.74,41.777],[-6.687,41.833],[-6.791,41.87],[-6.827,41.783]]]}},
{"type":"Feature","properties":{"minzoom":5},"geometry":{"type":"Polygon","coordinates":[[[-2.445,41.748],[-2.394,41.808],[-2.483,41.842],[-2.534,41.757],[-2.445,41.748]]]}},
{"type":"Feature","properties":{"minzoom":3.6},"geometry":{"type":"Polygon","coordinates":[[[-8.767,41.699],[-8.719,41.745],[-8.743,41.762],[-8.809,41.771],[-8.877,41.75],[-8.846,41.705],[-8.767,41.699]]]}},
{"type":"Feature","properties":{"minzoom":5},"geometry":{"type":"Polygon","coordinates":[[[-0.819,41.63],[-0.772,41.637],[-0.743,41.681],[-0.79,41.717],[-0.845,41.745],[-1.023,41.77],[-0.959,41.605],[-0.934,41.592],[-0.868,41.602],[-0.819,41.63]]]}},
{"type":"Feature","properties":{"minzoom":5},"geometry":{"type":"Polygon","coordinates":[[[-4.783,41.644],[-4.845,41.567],[-4.809,41.534],[-4.795,41.478],[-4.666,41.559],[-4.629,41.732],[-4.718,41.719],[-4.783,41.644]]]}},
{"type":"Feature","properties":{"minzoom":3.6},"geometry":{"type":"Polygon","coordinates":[[[0.559,41.63],[0.565,41.592],[0.677,41.601],[0.717,41.681],[0.552,41.668],[0.559,41.63]]]}},
{"type":"Feature","properties":{"minzoom":5},"geometry":{"type":"Polygon","coordinates":[[[-7.724,41.379],[-7.804,41.3],[-7.733,41.275],[-7.652,41.287],[-7.724,41.379]]]}},
{"type":"Feature","properties":{"minzoom":5},"geometry":{"type":"Polygon","coordinates":[[[-7.703,41.16],[-7.703,41.198],[-7.808,41.218],[-7.868,41.11],[-7.785,41.087],[-7.703,41.122],[-7.703,41.16]]]}},
{"type":"Feature","properties":{"minzoom":5},"geometry":{"type":"Polygon","coordinates":[[[-7.169,41.071],[-7.093,41.084],[-7.017,41.211],[-7.133,41.181],[-7.169,41.071]]]}},
{"type":"Feature","properties":{"minzoom":5},"geometry":{"type":"Polygon","coordinates":[[[0.627,40.622],[0.641,40.619],[0.609,40.71],[0.64,40.753],[0.692,40.767],[0.701,40.712],[0.755,40.703],[0.746,40.816],[0.715,40.823],[0.745,40.854],[0.726,40.864],[0.633,40.816],[0.603,40.817],[0.552,40.881],[0.473,40.878],[0.438,40.83],[0.537,40.692],[0.54,40.602],[0.558,40.578],[0.627,40.622]]]}},
{"type":"Feature","properties":{"minzoom":3.6},"geometry":{"type":"Polygon","coordinates":[[[-2.623,40.83],[-2.623,40.792],[-2.674,40.716],[-2.661,40.69],[-2.56,40.748],[-2.623,40.83]]]}},
{"type":"Feature","properties":{"minzoom":5},"geometry":{"type":"Polygon","coordinates":[[[-7.982,40.716],[-7.944,40.627],[-7.855,40.621],[-7.792,40.589],[-7.734,40.607],[-7.716,40.665],[-7.817,40.665],[-7.881,40.754],[-7.949,40.752],[-7.982,40.716]]]}},
{"type":"Feature","properties":{"minzoom":3.6},"geometry":{"type":"Polygon","coordinates":[[[-3.158,40.597],[-3.118,40.678],[-3.212,40.667],[-3.245,40.563],[-3.158,40.597]]]}},
{"type":"Feature","properties":{"minzoom":5},"geometry":{"type":"Polygon","coordinates":[[[0.528,40.554],[0.463,40.576],[0.377,40.471],[0.351,40.405],[0.369,40.338],[0.54,40.544],[0.528,40.554]]]}},
{"type":"Feature","properties":{"minzoom":5},"geometry":{"type":"Polygon","coordinates":[[[-4.325,40.335],[-4.312,40.284],[-4.261,40.322],[-4.307,40.362],[-4.325,40.424],[-4.419,40.391],[-4.477,40.322],[-4.401,40.301],[-4.325,40.335]]]}},
{"type":"Feature","properties":{"minzoom":5},"geometry":{"type":"Polygon","coordinates":[[[0.3,40.279],[0.273,40.317],[0.197,40.335],[0.158,40.208],[0.201,40.21],[0.241,40.241],[0.274,40.227],[0.316,40.269],[0.3,40.279]]]}},
{"type":"Feature","properties":{"minzoom":3.6},"geometry":{"type":"Polygon","coordinates":[[[-2.121,40.047],[-2.064,40.106],[-2.148,40.141],[-2.204,40.068],[-2.121,40.047]]]}},
{"type":"Feature","properties":{"minzoom":5},"geometry":{"type":"Polygon","coordinates":[[[0.158,40.107],[0.175,40.124],[0.122,40.132],[-0.083,40.081],[-0.16,40.118],[-0.261,40.132],[-0.306,40.022],[-0.299,39.992],[-0.009,40.002],[0.025,39.992],[0.158,40.107]]]}},
{"type":"Feature","properties":{"minzoom":3.7},"geometry":{"type":"Polygon","coordinates":[[[-9.357,38.698],[-9.136,38.743],[-9.04,38.902],[-9.074,38.912],[-9.166,38.858],[-9.278,38.824],[-9.405,38.836],[-9.405,38.773],[-9.469,38.729],[-9.357,38.698]]]}},
{"type":"Feature","properties":{"minzoom":5},"geometry":{"type":"Polygon","coordinates":[[[-9.178,38.688],[-9.25,38.657],[-9.231,38.607],[-9.182,38.62],[-9.113,38.595],[-9.019,38.615],[-8.986,38.697],[-9.178,38.688]]]}},
{"type":"Feature","properties":{"minzoom":5},"geometry":{"type":"Polygon","coordinates":[[[-0.381,38.436],[-0.42,38.454],[-0.54,38.43],[-0.542,38.337],[-0.521,38.315],[-0.381,38.436]]]}},
{"type":"Feature","properties":{"minzoom":5},"geometry":{"type":"Polygon","coordinates":[[[-1.035,38.062],[-1.226,38.1],[-1.236,37.992],[-1.15,37.922],[-1.048,37.96],[-1.017,38.011],[-0.934,38.062],[-0.921,38.1],[-0.979,38.098],[-1.035,38.062]]]}},
{"type":"Feature","properties":{"minzoom":3.7},"geometry":{"type":"Polygon","coordinates":[[[-5.836,37.35],[-5.925,37.528],[-6.045,37.441],[-6.065,37.274],[-5.988,37.3],[-5.927,37.282],[-5.887,37.3],[-5.921,37.316],[-5.938,37.35],[-5.836,37.35]]]}},
{"type":"Feature","properties":{"minzoom":3.7},"geometry":{"type":"Polygon","coordinates":[[[-6.855,37.176],[-6.854,37.209],[-6.873,37.22],[-6.885,37.194],[-6.855,37.176]]]}},
{"type":"Feature","properties":{"minzoom":3.7},"geometry":{"type":"Polygon","coordinates":[[[-6.908,37.236],[-6.928,37.312],[-6.978,37.298],[-6.989,37.254],[-6.971,37.2],[-6.908,37.236]]]}},
{"type":"Feature","properties":{"minzoom":5},"geometry":{"type":"Polygon","coordinates":[[[-3.677,37.287],[-3.702,37.249],[-3.791,37.249],[-3.762,37.183],[-3.69,37.16],[-3.613,37.096],[-3.537,37.134],[-3.537,37.261],[-3.677,37.287]]]}},
{"type":"Feature","properties":{"minzoom":5},"geometry":{"type":"Polygon","coordinates":[[[-2.585,37.147],[-2.613,37.182],[-2.674,37.185],[-2.737,37.223],[-2.763,37.223],[-2.775,37.191],[-2.775,37.147],[-2.679,37.133],[-2.585,37.147]]]}},
{"type":"Feature","properties":{"minzoom":5},"geometry":{"type":"Polygon","coordinates":[[[-2.368,36.825],[-2.431,36.957],[-2.496,36.982],[-2.488,36.877],[-2.505,36.822],[-2.368,36.825]]]}},
{"type":"Feature","properties":{"minzoom":3.6},"geometry":{"type":"Polygon","coordinates":[[[2.973,36.784],[2.846,36.739],[2.831,36.72],[2.872,36.709],[2.914,36.727],[2.974,36.676],[3.054,36.665],[3.075,36.608],[3.054,36.55],[3.131,36.541],[3.194,36.576],[3.156,36.595],[3.143,36.639],[3.232,36.601],[3.283,36.652],[3.318,36.624],[3.372,36.614],[3.411,36.689],[3.486,36.728],[3.571,36.708],[3.664,36.728],[3.63,36.838],[3.521,36.795],[2.973,36.784]]]}},
{"type":"Feature","properties":{"minzoom":5},"geometry":{"type":"Polygon","coordinates":[[[-4.435,36.7],[-4.344,36.72],[-4.352,36.746],[-4.406,36.779],[-4.541,36.753],[-4.541,36.639],[-4.646,36.601],[-4.658,36.553],[-4.642,36.529],[-4.502,36.629],[-4.435,36.7]]]}},
{"type":"Feature","properties":{"minzoom":6},"geometry":{"type":"Polygon","coordinates":[[[-6.258,36.565],[-6.266,36.527],[-6.237,36.453],[-6.171,36.426],[-6.115,36.436],[-6.13,36.491],[-6.166,36.525],[-6.179,36.626],[-6.245,36.621],[-6.281,36.601],[-6.258,36.565]]]}},
{"type":"Feature","properties":{"minzoom":5},"geometry":{"type":"Polygon","coordinates":[[[2.893,36.592],[2.838,36.601],[2.724,36.512],[2.643,36.524],[2.597,36.474],[2.64,36.452],[2.698,36.461],[2.838,36.436],[2.909,36.48],[2.952,36.55],[2.94,36.576],[2.893,36.592]]]}},
{"type":"Feature","properties":{"minzoom":5},"geometry":{"type":"Polygon","coordinates":[[[1.694,36.219],[1.818,36.231],[1.848,36.258],[1.727,36.299],[1.632,36.233],[1.694,36.219]]]}},
{"type":"Feature","properties":{"minzoom":5},"geometry":{"type":"Polygon","coordinates":[[[1.213,36.182],[1.225,36.093],[1.365,36.131],[1.394,36.203],[1.378,36.258],[1.304,36.211],[1.213,36.182]]]}},
{"type":"Feature","properties":{"minzoom":5},"geometry":{"type":"Polygon","coordinates":[[[-0.351,35.863],[-0.426,35.862],[-0.436,35.767],[-0.311,35.737],[-0.11,35.768],[-0.095,35.79],[-0.092,35.829],[-0.189,35.819],[-0.351,35.863]]]}},
{"type":"Feature","properties":{"minzoom":5},"geometry":{"type":"Polygon","coordinates":[[[-5.894,35.791],[-5.879,35.765],[-5.823,35.737],[-5.722,35.725],[-5.704,35.821],[-5.894,35.791]]]}},
{"type":"Feature","properties":{"minzoom":3.7},"geometry":{"type":"Polygon","coordinates":[[[-0.78,35.696],[-0.731,35.699],[-0.671,35.632],[-0.565,35.61],[-0.503,35.662],[-0.464,35.737],[-0.588,35.798],[-0.82,35.707],[-0.78,35.696]]]}},
{"type":"Feature","properties":{"minzoom":5},"geometry":{"type":"Polygon","coordinates":[[[-5.329,35.732],[-5.332,35.655],[-5.394,35.593],[-5.404,35.547],[-5.308,35.562],[-5.243,35.605],[-5.329,35.732]]]}},
{"type":"Feature","properties":{"minzoom":5},"geometry":{"type":"Polygon","coordinates":[[[-2.926,35.287],[-2.954,35.322],[-3.002,35.302],[-3.017,35.268],[-2.966,35.229],[-3.001,35.189],[-3.017,35.128],[-2.953,35.102],[-3.029,35.001],[-2.935,35.037],[-2.84,35.128],[-2.926,35.287]]]}},
{"type":"Feature","properties":{"minzoom":3.7},"geometry":{"type":"Polygon","coordinates":[[[-6.901,33.969],[-7.051,33.884],[-7.039,33.828],[-6.865,33.832],[-6.852,33.896],[-6.776,33.909],[-6.738,33.998],[-6.711,34.009],[-6.7,34.036],[-6.707,34.092],[-6.736,34.135],[-6.753,34.137],[-6.901,33.969]]]}},
{"type":"Feature","properties":{"minzoom":3.7},"geometry":{"type":"Polygon","coordinates":[[[-4.909,34.074],[-4.998,34.096],[-5.087,34.061],[-5.074,33.985],[-5.023,33.947],[-4.941,33.985],[-4.909,34.074]]]}},
{"type":"Feature","properties":{"minzoom":5},"geometry":{"type":"Polygon","coordinates":[[[-5.645,33.858],[-5.506,33.832],[-5.477,33.868],[-5.468,33.921],[-5.581,33.94],[-5.645,33.858]]]}},
{"type":"Feature","properties":{"minzoom":3.6},"geometry":{"type":"Polygon","coordinates":[[[-7.759,33.57],[-7.614,33.363],[-7.563,33.362],[-7.525,33.375],[-7.576,33.464],[-7.477,33.48],[-7.398,33.515],[-7.396,33.563],[-7.423,33.604],[-7.334,33.692],[-7.336,33.708],[-7.363,33.731],[-7.759,33.57]]]}},
{"type":"Feature","properties":{"minzoom":5},"geometry":{"type":"Polygon","coordinates":[[[-8.596,33.187],[-8.662,33.114],[-8.592,33.1],[-8.541,33.121],[-8.566,33.185],[-8.49,33.185],[-8.327,33.276],[-8.303,33.316],[-8.309,33.365],[-8.513,33.252],[-8.596,33.187]]]}},
{"type":"Feature","properties":{"minzoom":5},"geometry":{"type":"Polygon","coordinates":[[[-6.297,32.535],[-6.331,32.448],[-6.261,32.433],[-6.192,32.448],[-6.218,32.549],[-6.268,32.626],[-6.297,32.535]]]}},
{"type":"Feature","properties":{"minzoom":3.7},"geometry":{"type":"Polygon","coordinates":[[[-7.916,31.683],[-7.957,31.737],[-8.071,31.737],[-8.109,31.635],[-8.01,31.575],[-7.893,31.61],[-7.916,31.683]]]}},
{"type":"Feature","properties":{"minzoom":5},"geometry":{"type":"Polygon","coordinates":[[[-2.216,31.534],[-2.177,31.577],[-2.166,31.648],[-2.27,31.633],[-2.216,31.534]]]}},
{"type":"Feature","properties":{"minzoom":5},"geometry":{"type":"Polygon","coordinates":[[[-6.992,30.95],[-6.969,30.871],[-6.903,30.835],[-6.827,30.874],[-6.788,30.95],[-6.89,31.011],[-6.992,30.95]]]}},
{"type":"Feature","properties":{"minzoom":5},"geometry":{"type":"Polygon","coordinates":[[[-8.922,30.492],[-8.922,30.429],[-8.884,30.403],[-8.807,30.441],[-8.757,30.505],[-8.837,30.535],[-8.922,30.492]]]}},
{"type":"Feature","properties":{"minzoom":5},"geometry":{"type":"Polygon","coordinates":[[[-9.624,30.353],[-9.481,30.289],[-9.392,30.322],[-9.328,30.378],[-9.462,30.406],[-9.57,30.48],[-9.625,30.479],[-9.67,30.469],[-9.624,30.353]]]}},
{"type":"Feature","properties":{"minzoom":3.7},"geometry":{"type":"Polygon","coordinates":[[[-17.536,14.755],[-17.445,14.652],[-17.418,14.723],[-17.346,14.729],[-17.222,14.676],[-17.228,14.77],[-17.182,14.787],[-17.164,14.833],[-17.234,14.82],[-17.266,14.77],[-17.372,14.812],[-17.536,14.755]]]}},
{"type":"Feature","properties":{"minzoom":3.7},"geometry":{"type":"Polygon","coordinates":[[[2.137,13.581],[2.051,13.525],[2.124,13.469],[2.203,13.5],[2.137,13.581]]]}},
{"type":"Feature","properties":{"minzoom":3.7},"geometry":{"type":"Polygon","coordinates":[[[-8.008,12.577],[-7.931,12.573],[-7.906,12.687],[-8.002,12.696],[-8.058,12.636],[-8.008,12.577]]]}},
{"type":"Feature","properties":{"minzoom":3.6},"geometry":{"type":"Polygon","coordinates":[[[0.803,51.569],[0.806,51.587],[0.723,51.634],[0.616,51.612],[0.543,51.632],[0.463,51.625],[0.387,51.676],[0.332,51.667],[0.311,51.625],[0.387,51.6],[0.298,51.574],[0.12,51.689],[0.146,51.79],[0.043,51.83],[-0.07,51.828],[-0.019,51.727],[-0.13,51.71],[-0.223,51.727],[-0.172,51.841],[-0.21,51.854],[-0.261,51.778],[-0.327,51.794],[-0.388,51.765],[-0.436,51.788],[-0.489,51.765],[-0.426,51.689],[-0.45,51.579],[-0.527,51.524],[-0.756,51.549],[-0.642,51.46],[-0.591,51.46],[-0.552,51.385],[-0.489,51.333],[-0.413,51.371],[-0.384,51.349],[-0.337,51.346],[-0.337,51.295],[-0.184,51.282],[-0.197,51.219],[-0.092,51.259],[-0.019,51.333],[0.044,51.308],[0.062,51.334],[0.273,51.397],[0.358,51.394],[0.438,51.371],[0.425,51.295],[0.501,51.255],[0.578,51.244],[0.584,51.306],[0.628,51.346],[0.603,51.422],[0.629,51.427],[0.6,51.468],[0.528,51.484],[0.425,51.466],[0.593,51.519],[0.792,51.537],[0.803,51.569]]]}},
{"type":"Feature","properties":{"minzoom":4},"geometry":{"type":"Polygon","coordinates":[[[3.219,42.26],[3.307,42.289],[3.288,42.344],[3.24,42.368],[3.198,42.461],[3.091,42.591],[3.048,42.815],[2.992,42.834],[2.992,42.873],[3.047,42.875],[3.077,42.952],[3.041,42.953],[2.965,42.875],[2.825,42.837],[2.673,42.722],[2.724,42.608],[2.805,42.619],[2.851,42.608],[2.767,42.572],[2.724,42.494],[3.029,42.532],[3.135,42.413],[3.105,42.316],[3.082,42.344],[3.041,42.354],[3.067,42.24],[3.163,42.235],[3.166,42.256],[3.219,42.26]]]}},
{"type":"Feature","properties":{"minzoom":3.6},"geometry":{"type":"Polygon","coordinates":[[[-3.114,53.321],[-2.974,53.281],[-2.915,53.225],[-2.94,53.175],[-2.885,53.162],[-2.839,53.187],[-2.851,53.251],[-2.779,53.283],[-2.534,53.34],[-2.47,53.378],[-2.191,53.327],[-2.089,53.365],[-1.975,53.467],[-2.166,53.67],[-2.229,53.619],[-2.356,53.581],[-2.445,53.619],[-2.496,53.568],[-2.603,53.604],[-2.737,53.594],[-2.826,53.644],[-3.017,53.581],[-2.948,53.648],[-2.967,53.692],[-3.059,53.586],[-3.065,53.513],[-2.97,53.389],[-2.913,53.35],[-2.75,53.31],[-2.864,53.293],[-2.919,53.305],[-3.065,53.427],[-3.166,53.395],[-3.114,53.321]]]}},
{"type":"Feature","properties":{"minzoom":3.6},"geometry":{"type":"Polygon","coordinates":[[[-1.01,52.692],[-1.137,52.743],[-1.226,52.819],[-1.267,52.807],[-1.302,52.819],[-1.266,52.856],[-1.2,52.844],[-1.159,52.866],[-1.099,52.87],[-1.035,52.933],[-0.959,52.933],[-0.946,52.959],[-1.124,53.111],[-1.086,53.187],[-1.2,53.289],[-1.073,53.302],[-1.086,53.416],[-0.997,53.454],[-0.96,53.576],[-0.896,53.67],[-0.824,53.7],[-0.794,53.771],[-0.874,53.797],[-0.946,53.759],[-0.985,53.848],[-1.15,53.835],[-1.15,53.771],[-1.051,53.743],[-0.985,53.683],[-1.061,53.619],[-1.15,53.657],[-1.264,53.67],[-1.162,53.695],[-1.213,53.835],[-1.302,53.81],[-1.404,53.886],[-1.467,53.848],[-1.542,53.874],[-1.645,53.873],[-1.696,53.898],[-1.785,53.86],[-1.924,53.873],[-1.87,53.845],[-1.835,53.797],[-1.912,53.759],[-1.835,53.619],[-1.743,53.622],[-1.67,53.644],[-1.556,53.594],[-1.528,53.54],[-1.505,53.479],[-1.531,53.39],[-1.467,53.225],[-1.366,53.111],[-1.404,53.06],[-1.353,53.035],[-1.378,52.971],[-1.556,52.946],[-1.502,52.864],[-1.378,52.87],[-1.366,52.755],[-1.408,52.747],[-1.429,52.717],[-1.327,52.679],[-1.277,52.743],[-1.219,52.743],[-1.188,52.717],[-1.261,52.67],[-1.289,52.578],[-1.179,52.564],[-1.073,52.565],[-1.01,52.692]]]}},
{"type":"Feature","properties":{"minzoom":3.6},"geometry":{"type":"Polygon","coordinates":[[[4.483,52.309],[4.376,52.197],[4.209,52.059],[4.085,51.994],[4.037,51.94],[4.121,51.892],[4.108,51.828],[4.235,51.866],[4.349,51.816],[4.519,51.788],[4.667,51.739],[4.728,51.773],[4.769,51.828],[4.629,51.943],[4.667,51.993],[4.743,51.993],[4.692,52.171],[4.778,52.169],[4.832,52.222],[4.883,52.197],[4.883,52.286],[5.01,52.298],[4.934,52.438],[4.844,52.484],[4.769,52.514],[4.75,52.463],[4.705,52.438],[4.73,52.59],[4.883,52.641],[4.857,52.73],[4.781,52.73],[4.656,52.561],[4.59,52.531],[4.483,52.309]]]}},
{"type":"Feature","properties":{"minzoom":3.6},"geometry":{"type":"Polygon","coordinates":[[[3.814,51.348],[3.778,51.219],[3.714,51.155],[3.638,51.13],[3.638,51.016],[3.524,50.977],[3.553,50.954],[3.587,50.977],[3.666,50.913],[3.692,50.956],[3.829,50.99],[3.866,50.97],[3.88,50.927],[3.917,50.951],[4.019,50.888],[4.108,50.863],[4.148,50.884],[4.124,50.95],[4.21,51.03],[4.286,51.041],[4.309,50.988],[4.299,50.927],[4.251,50.905],[4.222,50.863],[4.251,50.813],[4.248,50.762],[4.209,50.731],[4.197,50.673],[4.267,50.664],[4.337,50.685],[4.395,50.662],[4.536,50.671],[4.591,50.635],[4.661,50.653],[4.718,50.685],[4.708,50.746],[4.68,50.787],[4.631,50.782],[4.603,50.812],[4.621,50.827],[4.743,50.812],[4.795,50.863],[4.819,50.939],[4.921,50.914],[4.972,50.977],[5.137,50.952],[5.2,50.927],[5.277,50.927],[5.302,50.914],[5.33,50.821],[5.429,50.8],[5.389,50.947],[5.404,51.066],[5.365,51.086],[5.296,51.07],[5.277,51.104],[5.229,51.123],[5.035,51.155],[4.994,51.188],[4.934,51.168],[4.845,51.231],[4.718,51.117],[4.642,51.079],[4.519,51.125],[4.578,51.206],[4.464,51.295],[4.425,51.358],[4.349,51.384],[4.345,51.448],[4.287,51.55],[4.222,51.562],[4.212,51.523],[4.273,51.498],[4.302,51.446],[4.286,51.409],[4.244,51.418],[4.248,51.371],[4.184,51.32],[4.019,51.257],[4.07,51.13],[4.057,51.108],[4.032,51.13],[3.997,51.127],[3.973,51.056],[3.905,51.041],[3.869,51.066],[3.892,51.104],[3.865,51.143],[3.867,51.356],[3.814,51.348]],[[4.853,51.059],[4.857,51.104],[4.904,51.093],[4.946,51.104],[5.023,51.073],[5.073,51.016],[4.845,51.016],[4.853,51.059]]]}},
{"type":"Feature","properties":{"minzoom":3.6},"geometry":{"type":"Polygon","coordinates":[[[2.759,48.84],[2.825,48.844],[2.978,48.971],[2.889,48.996],[2.813,48.945],[2.722,48.969],[2.66,49.022],[2.598,49.029],[2.559,49.06],[2.572,49.149],[2.444,49.136],[2.533,49.288],[2.457,49.365],[2.454,49.412],[2.419,49.428],[2.419,49.25],[2.356,49.174],[2.229,49.187],[2.163,49.113],[2.038,49.098],[1.949,49.022],[1.903,49.027],[1.848,49.009],[1.733,49.009],[1.687,49.058],[1.619,49.085],[1.619,48.996],[1.765,48.951],[1.924,48.945],[1.987,48.907],[2.038,48.857],[1.873,48.844],[1.911,48.73],[2.013,48.742],[2.19,48.615],[2.178,48.564],[2.317,48.552],[2.336,48.5],[2.381,48.476],[2.398,48.515],[2.381,48.564],[2.481,48.544],[2.572,48.501],[2.673,48.501],[2.686,48.412],[2.8,48.387],[2.768,48.444],[2.711,48.476],[2.711,48.552],[2.665,48.626],[2.648,48.73],[2.711,48.755],[2.711,48.818],[2.759,48.84]]]}},
{"type":"Feature","properties":{"minzoom":4},"geometry":{"type":"Polygon","coordinates":[[[3.259,43.193],[3.571,43.352],[3.638,43.421],[3.679,43.408],[3.785,43.462],[3.911,43.563],[4.044,43.591],[4.083,43.65],[4.248,43.7],[4.292,43.687],[4.337,43.7],[4.337,43.777],[4.451,43.751],[4.5,43.823],[4.527,43.916],[4.311,43.929],[4.251,43.85],[4.172,43.789],[4.095,43.84],[4.045,43.738],[3.969,43.739],[3.918,43.764],[3.93,43.827],[3.854,43.827],[3.773,43.696],[3.74,43.548],[3.676,43.548],[3.647,43.514],[3.6,43.497],[3.58,43.454],[3.537,43.434],[3.486,43.472],[3.473,43.548],[3.422,43.561],[3.372,43.472],[3.422,43.408],[3.384,43.345],[3.295,43.421],[3.105,43.446],[3.13,43.37],[3.092,43.294],[2.992,43.267],[2.927,43.205],[2.927,43.167],[2.973,43.143],[3.041,43.142],[3.14,43.047],[3.259,43.193]]]}},
{"type":"Feature","properties":{"minzoom":5},"geometry":{"type":"Polygon","coordinates":[[[-8.738,41.285],[-8.66,41.086],[-8.678,40.858],[-8.528,40.843],[-8.63,40.805],[-8.61,40.733],[-8.665,40.705],[-8.706,40.706],[-8.737,40.645],[-8.659,40.58],[-8.541,40.538],[-8.485,40.545],[-8.452,40.513],[-8.503,40.449],[-8.472,40.329],[-8.528,40.182],[-8.376,40.182],[-8.401,40.398],[-8.376,40.462],[-8.414,40.538],[-8.397,40.611],[-8.465,40.652],[-8.516,40.589],[-8.566,40.589],[-8.592,40.614],[-8.541,40.673],[-8.541,40.754],[-8.427,40.83],[-8.376,40.836],[-8.351,40.868],[-8.465,41.071],[-8.401,41.148],[-8.211,41.211],[-8.08,41.204],[-8.008,41.313],[-8.122,41.364],[-8.124,41.429],[-8.097,41.491],[-8.148,41.522],[-8.211,41.516],[-8.251,41.539],[-8.312,41.541],[-8.338,41.618],[-8.378,41.641],[-8.401,41.681],[-8.439,41.681],[-8.554,41.592],[-8.668,41.579],[-8.668,41.529],[-8.516,41.503],[-8.592,41.427],[-8.668,41.287],[-8.688,41.325],[-8.681,41.376],[-8.744,41.478],[-8.732,41.554],[-8.807,41.58],[-8.738,41.285]]]}},
{"type":"Feature","properties":{"minzoom":3.6},"geometry":{"type":"Polygon","coordinates":[[[-3.398,40.436],[-3.296,40.424],[-3.304,40.499],[-3.359,40.525],[-3.448,40.475],[-3.575,40.525],[-3.552,40.591],[-3.474,40.602],[-3.525,40.703],[-3.639,40.767],[-3.664,40.627],[-3.739,40.66],[-3.791,40.716],[-3.74,40.781],[-3.74,40.868],[-3.778,40.868],[-3.932,40.787],[-4.121,40.754],[-4.198,40.779],[-4.216,40.754],[-4.223,40.716],[-4.134,40.703],[-4.121,40.678],[-4.223,40.602],[-4.186,40.576],[-4.121,40.576],[-4.096,40.5],[-3.994,40.462],[-3.996,40.393],[-4.033,40.335],[-3.994,40.233],[-3.867,40.284],[-3.88,40.241],[-3.855,40.208],[-3.791,40.246],[-3.664,40.221],[-3.636,40.3],[-3.563,40.335],[-3.529,40.297],[-3.525,40.259],[-3.601,40.271],[-3.626,40.182],[-3.662,40.161],[-3.677,40.119],[-3.624,40.115],[-3.588,40.157],[-3.486,40.221],[-3.41,40.233],[-3.398,40.297],[-3.436,40.398],[-3.398,40.436]]]}},
{"type":"Feature","properties":{"minzoom":5},"geometry":{"type":"Polygon","coordinates":[[[27.711,38.849],[27.8,38.9],[27.876,38.913],[27.905,38.954],[27.914,39.014],[27.762,39.014],[27.775,38.951],[27.711,38.849]]]}},
{"type":"Feature","properties":{"minzoom":5},"geometry":{"type":"Polygon","coordinates":[[[35.573,38.684],[35.56,38.786],[35.454,38.793],[35.395,38.735],[35.475,38.701],[35.573,38.684]]]}},
{"type":"Feature","properties":{"minzoom":5},"geometry":{"type":"Polygon","coordinates":[[[39.179,38.748],[39.129,38.709],[39.206,38.651],[39.306,38.646],[39.299,38.708],[39.268,38.748],[39.179,38.748]]]}},
{"type":"Feature","properties":{"minzoom":5},"geometry":{"type":"Polygon","coordinates":[[[27.419,38.671],[27.371,38.695],[27.318,38.684],[27.33,38.627],[27.445,38.591],[27.495,38.621],[27.468,38.657],[27.419,38.671]]]}},
{"type":"Feature","properties":{"minzoom":5},"geometry":{"type":"Polygon","coordinates":[[[45.034,38.582],[44.996,38.633],[44.897,38.627],[44.831,38.582],[44.936,38.52],[45.034,38.582]]]}},
{"type":"Feature","properties":{"minzoom":4},"geometry":{"type":"Polygon","coordinates":[[[27.099,38.416],[27.023,38.402],[27.094,38.341],[27.152,38.316],[27.177,38.355],[27.229,38.367],[27.305,38.468],[27.2,38.508],[27.047,38.513],[27.016,38.449],[27.144,38.452],[27.099,38.416]]]}},
{"type":"Feature","properties":{"minzoom":5},"geometry":{"type":"Polygon","coordinates":[[[28.118,38.451],[28.219,38.506],[28.127,38.527],[28.029,38.519],[28.118,38.451]]]}},
{"type":"Feature","properties":{"minzoom":4},"geometry":{"type":"Polygon","coordinates":[[[45.72,38.417],[45.795,38.406],[45.86,38.43],[45.771,38.503],[45.72,38.417]]]}},
{"type":"Feature","properties":{"minzoom":3.6},"geometry":{"type":"Polygon","coordinates":[[[23.546,38.494],[23.587,38.365],[23.659,38.382],[23.57,38.489],[23.546,38.494]]]}},
{"type":"Feature","properties":{"minzoom":3.6},"geometry":{"type":"Polygon","coordinates":[[[23.698,38.481],[23.631,38.507],[23.651,38.443],[23.697,38.425],[23.698,38.481]]]}},
{"type":"Feature","properties":{"minzoom":5},"geometry":{"type":"Polygon","coordinates":[[[38.214,38.303],[38.455,38.341],[38.322,38.412],[38.214,38.303]]]}},
{"type":"Feature","properties":{"minzoom":4},"geometry":{"type":"Polygon","coordinates":[[[46.591,37.978],[46.622,38.036],[46.508,38.063],[46.456,38.151],[46.38,38.151],[46.307,38.191],[46.215,38.214],[46.139,38.201],[46.126,38.265],[46.021,38.318],[45.936,38.303],[46.015,38.243],[46.05,38.138],[45.974,38.125],[46.05,38.049],[46.034,38.002],[45.999,37.973],[45.963,37.984],[45.948,37.96],[46.164,37.909],[46.215,38.011],[46.323,38.004],[46.418,38.024],[46.478,37.975],[46.558,37.947],[46.591,37.978]]]}},
{"type":"Feature","properties":{"minzoom":5},"geometry":{"type":"Polygon","coordinates":[[[44.82,38.206],[44.856,38.252],[44.775,38.279],[44.691,38.252],[44.727,38.199],[44.78,38.163],[44.82,38.206]]]}},
{"type":"Feature","properties":{"minzoom":4},"geometry":{"type":"Polygon","coordinates":[[[15.646,38.034],[15.706,38.093],[15.673,38.221],[15.643,38.175],[15.646,38.034]]]}},
{"type":"Feature","properties":{"minzoom":3.7},"geometry":{"type":"Polygon","coordinates":[[[13.213,38.137],[13.271,38.151],[13.297,38.049],[13.386,38.087],[13.437,38.071],[13.535,38.08],[13.384,38.127],[13.352,38.181],[13.183,38.191],[13.213,38.137]]]}},
{"type":"Feature","properties":{"minzoom":4},"geometry":{"type":"Polygon","coordinates":[[[15.139,38.136],[15.202,38.1],[15.304,38.174],[15.305,38.225],[15.224,38.211],[15.139,38.136]]]}},
{"type":"Feature","properties":{"minzoom":3.6},"geometry":{"type":"Polygon","coordinates":[[[23.581,38.011],[23.794,37.839],[23.8,37.935],[23.876,38.036],[23.876,38.176],[23.749,38.151],[23.706,38.111],[23.647,38.087],[23.553,38.092],[23.505,38.035],[23.581,38.011]]]}},
{"type":"Feature","properties":{"minzoom":4},"geometry":{"type":"Polygon","coordinates":[[[32.453,37.924],[32.423,37.859],[32.436,37.833],[32.491,37.82],[32.55,37.833],[32.56,37.913],[32.512,37.96],[32.453,37.924]]]}},
{"type":"Feature","properties":{"minzoom":5},"geometry":{"type":"Polygon","coordinates":[[[27.851,37.795],[27.923,37.818],[27.978,37.859],[27.911,37.885],[27.826,37.871],[27.766,37.886],[27.724,37.859],[27.851,37.795]]]}},
{"type":"Feature","properties":{"minzoom":5},"geometry":{"type":"Polygon","coordinates":[[[29.007,37.808],[29.049,37.749],[29.134,37.732],[29.159,37.795],[29.223,37.808],[29.127,37.84],[29.007,37.808]]]}},
{"type":"Feature","properties":{"minzoom":4},"geometry":{"type":"Polygon","coordinates":[[[46.037,37.795],[45.942,37.842],[45.872,37.782],[45.965,37.739],[46.037,37.795]]]}},
{"type":"Feature","properties":{"minzoom":4},"geometry":{"type":"Polygon","coordinates":[[[15.152,37.661],[15.135,37.71],[15.113,37.719],[15.02,37.64],[14.948,37.541],[15.011,37.49],[15.036,37.433],[15.101,37.44],[15.184,37.637],[15.152,37.661]]]}},
{"type":"Feature","properties":{"minzoom":5},"geometry":{"type":"Polygon","coordinates":[[[45.148,37.528],[45.11,37.642],[45.021,37.693],[44.971,37.554],[45.051,37.506],[45.148,37.528]]]}},
{"type":"Feature","properties":{"minzoom":5},"geometry":{"type":"Polygon","coordinates":[[[46.266,37.351],[46.308,37.384],[46.329,37.439],[46.3,37.468],[46.253,37.478],[46.139,37.414],[46.038,37.407],[45.987,37.351],[46.106,37.327],[46.266,37.351]]]}},
{"type":"Feature","properties":{"minzoom":6},"geometry":{"type":"Polygon","coordinates":[[[37.998,37.033],[37.951,37.1],[37.859,37.122],[37.846,37.046],[37.922,37.024],[37.998,37.033]]]}},
{"type":"Feature","properties":{"minzoom":4},"geometry":{"type":"Polygon","coordinates":[[[35.255,36.97],[35.306,36.944],[35.389,36.963],[35.446,37.008],[35.325,37.064],[35.255,36.97]]]}},
{"type":"Feature","properties":{"minzoom":5},"geometry":{"type":"Polygon","coordinates":[[[46.152,36.931],[46.19,37.008],[46.099,37.032],[46.05,36.957],[46.152,36.931]]]}},
{"type":"Feature","properties":{"minzoom":5},"geometry":{"type":"Polygon","coordinates":[[[36.18,36.807],[36.188,36.659],[36.075,36.56],[36.2,36.5],[36.233,36.512],[36.211,36.528],[36.208,36.563],[36.258,36.696],[36.271,36.868],[36.195,36.931],[36.22,36.995],[36.16,37.015],[36.133,36.996],[36.082,36.888],[36.18,36.807]]]}},
{"type":"Feature","properties":{"minzoom":5},"geometry":{"type":"Polygon","coordinates":[[[30.787,36.858],[30.823,36.919],[30.867,36.925],[30.886,36.957],[30.816,36.974],[30.721,36.957],[30.607,36.995],[30.557,36.903],[30.556,36.868],[30.613,36.831],[30.644,36.866],[30.787,36.858]]]}},
{"type":"Feature","properties":{"minzoom":5},"geometry":{"type":"Polygon","coordinates":[[[34.704,36.817],[34.769,36.806],[34.861,36.868],[34.944,36.898],[35.001,36.957],[34.955,36.976],[34.887,36.97],[34.782,36.888],[34.633,36.881],[34.479,36.735],[34.492,36.719],[34.601,36.784],[34.704,36.817]]]}},
{"type":"Feature","properties":{"minzoom":4},"geometry":{"type":"Polygon","coordinates":[[[7.708,36.935],[7.658,36.843],[7.594,36.779],[7.85,36.767],[7.847,36.869],[7.792,36.88],[7.708,36.935]]]}},
{"type":"Feature","properties":{"minzoom":3.7},"geometry":{"type":"Polygon","coordinates":[[[10.293,36.781],[10.334,36.865],[10.275,36.933],[10.117,36.91],[10.02,36.83],[10.134,36.741],[10.147,36.677],[10.253,36.669],[10.338,36.639],[10.376,36.69],[10.404,36.695],[10.413,36.732],[10.293,36.781]]]}},
{"type":"Feature","properties":{"minzoom":5},"geometry":{"type":"Polygon","coordinates":[[[6.864,36.935],[6.865,36.882],[6.938,36.832],[7.027,36.847],[7.085,36.922],[7.085,36.937],[6.928,36.919],[6.864,36.935]]]}},
{"type":"Feature","properties":{"minzoom":5},"geometry":{"type":"Polygon","coordinates":[[[5.765,36.797],[5.875,36.755],[5.943,36.754],[5.967,36.789],[5.966,36.842],[5.765,36.797]]]}},
{"type":"Feature","properties":{"minzoom":5},"geometry":{"type":"Polygon","coordinates":[[[29.337,36.754],[29.331,36.628],[29.35,36.538],[29.398,36.63],[29.375,36.754],[29.337,36.754]]]}},
{"type":"Feature","properties":{"minzoom":5},"geometry":{"type":"Polygon","coordinates":[[[29.058,36.638],[29.064,36.602],[29.235,36.627],[29.162,36.708],[29.059,36.728],[28.998,36.707],[29.038,36.693],[29.058,36.638]]]}},
{"type":"Feature","properties":{"minzoom":5},"geometry":{"type":"Polygon","coordinates":[[[28.13,36.347],[28.157,36.272],[28.174,36.266],[28.23,36.37],[28.232,36.434],[28.079,36.397],[28.13,36.347]]]}},
{"type":"Feature","properties":{"minzoom":4},"geometry":{"type":"Polygon","coordinates":[[[43.205,36.296],[43.231,36.398],[43.139,36.429],[43.053,36.411],[43.097,36.322],[43.205,36.296]]]}},
{"type":"Feature","properties":{"minzoom":4},"geometry":{"type":"Polygon","coordinates":[[[6.578,36.322],[6.667,36.296],[6.675,36.391],[6.591,36.423],[6.578,36.322]]]}},
{"type":"Feature","properties":{"minzoom":4},"geometry":{"type":"Polygon","coordinates":[[[37.096,36.175],[37.109,36.157],[37.194,36.18],[37.224,36.258],[37.135,36.26],[37.084,36.195],[37.096,36.175]]]}},
{"type":"Feature","properties":{"minzoom":4},"geometry":{"type":"Polygon","coordinates":[[[10.689,35.799],[10.591,35.887],[10.551,35.955],[10.515,35.877],[10.566,35.7],[10.619,35.711],[10.655,35.738],[10.708,35.721],[10.744,35.687],[10.744,35.598],[10.833,35.623],[10.943,35.607],[11.001,35.636],[10.784,35.772],[10.689,35.799]]]}},
{"type":"Feature","properties":{"minzoom":5},"geometry":{"type":"Polygon","coordinates":[[[44.056,35.611],[44.17,35.75],[44.085,35.818],[43.955,35.839],[44.005,35.712],[43.878,35.712],[43.947,35.641],[44.056,35.611]]]}},
{"type":"Feature","properties":{"minzoom":4},"geometry":{"type":"Polygon","coordinates":[[[44.272,35.547],[44.374,35.407],[44.475,35.446],[44.463,35.547],[44.354,35.601],[44.234,35.611],[44.272,35.547]]]}},
{"type":"Feature","properties":{"minzoom":4},"geometry":{"type":"Polygon","coordinates":[[[11.006,35.536],[10.971,35.52],[10.967,35.457],[10.935,35.407],[11.005,35.362],[11.041,35.359],[11.006,35.536]]]}},
{"type":"Feature","properties":{"minzoom":5},"geometry":{"type":"Polygon","coordinates":[[[40.208,35.42],[40.106,35.42],[40.106,35.344],[40.137,35.323],[40.183,35.319],[40.211,35.277],[40.272,35.268],[40.227,35.341],[40.208,35.42]]]}},
{"type":"Feature","properties":{"minzoom":5},"geometry":{"type":"Polygon","coordinates":[[[44.399,35.369],[44.361,35.369],[44.323,35.268],[44.419,35.212],[44.513,35.242],[44.399,35.369]]]}},
{"type":"Feature","properties":{"minzoom":5},"geometry":{"type":"Polygon","coordinates":[[[44.666,35.153],[44.595,35.207],[44.501,35.192],[44.565,35.107],[44.666,35.153]]]}},
{"type":"Feature","properties":{"minzoom":5},"geometry":{"type":"Polygon","coordinates":[[[43.485,35.103],[43.456,35.049],[43.396,35.026],[43.471,34.931],[43.51,34.912],[43.561,34.988],[43.602,35.017],[43.612,35.077],[43.485,35.103]]]}},
{"type":"Feature","properties":{"minzoom":5},"geometry":{"type":"Polygon","coordinates":[[[10.742,34.851],[10.655,34.811],[10.656,34.754],[10.7,34.689],[10.832,34.844],[10.742,34.851]]]}},
{"type":"Feature","properties":{"minzoom":5},"geometry":{"type":"Polygon","coordinates":[[[36.817,34.722],[36.798,34.792],[36.754,34.836],[36.634,34.775],[36.601,34.658],[36.817,34.722]]]}},
{"type":"Feature","properties":{"minzoom":5},"geometry":{"type":"Polygon","coordinates":[[[45.415,34.087],[45.414,34.029],[45.44,33.972],[45.551,33.982],[45.606,34.049],[45.53,34.087],[45.415,34.087]]]}},
{"type":"Feature","properties":{"minzoom":5},"geometry":{"type":"Polygon","coordinates":[[[10.058,34.013],[9.969,33.985],[9.994,33.94],[10.096,33.833],[10.156,33.856],[10.071,34.015],[10.058,34.013]]]}},
{"type":"Feature","properties":{"minzoom":5},"geometry":{"type":"Polygon","coordinates":[[[10.822,33.883],[10.853,33.847],[10.922,33.845],[10.978,33.785],[11.038,33.785],[11.018,33.823],[10.922,33.893],[10.822,33.883]]]}},
{"type":"Feature","properties":{"minzoom":5},"geometry":{"type":"Polygon","coordinates":[[[44.726,33.785],[44.717,33.82],[44.577,33.807],[44.577,33.731],[44.652,33.716],[44.729,33.744],[44.726,33.785]]]}},
{"type":"Feature","properties":{"minzoom":3.6},"geometry":{"type":"Polygon","coordinates":[[[44.526,33.109],[44.628,33.071],[44.645,33.104],[44.653,33.147],[44.564,33.248],[44.577,33.388],[44.615,33.49],[44.45,33.528],[44.445,33.699],[44.424,33.731],[44.385,33.644],[44.31,33.591],[44.297,33.541],[44.218,33.5],[44.221,33.401],[44.121,33.37],[44.018,33.388],[44.008,33.335],[44.031,33.287],[44.17,33.282],[44.247,33.16],[44.336,33.172],[44.272,33.083],[44.365,33.058],[44.45,33.096],[44.424,33.185],[44.489,33.2],[44.551,33.185],[44.526,33.109]]]}},
{"type":"Feature","properties":{"minzoom":5},"geometry":{"type":"Polygon","coordinates":[[[46.342,33.642],[46.429,33.616],[46.495,33.668],[46.408,33.705],[46.342,33.642]]]}},
{"type":"Feature","properties":{"minzoom":3.7},"geometry":{"type":"Polygon","coordinates":[[[36.335,33.414],[36.423,33.452],[36.418,33.526],[36.449,33.591],[36.195,33.579],[36.22,33.502],[36.15,33.459],[36.106,33.388],[36.235,33.365],[36.335,33.414]]]}},
{"type":"Feature","properties":{"minzoom":5},"geometry":{"type":"Polygon","coordinates":[[[43.4,33.418],[43.517,33.401],[43.528,33.432],[43.37,33.502],[43.231,33.477],[43.252,33.4],[43.361,33.411],[43.382,33.435],[43.4,33.418]]]}},
{"type":"Feature","properties":{"minzoom":3.6},"geometry":{"type":"Polygon","coordinates":[[[34.804,32.196],[34.725,32.006],[34.798,31.94],[34.849,31.864],[34.76,31.724],[34.854,31.763],[34.912,31.839],[34.925,32.017],[34.976,32.105],[34.937,32.139],[34.938,32.194],[34.89,32.216],[34.861,32.258],[34.897,32.318],[34.899,32.41],[34.976,32.448],[34.938,32.537],[34.976,32.601],[34.94,32.659],[34.804,32.196]]]}},
{"type":"Feature","properties":{"minzoom":5},"geometry":{"type":"Polygon","coordinates":[[[35.006,32.827],[34.947,32.678],[35.001,32.753],[35.077,32.74],[35.192,32.88],[35.11,33.041],[35.097,33.042],[35.006,32.827]]]}},
{"type":"Feature","properties":{"minzoom":4},"geometry":{"type":"Polygon","coordinates":[[[12.028,32.946],[12.02,32.904],[11.976,32.906],[11.998,32.838],[12.078,32.829],[12.113,32.943],[12.034,32.983],[12.028,32.946]]]}},
{"type":"Feature","properties":{"minzoom":3.6},"geometry":{"type":"Polygon","coordinates":[[[13.138,32.897],[12.754,32.801],[12.364,32.842],[12.349,32.748],[12.751,32.715],[12.839,32.76],[12.967,32.766],[13.074,32.686],[13.208,32.664],[13.221,32.766],[13.302,32.788],[13.438,32.856],[13.283,32.915],[13.138,32.897]]]}},
{"type":"Feature","properties":{"minzoom":5},"geometry":{"type":"Polygon","coordinates":[[[36.182,32.613],[36.169,32.817],[36.03,32.779],[36.055,32.613],[36.182,32.613]]]}},
{"type":"Feature","properties":{"minzoom":5},"geometry":{"type":"Polygon","coordinates":[[[35.344,32.728],[35.179,32.69],[35.192,32.588],[35.28,32.588],[35.301,32.618],[35.293,32.652],[35.332,32.676],[35.344,32.728]]]}},
{"type":"Feature","properties":{"minzoom":5},"geometry":{"type":"Polygon","coordinates":[[[44.12,32.601],[44.12,32.677],[44.032,32.694],[43.967,32.639],[44.029,32.577],[44.12,32.601]]]}},
{"type":"Feature","properties":{"minzoom":5},"geometry":{"type":"Polygon","coordinates":[[[36.045,32.579],[36.055,32.613],[35.922,32.625],[35.788,32.601],[35.826,32.517],[35.903,32.474],[36.042,32.537],[36.045,32.579]]]}},
{"type":"Feature","properties":{"minzoom":5},"geometry":{"type":"Polygon","coordinates":[[[45.897,32.499],[45.923,32.575],[45.871,32.606],[45.796,32.613],[45.767,32.523],[45.834,32.461],[45.897,32.499]]]}},
{"type":"Feature","properties":{"minzoom":5},"geometry":{"type":"Polygon","coordinates":[[[44.497,32.471],[44.501,32.537],[44.412,32.588],[44.348,32.512],[44.386,32.442],[44.475,32.423],[44.497,32.471]]]}},
{"type":"Feature","properties":{"minzoom":5},"geometry":{"type":"Polygon","coordinates":[[[14.457,32.536],[14.431,32.49],[14.44,32.474],[14.59,32.39],[14.639,32.399],[14.661,32.484],[14.513,32.511],[14.457,32.536]]]}},
{"type":"Feature","properties":{"minzoom":4},"geometry":{"type":"Polygon","coordinates":[[[14.959,32.43],[14.986,32.309],[15.123,32.299],[15.254,32.323],[15.177,32.391],[14.959,32.43]]]}},
{"type":"Feature","properties":{"minzoom":3.7},"geometry":{"type":"Polygon","coordinates":[[[20.031,32.108],[19.966,31.97],[20.155,31.991],[20.282,32.08],[20.252,32.126],[20.206,32.156],[20.205,32.245],[20.164,32.255],[20.031,32.108]]]}},
{"type":"Feature","properties":{"minzoom":3.7},"geometry":{"type":"Polygon","coordinates":[[[35.814,31.851],[35.859,31.814],[35.928,31.801],[35.977,31.891],[36.004,32.004],[35.915,32.029],[35.89,32.118],[35.839,32.131],[35.801,32.055],[35.746,32.109],[35.674,32.093],[35.814,31.915],[35.814,31.851]]]}},
{"type":"Feature","properties":{"minzoom":4},"geometry":{"type":"Polygon","coordinates":[[[44.438,32.087],[44.361,32.131],[44.272,32.017],[44.349,31.975],[44.463,31.991],[44.438,32.087]]]}},
{"type":"Feature","properties":{"minzoom":5},"geometry":{"type":"Polygon","coordinates":[[[44.996,31.966],[44.955,32.061],[44.844,32.055],[44.885,31.961],[44.996,31.966]]]}},
{"type":"Feature","properties":{"minzoom":3.7},"geometry":{"type":"Polygon","coordinates":[[[35.166,31.813],[35.077,31.851],[35.07,31.783],[35.103,31.724],[35.208,31.74],[35.255,31.813],[35.215,31.823],[35.166,31.813]]]}},
{"type":"Feature","properties":{"minzoom":5},"geometry":{"type":"Polygon","coordinates":[[[30.813,31.499],[30.804,31.535],[30.571,31.473],[30.395,31.458],[30.263,31.317],[30.294,31.303],[30.335,31.308],[30.48,31.42],[30.564,31.417],[30.813,31.499]]]}},
{"type":"Feature","properties":{"minzoom":5},"geometry":{"type":"Polygon","coordinates":[[[31.306,31.544],[31.32,31.46],[31.393,31.411],[31.464,31.396],[31.547,31.43],[31.549,31.458],[31.306,31.544]]]}},
{"type":"Feature","properties":{"minzoom":5},"geometry":{"type":"Polygon","coordinates":[[[31.887,31.462],[31.836,31.525],[31.647,31.468],[31.665,31.435],[31.849,31.383],[31.887,31.462]]]}},
{"type":"Feature","properties":{"minzoom":3.6},"geometry":{"type":"Polygon","coordinates":[[[29.93,31.228],[29.592,31.012],[29.339,30.891],[29.385,30.852],[29.458,30.89],[29.515,30.899],[29.629,30.848],[29.641,30.897],[29.629,30.95],[29.713,30.981],[29.832,30.975],[29.875,31.041],[29.896,31.128],[29.963,31.168],[30.048,31.191],[30.078,31.262],[29.93,31.228]]]}},
{"type":"Feature","properties":{"minzoom":4},"geometry":{"type":"Polygon","coordinates":[[[32.952,31.124],[32.954,31.098],[33.006,31.077],[33.153,31.132],[33.13,31.168],[32.952,31.124]]]}},
{"type":"Feature","properties":{"minzoom":5},"geometry":{"type":"Polygon","coordinates":[[[46.342,31.051],[46.31,31.115],[46.241,31.14],[46.198,31.1],[46.177,31.039],[46.269,30.991],[46.342,31.051]]]}},
{"type":"Feature","properties":{"minzoom":5},"geometry":{"type":"Polygon","coordinates":[[[32.334,30.62],[32.236,30.653],[32.169,30.569],[32.273,30.547],[32.334,30.62]]]}},
{"type":"Feature","properties":{"minzoom":3.6},"geometry":{"type":"Polygon","coordinates":[[[31.342,30.303],[31.305,30.213],[31.178,30.239],[31.14,30.182],[31.128,30.099],[31.099,30.064],[31.089,30.01],[31.229,29.87],[31.228,29.768],[31.255,29.692],[31.331,29.692],[31.382,29.845],[31.331,29.959],[31.47,30.175],[31.424,30.244],[31.432,30.34],[31.342,30.303]]]}},
{"type":"Feature","properties":{"minzoom":4},"geometry":{"type":"Polygon","coordinates":[[[32.566,29.974],[32.59,29.922],[32.607,29.95],[32.605,30.031],[32.588,30.112],[32.55,30.124],[32.52,30.066],[32.426,29.961],[32.448,29.896],[32.482,29.884],[32.473,29.925],[32.566,29.974]]]}},
{"type":"Feature","properties":{"minzoom":4},"geometry":{"type":"Polygon","coordinates":[[[36.5,28.334],[36.69,28.308],[36.712,28.393],[36.69,28.486],[36.673,28.459],[36.639,28.448],[36.538,28.537],[36.411,28.499],[36.5,28.334]]]}},
{"type":"Feature","properties":{"minzoom":5},"geometry":{"type":"Polygon","coordinates":[[[35.757,27.322],[35.796,27.343],[35.814,27.381],[35.771,27.424],[35.672,27.431],[35.609,27.406],[35.725,27.296],[35.757,27.322]]]}},
{"type":"Feature","properties":{"minzoom":5},"geometry":{"type":"Polygon","coordinates":[[[33.802,27.268],[33.776,27.286],[33.775,27.164],[33.811,27.099],[33.882,27.083],[33.802,27.268]]]}},
{"type":"Feature","properties":{"minzoom":5},"geometry":{"type":"Polygon","coordinates":[[[37.876,26.579],[37.947,26.556],[37.999,26.587],[38.011,26.657],[37.909,26.686],[37.833,26.632],[37.876,26.579]]]}},
{"type":"Feature","properties":{"minzoom":5},"geometry":{"type":"Polygon","coordinates":[[[36.493,26.198],[36.563,26.251],[36.549,26.298],[36.509,26.33],[36.453,26.336],[36.404,26.313],[36.476,26.183],[36.493,26.198]]]}},
{"type":"Feature","properties":{"minzoom":4},"geometry":{"type":"Polygon","coordinates":[[[39.596,24.393],[39.713,24.409],[39.776,24.562],[39.738,24.625],[39.535,24.625],[39.456,24.51],[39.484,24.371],[39.596,24.393]]]}},
{"type":"Feature","properties":{"minzoom":5},"geometry":{"type":"Polygon","coordinates":[[[44.422,24.481],[44.45,24.536],[44.353,24.564],[44.348,24.473],[44.422,24.481]]]}},
{"type":"Feature","properties":{"minzoom":5},"geometry":{"type":"Polygon","coordinates":[[[32.969,24.511],[32.855,24.511],[32.893,24.448],[32.906,24.358],[33.071,24.422],[33.031,24.478],[32.969,24.511]]]}},
{"type":"Feature","properties":{"minzoom":5},"geometry":{"type":"Polygon","coordinates":[[[39.007,22.77],[39.002,22.707],[39.09,22.72],[39.117,22.802],[39.09,22.885],[39.009,22.874],[38.936,22.808],[39.007,22.77]]]}},
{"type":"Feature","properties":{"minzoom":3.6},"geometry":{"type":"Polygon","coordinates":[[[39.147,21.519],[39.151,21.433],[39.116,21.358],[39.145,21.343],[39.211,21.338],[39.281,21.387],[39.377,21.386],[39.446,21.412],[39.319,21.539],[39.268,21.742],[39.151,21.778],[39.031,21.773],[39.147,21.519]]]}},
{"type":"Feature","properties":{"minzoom":3.7},"geometry":{"type":"Polygon","coordinates":[[[39.979,21.59],[39.922,21.552],[39.84,21.539],[39.814,21.603],[39.735,21.562],[39.725,21.45],[39.686,21.439],[39.662,21.412],[39.718,21.379],[39.751,21.323],[39.941,21.323],[39.979,21.387],[39.954,21.476],[39.979,21.59]]]}},
{"type":"Feature","properties":{"minzoom":5},"geometry":{"type":"Polygon","coordinates":[[[40.551,21.488],[40.484,21.481],[40.449,21.412],[40.361,21.395],[40.272,21.399],[40.335,21.298],[40.348,21.171],[40.461,21.197],[40.551,21.247],[40.5,21.361],[40.551,21.488]]]}},
{"type":"Feature","properties":{"minzoom":5},"geometry":{"type":"Polygon","coordinates":[[[42.837,18.174],[42.828,18.245],[42.748,18.351],[42.693,18.343],[42.672,18.301],[42.748,18.25],[42.779,18.199],[42.837,18.174]]]}},
{"type":"Feature","properties":{"minzoom":5},"geometry":{"type":"Polygon","coordinates":[[[42.526,18.268],[42.456,18.237],[42.517,18.187],[42.596,18.224],[42.641,18.223],[42.659,18.25],[42.621,18.275],[42.526,18.268]]]}},
{"type":"Feature","properties":{"minzoom":5},"geometry":{"type":"Polygon","coordinates":[[[33.96,17.577],[34.007,17.618],[34.036,17.678],[34.026,17.776],[33.998,17.856],[33.934,17.704],[33.96,17.577]]]}},
{"type":"Feature","properties":{"minzoom":6},"geometry":{"type":"Polygon","coordinates":[[[42.799,17.031],[42.824,16.954],[42.888,16.967],[42.837,17.056],[42.848,17.083],[42.837,17.119],[42.786,17.13],[42.735,17.119],[42.756,17.064],[42.799,17.031]]]}},
{"type":"Feature","properties":{"minzoom":3.6},"geometry":{"type":"Polygon","coordinates":[[[32.601,15.837],[32.563,15.837],[32.472,15.749],[32.398,15.646],[32.448,15.532],[32.461,15.392],[32.525,15.392],[32.575,15.456],[32.766,15.354],[32.75,15.481],[32.702,15.608],[32.613,15.722],[32.601,15.837]]]}},
{"type":"Feature","properties":{"minzoom":3.7},"geometry":{"type":"Polygon","coordinates":[[[44.178,15.449],[44.145,15.38],[44.167,15.3],[44.247,15.278],[44.262,15.38],[44.247,15.481],[44.178,15.449]]]}},
{"type":"Feature","properties":{"minzoom":4},"geometry":{"type":"Polygon","coordinates":[[[38.862,15.24],[38.907,15.271],[38.951,15.278],[39.002,15.38],[38.932,15.388],[38.875,15.354],[38.9,15.291],[38.859,15.273],[38.862,15.24]]]}},
{"type":"Feature","properties":{"minzoom":5},"geometry":{"type":"Polygon","coordinates":[[[42.922,14.817],[42.942,14.783],[42.984,14.772],[43.027,14.77],[43.039,14.8],[43.025,14.858],[42.928,14.885],[42.913,14.863],[42.922,14.817]]]}},
{"type":"Feature","properties":{"minzoom":5},"geometry":{"type":"Polygon","coordinates":[[[33.324,14.687],[33.388,14.681],[33.426,14.795],[33.261,14.872],[33.243,14.793],[33.274,14.706],[33.324,14.687]]]}},
{"type":"Feature","properties":{"minzoom":5},"geometry":{"type":"Polygon","coordinates":[[[33.464,14.44],[33.484,14.358],[33.541,14.313],[33.574,14.343],[33.579,14.402],[33.629,14.478],[33.535,14.471],[33.464,14.44]]]}},
{"type":"Feature","properties":{"minzoom":4},"geometry":{"type":"Polygon","coordinates":[[[44.031,13.551],[44.13,13.623],[44.145,13.665],[44.005,13.614],[43.916,13.64],[43.951,13.573],[44.031,13.551]]]}},
{"type":"Feature","properties":{"minzoom":3.7},"geometry":{"type":"Polygon","coordinates":[[[5.292,13.071],[5.27,13.132],[5.201,13.119],[5.169,13.068],[5.207,13.018],[5.283,13.005],[5.292,13.071]]]}},
{"type":"Feature","properties":{"minzoom":5},"geometry":{"type":"Polygon","coordinates":[[[7.682,12.968],[7.696,13.03],[7.581,13.008],[7.645,12.928],[7.682,12.968]]]}},
{"type":"Feature","properties":{"minzoom":3.7},"geometry":{"type":"Polygon","coordinates":[[[45.039,12.816],[45.068,12.867],[45.061,12.905],[45.034,12.954],[44.971,12.954],[44.907,12.852],[44.857,12.823],[44.835,12.776],[45.039,12.816]]]}},
{"type":"Feature","properties":{"minzoom":3.7},"geometry":{"type":"Polygon","coordinates":[[[14.973,12.128],[15.029,12.063],[15.062,12.052],[15.135,12.094],[15.164,12.179],[15.059,12.192],[14.973,12.128]]]}},
{"type":"Feature","properties":{"minzoom":3.7},"geometry":{"type":"Polygon","coordinates":[[[8.579,12.072],[8.471,12.09],[8.459,12.022],[8.471,11.951],[8.583,11.933],[8.649,12.014],[8.579,12.072]]]}},
{"type":"Feature","properties":{"minzoom":4},"geometry":{"type":"Polygon","coordinates":[[[13.118,11.901],[13.081,11.836],[13.144,11.79],[13.233,11.798],[13.236,11.861],[13.208,11.912],[13.118,11.901]]]}},
{"type":"Feature","properties":{"minzoom":5},"geometry":{"type":"Polygon","coordinates":[[[35.903,33.706],[35.941,33.706],[35.954,33.769],[36.042,33.807],[36.081,33.922],[35.877,33.858],[35.852,33.706],[35.809,33.704],[35.788,33.68],[35.833,33.672],[35.865,33.706],[35.903,33.706]]]}},
{"type":"Feature","properties":{"minzoom":4},"geometry":{"type":"Polygon","coordinates":[[[34.508,31.63],[34.606,31.66],[34.628,31.745],[34.696,31.801],[34.699,31.872],[34.732,31.932],[34.706,31.961],[34.508,31.63]]]}},
{"type":"Feature","properties":{"minzoom":4},"geometry":{"type":"Polygon","coordinates":[[[35.902,35.421],[35.943,35.224],[35.89,35.06],[35.888,34.949],[35.899,34.852],[35.976,34.629],[35.978,34.547],[35.921,34.493],[35.809,34.44],[35.839,34.303],[35.954,34.239],[35.979,34.252],[35.989,34.333],[36.055,34.379],[36.046,34.467],[36.093,34.518],[36.106,34.455],[36.166,34.49],[36.195,34.557],[36.138,34.556],[36.106,34.582],[36.157,34.671],[36.164,34.809],[36.131,34.925],[36.004,34.836],[35.976,34.917],[35.979,35.001],[35.949,35.041],[35.941,35.103],[35.973,35.153],[36.03,35.179],[36.042,35.28],[36.106,35.331],[36.055,35.331],[35.89,35.547],[35.771,35.596],[35.764,35.572],[35.902,35.421]]]}},
{"type":"Feature","properties":{"minzoom":3.7},"geometry":{"type":"Polygon","coordinates":[[[35.612,34.032],[35.511,33.88],[35.342,33.517],[35.395,33.535],[35.446,33.591],[35.535,33.603],[35.598,33.642],[35.661,33.629],[35.674,33.668],[35.661,33.706],[35.725,33.744],[35.73,33.796],[35.763,33.833],[35.776,33.934],[35.738,34.049],[35.776,34.125],[35.74,34.133],[35.725,34.163],[35.74,34.205],[35.776,34.226],[35.764,34.333],[35.738,34.357],[35.648,34.248],[35.612,34.032]]]}},
{"type":"Feature","properties":{"minzoom":6},"geometry":{"type":"Polygon","coordinates":[[[25.34,64.932],[25.48,64.843],[25.518,64.868],[25.581,64.869],[25.544,64.971],[25.442,65.008],[25.467,64.945],[25.394,64.958],[25.34,64.932]]]}},
{"type":"Feature","properties":{"minzoom":5},"geometry":{"type":"Polygon","coordinates":[[[22.419,62.989],[22.306,63.042],[22.165,63.04],[22.115,63.074],[22.051,63.065],[22.051,63.027],[22.243,62.996],[22.406,62.938],[22.51,62.925],[22.571,62.976],[22.503,63.013],[22.419,62.989]]]}},
{"type":"Feature","properties":{"minzoom":5},"geometry":{"type":"Polygon","coordinates":[[[23.079,62.976],[22.927,63.053],[22.902,63.014],[22.984,62.945],[23.079,62.976]]]}},
{"type":"Feature","properties":{"minzoom":5},"geometry":{"type":"Polygon","coordinates":[[[22.79,62.892],[22.737,62.862],[22.757,62.838],[22.8,62.837],[22.864,62.773],[22.939,62.818],[22.991,62.887],[22.923,62.881],[22.851,62.849],[22.79,62.892]]]}},
{"type":"Feature","properties":{"minzoom":6},"geometry":{"type":"Polygon","coordinates":[[[21.835,61.516],[21.784,61.54],[21.733,61.516],[21.759,61.414],[21.898,61.44],[21.835,61.516]]]}},
{"type":"Feature","properties":{"minzoom":6},"geometry":{"type":"Polygon","coordinates":[[[22.902,60.906],[22.914,60.868],[23.041,60.858],[23.118,60.906],[23.01,60.922],[22.902,60.906]]]}},
{"type":"Feature","properties":{"minzoom":5},"geometry":{"type":"Polygon","coordinates":[[[10.964,60.017],[11.002,59.928],[11.091,59.954],[11.18,60.106],[11.116,60.233],[10.989,60.259],[10.991,60.18],[11.065,60.144],[11.002,60.119],[11.027,60.03],[10.964,60.017]]]}},
{"type":"Feature","properties":{"minzoom":5},"geometry":{"type":"Polygon","coordinates":[[[17.758,59.852],[17.669,59.979],[17.542,59.992],[17.53,59.865],[17.649,59.805],[17.758,59.852]]]}},
{"type":"Feature","properties":{"minzoom":5},"geometry":{"type":"Polygon","coordinates":[[[16.625,59.575],[16.641,59.7],[16.552,59.725],[16.539,59.674],[16.425,59.751],[16.45,59.636],[16.434,59.614],[16.399,59.611],[16.415,59.58],[16.443,59.562],[16.516,59.559],[16.574,59.612],[16.625,59.575]]]}},
{"type":"Feature","properties":{"minzoom":4},"geometry":{"type":"Polygon","coordinates":[[[10.704,59.687],[10.672,59.674],[10.693,59.619],[10.748,59.598],[10.837,59.662],[10.801,59.722],[10.748,59.687],[10.704,59.687]]]}},
{"type":"Feature","properties":{"minzoom":4},"geometry":{"type":"Polygon","coordinates":[[[10.203,59.561],[10.24,59.56],[10.278,59.7],[10.235,59.711],[10.189,59.7],[10.176,59.573],[10.203,59.561]]]}},
{"type":"Feature","properties":{"minzoom":5},"geometry":{"type":"Polygon","coordinates":[[[17.021,59.707],[16.958,59.674],[17.014,59.601],[17.123,59.611],[17.11,59.712],[17.021,59.707]]]}},
{"type":"Feature","properties":{"minzoom":3.7},"geometry":{"type":"Polygon","coordinates":[[[18.094,59.406],[18.087,59.458],[18.025,59.484],[18.038,59.408],[17.971,59.43],[17.949,59.497],[17.974,59.535],[18.048,59.516],[18.101,59.547],[18.01,59.585],[17.987,59.662],[17.896,59.685],[17.796,59.674],[17.828,59.598],[17.885,59.547],[17.885,59.446],[17.852,59.434],[17.832,59.379],[17.964,59.359],[18.094,59.406]]]}},
{"type":"Feature","properties":{"minzoom":3.7},"geometry":{"type":"Polygon","coordinates":[[[17.911,59.29],[17.948,59.269],[18.139,59.23],[18.127,59.317],[17.98,59.329],[17.911,59.29]]]}},
{"type":"Feature","properties":{"minzoom":5},"geometry":{"type":"Polygon","coordinates":[[[16.086,59.481],[16.082,59.568],[15.94,59.538],[15.891,59.547],[15.916,59.492],[15.98,59.497],[16.049,59.41],[16.094,59.417],[16.088,59.465],[16.044,59.478],[16.086,59.481]]]}},
{"type":"Feature","properties":{"minzoom":3.7},"geometry":{"type":"Polygon","coordinates":[[[24.584,59.456],[24.539,59.455],[24.576,59.393],[24.781,59.395],[24.857,59.357],[25,59.433],[25.032,59.506],[25.012,59.519],[24.878,59.522],[24.584,59.456]]]}},
{"type":"Feature","properties":{"minzoom":4},"geometry":{"type":"Polygon","coordinates":[[[10.341,59.497],[10.252,59.509],[10.227,59.408],[10.316,59.42],[10.327,59.387],[10.367,59.382],[10.341,59.497]]]}},
{"type":"Feature","properties":{"minzoom":5},"geometry":{"type":"Polygon","coordinates":[[[16.401,59.451],[16.437,59.331],[16.573,59.359],[16.624,59.451],[16.401,59.451]]]}},
{"type":"Feature","properties":{"minzoom":6},"geometry":{"type":"Polygon","coordinates":[[[10.283,59.259],[10.227,59.179],[10.405,59.293],[10.363,59.34],[10.291,59.357],[10.283,59.259]]]}},
{"type":"Feature","properties":{"minzoom":5},"geometry":{"type":"Polygon","coordinates":[[[15.181,59.336],[15.142,59.331],[15.117,59.166],[15.072,59.128],[15.002,59.116],[15.038,59.056],[15.117,59.039],[15.193,59.103],[15.193,59.23],[15.256,59.255],[15.248,59.323],[15.205,59.357],[15.181,59.336]]]}},
{"type":"Feature","properties":{"minzoom":5},"geometry":{"type":"Polygon","coordinates":[[[16.298,58.659],[16.243,58.687],[16.151,58.666],[16.106,58.631],[16.094,58.569],[16.21,58.549],[16.286,58.562],[16.31,58.629],[16.214,58.637],[16.298,58.659]]]}},
{"type":"Feature","properties":{"minzoom":5},"geometry":{"type":"Polygon","coordinates":[[[15.549,58.481],[15.485,58.506],[15.435,58.467],[15.409,58.404],[15.701,58.354],[15.764,58.379],[15.79,58.442],[15.708,58.478],[15.612,58.455],[15.549,58.481]]]}},
{"type":"Feature","properties":{"minzoom":5},"geometry":{"type":"Polygon","coordinates":[[[11.885,57.617],[12.043,57.63],[12.056,57.706],[12.093,57.72],[12.107,57.757],[12.043,57.807],[11.891,57.82],[11.745,57.715],[11.879,57.679],[11.885,57.617]]]}},
{"type":"Feature","properties":{"minzoom":5},"geometry":{"type":"Polygon","coordinates":[[[10.087,57.096],[10,57.123],[9.884,57.122],[9.846,56.995],[10.01,57.002],[10.087,57.096]]]}},
{"type":"Feature","properties":{"minzoom":3.7},"geometry":{"type":"Polygon","coordinates":[[[23.962,57.023],[23.956,56.906],[24.119,56.886],[24.273,56.893],[24.253,56.967],[24.144,57.035],[24.101,57.088],[23.962,57.023]]]}},
{"type":"Feature","properties":{"minzoom":5},"geometry":{"type":"Polygon","coordinates":[[[12.793,56.649],[12.884,56.618],[12.892,56.594],[12.934,56.619],[12.956,56.689],[12.918,56.741],[12.843,56.753],[12.78,56.715],[12.691,56.779],[12.649,56.739],[12.718,56.663],[12.793,56.649]]]}},
{"type":"Feature","properties":{"minzoom":5},"geometry":{"type":"Polygon","coordinates":[[[12.783,56.255],[12.919,56.245],[12.891,56.317],[12.827,56.348],[12.749,56.338],[12.802,56.264],[12.783,56.255]]]}},
{"type":"Feature","properties":{"minzoom":5},"geometry":{"type":"Polygon","coordinates":[[[10.348,56.234],[10.184,56.269],[10.1,56.271],[10.083,56.317],[10.037,56.334],[10.024,56.182],[9.96,56.169],[9.973,56.068],[9.948,56.042],[10.009,56.062],[10.263,56.088],[10.348,56.234]]]}},
{"type":"Feature","properties":{"minzoom":5},"geometry":{"type":"Polygon","coordinates":[[[12.831,56.131],[12.888,56.067],[12.983,56.042],[12.97,56.169],[12.891,56.159],[12.831,56.131]]]}},
{"type":"Feature","properties":{"minzoom":5},"geometry":{"type":"Polygon","coordinates":[[[12.877,55.852],[12.928,55.858],[12.93,55.891],[12.805,55.979],[12.794,56.061],[12.818,56.131],[12.742,56.118],[12.688,56.14],[12.616,56.113],[12.877,55.852]]]}},
{"type":"Feature","properties":{"minzoom":5},"geometry":{"type":"Polygon","coordinates":[[[14.062,55.991],[14.177,56.003],[14.24,56.068],[14.137,56.104],[13.999,56.106],[14.062,55.991]]]}},
{"type":"Feature","properties":{"minzoom":4},"geometry":{"type":"Polygon","coordinates":[[[12.974,55.748],[13.046,55.674],[13.001,55.627],[12.964,55.618],[12.929,55.467],[13.046,55.471],[13.059,55.521],[13.097,55.521],[13.3,55.674],[13.354,55.649],[13.415,55.661],[13.351,55.788],[13.275,55.75],[13.186,55.75],[13.125,55.714],[13.059,55.737],[13.085,55.826],[12.938,55.828],[12.918,55.823],[12.974,55.748]]]}},
{"type":"Feature","properties":{"minzoom":5},"geometry":{"type":"Polygon","coordinates":[[[9.617,55.801],[9.541,55.801],[9.503,55.687],[9.593,55.696],[9.617,55.801]]]}},
{"type":"Feature","properties":{"minzoom":5},"geometry":{"type":"Polygon","coordinates":[[[10.393,55.559],[10.368,55.476],[10.265,55.483],[10.252,55.382],[10.305,55.38],[10.329,55.331],[10.473,55.346],[10.557,55.42],[10.619,55.441],[10.646,55.496],[10.595,55.521],[10.549,55.486],[10.481,55.471],[10.482,55.559],[10.396,55.576],[10.393,55.559]]]}},
{"type":"Feature","properties":{"minzoom":5},"geometry":{"type":"Polygon","coordinates":[[[8.526,55.449],[8.518,55.519],[8.424,55.534],[8.411,55.568],[8.37,55.571],[8.339,55.528],[8.34,55.512],[8.526,55.449]]]}},
{"type":"Feature","properties":{"minzoom":5},"geometry":{"type":"Polygon","coordinates":[[[23.972,54.87],[24.057,54.899],[24.087,54.999],[24.032,54.975],[23.913,54.976],[23.791,54.95],[23.799,54.908],[23.892,54.836],[23.972,54.87]]]}},
{"type":"Feature","properties":{"minzoom":3.6},"geometry":{"type":"Polygon","coordinates":[[[9.414,54.886],[9.357,54.874],[9.325,54.836],[9.381,54.761],[9.465,54.772],[9.414,54.886]]]}},
{"type":"Feature","properties":{"minzoom":4},"geometry":{"type":"Polygon","coordinates":[[[20.438,54.671],[20.543,54.66],[20.616,54.734],[20.502,54.77],[20.438,54.671]]]}},
{"type":"Feature","properties":{"minzoom":3.7},"geometry":{"type":"Polygon","coordinates":[[[25.187,54.722],[25.15,54.683],[25.073,54.696],[25.079,54.657],[25.15,54.594],[25.262,54.617],[25.34,54.683],[25.299,54.755],[25.238,54.759],[25.187,54.722]]]}},
{"type":"Feature","properties":{"minzoom":5},"geometry":{"type":"Polygon","coordinates":[[[18.494,54.629],[18.438,54.595],[18.355,54.645],[18.355,54.582],[18.526,54.502],[18.578,54.526],[18.494,54.629]]]}},
{"type":"Feature","properties":{"minzoom":4},"geometry":{"type":"Polygon","coordinates":[[[18.623,54.477],[18.583,54.442],[18.564,54.317],[18.634,54.239],[18.69,54.26],[18.711,54.315],[18.759,54.331],[18.773,54.393],[18.67,54.431],[18.623,54.477]]]}},
{"type":"Feature","properties":{"minzoom":3.6},"geometry":{"type":"Polygon","coordinates":[[[10.164,54.353],[10.125,54.391],[10.08,54.367],[10.062,54.315],[10.128,54.273],[10.214,54.277],[10.227,54.353],[10.164,54.353]]]}},
{"type":"Feature","properties":{"minzoom":5},"geometry":{"type":"Polygon","coordinates":[[[11.992,54.16],[12.058,54.072],[12.107,54.048],[12.183,54.074],[12.175,54.126],[12.114,54.171],[11.992,54.16]]]}},
{"type":"Feature","properties":{"minzoom":3.6},"geometry":{"type":"Polygon","coordinates":[[[10.621,53.832],[10.686,53.827],[10.748,53.845],[10.748,53.934],[10.644,53.923],[10.621,53.832]]]}},
{"type":"Feature","properties":{"minzoom":3.6},"geometry":{"type":"Polygon","coordinates":[[[9.75,53.601],[9.783,53.616],[9.827,53.56],[9.846,53.477],[9.927,53.463],[9.96,53.401],[10.049,53.401],[9.973,53.528],[10.189,53.451],[10.303,53.477],[10.24,53.591],[10.125,53.642],[10.075,53.629],[10.011,53.782],[10.024,53.82],[9.948,53.858],[9.96,53.782],[9.884,53.743],[9.884,53.718],[9.973,53.693],[9.965,53.644],[9.922,53.629],[9.831,53.69],[9.706,53.718],[9.694,53.794],[9.617,53.782],[9.634,53.709],[9.734,53.654],[9.684,53.585],[9.727,53.572],[9.75,53.601]]]}},
{"type":"Feature","properties":{"minzoom":5},"geometry":{"type":"Polygon","coordinates":[[[23.876,53.714],[23.854,53.756],[23.768,53.741],[23.74,53.667],[23.821,53.635],[23.892,53.667],[23.876,53.714]]]}},
{"type":"Feature","properties":{"minzoom":5},"geometry":{"type":"Polygon","coordinates":[[[11.459,53.578],[11.421,53.68],[11.351,53.673],[11.319,53.629],[11.378,53.579],[11.459,53.578]]]}},
{"type":"Feature","properties":{"minzoom":5},"geometry":{"type":"Polygon","coordinates":[[[8.535,53.542],[8.587,53.502],[8.64,53.502],[8.655,53.575],[8.613,53.624],[8.522,53.616],[8.535,53.542]]]}},
{"type":"Feature","properties":{"minzoom":5},"geometry":{"type":"Polygon","coordinates":[[[14.456,53.426],[14.482,53.388],[14.574,53.379],[14.647,53.35],[14.685,53.369],[14.697,53.413],[14.583,53.528],[14.583,53.591],[14.532,53.591],[14.558,53.515],[14.456,53.426]]]}},
{"type":"Feature","properties":{"minzoom":5},"geometry":{"type":"Polygon","coordinates":[[[6.855,53.415],[6.823,53.248],[6.709,53.235],[6.722,53.134],[6.887,53.096],[6.999,53.128],[7.09,53.185],[7.026,53.222],[6.938,53.235],[6.966,53.329],[6.855,53.415]]]}},
{"type":"Feature","properties":{"minzoom":3.6},"geometry":{"type":"Polygon","coordinates":[[[10.494,53.286],[10.468,53.324],[10.329,53.312],[10.389,53.225],[10.494,53.286]]]}},
{"type":"Feature","properties":{"minzoom":5},"geometry":{"type":"Polygon","coordinates":[[[8.246,53.108],[8.271,53.21],[8.194,53.226],[8.144,53.159],[8.181,53.12],[8.246,53.108]]]}},
{"type":"Feature","properties":{"minzoom":5},"geometry":{"type":"Polygon","coordinates":[[[8.894,53.134],[8.794,53.136],[8.741,53.21],[8.525,53.223],[8.69,53.083],[8.637,53.088],[8.589,53.07],[8.665,53.013],[8.779,52.994],[8.982,53.045],[8.952,53.104],[8.894,53.134]]]}},
{"type":"Feature","properties":{"minzoom":5},"geometry":{"type":"Polygon","coordinates":[[[23.247,53.132],[23.27,53.172],[23.194,53.235],[23.168,53.21],[23.077,53.194],[23.029,53.134],[23.109,53.1],[23.219,53.096],[23.247,53.132]]]}},
{"type":"Feature","properties":{"minzoom":5},"geometry":{"type":"Polygon","coordinates":[[[18.115,53.21],[18.05,53.172],[17.982,53.158],[17.949,53.108],[18.086,53.093],[18.19,53.172],[18.115,53.21]]]}},
{"type":"Feature","properties":{"minzoom":5},"geometry":{"type":"Polygon","coordinates":[[[18.678,53.008],[18.711,53.07],[18.591,53.063],[18.533,52.994],[18.622,52.969],[18.678,53.008]]]}},
{"type":"Feature","properties":{"minzoom":3.6},"geometry":{"type":"Polygon","coordinates":[[[13.745,52.829],[13.805,52.817],[13.847,52.854],[13.766,52.895],[13.656,52.88],[13.687,52.841],[13.745,52.829]]]}},
{"type":"Feature","properties":{"minzoom":5},"geometry":{"type":"Polygon","coordinates":[[[7.077,52.791],[6.908,52.798],[6.862,52.689],[6.995,52.714],[7.077,52.791]]]}},
{"type":"Feature","properties":{"minzoom":5},"geometry":{"type":"Polygon","coordinates":[[[16.869,52.334],[16.996,52.359],[17.085,52.448],[16.987,52.496],[16.856,52.512],[16.844,52.473],[16.755,52.486],[16.717,52.359],[16.798,52.367],[16.869,52.334]]]}},
{"type":"Feature","properties":{"minzoom":5},"geometry":{"type":"Polygon","coordinates":[[[9.998,52.499],[9.964,52.438],[9.91,52.397],[9.757,52.486],[9.643,52.466],[9.567,52.41],[9.657,52.322],[9.795,52.283],[9.828,52.24],[9.884,52.219],[9.862,52.287],[9.884,52.346],[9.973,52.334],[10.014,52.401],[10.037,52.486],[9.998,52.499]]]}},
{"type":"Feature","properties":{"minzoom":5},"geometry":{"type":"Polygon","coordinates":[[[10.684,52.41],[10.802,52.398],[10.862,52.473],[10.743,52.476],[10.684,52.41]]]}},
{"type":"Feature","properties":{"minzoom":3.6},"geometry":{"type":"Polygon","coordinates":[[[21.136,52.08],[21.154,52.132],[21.2,52.156],[21.213,52.321],[21.263,52.359],[21.173,52.394],[21.06,52.346],[20.959,52.473],[20.87,52.461],[20.882,52.372],[20.857,52.321],[20.781,52.27],[20.705,52.131],[20.971,52.118],[21.022,52.067],[21.136,52.08]]]}},
{"type":"Feature","properties":{"minzoom":5},"geometry":{"type":"Polygon","coordinates":[[[5.236,52.299],[5.223,52.258],[5.147,52.296],[5.147,52.194],[5.274,52.232],[5.268,52.141],[5.325,52.105],[5.285,52.258],[5.31,52.293],[5.236,52.299]]]}},
{"type":"Feature","properties":{"minzoom":5},"geometry":{"type":"Polygon","coordinates":[[[5.345,52.321],[5.316,52.409],[5.257,52.426],[5.169,52.379],[5.242,52.334],[5.345,52.321]]]}},
{"type":"Feature","properties":{"minzoom":5},"geometry":{"type":"Polygon","coordinates":[[[5.376,52.257],[5.35,52.143],[5.444,52.135],[5.477,52.207],[5.457,52.194],[5.408,52.208],[5.406,52.253],[5.43,52.266],[5.367,52.28],[5.376,52.257]]]}},
{"type":"Feature","properties":{"minzoom":5},"geometry":{"type":"Polygon","coordinates":[[[5.586,52.304],[5.592,52.258],[5.635,52.278],[5.655,52.321],[5.646,52.34],[5.586,52.304]]]}},
{"type":"Feature","properties":{"minzoom":5},"geometry":{"type":"Polygon","coordinates":[[[5.539,52.406],[5.412,52.356],[5.364,52.31],[5.499,52.302],[5.548,52.324],[5.634,52.382],[5.63,52.41],[5.539,52.406]]]}},
{"type":"Feature","properties":{"minzoom":5},"geometry":{"type":"Polygon","coordinates":[[[14.598,52.38],[14.532,52.41],[14.469,52.385],[14.534,52.31],[14.647,52.334],[14.598,52.38]]]}},
{"type":"Feature","properties":{"minzoom":5},"geometry":{"type":"Polygon","coordinates":[[[8.068,52.334],[8.034,52.363],[7.954,52.372],[7.941,52.219],[8.081,52.194],[8.127,52.231],[8.144,52.296],[8.068,52.334]]]}},
{"type":"Feature","properties":{"minzoom":5},"geometry":{"type":"Polygon","coordinates":[[[7.509,52.334],[7.408,52.346],[7.331,52.219],[7.458,52.258],[7.508,52.142],[7.624,52.092],[7.56,52.219],[7.484,52.258],[7.509,52.334]]]}},
{"type":"Feature","properties":{"minzoom":5},"geometry":{"type":"Polygon","coordinates":[[[6.773,52.334],[6.76,52.245],[6.838,52.193],[6.938,52.194],[6.938,52.334],[6.853,52.314],[6.773,52.334]]]}},
{"type":"Feature","properties":{"minzoom":5},"geometry":{"type":"Polygon","coordinates":[[[10.33,52.126],[10.367,52.042],[10.403,52.067],[10.392,52.118],[10.469,52.147],[10.557,52.143],[10.603,52.225],[10.583,52.321],[10.508,52.333],[10.43,52.321],[10.379,52.232],[10.303,52.219],[10.33,52.126]]]}},
{"type":"Feature","properties":{"minzoom":5},"geometry":{"type":"Polygon","coordinates":[[[11.688,52.067],[11.751,52.181],[11.738,52.219],[11.611,52.27],[11.57,52.21],[11.497,52.181],[11.561,52.093],[11.688,52.067]]]}},
{"type":"Feature","properties":{"minzoom":4},"geometry":{"type":"Polygon","coordinates":[[[8.225,51.83],[8.322,51.826],[8.393,51.867],[8.5,51.864],[8.541,51.918],[8.614,51.915],[8.619,51.964],[8.69,51.965],[8.678,52.042],[8.779,52.042],[8.703,52.169],[8.811,52.181],[8.881,52.232],[8.776,52.238],[8.678,52.207],[8.525,52.219],[8.614,52.105],[8.514,52.085],[8.449,52.029],[8.4,52.059],[8.347,52.054],[8.411,51.965],[8.349,51.952],[8.284,51.965],[8.144,51.826],[8.225,51.83]]]}},
{"type":"Feature","properties":{"minzoom":5},"geometry":{"type":"Polygon","coordinates":[[[4.982,52.131],[4.957,52.092],[5.045,52.042],[5.057,51.99],[5.109,51.978],[5.249,52.092],[5.198,52.156],[5.007,52.169],[4.982,52.131]]]}},
{"type":"Feature","properties":{"minzoom":4},"geometry":{"type":"Polygon","coordinates":[[[23.727,52.054],[23.854,52.105],[23.809,52.155],[23.727,52.169],[23.644,52.156],[23.587,52.118],[23.648,52.077],[23.727,52.054]]]}},
{"type":"Feature","properties":{"minzoom":5},"geometry":{"type":"Polygon","coordinates":[[[5.553,51.965],[5.566,51.902],[5.66,51.923],[5.706,51.991],[5.685,52.046],[5.642,52.08],[5.617,51.965],[5.592,51.978],[5.585,52.042],[5.541,52.067],[5.515,52.042],[5.553,51.965]]]}},
{"type":"Feature","properties":{"minzoom":5},"geometry":{"type":"Polygon","coordinates":[[[5.922,52.067],[5.869,52.08],[5.82,52.067],[5.896,52.016],[5.83,51.93],[5.719,51.915],[5.716,51.847],[5.668,51.826],[5.71,51.779],[5.795,51.788],[5.844,51.746],[5.896,51.737],[5.901,51.851],[5.973,51.927],[6.036,51.889],[6.112,51.94],[6.036,52.004],[5.909,52.029],[5.922,52.067]]]}},
{"type":"Feature","properties":{"minzoom":5},"geometry":{"type":"Polygon","coordinates":[[[7.594,51.904],[7.674,51.889],[7.776,52.029],[7.7,52.042],[7.592,52.016],[7.535,51.94],[7.594,51.904]]]}},
{"type":"Feature","properties":{"minzoom":5},"geometry":{"type":"Polygon","coordinates":[[[10.468,51.94],[10.382,51.988],[10.316,51.927],[10.443,51.894],[10.57,51.889],[10.57,51.953],[10.468,51.94]]]}},
{"type":"Feature","properties":{"minzoom":5},"geometry":{"type":"Polygon","coordinates":[[[19.574,51.838],[19.371,51.927],[19.282,51.838],[19.308,51.648],[19.638,51.724],[19.574,51.838]]]}},
{"type":"Feature","properties":{"minzoom":5},"geometry":{"type":"Polygon","coordinates":[[[14.418,51.813],[14.309,51.823],[14.24,51.762],[14.288,51.728],[14.355,51.711],[14.431,51.775],[14.52,51.788],[14.507,51.864],[14.418,51.813]]]}},
{"type":"Feature","properties":{"minzoom":5},"geometry":{"type":"Polygon","coordinates":[[[8.843,51.8],[8.665,51.851],[8.641,51.795],[8.589,51.8],[8.601,51.774],[8.64,51.775],[8.703,51.686],[8.803,51.713],[8.843,51.8]]]}},
{"type":"Feature","properties":{"minzoom":4},"geometry":{"type":"Polygon","coordinates":[[[5.053,51.509],[5.134,51.496],[5.211,51.597],[5.147,51.724],[5.164,51.787],[5.096,51.826],[5.122,51.724],[4.995,51.699],[4.868,51.775],[4.817,51.711],[4.753,51.711],[4.753,51.661],[4.704,51.621],[4.639,51.597],[4.626,51.623],[4.652,51.699],[4.576,51.737],[4.436,51.597],[4.428,51.55],[4.436,51.508],[4.501,51.52],[4.537,51.559],[4.623,51.542],[4.703,51.584],[4.742,51.554],[4.804,51.546],[4.88,51.584],[4.934,51.554],[5.007,51.559],[5.053,51.509]]]}},
{"type":"Feature","properties":{"minzoom":5},"geometry":{"type":"Polygon","coordinates":[[[5.814,51.437],[5.833,51.445],[5.813,51.488],[5.769,51.508],[5.757,51.457],[5.693,51.546],[5.744,51.584],[5.69,51.626],[5.68,51.711],[5.601,51.733],[5.566,51.8],[5.49,51.775],[5.592,51.635],[5.648,51.61],[5.668,51.546],[5.553,51.508],[5.452,51.534],[5.469,51.573],[5.503,51.597],[5.541,51.597],[5.553,51.623],[5.495,51.647],[5.414,51.648],[5.439,51.559],[5.325,51.521],[5.376,51.432],[5.376,51.356],[5.465,51.33],[5.49,51.394],[5.617,51.394],[5.617,51.445],[5.744,51.381],[5.795,51.445],[5.814,51.437]]]}},
{"type":"Feature","properties":{"minzoom":5},"geometry":{"type":"Polygon","coordinates":[[[5.388,51.724],[5.325,51.788],[5.29,51.746],[5.236,51.724],[5.227,51.747],[5.198,51.75],[5.285,51.608],[5.338,51.584],[5.388,51.724]]]}},
{"type":"Feature","properties":{"minzoom":5},"geometry":{"type":"Polygon","coordinates":[[[16.027,51.647],[16.133,51.648],[16.058,51.706],[15.933,51.733],[15.917,51.724],[15.929,51.686],[16.027,51.647]]]}},
{"type":"Feature","properties":{"minzoom":3.6},"geometry":{"type":"Polygon","coordinates":[[[6.15,51.584],[6.277,51.597],[6.277,51.648],[6.201,51.648],[6.177,51.709],[6.125,51.711],[6.188,51.635],[6.15,51.584]]]}},
{"type":"Feature","properties":{"minzoom":4},"geometry":{"type":"Polygon","coordinates":[[[12.196,51.419],[12.246,51.356],[12.234,51.305],[12.275,51.277],[12.272,51.216],[12.34,51.172],[12.424,51.165],[12.464,51.129],[12.526,51.115],[12.538,51.191],[12.45,51.254],[12.491,51.302],[12.551,51.33],[12.469,51.407],[12.361,51.457],[12.386,51.559],[12.373,51.648],[12.259,51.724],[12.221,51.661],[12.31,51.508],[12.196,51.419]]]}},
{"type":"Feature","properties":{"minzoom":5},"geometry":{"type":"Polygon","coordinates":[[[14.075,51.559],[13.971,51.592],[13.847,51.534],[13.765,51.548],[13.707,51.508],[13.78,51.474],[13.885,51.47],[13.994,51.5],[14.075,51.559]]]}},
{"type":"Feature","properties":{"minzoom":5},"geometry":{"type":"Polygon","coordinates":[[[11.992,51.229],[11.992,51.267],[12.063,51.285],[12.107,51.33],[12.043,51.394],[12.069,51.496],[11.98,51.55],[11.865,51.521],[11.942,51.343],[11.894,51.334],[11.865,51.305],[11.942,51.267],[11.929,51.191],[11.992,51.191],[11.992,51.229]]]}},
{"type":"Feature","properties":{"minzoom":5},"geometry":{"type":"Polygon","coordinates":[[[14.531,51.412],[14.621,51.407],[14.653,51.479],[14.651,51.557],[14.634,51.559],[14.57,51.47],[14.532,51.483],[14.494,51.47],[14.531,51.412]]]}},
{"type":"Feature","properties":{"minzoom":5},"geometry":{"type":"Polygon","coordinates":[[[14.124,51.484],[14.101,51.457],[14.222,51.418],[14.316,51.483],[14.247,51.509],[14.177,51.483],[14.124,51.484]]]}},
{"type":"Feature","properties":{"minzoom":5},"geometry":{"type":"Polygon","coordinates":[[[9.44,51.369],[9.414,51.242],[9.524,51.253],[9.579,51.318],[9.53,51.376],[9.44,51.369]]]}},
{"type":"Feature","properties":{"minzoom":3.6},"geometry":{"type":"Polygon","coordinates":[[[4.804,51.343],[4.88,51.242],[4.972,51.296],[4.995,51.33],[4.901,51.354],[4.804,51.343]]]}},
{"type":"Feature","properties":{"minzoom":3.6},"geometry":{"type":"Polygon","coordinates":[[[5.604,51.305],[5.515,51.305],[5.541,51.242],[5.692,51.232],[5.782,51.305],[5.604,51.267],[5.604,51.305]]]}},
{"type":"Feature","properties":{"minzoom":5},"geometry":{"type":"Polygon","coordinates":[[[22.495,51.254],[22.527,51.21],[22.597,51.203],[22.668,51.215],[22.711,51.254],[22.601,51.296],[22.495,51.254]]]}},
{"type":"Feature","properties":{"minzoom":5},"geometry":{"type":"Polygon","coordinates":[[[5.236,51.191],[5.299,51.229],[5.49,51.165],[5.515,51.267],[5.405,51.279],[5.299,51.254],[5.227,51.276],[5.172,51.229],[5.109,51.254],[5.071,51.178],[5.236,51.191]]]}},
{"type":"Feature","properties":{"minzoom":5},"geometry":{"type":"Polygon","coordinates":[[[16.961,51.072],[16.983,51.051],[17.11,51.064],[17.149,51.165],[17.05,51.183],[16.958,51.165],[16.895,51.216],[16.887,51.146],[16.961,51.072]]]}},
{"type":"Feature","properties":{"minzoom":4},"geometry":{"type":"Polygon","coordinates":[[[13.933,51.011],[13.808,51.089],[13.783,51.153],[13.656,51.14],[13.61,51.176],[13.542,51.191],[13.631,50.975],[13.796,50.975],[13.87,50.939],[13.961,50.949],[13.933,51.011]]]}},
{"type":"Feature","properties":{"minzoom":5},"geometry":{"type":"Polygon","coordinates":[[[11.103,50.949],[11.065,51.089],[10.951,51.064],[10.992,50.957],[11.103,50.949]]]}},
{"type":"Feature","properties":{"minzoom":5},"geometry":{"type":"Polygon","coordinates":[[[12.996,50.797],[13.04,50.87],[13.046,50.949],[12.818,50.873],[12.742,50.873],[12.704,50.784],[12.818,50.797],[12.881,50.746],[12.996,50.797]]]}},
{"type":"Feature","properties":{"minzoom":4},"geometry":{"type":"Polygon","coordinates":[[[20.527,50.797],[20.653,50.855],[20.679,50.899],[20.552,50.937],[20.512,50.867],[20.527,50.797]]]}},
{"type":"Feature","properties":{"minzoom":4},"geometry":{"type":"Polygon","coordinates":[[[19.206,50.835],[19.107,50.88],[19.054,50.797],[19.143,50.767],[19.206,50.835]]]}},
{"type":"Feature","properties":{"minzoom":5},"geometry":{"type":"Polygon","coordinates":[[[12.564,50.657],[12.538,50.759],[12.564,50.835],[12.45,50.861],[12.399,50.81],[12.475,50.81],[12.361,50.721],[12.454,50.665],[12.564,50.657]]]}},
{"type":"Feature","properties":{"minzoom":5},"geometry":{"type":"Polygon","coordinates":[[[13.745,50.543],[13.796,50.543],[13.885,50.683],[13.768,50.662],[13.669,50.594],[13.631,50.645],[13.389,50.492],[13.364,50.441],[13.271,50.453],[13.199,50.391],[13.339,50.365],[13.389,50.429],[13.504,50.48],[13.602,50.47],[13.669,50.429],[13.745,50.543]]]}},
{"type":"Feature","properties":{"minzoom":5},"geometry":{"type":"Polygon","coordinates":[[[8.655,50.648],[8.601,50.632],[8.618,50.496],[8.703,50.429],[8.704,50.537],[8.792,50.581],[8.762,50.64],[8.703,50.67],[8.655,50.648]]]}},
{"type":"Feature","properties":{"minzoom":5},"geometry":{"type":"Polygon","coordinates":[[[12.334,50.568],[12.335,50.53],[12.424,50.505],[12.399,50.581],[12.335,50.645],[12.196,50.657],[12.244,50.61],[12.323,50.594],[12.334,50.568]]]}},
{"type":"Feature","properties":{"minzoom":4},"geometry":{"type":"Polygon","coordinates":[[[4.715,50.518],[4.635,50.497],[4.576,50.53],[4.546,50.496],[4.499,50.48],[4.449,50.53],[4.372,50.518],[4.309,50.543],[4.36,50.607],[4.295,50.595],[4.258,50.556],[4.144,50.568],[4.106,50.467],[4.118,50.441],[4.322,50.403],[4.487,50.327],[4.563,50.391],[4.67,50.423],[4.715,50.518]]]}},
{"type":"Feature","properties":{"minzoom":4},"geometry":{"type":"Polygon","coordinates":[[[4.817,50.505],[4.804,50.48],[4.842,50.416],[4.948,50.437],[4.995,50.518],[4.817,50.505]]]}},
{"type":"Feature","properties":{"minzoom":5},"geometry":{"type":"Polygon","coordinates":[[[7.527,50.344],[7.624,50.314],[7.649,50.416],[7.484,50.492],[7.389,50.46],[7.331,50.391],[7.387,50.378],[7.446,50.391],[7.527,50.344]]]}},
{"type":"Feature","properties":{"minzoom":5},"geometry":{"type":"Polygon","coordinates":[[[19.587,50.264],[19.562,50.365],[19.523,50.365],[19.436,50.288],[19.371,50.187],[19.396,50.111],[19.498,50.162],[19.485,50.238],[19.587,50.264]]]}},
{"type":"Feature","properties":{"minzoom":5},"geometry":{"type":"Polygon","coordinates":[[[12.805,50.226],[12.919,50.238],[12.87,50.278],[12.691,50.269],[12.615,50.251],[12.551,50.162],[12.691,50.166],[12.805,50.226]]]}},
{"type":"Feature","properties":{"minzoom":4},"geometry":{"type":"Polygon","coordinates":[[[20.07,49.959],[20.146,50.048],[20.209,50.022],[20.201,50.065],[20.112,50.16],[20.095,50.162],[20.057,50.111],[19.816,50.124],[19.816,50.048],[19.777,49.959],[19.838,49.974],[19.879,50.01],[19.961,49.971],[20.07,49.959]]]}},
{"type":"Feature","properties":{"minzoom":5},"geometry":{"type":"Polygon","coordinates":[[[10.291,50.099],[10.195,50.101],[10.151,49.997],[10.25,50.003],[10.291,50.099]]]}},
{"type":"Feature","properties":{"minzoom":3.6},"geometry":{"type":"Polygon","coordinates":[[[15.84,50.022],[15.77,50.098],[15.688,50.035],[15.765,50.002],[15.84,50.022]]]}},
{"type":"Feature","properties":{"minzoom":4},"geometry":{"type":"Polygon","coordinates":[[[20.99,50.06],[20.895,50.073],[20.87,50.01],[20.946,49.982],[21.035,49.997],[20.99,50.06]]]}},
{"type":"Feature","properties":{"minzoom":5},"geometry":{"type":"Polygon","coordinates":[[[19.079,49.908],[18.977,50.035],[18.921,50.021],[18.888,49.984],[18.961,49.917],[18.99,49.806],[19.092,49.781],[19.13,49.895],[19.079,49.908]]]}},
{"type":"Feature","properties":{"minzoom":5},"geometry":{"type":"Polygon","coordinates":[[[10.887,49.972],[10.832,49.957],[10.799,49.921],[10.947,49.828],[11.04,49.679],[10.953,49.62],[10.837,49.616],[10.845,49.556],[10.887,49.502],[10.875,49.438],[10.976,49.387],[10.998,49.339],[11.04,49.311],[11.078,49.311],[11.18,49.413],[11.065,49.565],[11.091,49.743],[10.964,49.883],[10.939,49.94],[10.887,49.972]]]}},
{"type":"Feature","properties":{"minzoom":4},"geometry":{"type":"Polygon","coordinates":[[[23.956,49.806],[24.028,49.783],[24.108,49.794],[24.121,49.87],[24.032,49.898],[23.93,49.883],[23.956,49.806]]]}},
{"type":"Feature","properties":{"minzoom":5},"geometry":{"type":"Polygon","coordinates":[[[10.018,49.768],[10.037,49.832],[9.942,49.86],[9.846,49.857],[9.859,49.794],[9.973,49.73],[10.018,49.768]]]}},
{"type":"Feature","properties":{"minzoom":5},"geometry":{"type":"Polygon","coordinates":[[[13.516,49.806],[13.478,49.857],[13.427,49.857],[13.349,49.822],[13.288,49.768],[13.412,49.708],[13.516,49.806]]]}},
{"type":"Feature","properties":{"minzoom":5},"geometry":{"type":"Polygon","coordinates":[[[6.206,49.579],[6.265,49.629],[6.139,49.682],[6.049,49.616],[6.125,49.552],[6.206,49.579]]]}},
{"type":"Feature","properties":{"minzoom":5},"geometry":{"type":"Polygon","coordinates":[[[17.174,49.667],[17.187,49.578],[17.303,49.561],[17.364,49.641],[17.174,49.667]]]}},
{"type":"Feature","properties":{"minzoom":5},"geometry":{"type":"Polygon","coordinates":[[[6.032,49.523],[6.011,49.54],[5.918,49.547],[5.833,49.591],[5.778,49.557],[5.744,49.502],[5.799,49.496],[5.858,49.514],[5.88,49.472],[5.922,49.451],[6.061,49.489],[6.089,49.47],[6.125,49.476],[6.125,49.527],[6.049,49.502],[6.032,49.523]]]}},
{"type":"Feature","properties":{"minzoom":4},"geometry":{"type":"Polygon","coordinates":[[[7.827,49.438],[7.742,49.505],[7.662,49.438],[7.744,49.423],[7.827,49.438]]]}},
{"type":"Feature","properties":{"minzoom":5},"geometry":{"type":"Polygon","coordinates":[[[6.107,49.186],[6.125,49.146],[6.049,49.108],[6.158,49.057],[6.265,49.108],[6.239,49.184],[6.265,49.248],[6.227,49.337],[6.265,49.425],[6.087,49.362],[6.049,49.375],[6.011,49.362],[6.074,49.286],[6.016,49.255],[5.947,49.273],[5.934,49.171],[6.074,49.21],[6.107,49.186]]]}},
{"type":"Feature","properties":{"minzoom":5},"geometry":{"type":"Polygon","coordinates":[[[16.793,49.235],[16.666,49.266],[16.564,49.324],[16.539,49.362],[16.501,49.184],[16.641,49.121],[16.729,49.166],[16.793,49.235]]]}},
{"type":"Feature","properties":{"minzoom":5},"geometry":{"type":"Polygon","coordinates":[[[17.441,48.981],[17.517,49.108],[17.466,49.133],[17.326,48.956],[17.386,48.941],[17.441,48.981]]]}},
{"type":"Feature","properties":{"minzoom":5},"geometry":{"type":"Polygon","coordinates":[[[12.246,48.994],[12.145,49.121],[12.107,49.121],[12.03,49.044],[12.03,49.006],[12.137,48.969],[12.246,48.994]]]}},
{"type":"Feature","properties":{"minzoom":3.6},"geometry":{"type":"Polygon","coordinates":[[[8.652,48.968],[8.627,48.968],[8.652,48.867],[8.745,48.882],[8.792,48.943],[8.652,48.968]]]}},
{"type":"Feature","properties":{"minzoom":5},"geometry":{"type":"Polygon","coordinates":[[[12.557,48.866],[12.615,48.854],[12.654,48.885],[12.665,48.943],[12.564,48.942],[12.513,48.892],[12.557,48.866]]]}},
{"type":"Feature","properties":{"minzoom":5},"geometry":{"type":"Polygon","coordinates":[[[17.085,48.829],[17.17,48.818],[17.25,48.841],[17.167,48.929],[17.085,48.829]]]}},
{"type":"Feature","properties":{"minzoom":5},"geometry":{"type":"Polygon","coordinates":[[[6.112,48.651],[6.188,48.587],[6.29,48.625],[6.392,48.562],[6.366,48.663],[6.29,48.663],[6.277,48.74],[6.1,48.854],[6.087,48.905],[6.049,48.905],[6.095,48.793],[6.112,48.651]]]}},
{"type":"Feature","properties":{"minzoom":4},"geometry":{"type":"Polygon","coordinates":[[[7.915,48.802],[7.89,48.854],[7.794,48.855],[7.738,48.816],[7.801,48.74],[7.674,48.752],[7.7,48.638],[7.637,48.58],[7.535,48.562],[7.508,48.618],[7.458,48.651],[7.435,48.543],[7.458,48.448],[7.514,48.475],[7.547,48.524],[7.61,48.523],[7.662,48.511],[7.7,48.435],[7.865,48.6],[7.896,48.692],[7.966,48.778],[7.915,48.802]]]}},
{"type":"Feature","properties":{"minzoom":5},"geometry":{"type":"Polygon","coordinates":[[[21.332,48.749],[21.289,48.79],[21.225,48.765],[21.149,48.651],[21.16,48.604],[21.2,48.587],[21.327,48.651],[21.332,48.749]]]}},
{"type":"Feature","properties":{"minzoom":5},"geometry":{"type":"Polygon","coordinates":[[[9.249,48.625],[9.208,48.578],[9.148,48.549],[9.066,48.556],[9.021,48.524],[9.066,48.5],[9.135,48.498],[9.192,48.464],[9.262,48.473],[9.249,48.562],[9.271,48.597],[9.249,48.625]]]}},
{"type":"Feature","properties":{"minzoom":5},"geometry":{"type":"Polygon","coordinates":[[[10.024,48.346],[10.049,48.276],[10.1,48.232],[10.075,48.435],[9.948,48.486],[9.91,48.409],[9.95,48.361],[10.024,48.346]]]}},
{"type":"Feature","properties":{"minzoom":5},"geometry":{"type":"Polygon","coordinates":[[[10.862,48.473],[10.799,48.397],[10.837,48.257],[10.898,48.265],[11.002,48.384],[10.954,48.451],[10.862,48.473]]]}},
{"type":"Feature","properties":{"minzoom":5},"geometry":{"type":"Polygon","coordinates":[[[22.211,48.411],[22.229,48.473],[22.141,48.421],[22.076,48.346],[22.063,48.206],[22.147,48.244],[22.152,48.359],[22.211,48.411]]]}},
{"type":"Feature","properties":{"minzoom":5},"geometry":{"type":"Polygon","coordinates":[[[17.987,48.308],[18.04,48.279],[18.063,48.219],[18.148,48.281],[18.126,48.397],[18.033,48.376],[17.987,48.308]]]}},
{"type":"Feature","properties":{"minzoom":3.6},"geometry":{"type":"Polygon","coordinates":[[[16.437,48.117],[16.615,48.117],[16.575,48.248],[16.501,48.346],[16.298,48.384],[16.285,48.244],[16.221,48.219],[16.247,48.054],[16.183,47.965],[16.158,47.8],[16.282,47.806],[16.348,47.901],[16.285,47.952],[16.437,48.117]]]}},
{"type":"Feature","properties":{"minzoom":4},"geometry":{"type":"Polygon","coordinates":[[[25.861,48.295],[25.92,48.258],[26,48.27],[25.988,48.371],[25.902,48.355],[25.861,48.295]]]}},
{"type":"Feature","properties":{"minzoom":5},"geometry":{"type":"Polygon","coordinates":[[[4.123,48.264],[4.156,48.346],[4.017,48.333],[4.017,48.282],[4.123,48.264]]]}},
{"type":"Feature","properties":{"minzoom":3.6},"geometry":{"type":"Polygon","coordinates":[[[11.218,48.168],[11.497,48.054],[11.573,48.067],[11.649,48.041],[11.789,48.105],[11.796,48.16],[11.789,48.206],[11.713,48.219],[11.662,48.295],[11.662,48.346],[11.446,48.295],[11.383,48.232],[11.332,48.244],[11.218,48.168]]]}},
{"type":"Feature","properties":{"minzoom":5},"geometry":{"type":"Polygon","coordinates":[[[14.38,48.244],[14.471,48.191],[14.545,48.232],[14.486,48.266],[14.393,48.257],[14.367,48.314],[14.316,48.346],[14.266,48.346],[14.211,48.278],[14.202,48.194],[14.296,48.2],[14.38,48.244]]]}},
{"type":"Feature","properties":{"minzoom":4},"geometry":{"type":"Polygon","coordinates":[[[16.996,48.155],[17.044,48.14],[17.06,48.092],[17.136,48.067],[17.207,48.087],[17.288,48.079],[17.276,48.181],[17.237,48.244],[17.288,48.295],[17.273,48.318],[17.237,48.321],[17.189,48.242],[17.098,48.206],[17.043,48.228],[16.971,48.232],[16.996,48.155]]]}},
{"type":"Feature","properties":{"minzoom":5},"geometry":{"type":"Polygon","coordinates":[[[20.832,48.028],[20.87,48.13],[20.84,48.177],[20.781,48.194],[20.743,48.143],[20.693,48.129],[20.679,48.079],[20.832,48.028]]]}},
{"type":"Feature","properties":{"minzoom":5},"geometry":{"type":"Polygon","coordinates":[[[7.408,48.092],[7.35,48.149],[7.268,48.13],[7.328,48.045],[7.408,48.092]]]}},
{"type":"Feature","properties":{"minzoom":5},"geometry":{"type":"Polygon","coordinates":[[[7.885,47.989],[7.903,48.079],[7.776,48.067],[7.801,47.965],[7.885,47.989]]]}},
{"type":"Feature","properties":{"minzoom":5},"geometry":{"type":"Polygon","coordinates":[[[21.784,47.94],[21.759,48.041],[21.672,48.026],[21.644,47.952],[21.657,47.927],[21.723,47.918],[21.784,47.94]]]}},
{"type":"Feature","properties":{"minzoom":4},"geometry":{"type":"Polygon","coordinates":[[[17.149,47.876],[17.288,47.838],[17.323,47.89],[17.301,47.952],[17.199,47.914],[17.165,47.968],[17.098,47.99],[17.098,47.927],[17.149,47.876]]]}},
{"type":"Feature","properties":{"minzoom":5},"geometry":{"type":"Polygon","coordinates":[[[7.179,47.8],[7.306,47.698],[7.399,47.725],[7.446,47.8],[7.383,47.826],[7.357,47.889],[7.204,47.94],[7.23,47.863],[7.179,47.8]]]}},
{"type":"Feature","properties":{"minzoom":5},"geometry":{"type":"Polygon","coordinates":[[[13.11,47.774],[13.11,47.825],[12.994,47.847],[12.958,47.774],[13.037,47.763],[13.11,47.774]]]}},
{"type":"Feature","properties":{"minzoom":3.6},"geometry":{"type":"Polygon","coordinates":[[[18.761,47.711],[18.787,47.825],[18.731,47.849],[18.673,47.825],[18.698,47.711],[18.761,47.711]]]}},
{"type":"Feature","properties":{"minzoom":3.6},"geometry":{"type":"Polygon","coordinates":[[[18.914,47.241],[18.99,47.305],[19.244,47.368],[19.301,47.413],[19.384,47.432],[19.333,47.571],[19.37,47.585],[19.384,47.622],[19.35,47.689],[19.282,47.724],[19.217,47.703],[19.168,47.724],[19.193,47.825],[19.079,47.851],[19.093,47.763],[19.13,47.698],[19.041,47.711],[18.952,47.635],[18.876,47.66],[18.901,47.508],[18.825,47.482],[18.831,47.325],[18.914,47.241]]]}},
{"type":"Feature","properties":{"minzoom":5},"geometry":{"type":"Polygon","coordinates":[[[18.302,47.639],[18.355,47.559],[18.457,47.546],[18.368,47.724],[18.213,47.788],[18.052,47.817],[18.05,47.8],[18.127,47.737],[18.253,47.724],[18.302,47.639]]]}},
{"type":"Feature","properties":{"minzoom":5},"geometry":{"type":"Polygon","coordinates":[[[16.679,47.736],[16.562,47.759],[16.526,47.673],[16.621,47.662],[16.679,47.736]]]}},
{"type":"Feature","properties":{"minzoom":5},"geometry":{"type":"Polygon","coordinates":[[[17.702,47.659],[17.733,47.724],[17.695,47.762],[17.555,47.724],[17.578,47.664],[17.631,47.635],[17.702,47.659]]]}},
{"type":"Feature","properties":{"minzoom":5},"geometry":{"type":"Polygon","coordinates":[[[7.7,47.66],[7.573,47.647],[7.536,47.682],[7.484,47.673],[7.476,47.653],[7.536,47.541],[7.611,47.47],[7.687,47.495],[7.776,47.482],[7.814,47.584],[7.712,47.571],[7.7,47.66]]]}},
{"type":"Feature","properties":{"minzoom":5},"geometry":{"type":"Polygon","coordinates":[[[21.657,47.482],[21.721,47.597],[21.606,47.622],[21.543,47.546],[21.583,47.497],[21.657,47.482]]]}},
{"type":"Feature","properties":{"minzoom":3.7},"geometry":{"type":"Polygon","coordinates":[[[8.22,47.381],[8.274,47.345],[8.347,47.355],[8.259,47.419],[8.335,47.419],[8.5,47.343],[8.563,47.292],[8.618,47.339],[8.69,47.368],[8.627,47.495],[8.538,47.533],[8.458,47.499],[8.36,47.482],[8.233,47.52],[8.17,47.444],[8.063,47.442],[8.005,47.381],[8.111,47.367],[8.22,47.381]]]}},
{"type":"Feature","properties":{"minzoom":5},"geometry":{"type":"Polygon","coordinates":[[[9.656,47.343],[9.681,47.343],[9.706,47.457],[9.757,47.406],[9.757,47.495],[9.673,47.484],[9.617,47.444],[9.63,47.343],[9.656,47.343]]]}},
{"type":"Feature","properties":{"minzoom":5},"geometry":{"type":"Polygon","coordinates":[[[5.16,47.266],[5.185,47.355],[5.058,47.406],[5.02,47.368],[4.98,47.386],[4.944,47.381],[4.969,47.317],[4.957,47.139],[5.002,47.165],[4.995,47.216],[5.059,47.259],[5.16,47.266]]]}},
{"type":"Feature","properties":{"minzoom":5},"geometry":{"type":"Polygon","coordinates":[[[11.243,47.266],[11.406,47.24],[11.522,47.317],[11.369,47.325],[11.243,47.266]]]}},
{"type":"Feature","properties":{"minzoom":5},"geometry":{"type":"Polygon","coordinates":[[[20.237,47.237],[20.171,47.266],[20.129,47.233],[20.108,47.178],[20.228,47.125],[20.336,47.203],[20.324,47.228],[20.237,47.237]]]}},
{"type":"Feature","properties":{"minzoom":5},"geometry":{"type":"Polygon","coordinates":[[[18.419,47.139],[18.486,47.168],[18.52,47.228],[18.417,47.249],[18.33,47.228],[18.356,47.166],[18.419,47.139]]]}},
{"type":"Feature","properties":{"minzoom":5},"geometry":{"type":"Polygon","coordinates":[[[21.915,47.149],[21.86,47.089],[21.902,47.035],[21.987,47.025],[22.013,47.139],[21.915,47.149]]]}},
{"type":"Feature","properties":{"minzoom":5},"geometry":{"type":"Polygon","coordinates":[[[15.383,47.077],[15.383,47],[15.485,46.949],[15.523,47.063],[15.478,47.107],[15.409,47.127],[15.383,47.077]]]}},
{"type":"Feature","properties":{"minzoom":5},"geometry":{"type":"Polygon","coordinates":[[[19.777,46.962],[19.677,46.983],[19.625,46.898],[19.721,46.882],[19.777,46.962]]]}},
{"type":"Feature","properties":{"minzoom":5},"geometry":{"type":"Polygon","coordinates":[[[15.628,46.59],[15.612,46.543],[15.645,46.499],[15.701,46.479],[15.716,46.567],[15.65,46.631],[15.628,46.59]]]}},
{"type":"Feature","properties":{"minzoom":5},"geometry":{"type":"Polygon","coordinates":[[[20.171,46.212],[20.227,46.246],[20.26,46.301],[20.222,46.39],[20.146,46.377],[20.095,46.327],[20.049,46.316],[20.031,46.276],[20.091,46.234],[20.171,46.212]]]}},
{"type":"Feature","properties":{"minzoom":5},"geometry":{"type":"Polygon","coordinates":[[[6.133,46.205],[6.148,46.262],[6.125,46.276],[6.036,46.2],[6.036,46.162],[6.094,46.135],[6.233,46.162],[6.277,46.2],[6.192,46.235],[6.133,46.205]]]}},
{"type":"Feature","properties":{"minzoom":4},"geometry":{"type":"Polygon","coordinates":[[[7.382,46.212],[7.433,46.263],[7.23,46.25],[7.204,46.162],[7.293,46.2],[7.382,46.212]]]}},
{"type":"Feature","properties":{"minzoom":4},"geometry":{"type":"Polygon","coordinates":[[[11.154,46.136],[11.148,46.206],[11.103,46.238],[11.084,46.128],[11.116,46.035],[11.182,46.051],[11.23,46.085],[11.154,46.136]]]}},
{"type":"Feature","properties":{"minzoom":5},"geometry":{"type":"Polygon","coordinates":[[[13.22,46.011],[13.3,46.009],[13.31,46.083],[13.25,46.2],[13.199,46.238],[13.173,46.238],[13.161,46.035],[13.22,46.011]]]}},
{"type":"Feature","properties":{"minzoom":5},"geometry":{"type":"Polygon","coordinates":[[[19.727,46.073],[19.73,46.151],[19.663,46.187],[19.638,46.238],[19.566,46.234],[19.523,46.2],[19.6,46.111],[19.727,46.073]]]}},
{"type":"Feature","properties":{"minzoom":4},"geometry":{"type":"Polygon","coordinates":[[[14.609,46.047],[14.634,46.187],[14.617,46.195],[14.596,46.2],[14.539,46.136],[14.443,46.111],[14.443,46.035],[14.525,46.017],[14.609,46.047]]]}},
{"type":"Feature","properties":{"minzoom":5},"geometry":{"type":"Polygon","coordinates":[[[13.478,45.958],[13.491,46.009],[13.409,46.03],[13.313,46.022],[13.369,45.963],[13.478,45.958]]]}},
{"type":"Feature","properties":{"minzoom":5},"geometry":{"type":"Polygon","coordinates":[[[13.681,45.946],[13.66,45.988],[13.605,45.996],[13.58,45.971],[13.491,45.939],[13.44,45.869],[13.5,45.787],[13.618,45.793],[13.567,45.895],[13.645,45.9],[13.681,45.946]]]}},
{"type":"Feature","properties":{"minzoom":3.7},"geometry":{"type":"Polygon","coordinates":[[[15.866,45.742],[15.98,45.73],[16.022,45.702],[16.082,45.692],[16.133,45.761],[16.145,45.869],[16.075,45.902],[16.018,45.869],[15.945,45.867],[15.891,45.844],[15.842,45.879],[15.777,45.869],[15.866,45.742]]]}},
{"type":"Feature","properties":{"minzoom":4},"geometry":{"type":"Polygon","coordinates":[[[11.141,45.368],[11.205,45.4],[11.294,45.361],[11.345,45.387],[11.367,45.333],[11.408,45.298],[11.497,45.361],[11.472,45.476],[11.57,45.498],[11.649,45.539],[11.574,45.578],[11.522,45.641],[11.611,45.641],[11.649,45.717],[11.713,45.692],[11.713,45.615],[11.805,45.606],[11.878,45.666],[11.831,45.702],[11.827,45.781],[11.726,45.819],[11.599,45.73],[11.459,45.806],[11.332,45.742],[11.395,45.615],[11.307,45.654],[11.294,45.488],[11.154,45.476],[11.076,45.512],[10.976,45.527],[10.926,45.577],[10.82,45.608],[10.722,45.59],[10.748,45.488],[10.646,45.463],[10.735,45.349],[10.755,45.405],[10.799,45.438],[10.841,45.402],[10.837,45.349],[10.875,45.374],[11.091,45.323],[11.141,45.368]]]}},
{"type":"Feature","properties":{"minzoom":3.7},"geometry":{"type":"Polygon","coordinates":[[[21.301,45.806],[21.238,45.82],[21.174,45.806],[21.2,45.704],[21.275,45.731],[21.301,45.806]]]}},
{"type":"Feature","properties":{"minzoom":5},"geometry":{"type":"Polygon","coordinates":[[[13.72,45.588],[13.702,45.576],[13.746,45.525],[13.78,45.532],[13.856,45.594],[13.885,45.628],[13.872,45.73],[13.722,45.761],[13.66,45.742],[13.783,45.627],[13.72,45.588]]]}},
{"type":"Feature","properties":{"minzoom":5},"geometry":{"type":"Polygon","coordinates":[[[5.896,45.552],[5.998,45.527],[6.036,45.463],[5.996,45.566],[5.909,45.654],[5.934,45.717],[5.896,45.73],[5.858,45.628],[5.896,45.552]]]}},
{"type":"Feature","properties":{"minzoom":5},"geometry":{"type":"Polygon","coordinates":[[[25.657,45.684],[25.569,45.704],[25.543,45.641],[25.615,45.609],[25.696,45.615],[25.657,45.684]]]}},
{"type":"Feature","properties":{"minzoom":5},"geometry":{"type":"Polygon","coordinates":[[[4.422,45.498],[4.347,45.488],[4.308,45.445],[4.245,45.425],[4.283,45.361],[4.346,45.39],[4.41,45.387],[4.487,45.45],[4.585,45.479],[4.652,45.539],[4.566,45.546],[4.487,45.488],[4.422,45.498]]]}},
{"type":"Feature","properties":{"minzoom":4},"geometry":{"type":"Polygon","coordinates":[[[7.928,45.412],[7.941,45.501],[7.879,45.526],[7.814,45.501],[7.841,45.426],[7.928,45.412]]]}},
{"type":"Feature","properties":{"minzoom":5},"geometry":{"type":"Polygon","coordinates":[[[11.98,45.45],[11.903,45.488],[11.776,45.463],[11.7,45.527],[11.675,45.527],[11.751,45.387],[11.717,45.351],[11.738,45.298],[11.408,45.273],[11.453,45.223],[11.535,45.234],[11.764,45.184],[11.794,45.23],[11.802,45.298],[11.906,45.34],[12.018,45.311],[12.043,45.387],[12.094,45.438],[12.045,45.464],[11.98,45.45]]]}},
{"type":"Feature","properties":{"minzoom":5},"geometry":{"type":"Polygon","coordinates":[[[9.668,45.349],[9.73,45.341],[9.757,45.4],[9.7,45.408],[9.643,45.387],[9.606,45.414],[9.567,45.412],[9.594,45.357],[9.668,45.349]]]}},
{"type":"Feature","properties":{"minzoom":3.6},"geometry":{"type":"Polygon","coordinates":[[[8.374,45.325],[8.436,45.298],[8.513,45.336],[8.455,45.395],[8.347,45.387],[8.374,45.325]]]}},
{"type":"Feature","properties":{"minzoom":5},"geometry":{"type":"Polygon","coordinates":[[[14.386,45.342],[14.563,45.286],[14.596,45.298],[14.494,45.4],[14.333,45.389],[14.298,45.374],[14.271,45.347],[14.278,45.299],[14.313,45.338],[14.386,45.342]]]}},
{"type":"Feature","properties":{"minzoom":5},"geometry":{"type":"Polygon","coordinates":[[[5.668,45.057],[5.769,45.069],[5.922,45.298],[5.817,45.276],[5.731,45.234],[5.579,45.374],[5.569,45.323],[5.668,45.158],[5.668,45.057]]]}},
{"type":"Feature","properties":{"minzoom":5},"geometry":{"type":"Polygon","coordinates":[[[19.795,45.353],[19.676,45.234],[19.841,45.209],[19.903,45.236],[19.943,45.285],[19.795,45.353]]]}},
{"type":"Feature","properties":{"minzoom":5},"geometry":{"type":"Polygon","coordinates":[[[10.1,45.158],[10.025,45.179],[9.935,45.171],[9.948,45.107],[9.833,45.082],[9.744,45.12],[9.643,45.26],[9.632,45.194],[9.656,45.133],[9.614,45.098],[9.592,45.044],[9.724,45.008],[9.871,45.069],[9.897,45.044],[9.91,44.917],[10.037,45.019],[10.024,45.095],[10.1,45.158]]]}},
{"type":"Feature","properties":{"minzoom":5},"geometry":{"type":"Polygon","coordinates":[[[9.224,45.171],[9.211,45.247],[9.141,45.228],[9.084,45.196],[9.109,45.133],[8.982,45.057],[8.906,45.107],[8.907,45.146],[8.881,45.158],[8.881,45.031],[8.982,44.98],[9.109,45.006],[9.143,45.063],[9.135,45.133],[9.224,45.171]]]}},
{"type":"Feature","properties":{"minzoom":4},"geometry":{"type":"Polygon","coordinates":[[[18.018,45.128],[18.063,45.184],[17.994,45.24],[17.949,45.146],[18.018,45.128]]]}},
{"type":"Feature","properties":{"minzoom":4},"geometry":{"type":"Polygon","coordinates":[[[10.875,45.133],[10.854,45.208],[10.786,45.234],[10.748,45.133],[10.808,45.11],[10.875,45.133]]]}},
{"type":"Feature","properties":{"minzoom":5},"geometry":{"type":"Polygon","coordinates":[[[7.281,45.107],[7.23,45.209],[7.154,45.171],[7.103,45.209],[7.065,45.133],[7.281,45.107]]]}},
{"type":"Feature","properties":{"minzoom":5},"geometry":{"type":"Polygon","coordinates":[[[8.551,45.146],[8.457,45.205],[8.386,45.133],[8.471,45.112],[8.551,45.146]]]}},
{"type":"Feature","properties":{"minzoom":5},"geometry":{"type":"Polygon","coordinates":[[[12.258,45.224],[12.245,45.124],[12.157,45.031],[12.201,44.999],[12.259,45.006],[12.315,45.162],[12.258,45.224]]]}},
{"type":"Feature","properties":{"minzoom":5},"geometry":{"type":"Polygon","coordinates":[[[6.214,45.057],[6.162,45.119],[6.087,45.158],[6.061,45.12],[6.1,45.069],[6.087,45.006],[6.165,45.003],[6.214,45.057]]]}},
{"type":"Feature","properties":{"minzoom":5},"geometry":{"type":"Polygon","coordinates":[[[9.452,45.057],[9.481,45.079],[9.49,45.12],[9.321,45.135],[9.211,45.069],[9.452,45.057]]]}},
{"type":"Feature","properties":{"minzoom":5},"geometry":{"type":"Polygon","coordinates":[[[11.827,45.133],[11.738,45.117],[11.751,45.019],[11.83,45.049],[11.827,45.133]]]}},
{"type":"Feature","properties":{"minzoom":5},"geometry":{"type":"Polygon","coordinates":[[[4.868,44.828],[4.938,44.885],[4.982,44.968],[4.912,45.057],[4.817,45.12],[4.842,44.879],[4.741,44.765],[4.779,44.676],[4.708,44.613],[4.677,44.511],[4.777,44.51],[4.83,44.587],[4.804,44.726],[4.85,44.763],[4.868,44.828]]]}},
{"type":"Feature","properties":{"minzoom":5},"geometry":{"type":"Polygon","coordinates":[[[8.728,44.917],[8.69,44.979],[8.703,45.057],[8.619,45.065],[8.614,44.968],[8.551,44.917],[8.641,44.877],[8.728,44.917]]]}},
{"type":"Feature","properties":{"minzoom":4},"geometry":{"type":"Polygon","coordinates":[[[11.079,44.664],[11.078,44.701],[10.976,44.79],[10.938,44.879],[10.837,44.866],[10.773,44.911],[10.697,44.892],[10.697,44.815],[10.519,44.752],[10.43,44.866],[10.456,44.917],[10.57,44.892],[10.558,44.96],[10.506,45.019],[10.468,44.968],[10.43,45.006],[10.431,45.044],[10.405,45.057],[10.384,45.001],[10.329,44.98],[10.286,44.897],[10.176,44.904],[10.151,44.879],[10.164,44.739],[10.09,44.736],[10.062,44.688],[10.115,44.69],[10.164,44.726],[10.252,44.701],[10.308,44.747],[10.392,44.765],[10.444,44.725],[10.519,44.726],[10.545,44.65],[10.595,44.639],[10.646,44.65],[10.672,44.485],[10.812,44.514],[10.964,44.523],[11.002,44.46],[11.091,44.485],[11.079,44.664]]]}},
{"type":"Feature","properties":{"minzoom":5},"geometry":{"type":"Polygon","coordinates":[[[25.962,44.993],[25.975,44.853],[26.026,44.841],[26.153,44.993],[26.049,45.032],[25.962,44.993]]]}},
{"type":"Feature","properties":{"minzoom":5},"geometry":{"type":"Polygon","coordinates":[[[8.208,44.841],[8.335,44.904],[8.257,44.975],[8.144,44.955],[8.164,44.886],[8.208,44.841]]]}},
{"type":"Feature","properties":{"minzoom":5},"geometry":{"type":"Polygon","coordinates":[[[8.817,44.752],[8.837,44.708],[8.881,44.688],[8.925,44.695],[8.944,44.726],[8.889,44.785],[8.855,44.866],[8.907,44.898],[8.919,44.968],[8.902,44.976],[8.881,44.98],[8.825,44.922],[8.792,44.841],[8.75,44.826],[8.728,44.79],[8.761,44.759],[8.817,44.752]]]}},
{"type":"Feature","properties":{"minzoom":3.7},"geometry":{"type":"Polygon","coordinates":[[[20.661,44.817],[20.717,44.815],[20.711,44.908],[20.59,44.942],[20.539,44.879],[20.472,44.915],[20.387,44.904],[20.273,44.968],[20.298,44.866],[20.256,44.858],[20.235,44.828],[20.298,44.789],[20.336,44.726],[20.616,44.739],[20.616,44.828],[20.661,44.817]]]}},
{"type":"Feature","properties":{"minzoom":5},"geometry":{"type":"Polygon","coordinates":[[[11.7,44.866],[11.664,44.925],[11.599,44.955],[11.544,44.915],[11.522,44.841],[11.624,44.805],[11.7,44.866]]]}},
{"type":"Feature","properties":{"minzoom":5},"geometry":{"type":"Polygon","coordinates":[[[24.959,44.942],[24.921,44.955],[24.807,44.904],[24.847,44.818],[24.908,44.752],[24.986,44.763],[25.023,44.815],[24.959,44.942]]]}},
{"type":"Feature","properties":{"minzoom":5},"geometry":{"type":"Polygon","coordinates":[[[8.309,44.714],[8.424,44.815],[8.347,44.828],[8.208,44.726],[8.309,44.714]]]}},
{"type":"Feature","properties":{"minzoom":5},"geometry":{"type":"Polygon","coordinates":[[[7.827,44.739],[7.852,44.676],[7.966,44.688],[7.981,44.659],[8.017,44.65],[8.097,44.707],[8.093,44.815],[7.928,44.739],[7.861,44.782],[7.789,44.79],[7.827,44.739]]]}},
{"type":"Feature","properties":{"minzoom":3.7},"geometry":{"type":"Polygon","coordinates":[[[21.009,44.666],[20.984,44.726],[20.907,44.709],[20.882,44.638],[20.997,44.599],[21.009,44.666]]]}},
{"type":"Feature","properties":{"minzoom":3.7},"geometry":{"type":"Polygon","coordinates":[[[21.126,44.642],[21.187,44.587],[21.233,44.611],[21.251,44.663],[21.149,44.726],[21.126,44.642]]]}},
{"type":"Feature","properties":{"minzoom":5},"geometry":{"type":"Polygon","coordinates":[[[11.256,44.409],[11.307,44.409],[11.357,44.384],[11.411,44.44],[11.51,44.434],[11.486,44.525],[11.421,44.574],[11.459,44.663],[11.332,44.65],[11.307,44.587],[11.205,44.581],[11.154,44.523],[11.216,44.477],[11.256,44.409]]]}},
{"type":"Feature","properties":{"minzoom":3.6},"geometry":{"type":"Polygon","coordinates":[[[26.198,44.37],[26.28,44.422],[26.267,44.523],[26.166,44.561],[26.126,44.617],[26.064,44.65],[25.975,44.587],[25.935,44.611],[25.886,44.599],[25.962,44.358],[26.102,44.333],[26.198,44.37]]]}},
{"type":"Feature","properties":{"minzoom":4},"geometry":{"type":"Polygon","coordinates":[[[18.698,44.498],[18.685,44.587],[18.585,44.573],[18.52,44.523],[18.698,44.498]]]}},
{"type":"Feature","properties":{"minzoom":5},"geometry":{"type":"Polygon","coordinates":[[[12.276,44.578],[12.246,44.574],[12.174,44.507],[12.132,44.409],[12.241,44.389],[12.311,44.415],[12.276,44.578]]]}},
{"type":"Feature","properties":{"minzoom":5},"geometry":{"type":"Polygon","coordinates":[[[9.041,44.372],[9.033,44.447],[8.957,44.46],[8.938,44.498],[8.894,44.511],[8.881,44.472],[8.825,44.484],[8.78,44.468],[8.789,44.42],[8.93,44.408],[9.041,44.372]]]}},
{"type":"Feature","properties":{"minzoom":5},"geometry":{"type":"Polygon","coordinates":[[[5.198,44.409],[5.084,44.409],[5.045,44.46],[4.959,44.458],[4.906,44.422],[4.982,44.358],[5.045,44.381],[5.096,44.358],[5.033,44.244],[5.077,44.231],[5.134,44.231],[5.147,44.333],[5.198,44.409]]]}},
{"type":"Feature","properties":{"minzoom":5},"geometry":{"type":"Polygon","coordinates":[[[7.458,44.422],[7.497,44.295],[7.54,44.315],[7.611,44.434],[7.53,44.448],[7.458,44.422]]]}},
{"type":"Feature","properties":{"minzoom":5},"geometry":{"type":"Polygon","coordinates":[[[23.829,44.282],[23.87,44.323],[23.892,44.384],[23.798,44.406],[23.714,44.371],[23.752,44.307],[23.829,44.282]]]}},
{"type":"Feature","properties":{"minzoom":4},"geometry":{"type":"Polygon","coordinates":[[[12.487,44.134],[12.396,44.224],[12.345,44.34],[12.259,44.371],[12.284,44.231],[12.196,44.231],[12.183,44.155],[12.196,44.13],[12.373,44.091],[12.437,43.914],[12.577,43.977],[12.678,43.914],[12.774,43.94],[12.788,43.962],[12.691,43.995],[12.487,44.134]]]}},
{"type":"Feature","properties":{"minzoom":5},"geometry":{"type":"Polygon","coordinates":[[[12.107,44.282],[11.98,44.257],[12.038,44.194],[12.145,44.18],[12.137,44.242],[12.107,44.282]]]}},
{"type":"Feature","properties":{"minzoom":5},"geometry":{"type":"Polygon","coordinates":[[[6.061,44.155],[6.011,44.219],[5.947,44.269],[5.922,44.269],[5.925,44.198],[5.973,44.142],[5.937,44.101],[5.922,44.041],[6.03,44.045],[6.061,44.155]]]}},
{"type":"Feature","properties":{"minzoom":5},"geometry":{"type":"Polygon","coordinates":[[[4.068,44.091],[4.195,44.091],[4.209,44.161],[4.195,44.231],[4.08,44.206],[4.058,44.234],[4.017,44.244],[4.068,44.091]]]}},
{"type":"Feature","properties":{"minzoom":5},"geometry":{"type":"Polygon","coordinates":[[[10.188,43.947],[10.252,43.822],[10.316,43.812],[10.354,43.926],[10.233,43.99],[10.164,44.104],[10.049,44.091],[9.982,44.151],[9.871,44.193],[9.74,44.099],[10.048,44.02],[10.188,43.947]]]}},
{"type":"Feature","properties":{"minzoom":5},"geometry":{"type":"Polygon","coordinates":[[[8.082,43.919],[8.331,44.168],[8.321,44.178],[8.22,44.18],[8.119,44.079],[8.132,44.015],[7.973,43.929],[7.956,43.863],[8.082,43.919]]]}},
{"type":"Feature","properties":{"minzoom":5},"geometry":{"type":"Polygon","coordinates":[[[20.984,44.066],[20.971,44.091],[20.876,44.079],[20.832,44.015],[20.926,43.978],[20.997,44.041],[20.984,44.066]]]}},
{"type":"Feature","properties":{"minzoom":5},"geometry":{"type":"Polygon","coordinates":[[[21.314,43.964],[21.39,43.837],[21.456,43.848],[21.492,43.888],[21.428,44.003],[21.349,44.025],[21.289,44.066],[21.223,44.036],[21.2,43.964],[21.314,43.964]]]}},
{"type":"Feature","properties":{"minzoom":4},"geometry":{"type":"Polygon","coordinates":[[[10.342,43.489],[10.43,43.558],[10.405,43.66],[10.527,43.663],[10.646,43.634],[10.735,43.672],[10.932,43.691],[11.103,43.736],[11.256,43.634],[11.192,43.609],[11.078,43.456],[11.182,43.439],[11.218,43.545],[11.332,43.596],[11.281,43.698],[11.357,43.746],[11.446,43.723],[11.434,43.558],[11.555,43.525],[11.675,43.52],[11.649,43.609],[11.548,43.666],[11.484,43.761],[11.513,43.784],[11.522,43.825],[11.45,43.836],[11.383,43.812],[11.218,43.926],[10.913,43.977],[10.786,43.901],[10.519,43.926],[10.43,43.888],[10.405,43.837],[10.329,43.812],[10.329,43.736],[10.281,43.694],[10.342,43.489]],[[10.591,43.822],[10.71,43.812],[10.787,43.85],[10.875,43.825],[10.941,43.837],[11.002,43.825],[10.922,43.763],[10.824,43.799],[10.693,43.766],[10.646,43.774],[10.545,43.736],[10.506,43.774],[10.591,43.822]]]}},
{"type":"Feature","properties":{"minzoom":5},"geometry":{"type":"Polygon","coordinates":[[[25.937,43.964],[25.886,43.837],[25.942,43.813],[26.013,43.825],[26.089,43.914],[26.027,43.966],[25.937,43.964]]]}},
{"type":"Feature","properties":{"minzoom":5},"geometry":{"type":"Polygon","coordinates":[[[5.807,43.774],[5.96,43.952],[5.896,43.964],[5.799,43.915],[5.719,43.85],[5.748,43.797],[5.807,43.774]]]}},
{"type":"Feature","properties":{"minzoom":5},"geometry":{"type":"Polygon","coordinates":[[[20.285,43.901],[20.324,43.863],[20.387,43.85],[20.418,43.895],[20.412,43.952],[20.333,43.954],[20.285,43.901]]]}},
{"type":"Feature","properties":{"minzoom":4},"geometry":{"type":"Polygon","coordinates":[[[12.808,43.955],[12.799,43.916],[12.729,43.85],[12.81,43.845],[12.885,43.873],[12.911,43.919],[12.808,43.955]]]}},
{"type":"Feature","properties":{"minzoom":4},"geometry":{"type":"Polygon","coordinates":[[[7.262,43.696],[7.493,43.767],[7.733,43.803],[7.928,43.856],[7.928,43.876],[7.865,43.901],[7.725,43.837],[7.636,43.888],[7.42,43.825],[7.344,43.85],[7.256,43.837],[7.141,43.85],[7.098,43.772],[7.027,43.723],[6.9,43.736],[6.76,43.634],[6.849,43.622],[6.865,43.562],[6.931,43.484],[7.181,43.659],[7.262,43.696]]]}},
{"type":"Feature","properties":{"minzoom":5},"geometry":{"type":"Polygon","coordinates":[[[15.906,43.68],[15.955,43.761],[15.892,43.797],[15.816,43.787],[15.796,43.747],[15.906,43.68]]]}},
{"type":"Feature","properties":{"minzoom":4},"geometry":{"type":"Polygon","coordinates":[[[13.508,43.612],[13.266,43.704],[13.283,43.601],[13.224,43.52],[13.44,43.609],[13.453,43.495],[13.554,43.406],[13.591,43.426],[13.641,43.419],[13.66,43.436],[13.564,43.571],[13.508,43.612]]]}},
{"type":"Feature","properties":{"minzoom":4},"geometry":{"type":"Polygon","coordinates":[[[4.159,43.508],[4.246,43.562],[4.258,43.609],[4.096,43.628],[4.08,43.579],[4.159,43.508]]]}},
{"type":"Feature","properties":{"minzoom":4},"geometry":{"type":"Polygon","coordinates":[[[6.657,43.262],[6.717,43.374],[6.876,43.446],[6.735,43.533],[6.62,43.52],[6.519,43.622],[6.433,43.593],[6.366,43.545],[6.379,43.469],[6.252,43.431],[6.303,43.368],[6.479,43.429],[6.658,43.431],[6.468,43.291],[6.472,43.203],[6.495,43.17],[6.57,43.199],[6.657,43.262]]]}},
{"type":"Feature","properties":{"minzoom":5},"geometry":{"type":"Polygon","coordinates":[[[11.789,43.482],[11.871,43.435],[11.967,43.469],[11.903,43.622],[11.853,43.622],[11.853,43.545],[11.809,43.525],[11.789,43.482]]]}},
{"type":"Feature","properties":{"minzoom":5},"geometry":{"type":"Polygon","coordinates":[[[12.081,43.622],[12.081,43.571],[12.246,43.444],[12.29,43.464],[12.31,43.507],[12.215,43.584],[12.081,43.622]]]}},
{"type":"Feature","properties":{"minzoom":5},"geometry":{"type":"Polygon","coordinates":[[[16.548,43.484],[16.565,43.535],[16.55,43.565],[16.491,43.591],[16.425,43.583],[16.373,43.613],[16.317,43.606],[16.301,43.534],[16.394,43.543],[16.548,43.484]]]}},
{"type":"Feature","properties":{"minzoom":5},"geometry":{"type":"Polygon","coordinates":[[[6.087,43.329],[6.138,43.456],[6.071,43.468],[6.011,43.444],[6.031,43.369],[6.087,43.329]]]}},
{"type":"Feature","properties":{"minzoom":6},"geometry":{"type":"Polygon","coordinates":[[[10.487,43.281],[10.547,43.297],[10.583,43.355],[10.47,43.43],[10.406,43.418],[10.487,43.281]]]}},
{"type":"Feature","properties":{"minzoom":4},"geometry":{"type":"Polygon","coordinates":[[[17.733,43.393],[17.78,43.32],[17.885,43.304],[17.842,43.406],[17.733,43.393]]]}},
{"type":"Feature","properties":{"minzoom":5},"geometry":{"type":"Polygon","coordinates":[[[21.887,43.29],[22.013,43.304],[22.005,43.366],[21.975,43.406],[21.858,43.414],[21.784,43.38],[21.784,43.329],[21.887,43.29]]]}},
{"type":"Feature","properties":{"minzoom":5},"geometry":{"type":"Polygon","coordinates":[[[11.243,43.329],[11.256,43.304],[11.336,43.306],[11.395,43.329],[11.325,43.404],[11.243,43.329]]]}},
{"type":"Feature","properties":{"minzoom":4},"geometry":{"type":"Polygon","coordinates":[[[12.93,43.406],[12.869,43.329],[12.945,43.316],[13.021,43.329],[12.93,43.406]]]}},
{"type":"Feature","properties":{"minzoom":4},"geometry":{"type":"Polygon","coordinates":[[[13.693,43.39],[13.58,43.279],[13.656,43.215],[13.681,43.152],[13.808,43.147],[13.693,43.39]]]}},
{"type":"Feature","properties":{"minzoom":5},"geometry":{"type":"Polygon","coordinates":[[[12.513,43.126],[12.484,43.161],[12.437,43.177],[12.328,43.171],[12.234,43.19],[12.273,43.096],[12.31,43.063],[12.44,43.061],[12.577,43.037],[12.635,43.056],[12.665,43.101],[12.592,43.131],[12.513,43.126]]]}},
{"type":"Feature","properties":{"minzoom":5},"geometry":{"type":"Polygon","coordinates":[[[25.594,43.063],[25.695,43.095],[25.746,43.177],[25.634,43.162],[25.569,43.101],[25.594,43.063]]]}},
{"type":"Feature","properties":{"minzoom":5},"geometry":{"type":"Polygon","coordinates":[[[12.792,42.948],[12.792,42.999],[12.734,43.031],[12.665,43.025],[12.7,42.932],[12.792,42.898],[12.792,42.948]]]}},
{"type":"Feature","properties":{"minzoom":5},"geometry":{"type":"Polygon","coordinates":[[[13.834,43.025],[13.847,42.948],[13.791,42.909],[13.758,42.847],[13.921,42.862],[13.859,43.032],[13.834,43.025]]]}},
{"type":"Feature","properties":{"minzoom":4},"geometry":{"type":"Polygon","coordinates":[[[20.819,42.885],[20.906,42.865],[20.946,42.948],[20.857,42.957],[20.819,42.885]]]}},
{"type":"Feature","properties":{"minzoom":5},"geometry":{"type":"Polygon","coordinates":[[[13.554,42.923],[13.516,42.898],[13.596,42.833],[13.707,42.86],[13.554,42.923]]]}},
{"type":"Feature","properties":{"minzoom":3.7},"geometry":{"type":"Polygon","coordinates":[[[23.6,42.796],[23.435,42.821],[23.359,42.86],[23.322,42.794],[23.245,42.796],[23.156,42.694],[23.288,42.634],[23.46,42.644],[23.448,42.758],[23.544,42.733],[23.6,42.796]]]}},
{"type":"Feature","properties":{"minzoom":5},"geometry":{"type":"Polygon","coordinates":[[[9.423,42.73],[9.389,42.745],[9.363,42.618],[9.452,42.529],[9.492,42.6],[9.454,42.659],[9.466,42.722],[9.423,42.73]]]}},
{"type":"Feature","properties":{"minzoom":4},"geometry":{"type":"Polygon","coordinates":[[[21.213,42.656],[21.2,42.733],[21.152,42.729],[21.136,42.694],[21.079,42.682],[21.047,42.644],[21.135,42.631],[21.213,42.656]]]}},
{"type":"Feature","properties":{"minzoom":5},"geometry":{"type":"Polygon","coordinates":[[[12.644,42.614],[12.602,42.606],[12.577,42.631],[12.541,42.571],[12.488,42.529],[12.535,42.514],[12.589,42.542],[12.721,42.541],[12.792,42.631],[12.665,42.644],[12.644,42.614]]]}},
{"type":"Feature","properties":{"minzoom":5},"geometry":{"type":"Polygon","coordinates":[[[14.104,42.59],[14.087,42.513],[14.139,42.428],[14.113,42.339],[14.139,42.326],[14.262,42.403],[14.303,42.393],[14.315,42.41],[14.183,42.506],[14.104,42.59]]]}},
{"type":"Feature","properties":{"minzoom":4},"geometry":{"type":"Polygon","coordinates":[[[19.263,42.371],[19.327,42.44],[19.346,42.491],[19.257,42.517],[19.206,42.498],[19.181,42.453],[19.225,42.418],[19.219,42.352],[19.263,42.371]]]}},
{"type":"Feature","properties":{"minzoom":5},"geometry":{"type":"Polygon","coordinates":[[[12.831,42.377],[12.914,42.389],[12.958,42.44],[12.845,42.472],[12.831,42.377]]]}},
{"type":"Feature","properties":{"minzoom":5},"geometry":{"type":"Polygon","coordinates":[[[13.44,42.402],[13.344,42.437],[13.25,42.39],[13.389,42.326],[13.451,42.356],[13.529,42.352],[13.508,42.4],[13.44,42.402]]]}},
{"type":"Feature","properties":{"minzoom":5},"geometry":{"type":"Polygon","coordinates":[[[14.433,42.288],[14.4,42.29],[14.38,42.313],[14.415,42.336],[14.36,42.377],[14.329,42.301],[14.367,42.288],[14.379,42.224],[14.418,42.186],[14.405,42.123],[14.471,42.133],[14.52,42.161],[14.468,42.227],[14.497,42.276],[14.462,42.302],[14.433,42.288]]]}},
{"type":"Feature","properties":{"minzoom":5},"geometry":{"type":"Polygon","coordinates":[[[13.986,42.059],[13.872,42.225],[13.796,42.212],[13.856,42.086],[13.986,42.059]]]}},
{"type":"Feature","properties":{"minzoom":5},"geometry":{"type":"Polygon","coordinates":[[[14.655,42.176],[14.634,42.148],[14.723,42.021],[14.786,42.047],[14.739,42.128],[14.655,42.176]]]}},
{"type":"Feature","properties":{"minzoom":5},"geometry":{"type":"Polygon","coordinates":[[[13.554,42.11],[13.427,42.11],[13.377,42.166],[13.3,42.148],[13.346,42.048],[13.415,41.971],[13.504,41.945],[13.542,41.958],[13.516,42.047],[13.554,42.11]]]}},
{"type":"Feature","properties":{"minzoom":5},"geometry":{"type":"Polygon","coordinates":[[[11.882,42.043],[11.903,42.059],[11.865,42.161],[11.789,42.144],[11.743,42.16],[11.807,42.082],[11.882,42.043]]]}},
{"type":"Feature","properties":{"minzoom":4},"geometry":{"type":"Polygon","coordinates":[[[21.555,42.034],[21.417,42.061],[21.289,42.047],[21.422,41.951],[21.555,42.034]]]}},
{"type":"Feature","properties":{"minzoom":5},"geometry":{"type":"Polygon","coordinates":[[[8.806,41.911],[8.843,41.907],[8.881,41.932],[8.863,41.991],[8.817,42.021],[8.704,41.99],[8.672,41.923],[8.74,41.925],[8.749,41.9],[8.766,41.917],[8.806,41.911]]]}},
{"type":"Feature","properties":{"minzoom":5},"geometry":{"type":"Polygon","coordinates":[[[15.472,41.805],[15.434,41.818],[15.372,41.754],[15.256,41.767],[15.244,41.691],[15.361,41.653],[15.472,41.691],[15.447,41.767],[15.472,41.805]]]}},
{"type":"Feature","properties":{"minzoom":5},"geometry":{"type":"Polygon","coordinates":[[[13.707,41.717],[13.674,41.773],[13.605,41.793],[13.542,41.666],[13.632,41.669],[13.707,41.717]]]}},
{"type":"Feature","properties":{"minzoom":5},"geometry":{"type":"Polygon","coordinates":[[[13.726,41.539],[13.694,41.501],[13.826,41.461],[13.91,41.551],[13.85,41.563],[13.796,41.539],[13.726,41.539]]]}},
{"type":"Feature","properties":{"minzoom":5},"geometry":{"type":"Polygon","coordinates":[[[15.744,41.41],[15.713,41.424],[15.701,41.475],[15.595,41.519],[15.485,41.526],[15.485,41.45],[15.573,41.411],[15.688,41.399],[15.675,41.323],[15.751,41.321],[15.777,41.399],[15.744,41.41]]]}},
{"type":"Feature","properties":{"minzoom":4},"geometry":{"type":"Polygon","coordinates":[[[17.103,41.062],[16.552,41.232],[16.054,41.42],[16.006,41.285],[15.942,41.336],[15.822,41.335],[15.752,41.285],[15.862,41.242],[15.993,41.247],[16.039,41.21],[16.107,41.196],[16.133,41.209],[16.171,41.323],[16.209,41.209],[16.323,41.196],[16.431,41.107],[16.615,41.094],[16.666,40.993],[16.763,40.995],[16.818,40.955],[16.748,40.942],[16.704,40.904],[16.762,40.866],[16.856,40.878],[16.887,40.807],[16.971,40.789],[17,40.862],[17.06,40.904],[17.123,40.789],[17.225,40.891],[17.212,40.967],[17.292,40.94],[17.297,40.961],[17.103,41.062]]]}},
{"type":"Feature","properties":{"minzoom":3.7},"geometry":{"type":"Polygon","coordinates":[[[19.752,41.386],[19.815,41.309],[19.904,41.361],[19.841,41.411],[19.752,41.386]]]}},
{"type":"Feature","properties":{"minzoom":5},"geometry":{"type":"Polygon","coordinates":[[[13.67,41.254],[13.731,41.236],[13.77,41.297],[13.681,41.272],[13.618,41.323],[13.579,41.318],[13.542,41.304],[13.516,41.241],[13.555,41.232],[13.67,41.254]]]}},
{"type":"Feature","properties":{"minzoom":3.6},"geometry":{"type":"Polygon","coordinates":[[[14.048,40.87],[14.044,40.812],[14.076,40.794],[14.102,40.827],[14.309,40.813],[14.428,40.759],[14.461,40.729],[14.445,40.712],[14.484,40.683],[14.507,40.675],[14.634,40.713],[14.722,40.662],[14.766,40.668],[14.84,40.63],[14.899,40.565],[14.935,40.585],[14.977,40.574],[15.067,40.585],[15.117,40.637],[14.939,40.675],[14.964,40.739],[14.881,40.738],[14.837,40.777],[14.913,40.866],[14.964,41.005],[14.897,41.033],[14.85,41.082],[14.825,41.05],[14.774,41.043],[14.748,40.853],[14.676,40.832],[14.621,40.866],[14.648,40.931],[14.647,41.005],[14.69,41.032],[14.697,41.094],[14.59,41.109],[14.482,41.094],[14.405,41.145],[14.164,41.234],[14.168,41.15],[14.202,41.069],[14.062,41.056],[14.012,41.005],[13.958,41.061],[13.961,41.145],[13.882,41.173],[13.827,41.157],[14.048,40.87]]]}},
{"type":"Feature","properties":{"minzoom":5},"geometry":{"type":"Polygon","coordinates":[[[15.75,41.125],[15.663,41.107],[15.667,41.061],[15.688,41.031],[15.777,41.031],[15.794,40.984],[15.84,40.967],[15.828,41.094],[15.75,41.125]]]}},
{"type":"Feature","properties":{"minzoom":5},"geometry":{"type":"Polygon","coordinates":[[[8.528,40.806],[8.546,40.769],[8.538,40.713],[8.614,40.701],[8.657,40.88],[8.527,40.843],[8.528,40.806]]]}},
{"type":"Feature","properties":{"minzoom":5},"geometry":{"type":"Polygon","coordinates":[[[17.298,40.717],[17.314,40.688],[17.377,40.688],[17.394,40.785],[17.364,40.866],[17.314,40.866],[17.3,40.814],[17.225,40.802],[17.246,40.766],[17.288,40.751],[17.298,40.717]]]}},
{"type":"Feature","properties":{"minzoom":5},"geometry":{"type":"Polygon","coordinates":[[[17.631,40.701],[17.674,40.661],[17.733,40.637],[17.758,40.713],[17.682,40.713],[17.568,40.777],[17.479,40.65],[17.562,40.652],[17.631,40.701]]]}},
{"type":"Feature","properties":{"minzoom":5},"geometry":{"type":"Polygon","coordinates":[[[22.851,40.491],[22.861,40.472],[22.991,40.485],[23.073,40.535],[23.13,40.612],[23.027,40.717],[22.876,40.777],[22.851,40.713],[22.749,40.739],[22.782,40.657],[22.851,40.612],[22.914,40.637],[22.96,40.558],[22.851,40.491]]]}},
{"type":"Feature","properties":{"minzoom":5},"geometry":{"type":"Polygon","coordinates":[[[22.292,40.561],[22.194,40.586],[22.14,40.51],[22.226,40.498],[22.292,40.561]]]}},
{"type":"Feature","properties":{"minzoom":4},"geometry":{"type":"Polygon","coordinates":[[[18.059,39.994],[18.234,39.988],[18.292,40.015],[18.234,40.046],[18.215,40.116],[18.406,40.015],[18.355,40.078],[18.38,40.116],[18.342,40.193],[18.355,40.243],[18.333,40.259],[18.33,40.294],[18.253,40.345],[18.273,40.408],[18.084,40.533],[17.993,40.521],[17.911,40.485],[17.901,40.369],[17.936,40.269],[17.996,40.244],[17.944,40.153],[18.047,39.987],[18.059,39.994]],[[18.16,40.293],[18.241,40.218],[18.191,40.222],[18.152,40.193],[18.063,40.231],[18.16,40.293]]]}},
{"type":"Feature","properties":{"minzoom":5},"geometry":{"type":"Polygon","coordinates":[[[16.753,40.252],[16.691,40.281],[16.637,40.22],[16.617,40.136],[16.662,40.122],[16.753,40.252]]]}},
{"type":"Feature","properties":{"minzoom":3.6},"geometry":{"type":"Polygon","coordinates":[[[14.672,50.149],[14.748,50.187],[14.702,50.224],[14.634,50.238],[14.609,50.175],[14.522,50.208],[14.418,50.2],[14.342,50.327],[14.266,50.289],[14.316,50.175],[14.24,50.137],[14.24,50.06],[14.38,49.959],[14.545,50.01],[14.647,50.01],[14.621,50.022],[14.668,50.078],[14.672,50.149]]]}},
{"type":"Feature","properties":{"minzoom":4},"geometry":{"type":"Polygon","coordinates":[[[9.3,49.07],[9.313,49.133],[9.369,49.14],[9.402,49.171],[9.326,49.21],[9.275,49.273],[9.186,49.273],[9.169,49.339],[9.122,49.375],[9.148,49.222],[9.071,49.083],[9.097,49.044],[9.033,48.981],[8.987,49.006],[8.932,48.994],[8.944,48.93],[9.027,48.918],[9.059,48.854],[8.894,48.816],[8.932,48.74],[8.903,48.695],[8.906,48.638],[8.859,48.621],[8.868,48.575],[8.932,48.651],[9.046,48.663],[9.021,48.765],[9.055,48.775],[9.097,48.778],[9.084,48.714],[9.175,48.657],[9.287,48.651],[9.351,48.613],[9.41,48.635],[9.49,48.625],[9.465,48.727],[9.402,48.765],[9.465,48.854],[9.452,48.892],[9.353,48.939],[9.287,49.019],[9.224,49.032],[9.252,49.061],[9.3,49.07]]]}},
{"type":"Feature","properties":{"minzoom":4},"geometry":{"type":"Polygon","coordinates":[[[7.7,44.834],[7.751,44.841],[7.751,44.904],[7.803,44.934],[7.916,45.069],[7.814,45.082],[7.941,45.234],[7.738,45.234],[7.636,45.279],[7.509,45.298],[7.573,45.171],[7.42,45.133],[7.319,45.171],[7.35,45.053],[7.433,45.057],[7.497,44.917],[7.582,44.929],[7.649,44.904],[7.649,44.828],[7.7,44.834]]]}},
{"type":"Feature","properties":{"minzoom":5},"geometry":{"type":"Polygon","coordinates":[[[8.73,44.41],[8.715,44.471],[8.657,44.467],[8.563,44.372],[8.42,44.3],[8.404,44.267],[8.429,44.247],[8.552,44.346],[8.73,44.41]]]}},
{"type":"Feature","properties":{"minzoom":3.6},"geometry":{"type":"Polygon","coordinates":[[[4.787,43.401],[4.844,43.394],[4.912,43.427],[5.06,43.445],[5.073,43.367],[5.12,43.349],[5.32,43.345],[5.407,43.229],[5.672,43.178],[5.809,43.098],[6.031,43.101],[6.116,43.072],[6.305,43.139],[6.436,43.16],[6.454,43.202],[6.455,43.215],[6.163,43.19],[6.183,43.238],[6.176,43.291],[6.031,43.274],[5.896,43.215],[5.833,43.266],[5.719,43.266],[5.706,43.38],[5.763,43.412],[5.795,43.469],[5.863,43.436],[5.96,43.431],[5.943,43.497],[5.896,43.533],[5.795,43.482],[5.642,43.558],[5.579,43.545],[5.553,43.634],[5.623,43.634],[5.655,43.672],[5.606,43.706],[5.592,43.774],[5.452,43.749],[5.442,43.676],[5.388,43.647],[5.33,43.697],[5.299,43.774],[5.22,43.758],[5.16,43.723],[5.122,44.015],[5.134,44.168],[5.09,44.139],[5.045,44.193],[4.969,44.168],[4.906,44.218],[4.826,44.228],[4.779,44.269],[4.82,44.323],[4.83,44.409],[4.728,44.443],[4.626,44.422],[4.639,44.333],[4.576,44.168],[4.703,44.053],[4.664,43.939],[4.617,43.981],[4.55,43.977],[4.601,43.888],[4.579,43.823],[4.614,43.761],[4.584,43.727],[4.576,43.672],[4.647,43.652],[4.703,43.698],[4.652,43.749],[4.715,43.825],[4.716,43.875],[4.741,43.901],[4.819,43.857],[4.83,43.761],[4.868,43.837],[4.957,43.876],[5.027,43.781],[5.058,43.647],[4.957,43.634],[4.893,43.52],[4.766,43.456],[4.729,43.466],[4.702,43.448],[4.751,43.376],[4.789,43.379],[4.787,43.401]],[[5.115,43.51],[5.211,43.469],[5.169,43.414],[5.084,43.418],[5.02,43.52],[5.115,43.51]]]}},
{"type":"Feature","properties":{"minzoom":3.7},"geometry":{"type":"Polygon","coordinates":[[[24.958,60.157],[25.085,60.181],[25.106,60.289],[25.078,60.339],[25.035,60.373],[24.896,60.335],[24.769,60.322],[24.836,60.156],[24.958,60.157]]]}},
{"type":"Feature","properties":{"minzoom":3.6},"geometry":{"type":"Polygon","coordinates":[[[12.532,56.027],[12.399,55.89],[12.335,55.902],[12.246,55.725],[12.196,55.814],[12.158,55.813],[12.132,55.801],[12.17,55.737],[12.043,55.674],[12.012,55.689],[11.992,55.661],[12.107,55.598],[12.11,55.549],[12.157,55.521],[12.119,55.42],[12.228,55.455],[12.243,55.538],[12.321,55.588],[12.507,55.637],[12.571,55.685],[12.525,55.918],[12.608,56.033],[12.597,56.045],[12.532,56.027]]]}},
{"type":"Feature","properties":{"minzoom":3.6},"geometry":{"type":"Polygon","coordinates":[[[12.57,55.65],[12.52,55.615],[12.551,55.556],[12.666,55.597],[12.62,55.679],[12.57,55.65]]]}},
{"type":"Feature","properties":{"minzoom":3.6},"geometry":{"type":"Polygon","coordinates":[[[13.186,52.48],[13.224,52.499],[13.222,52.439],[13.186,52.385],[13.226,52.355],[13.224,52.296],[13.3,52.296],[13.313,52.372],[13.386,52.35],[13.44,52.308],[13.451,52.355],[13.491,52.372],[13.669,52.283],[13.618,52.423],[13.678,52.457],[13.758,52.435],[13.828,52.467],[13.859,52.537],[13.773,52.558],[13.681,52.55],[13.605,52.651],[13.669,52.74],[13.49,52.695],[13.288,52.689],[13.288,52.791],[13.197,52.788],[13.135,52.727],[13.161,52.639],[13.074,52.592],[12.97,52.588],[12.998,52.545],[13.059,52.537],[13.148,52.461],[13.186,52.48]]]}},
{"type":"Feature","properties":{"minzoom":3.6},"geometry":{"type":"Polygon","coordinates":[[[5.465,50.568],[5.719,50.607],[5.706,50.695],[5.782,50.892],[5.846,50.924],[5.846,50.861],[5.957,50.858],[6.036,50.822],[6.049,50.759],[6.15,50.734],[6.341,50.822],[6.417,50.822],[6.468,50.759],[6.62,50.873],[6.811,50.784],[6.874,50.81],[6.862,50.746],[6.961,50.744],[7.014,50.695],[6.95,50.619],[7.065,50.619],[7.09,50.683],[7.204,50.657],[7.224,50.694],[7.268,50.708],[7.293,50.784],[7.217,50.899],[7.153,50.898],[7.116,50.924],[7.166,50.988],[7.106,51.041],[7.065,51.115],[7.116,51.178],[7.09,51.305],[7.128,51.254],[7.217,51.229],[7.217,51.165],[7.281,51.178],[7.293,51.305],[7.103,51.318],[7.039,51.407],[7.119,51.406],[7.204,51.381],[7.289,51.422],[7.395,51.407],[7.382,51.343],[7.484,51.343],[7.573,51.356],[7.573,51.407],[7.631,51.456],[7.712,51.483],[7.708,51.418],[7.751,51.381],[7.778,51.405],[7.827,51.407],[7.839,51.47],[7.881,51.49],[7.878,51.534],[7.789,51.496],[7.763,51.534],[7.789,51.603],[7.865,51.623],[7.872,51.559],[7.928,51.546],[7.906,51.697],[7.992,51.775],[8.081,51.75],[8.086,51.81],[8.055,51.864],[7.903,51.838],[7.807,51.738],[7.662,51.686],[7.599,51.694],[7.535,51.673],[7.446,51.775],[7.408,51.737],[7.243,51.673],[7.192,51.673],[7.128,51.75],[7.027,51.788],[6.95,51.711],[6.849,51.711],[6.912,51.635],[6.862,51.572],[6.794,51.599],[6.773,51.673],[6.649,51.694],[6.544,51.661],[6.493,51.521],[6.506,51.445],[6.404,51.432],[6.392,51.33],[6.315,51.292],[6.354,51.381],[6.295,51.379],[6.239,51.343],[6.201,51.457],[6.277,51.432],[6.336,51.481],[6.366,51.559],[6.036,51.47],[5.985,51.381],[6.015,51.318],[5.985,51.267],[5.896,51.292],[5.858,51.204],[5.795,51.14],[5.731,51.127],[5.744,51.064],[5.642,51.051],[5.68,51.013],[5.637,50.98],[5.642,50.911],[5.579,50.899],[5.541,50.949],[5.63,51.076],[5.617,51.153],[5.56,51.14],[5.553,51.076],[5.439,51.038],[5.426,50.911],[5.476,50.872],[5.503,50.81],[5.592,50.873],[5.642,50.797],[5.557,50.718],[5.414,50.695],[5.421,50.732],[5.388,50.746],[5.401,50.683],[5.351,50.606],[5.274,50.556],[5.225,50.575],[5.172,50.568],[5.245,50.519],[5.363,50.53],[5.465,50.568]],[[5.921,51.109],[5.934,51.165],[6.012,51.16],[6.074,51.14],[6.074,51.076],[6.138,51.032],[6.239,51.026],[6.345,51.079],[6.481,51.102],[6.531,50.975],[6.379,50.949],[6.277,51],[6.252,50.886],[6.138,51],[6.023,50.962],[6.036,51.013],[5.909,50.962],[5.896,51.064],[5.921,51.109]],[[6.061,51.222],[6.061,51.254],[6.15,51.305],[6.176,51.293],[6.176,51.254],[6.252,51.216],[6.214,51.127],[6.061,51.191],[6.061,51.222]],[[6.838,51.415],[6.912,51.407],[6.941,51.351],[6.938,51.28],[6.884,51.308],[6.862,51.369],[6.822,51.358],[6.798,51.381],[6.838,51.415]]]}},
{"type":"Feature","properties":{"minzoom":4},"geometry":{"type":"Polygon","coordinates":[[[18.882,50.124],[18.939,50.124],[19.02,50.071],[19.092,50.01],[19.108,49.957],[19.155,49.933],[19.205,49.997],[19.295,50.022],[19.312,50.063],[19.32,50.111],[19.269,50.124],[19.244,50.162],[19.358,50.226],[19.371,50.327],[19.316,50.386],[19.219,50.403],[19.179,50.373],[19.117,50.365],[19.079,50.416],[19.003,50.391],[18.908,50.455],[18.787,50.492],[18.762,50.422],[18.711,50.378],[18.63,50.357],[18.571,50.314],[18.622,50.251],[18.571,50.162],[18.434,50.089],[18.406,50.048],[18.469,49.933],[18.33,49.972],[18.266,49.921],[18.177,49.933],[18.126,49.832],[18.199,49.778],[18.253,49.705],[18.32,49.67],[18.406,49.654],[18.368,49.743],[18.533,49.806],[18.591,49.712],[18.685,49.654],[18.609,49.921],[18.723,49.959],[18.733,50.02],[18.711,50.073],[18.642,50.094],[18.596,50.137],[18.711,50.187],[18.825,50.124],[18.882,50.124]]]}},
{"type":"Feature","properties":{"minzoom":3.6},"geometry":{"type":"Polygon","coordinates":[[[9.033,50.2],[8.896,50.234],[8.779,50.289],[8.799,50.369],[8.728,50.416],[8.703,50.34],[8.754,50.276],[8.652,50.289],[8.564,50.231],[8.449,50.2],[8.411,50.099],[8.322,50.149],[8.09,50.064],[7.878,49.959],[7.814,49.857],[7.852,49.819],[7.931,49.864],[7.916,49.959],[8.055,49.959],[8.108,49.989],[8.157,49.972],[8.132,49.883],[8.199,49.901],[8.271,49.946],[8.335,49.845],[8.424,49.845],[8.347,49.794],[8.335,49.73],[8.246,49.692],[8.284,49.591],[8.22,49.54],[8.249,49.489],[8.246,49.438],[8.17,49.502],[8.158,49.459],[8.17,49.413],[8.144,49.337],[8.373,49.362],[8.323,49.266],[8.297,49.146],[8.208,49.006],[8.22,48.917],[8.119,48.892],[8.132,48.778],[8.093,48.727],[8.077,48.657],[8.093,48.613],[8.119,48.663],[8.246,48.765],[8.271,48.816],[8.32,48.8],[8.347,48.816],[8.297,48.854],[8.374,48.923],[8.513,48.93],[8.551,49.006],[8.525,49.07],[8.627,49.108],[8.678,49.222],[8.726,49.25],[8.754,49.298],[8.652,49.743],[8.716,49.883],[8.703,49.959],[8.767,50.048],[8.779,49.972],[8.868,49.908],[8.911,49.997],[8.982,49.997],[8.957,49.946],[9.122,49.895],[9.125,49.835],[9.16,49.806],[9.195,49.858],[9.173,49.933],[9.211,50.01],[9.153,50.046],[9.097,50.035],[9.063,50.09],[9.008,50.124],[9.033,50.2]]]}},
{"type":"Feature","properties":{"minzoom":4},"geometry":{"type":"Polygon","coordinates":[[[7.027,49.019],[7.062,49.035],[7.065,49.083],[7.102,49.096],[7.116,49.133],[7.077,49.222],[7.09,49.248],[7.255,49.324],[7.313,49.261],[7.395,49.222],[7.382,49.438],[7.327,49.424],[7.293,49.387],[7.204,49.387],[7.192,49.502],[7.154,49.502],[7.116,49.387],[7.014,49.425],[6.976,49.273],[6.95,49.337],[6.874,49.311],[6.789,49.387],[6.671,49.4],[6.696,49.298],[6.646,49.26],[6.633,49.108],[6.598,49.092],[6.582,49.057],[6.849,49.121],[6.916,49.161],[7.001,49.184],[7.027,49.019]]]}},
{"type":"Feature","properties":{"minzoom":3.7},"geometry":{"type":"Polygon","coordinates":[[[5.219,45.636],[5.16,45.717],[5.223,45.768],[5.19,45.8],[5.147,45.806],[5.134,45.857],[5.032,45.862],[4.931,45.844],[4.82,45.961],[4.766,46.136],[4.728,46.136],[4.721,46.072],[4.664,46.035],[4.692,45.89],[4.677,45.742],[4.741,45.666],[4.698,45.646],[4.677,45.603],[4.76,45.572],[4.817,45.514],[4.728,45.463],[4.786,45.236],[4.83,45.184],[4.86,45.318],[4.842,45.463],[4.918,45.514],[4.868,45.603],[5.02,45.654],[5.148,45.604],[5.299,45.577],[5.219,45.636]]]}},
{"type":"Feature","properties":{"minzoom":5},"geometry":{"type":"Polygon","coordinates":[[[12.354,45.492],[12.348,45.615],[12.386,45.654],[12.31,45.717],[12.297,45.831],[12.361,45.92],[12.342,45.971],[12.297,45.996],[12.284,45.933],[12.221,45.958],[12.191,45.925],[12.132,45.92],[12.081,45.869],[12.005,45.882],[12.005,45.768],[12.107,45.755],[12.17,45.857],[12.234,45.755],[12.175,45.719],[12.145,45.654],[12.246,45.603],[12.208,45.539],[12.132,45.552],[12.118,45.585],[12.081,45.577],[12.102,45.49],[12.145,45.425],[12.262,45.408],[12.274,45.446],[12.354,45.492]]]}},
{"type":"Feature","properties":{"minzoom":3.6},"geometry":{"type":"Polygon","coordinates":[[[9.44,45.438],[9.49,45.501],[9.621,45.495],[9.77,45.514],[9.821,45.59],[9.859,45.577],[9.871,45.488],[9.998,45.552],[10.144,45.463],[10.164,45.4],[10.09,45.384],[10.062,45.323],[10.227,45.361],[10.252,45.412],[10.354,45.412],[10.415,45.373],[10.506,45.374],[10.544,45.426],[10.608,45.45],[10.557,45.514],[10.557,45.628],[10.464,45.614],[10.392,45.577],[10.303,45.577],[10.265,45.666],[10.189,45.666],[10.151,45.628],[10.029,45.667],[9.897,45.666],[9.808,45.73],[9.871,45.819],[9.745,45.758],[9.605,45.768],[9.49,45.73],[9.44,45.908],[9.389,45.908],[9.298,45.859],[9.186,45.831],[9.084,45.831],[8.962,45.891],[8.805,45.869],[8.728,45.781],[8.715,45.825],[8.678,45.844],[8.678,45.755],[8.411,45.768],[8.438,45.699],[8.5,45.666],[8.5,45.716],[8.525,45.742],[8.665,45.679],[8.629,45.657],[8.614,45.615],[8.678,45.565],[8.594,45.522],[8.551,45.438],[8.675,45.42],[8.779,45.374],[8.736,45.307],[8.728,45.234],[8.817,45.298],[8.926,45.326],[8.957,45.45],[8.989,45.457],[9.021,45.438],[9.008,45.336],[9.066,45.34],[9.122,45.323],[9.205,45.333],[9.275,45.361],[9.389,45.311],[9.402,45.234],[9.567,45.285],[9.501,45.351],[9.402,45.361],[9.44,45.438]]]}},
{"type":"Feature","properties":{"minzoom":5},"geometry":{"type":"Polygon","coordinates":[[[12.024,44.371],[12.056,44.384],[11.98,44.498],[11.942,44.511],[11.877,44.491],[11.815,44.498],[11.76,44.451],[11.688,44.422],[11.622,44.433],[11.573,44.409],[11.645,44.379],[11.7,44.333],[11.903,44.269],[11.951,44.311],[11.98,44.371],[12.024,44.371]]]}},
{"type":"Feature","properties":{"minzoom":5},"geometry":{"type":"Polygon","coordinates":[[[12.338,41.706],[12.424,41.717],[12.416,41.643],[12.631,41.47],[12.712,41.447],[12.742,41.488],[12.665,41.491],[12.64,41.564],[12.764,41.56],[12.869,41.539],[12.831,41.424],[12.983,41.437],[13.027,41.419],[13.072,41.424],[13.086,41.487],[13.135,41.513],[13.199,41.45],[13.228,41.478],[13.237,41.526],[13.212,41.551],[13.135,41.526],[13.021,41.59],[12.932,41.59],[12.892,41.676],[12.831,41.742],[12.778,41.729],[12.742,41.755],[12.869,41.818],[12.907,41.755],[13.021,41.717],[13.072,41.736],[13.135,41.717],[13.275,41.805],[13.254,41.848],[13.199,41.856],[13.157,41.822],[13.097,41.805],[12.881,41.958],[12.919,42.009],[12.739,42.057],[12.577,42.123],[12.615,42.212],[12.5,42.174],[12.538,42.059],[12.424,42.059],[12.422,42.102],[12.386,42.11],[12.348,42.021],[12.386,41.945],[12.348,41.882],[12.382,41.859],[12.399,41.818],[12.297,41.831],[12.297,41.882],[12.274,41.851],[12.182,41.878],[12.164,41.854],[12.338,41.706]],[[12.515,41.784],[12.564,41.793],[12.615,41.628],[12.602,41.59],[12.535,41.609],[12.538,41.666],[12.475,41.767],[12.515,41.784]]]}},
{"type":"Feature","properties":{"minzoom":5},"geometry":{"type":"Polygon","coordinates":[[[17.215,40.486],[17.258,40.399],[17.362,40.354],[17.491,40.408],[17.587,40.377],[17.682,40.396],[17.682,40.497],[17.707,40.51],[17.72,40.434],[17.816,40.418],[17.872,40.447],[17.814,40.477],[17.784,40.535],[17.839,40.544],[17.86,40.586],[17.796,40.612],[17.707,40.612],[17.644,40.574],[17.594,40.58],[17.542,40.561],[17.521,40.503],[17.466,40.51],[17.491,40.612],[17.314,40.51],[17.326,40.574],[17.26,40.631],[17.06,40.637],[17.074,40.51],[17.18,40.503],[17.215,40.486]]]}},
{"type":"Feature","properties":{"minzoom":4},"geometry":{"type":"Polygon","coordinates":[[[33.136,68.987],[33.047,68.974],[32.996,68.847],[33.113,68.885],[33.136,68.987]]]}},
{"type":"Feature","properties":{"minzoom":5},"geometry":{"type":"Polygon","coordinates":[[[30.672,64.669],[30.752,64.636],[30.824,64.656],[30.74,64.718],[30.634,64.758],[30.555,64.733],[30.558,64.656],[30.672,64.669]]]}},
{"type":"Feature","properties":{"minzoom":3.7},"geometry":{"type":"Polygon","coordinates":[[[40.845,64.491],[40.697,64.553],[40.667,64.58],[40.718,64.643],[40.603,64.643],[40.554,64.744],[40.451,64.72],[40.578,64.415],[40.64,64.436],[40.667,64.491],[40.766,64.472],[40.845,64.491]]]}},
{"type":"Feature","properties":{"minzoom":6},"geometry":{"type":"Polygon","coordinates":[[[39.724,64.576],[39.772,64.539],[39.841,64.532],[39.905,64.533],[39.956,64.567],[39.907,64.596],[39.791,64.612],[39.758,64.577],[39.724,64.576]]]}},
{"type":"Feature","properties":{"minzoom":6},"geometry":{"type":"Polygon","coordinates":[[[53.71,63.653],[53.634,63.564],[53.72,63.54],[53.811,63.551],[53.778,63.62],[53.71,63.653]]]}},
{"type":"Feature","properties":{"minzoom":5},"geometry":{"type":"Polygon","coordinates":[[[27.692,63.147],[27.688,63.094],[27.586,63.157],[27.548,63.056],[27.631,63.02],[27.738,63.031],[27.758,63.165],[27.713,63.196],[27.692,63.147]]]}},
{"type":"Feature","properties":{"minzoom":5},"geometry":{"type":"Polygon","coordinates":[[[50.725,61.684],[50.876,61.623],[51.005,61.71],[50.93,61.733],[50.852,61.71],[50.751,61.887],[50.713,61.887],[50.662,61.799],[50.751,61.748],[50.725,61.684]]]}},
{"type":"Feature","properties":{"minzoom":3.6},"geometry":{"type":"Polygon","coordinates":[[[29.977,60.026],[29.999,60.02],[30.05,60.135],[29.993,60.128],[29.885,60.159],[29.849,60.132],[29.977,60.026]]]}},
{"type":"Feature","properties":{"minzoom":5},"geometry":{"type":"Polygon","coordinates":[[[56.824,59.637],[56.847,59.678],[56.774,59.744],[56.656,59.767],[56.656,59.64],[56.715,59.61],[56.796,59.602],[56.824,59.637]]]}},
{"type":"Feature","properties":{"minzoom":5},"geometry":{"type":"Polygon","coordinates":[[[56.732,59.373],[56.826,59.387],[56.898,59.424],[56.872,59.551],[56.803,59.493],[56.694,59.475],[56.732,59.373]]]}},
{"type":"Feature","properties":{"minzoom":4},"geometry":{"type":"Polygon","coordinates":[[[40.019,59.221],[39.918,59.309],[39.803,59.221],[39.915,59.171],[40.019,59.221]]]}},
{"type":"Feature","properties":{"minzoom":5},"geometry":{"type":"Polygon","coordinates":[[[57.625,58.919],[57.609,58.992],[57.534,58.92],[57.621,58.852],[57.625,58.919]]]}},
{"type":"Feature","properties":{"minzoom":5},"geometry":{"type":"Polygon","coordinates":[[[50.23,58.789],[50.141,58.779],[50.09,58.7],[50.188,58.689],[50.23,58.789]]]}},
{"type":"Feature","properties":{"minzoom":4},"geometry":{"type":"Polygon","coordinates":[[[49.735,58.687],[49.646,58.687],[49.57,58.712],[49.525,58.668],[49.455,58.649],[49.447,58.607],[49.353,58.567],[49.316,58.522],[49.441,58.506],[49.582,58.535],[49.676,58.48],[49.786,58.497],[49.798,58.662],[49.735,58.687]]]}},
{"type":"Feature","properties":{"minzoom":5},"geometry":{"type":"Polygon","coordinates":[[[31.282,58.497],[31.345,58.611],[31.231,58.649],[31.155,58.509],[31.212,58.484],[31.282,58.497]]]}},
{"type":"Feature","properties":{"minzoom":5},"geometry":{"type":"Polygon","coordinates":[[[49.913,58.535],[49.983,58.51],[50.078,58.509],[50.116,58.598],[49.982,58.629],[49.913,58.535]]]}},
{"type":"Feature","properties":{"minzoom":3.7},"geometry":{"type":"Polygon","coordinates":[[[57.837,58.268],[57.85,58.293],[57.753,58.355],[57.672,58.281],[57.837,58.268]]]}},
{"type":"Feature","properties":{"minzoom":5},"geometry":{"type":"Polygon","coordinates":[[[52.694,58.217],[52.598,58.213],[52.541,58.166],[52.622,58.117],[52.732,58.128],[52.694,58.217]]]}},
{"type":"Feature","properties":{"minzoom":3.7},"geometry":{"type":"Polygon","coordinates":[[[56.364,58.065],[56.272,58.056],[56.199,58.027],[56.047,58.077],[55.983,58.052],[55.952,58.078],[55.894,58.077],[55.868,58.115],[55.805,58.116],[55.798,58.146],[55.729,58.154],[55.668,58.094],[55.64,58.001],[55.729,58.065],[55.945,57.976],[55.958,57.925],[56.123,57.849],[56.199,57.862],[56.295,57.95],[56.364,58.065]]]}},
{"type":"Feature","properties":{"minzoom":5},"geometry":{"type":"Polygon","coordinates":[[[52.948,58.039],[52.929,57.999],[52.948,57.951],[53.044,57.956],[53.088,58.014],[52.948,58.039]]]}},
{"type":"Feature","properties":{"minzoom":4},"geometry":{"type":"Polygon","coordinates":[[[28.246,57.874],[28.317,57.775],[28.424,57.798],[28.358,57.859],[28.246,57.874]]]}},
{"type":"Feature","properties":{"minzoom":5},"geometry":{"type":"Polygon","coordinates":[[[41.061,57.811],[40.908,57.823],[40.896,57.722],[41.006,57.738],[41.061,57.811]]]}},
{"type":"Feature","properties":{"minzoom":4},"geometry":{"type":"Polygon","coordinates":[[[39.781,57.658],[39.791,57.595],[39.748,57.58],[39.727,57.544],[39.815,57.539],[39.905,57.557],[39.968,57.531],[40.045,57.62],[39.985,57.662],[39.905,57.684],[39.892,57.709],[39.791,57.709],[39.781,57.658]]]}},
{"type":"Feature","properties":{"minzoom":5},"geometry":{"type":"Polygon","coordinates":[[[42.229,57.493],[42.099,57.533],[42.026,57.455],[42.149,57.42],[42.229,57.493]]]}},
{"type":"Feature","properties":{"minzoom":5},"geometry":{"type":"Polygon","coordinates":[[[41.137,56.935],[41.048,57.062],[40.883,57.1],[40.819,57.011],[40.972,56.943],[41.137,56.935]]]}},
{"type":"Feature","properties":{"minzoom":4},"geometry":{"type":"Polygon","coordinates":[[[35.879,56.82],[35.946,56.796],[36.019,56.807],[35.981,56.935],[35.892,56.96],[35.828,56.896],[35.752,56.896],[35.784,56.827],[35.879,56.82]]]}},
{"type":"Feature","properties":{"minzoom":5},"geometry":{"type":"Polygon","coordinates":[[[53.189,56.947],[53.14,56.9],[53.062,56.896],[53.112,56.799],[53.227,56.782],[53.329,56.833],[53.392,56.807],[53.405,56.935],[53.302,56.952],[53.189,56.947]]]}},
{"type":"Feature","properties":{"minzoom":5},"geometry":{"type":"Polygon","coordinates":[[[47.804,56.693],[47.746,56.675],[47.715,56.63],[47.916,56.604],[47.969,56.642],[47.804,56.693]]]}},
{"type":"Feature","properties":{"minzoom":3.7},"geometry":{"type":"Polygon","coordinates":[[[43.558,56.464],[43.639,56.477],[43.575,56.592],[43.511,56.573],[43.474,56.528],[43.486,56.49],[43.558,56.464]]]}},
{"type":"Feature","properties":{"minzoom":5},"geometry":{"type":"Polygon","coordinates":[[[53.764,56.434],[53.862,56.465],[53.78,56.538],[53.684,56.477],[53.764,56.434]]]}},
{"type":"Feature","properties":{"minzoom":3.7},"geometry":{"type":"Polygon","coordinates":[[[43.359,56.274],[43.385,56.198],[43.753,56.236],[43.829,56.185],[43.973,56.213],[44.083,56.274],[44.144,56.277],[44.172,56.312],[44.145,56.355],[44.096,56.376],[44.007,56.35],[43.954,56.384],[43.88,56.376],[43.817,56.427],[43.715,56.427],[43.728,56.3],[43.601,56.338],[43.512,56.3],[43.426,56.321],[43.359,56.274]]]}},
{"type":"Feature","properties":{"minzoom":5},"geometry":{"type":"Polygon","coordinates":[[[41.378,56.401],[41.343,56.423],[41.289,56.427],[41.213,56.376],[41.263,56.33],[41.353,56.325],[41.378,56.401]]]}},
{"type":"Feature","properties":{"minzoom":3.6},"geometry":{"type":"Polygon","coordinates":[[[38.116,56.374],[38.063,56.35],[38.076,56.274],[38.15,56.283],[38.203,56.312],[38.2,56.373],[38.165,56.401],[38.116,56.374]]]}},
{"type":"Feature","properties":{"minzoom":5},"geometry":{"type":"Polygon","coordinates":[[[40.54,56.185],[40.474,56.196],[40.4,56.185],[40.311,56.211],[40.324,56.084],[40.455,56.112],[40.54,56.185]]]}},
{"type":"Feature","properties":{"minzoom":5},"geometry":{"type":"Polygon","coordinates":[[[47.144,56.185],[47.144,56.109],[47.254,56.058],[47.347,56.122],[47.261,56.193],[47.144,56.185]]]}},
{"type":"Feature","properties":{"minzoom":5},"geometry":{"type":"Polygon","coordinates":[[[54.319,56.096],[54.253,56.179],[54.18,56.109],[54.252,56.057],[54.319,56.096]]]}},
{"type":"Feature","properties":{"minzoom":3.7},"geometry":{"type":"Polygon","coordinates":[[[49.042,55.778],[49.1,55.715],[49.239,55.728],[49.255,55.839],[49.303,55.918],[49.282,55.948],[49.239,55.957],[49.125,55.88],[49.062,55.944],[48.957,55.884],[48.871,55.804],[48.935,55.803],[48.985,55.842],[49.042,55.778]]]}},
{"type":"Feature","properties":{"minzoom":3.6},"geometry":{"type":"Polygon","coordinates":[[[38.513,55.853],[38.444,55.944],[38.412,55.82],[38.483,55.728],[38.513,55.853]]]}},
{"type":"Feature","properties":{"minzoom":5},"geometry":{"type":"Polygon","coordinates":[[[39.029,55.83],[38.968,55.835],[38.914,55.804],[38.83,55.799],[38.8,55.741],[38.939,55.746],[39.029,55.83]]]}},
{"type":"Feature","properties":{"minzoom":5},"geometry":{"type":"Polygon","coordinates":[[[52.475,55.801],[52.351,55.804],[52.237,55.677],[52.194,55.676],[52.173,55.652],[52.351,55.639],[52.466,55.67],[52.541,55.741],[52.475,55.801]]]}},
{"type":"Feature","properties":{"minzoom":5},"geometry":{"type":"Polygon","coordinates":[[[51.741,55.652],[51.792,55.588],[51.921,55.564],[51.983,55.626],[51.857,55.665],[51.741,55.652]]]}},
{"type":"Feature","properties":{"minzoom":3.7},"geometry":{"type":"Polygon","coordinates":[[[43.905,55.411],[43.811,55.461],[43.728,55.436],[43.818,55.359],[43.905,55.411]]]}},
{"type":"Feature","properties":{"minzoom":5},"geometry":{"type":"Polygon","coordinates":[[[38.803,55.294],[38.825,55.36],[38.774,55.375],[38.666,55.354],[38.635,55.322],[38.689,55.274],[38.762,55.245],[38.803,55.294]]]}},
{"type":"Feature","properties":{"minzoom":6},"geometry":{"type":"Polygon","coordinates":[[[30.113,55.22],[30.126,55.157],[30.227,55.157],[30.278,55.207],[30.202,55.235],[30.113,55.22]]]}},
{"type":"Feature","properties":{"minzoom":5},"geometry":{"type":"Polygon","coordinates":[[[38.829,55.04],[38.902,55.08],[38.737,55.131],[38.737,55.068],[38.829,55.04]]]}},
{"type":"Feature","properties":{"minzoom":3.7},"geometry":{"type":"Polygon","coordinates":[[[56.247,54.791],[56.263,54.826],[56.174,54.915],[56.203,54.937],[56.199,54.966],[56.156,54.966],[56.11,54.941],[55.97,55.055],[55.92,54.953],[55.999,54.918],[56.034,54.839],[56.009,54.826],[55.924,54.858],[55.831,54.852],[55.818,54.687],[55.876,54.691],[55.932,54.674],[56.224,54.763],[56.247,54.791]]]}},
{"type":"Feature","properties":{"minzoom":5},"geometry":{"type":"Polygon","coordinates":[[[52.393,54.854],[52.44,54.915],[52.427,54.941],[52.262,54.979],[52.255,54.898],[52.3,54.839],[52.393,54.854]]]}},
{"type":"Feature","properties":{"minzoom":4},"geometry":{"type":"Polygon","coordinates":[[[32.085,54.751],[32.158,54.814],[32.063,54.838],[31.993,54.788],[32.085,54.751]]]}},
{"type":"Feature","properties":{"minzoom":5},"geometry":{"type":"Polygon","coordinates":[[[52.402,54.572],[52.464,54.586],[52.491,54.636],[52.414,54.674],[52.427,54.725],[52.275,54.725],[52.275,54.661],[52.362,54.641],[52.402,54.572]]]}},
{"type":"Feature","properties":{"minzoom":4},"geometry":{"type":"Polygon","coordinates":[[[39.764,54.676],[39.6,54.687],[39.638,54.598],[39.737,54.541],[39.841,54.547],[39.764,54.676]]]}},
{"type":"Feature","properties":{"minzoom":5},"geometry":{"type":"Polygon","coordinates":[[[52.821,54.509],[52.922,54.572],[52.815,54.609],[52.694,54.56],[52.74,54.517],[52.821,54.509]]]}},
{"type":"Feature","properties":{"minzoom":5},"geometry":{"type":"Polygon","coordinates":[[[36.241,54.605],[36.197,54.522],[36.298,54.492],[36.349,54.585],[36.241,54.605]]]}},
{"type":"Feature","properties":{"minzoom":4},"geometry":{"type":"Polygon","coordinates":[[[48.4,54.359],[48.316,54.376],[48.211,54.344],[48.262,54.217],[48.287,54.204],[48.381,54.25],[48.4,54.359]]]}},
{"type":"Feature","properties":{"minzoom":5},"geometry":{"type":"Polygon","coordinates":[[[37.65,54.134],[37.746,54.141],[37.733,54.255],[37.505,54.28],[37.555,54.102],[37.65,54.134]]]}},
{"type":"Feature","properties":{"minzoom":5},"geometry":{"type":"Polygon","coordinates":[[[45.087,54.255],[45.087,54.141],[45.277,54.179],[45.277,54.255],[45.183,54.269],[45.087,54.255]]]}},
{"type":"Feature","properties":{"minzoom":5},"geometry":{"type":"Polygon","coordinates":[[[38.356,53.975],[38.305,54.052],[38.19,54.102],[38.19,54.052],[38.264,53.989],[38.356,53.975]]]}},
{"type":"Feature","properties":{"minzoom":3.7},"geometry":{"type":"Polygon","coordinates":[[[27.749,53.889],[27.776,53.963],[27.688,54.013],[27.611,53.975],[27.456,53.966],[27.357,53.899],[27.408,53.836],[27.571,53.824],[27.713,53.823],[27.749,53.889]]]}},
{"type":"Feature","properties":{"minzoom":5},"geometry":{"type":"Polygon","coordinates":[[[30.316,53.81],[30.382,53.84],[30.418,53.899],[30.344,53.967],[30.278,53.887],[30.316,53.81]]]}},
{"type":"Feature","properties":{"minzoom":5},"geometry":{"type":"Polygon","coordinates":[[[56.015,53.607],[56.097,53.696],[56.071,53.746],[56.009,53.76],[55.97,53.709],[55.907,53.683],[55.917,53.605],[55.983,53.582],[56.015,53.607]]]}},
{"type":"Feature","properties":{"minzoom":5},"geometry":{"type":"Polygon","coordinates":[[[52.059,53.683],[52.162,53.628],[52.262,53.683],[52.166,53.696],[52.059,53.683]]]}},
{"type":"Feature","properties":{"minzoom":5},"geometry":{"type":"Polygon","coordinates":[[[49.588,53.498],[49.646,53.506],[49.608,53.594],[49.409,53.607],[49.214,53.594],[49.259,53.502],[49.588,53.498]]]}},
{"type":"Feature","properties":{"minzoom":3.7},"geometry":{"type":"Polygon","coordinates":[[[50.078,53.226],[50.001,53.163],[49.879,53.187],[49.786,53.15],[49.9,53.023],[50.065,53.048],[50.111,53.079],[50.179,53.086],[50.23,53.163],[50.306,53.163],[50.39,53.231],[50.433,53.34],[50.327,53.346],[50.243,53.328],[50.154,53.582],[50.111,53.574],[50.078,53.556],[50.103,53.417],[50.23,53.315],[50.167,53.257],[50.078,53.226]]]}},
{"type":"Feature","properties":{"minzoom":5},"geometry":{"type":"Polygon","coordinates":[[[55.818,53.378],[55.883,53.342],[55.97,53.328],[56.081,53.433],[56.097,53.493],[56.045,53.532],[55.97,53.518],[55.958,53.429],[55.87,53.436],[55.818,53.378]]]}},
{"type":"Feature","properties":{"minzoom":5},"geometry":{"type":"Polygon","coordinates":[[[51.386,53.442],[51.284,53.429],[51.177,53.346],[51.157,53.302],[51.308,53.322],[51.424,53.391],[51.386,53.442]]]}},
{"type":"Feature","properties":{"minzoom":4},"geometry":{"type":"Polygon","coordinates":[[[34.19,53.366],[34.317,53.201],[34.457,53.188],[34.48,53.222],[34.495,53.264],[34.353,53.34],[34.19,53.366]]]}},
{"type":"Feature","properties":{"minzoom":4},"geometry":{"type":"Polygon","coordinates":[[[45.01,53.315],[44.938,53.273],[44.845,53.252],[44.902,53.15],[45.036,53.125],[45.103,53.178],[45.137,53.264],[45.01,53.315]]]}},
{"type":"Feature","properties":{"minzoom":5},"geometry":{"type":"Polygon","coordinates":[[[48.35,53.239],[48.3,53.074],[48.349,53.04],[48.427,53.036],[48.452,53.099],[48.554,53.188],[48.439,53.197],[48.35,53.239]]]}},
{"type":"Feature","properties":{"minzoom":5},"geometry":{"type":"Polygon","coordinates":[[[29.27,53.123],[29.288,53.163],[29.205,53.212],[29.135,53.15],[29.237,53.099],[29.27,53.123]]]}},
{"type":"Feature","properties":{"minzoom":5},"geometry":{"type":"Polygon","coordinates":[[[49.704,53.111],[49.659,53.074],[49.659,52.947],[49.741,52.96],[49.786,53.01],[49.747,53.15],[49.704,53.111]]]}},
{"type":"Feature","properties":{"minzoom":5},"geometry":{"type":"Polygon","coordinates":[[[36.184,53.048],[36.082,53.061],[35.993,52.909],[36.127,52.94],[36.184,53.048]]]}},
{"type":"Feature","properties":{"minzoom":5},"geometry":{"type":"Polygon","coordinates":[[[40.527,52.871],[40.547,52.976],[40.489,53.048],[40.451,53.023],[40.413,52.934],[40.448,52.881],[40.527,52.871]]]}},
{"type":"Feature","properties":{"minzoom":5},"geometry":{"type":"Polygon","coordinates":[[[41.48,52.629],[41.493,52.585],[41.531,52.566],[41.532,52.61],[41.492,52.642],[41.531,52.731],[41.417,52.816],[41.327,52.718],[41.385,52.655],[41.48,52.629]]]}},
{"type":"Feature","properties":{"minzoom":5},"geometry":{"type":"Polygon","coordinates":[[[39.752,52.519],[39.803,52.528],[39.702,52.591],[39.727,52.667],[39.629,52.727],[39.486,52.705],[39.465,52.657],[39.422,52.629],[39.528,52.524],[39.702,52.54],[39.752,52.519]]]}},
{"type":"Feature","properties":{"minzoom":5},"geometry":{"type":"Polygon","coordinates":[[[38.406,52.604],[38.514,52.576],[38.597,52.629],[38.505,52.667],[38.419,52.68],[38.406,52.604]]]}},
{"type":"Feature","properties":{"minzoom":5},"geometry":{"type":"Polygon","coordinates":[[[31.074,52.407],[31.078,52.464],[30.96,52.496],[30.863,52.426],[30.934,52.383],[31.028,52.362],[31.074,52.407]]]}},
{"type":"Feature","properties":{"minzoom":5},"geometry":{"type":"Polygon","coordinates":[[[35.5,52.322],[35.536,52.388],[35.447,52.375],[35.371,52.42],[35.308,52.362],[35.358,52.312],[35.435,52.286],[35.5,52.322]]]}},
{"type":"Feature","properties":{"minzoom":5},"geometry":{"type":"Polygon","coordinates":[[[29.275,52.02],[29.358,52.108],[29.364,52.159],[29.3,52.172],[29.161,52.096],[29.197,52.037],[29.275,52.02]]]}},
{"type":"Feature","properties":{"minzoom":5},"geometry":{"type":"Polygon","coordinates":[[[47.329,52.034],[47.398,52.032],[47.487,52.083],[47.45,52.122],[47.385,52.134],[47.315,52.115],[47.284,52.058],[47.329,52.034]]]}},
{"type":"Feature","properties":{"minzoom":4},"geometry":{"type":"Polygon","coordinates":[[[55.049,51.874],[54.954,51.804],[55.031,51.727],[55.073,51.712],[55.12,51.702],[55.182,51.735],[55.208,51.804],[55.156,51.859],[55.081,51.893],[55.049,51.874]]]}},
{"type":"Feature","properties":{"minzoom":5},"geometry":{"type":"Polygon","coordinates":[[[36.158,51.626],[36.235,51.715],[36.278,51.716],[36.298,51.74],[36.235,51.804],[36.096,51.777],[36.031,51.677],[36.078,51.634],[36.158,51.626]]]}},
{"type":"Feature","properties":{"minzoom":4},"geometry":{"type":"Polygon","coordinates":[[[39.067,51.601],[39.27,51.562],[39.329,51.604],[39.41,51.626],[39.359,51.715],[39.359,51.778],[39.285,51.769],[39.232,51.74],[39.082,51.779],[38.965,51.702],[39.067,51.601]]]}},
{"type":"Feature","properties":{"minzoom":4},"geometry":{"type":"Polygon","coordinates":[[[46.153,51.588],[46.026,51.727],[45.976,51.727],[45.878,51.673],[45.798,51.601],[45.843,51.525],[45.861,51.423],[45.925,51.41],[45.968,51.468],[46.039,51.499],[46.052,51.385],[46.23,51.473],[46.289,51.478],[46.318,51.512],[46.216,51.54],[46.103,51.524],[46.153,51.588]]]}},
{"type":"Feature","properties":{"minzoom":5},"geometry":{"type":"Polygon","coordinates":[[[43.245,51.537],[43.245,51.601],[43.213,51.613],[43.169,51.613],[43.093,51.55],[43.162,51.51],[43.245,51.537]]]}},
{"type":"Feature","properties":{"minzoom":5},"geometry":{"type":"Polygon","coordinates":[[[31.231,51.461],[31.317,51.47],[31.358,51.524],[31.285,51.56],[31.205,51.537],[31.231,51.461]]]}},
{"type":"Feature","properties":{"minzoom":4},"geometry":{"type":"Polygon","coordinates":[[[37.884,51.161],[37.949,51.118],[38,51.194],[37.962,51.258],[37.975,51.334],[37.932,51.374],[37.873,51.397],[37.749,51.362],[37.594,51.359],[37.546,51.337],[37.479,51.334],[37.525,51.252],[37.619,51.22],[37.86,51.245],[37.884,51.161]]]}},
{"type":"Feature","properties":{"minzoom":5},"geometry":{"type":"Polygon","coordinates":[[[58.295,51.169],[58.46,51.207],[58.59,51.186],[58.714,51.22],[58.714,51.27],[58.623,51.305],[58.51,51.296],[58.471,51.326],[58.409,51.334],[58.345,51.258],[58.231,51.245],[58.295,51.169]]]}},
{"type":"Feature","properties":{"minzoom":4},"geometry":{"type":"Polygon","coordinates":[[[39.504,51.05],[39.435,51.016],[39.515,50.951],[39.6,51.004],[39.587,51.042],[39.504,51.05]]]}},
{"type":"Feature","properties":{"minzoom":5},"geometry":{"type":"Polygon","coordinates":[[[34.878,50.876],[34.888,50.966],[34.771,50.986],[34.685,50.953],[34.761,50.864],[34.878,50.876]]]}},
{"type":"Feature","properties":{"minzoom":5},"geometry":{"type":"Polygon","coordinates":[[[36.606,50.689],[36.514,50.712],[36.476,50.61],[36.501,50.578],[36.527,50.546],[36.73,50.534],[36.692,50.661],[36.606,50.689]]]}},
{"type":"Feature","properties":{"minzoom":3.7},"geometry":{"type":"Polygon","coordinates":[[[30.558,50.343],[30.697,50.381],[30.694,50.472],[30.647,50.546],[30.482,50.597],[30.413,50.533],[30.316,50.496],[30.304,50.445],[30.411,50.363],[30.558,50.343]]]}},
{"type":"Feature","properties":{"minzoom":4},"geometry":{"type":"Polygon","coordinates":[[[57.253,50.267],[57.236,50.307],[57.113,50.394],[57.101,50.305],[57.173,50.267],[57.253,50.267]]]}},
{"type":"Feature","properties":{"minzoom":4},"geometry":{"type":"Polygon","coordinates":[[[28.589,50.318],[28.604,50.262],[28.64,50.229],[28.706,50.214],[28.754,50.242],[28.704,50.311],[28.589,50.318]]]}},
{"type":"Feature","properties":{"minzoom":5},"geometry":{"type":"Polygon","coordinates":[[[45.455,50.09],[45.48,50.165],[45.37,50.173],[45.328,50.089],[45.391,50.051],[45.455,50.09]]]}},
{"type":"Feature","properties":{"minzoom":4},"geometry":{"type":"Polygon","coordinates":[[[36.476,49.924],[36.4,50.089],[36.298,50.121],[36.184,50.115],[36.133,50.16],[36.07,50.14],[36.095,50.051],[35.93,50.064],[36.044,49.911],[35.981,49.835],[36.044,49.784],[36.171,49.873],[36.26,49.848],[36.301,49.806],[36.374,49.797],[36.324,49.911],[36.41,49.901],[36.476,49.924]]]}},
{"type":"Feature","properties":{"minzoom":5},"geometry":{"type":"Polygon","coordinates":[[[37.708,49.657],[37.695,49.746],[37.63,49.76],[37.568,49.746],[37.611,49.647],[37.708,49.657]]]}},
{"type":"Feature","properties":{"minzoom":5},"geometry":{"type":"Polygon","coordinates":[[[34.444,49.568],[34.587,49.543],[34.685,49.619],[34.547,49.655],[34.444,49.568]]]}},
{"type":"Feature","properties":{"minzoom":5},"geometry":{"type":"Polygon","coordinates":[[[31.982,49.415],[32.069,49.365],[32.116,49.382],[32.144,49.415],[31.98,49.481],[31.982,49.415]]]}},
{"type":"Feature","properties":{"minzoom":5},"geometry":{"type":"Polygon","coordinates":[[[28.551,49.264],[28.462,49.315],[28.386,49.238],[28.478,49.19],[28.551,49.264]]]}},
{"type":"Feature","properties":{"minzoom":5},"geometry":{"type":"Polygon","coordinates":[[[33.479,49.187],[33.441,49.187],[33.363,49.145],[33.301,49.086],[33.453,49.01],[33.542,49.086],[33.517,49.187],[33.479,49.187]]]}},
{"type":"Feature","properties":{"minzoom":5},"geometry":{"type":"Polygon","coordinates":[[[33.631,49.111],[33.583,49.077],[33.568,49.01],[33.676,48.989],[33.745,49.048],[33.699,49.09],[33.631,49.111]]]}},
{"type":"Feature","properties":{"minzoom":5},"geometry":{"type":"Polygon","coordinates":[[[38.483,48.845],[38.584,48.895],[38.533,48.997],[38.452,49.036],[38.394,49.099],[38.319,49.09],[38.267,49.061],[38.239,49.09],[38.19,49.099],[38.271,49.014],[38.33,48.908],[38.483,48.845]]]}},
{"type":"Feature","properties":{"minzoom":3.7},"geometry":{"type":"Polygon","coordinates":[[[44.261,48.705],[44.337,48.654],[44.35,48.578],[44.515,48.426],[44.629,48.4],[44.794,48.464],[44.763,48.546],[44.68,48.578],[44.545,48.543],[44.464,48.629],[44.49,48.654],[44.629,48.68],[44.621,48.75],[44.642,48.794],[44.748,48.741],[44.871,48.705],[44.909,48.883],[44.872,48.901],[44.833,48.895],[44.782,48.933],[44.693,48.857],[44.629,48.908],[44.478,48.854],[44.312,48.845],[44.312,48.756],[44.277,48.74],[44.261,48.705]]]}},
{"type":"Feature","properties":{"minzoom":5},"geometry":{"type":"Polygon","coordinates":[[[37.644,48.73],[37.632,48.807],[37.695,48.845],[37.593,48.919],[37.467,48.87],[37.517,48.807],[37.467,48.743],[37.517,48.591],[37.568,48.591],[37.581,48.692],[37.644,48.73]]]}},
{"type":"Feature","properties":{"minzoom":5},"geometry":{"type":"Polygon","coordinates":[[[38.864,48.438],[38.864,48.514],[38.711,48.552],[38.673,48.68],[38.577,48.694],[38.483,48.68],[38.47,48.641],[38.571,48.489],[38.673,48.476],[38.737,48.413],[38.812,48.414],[38.864,48.438]]]}},
{"type":"Feature","properties":{"minzoom":4},"geometry":{"type":"Polygon","coordinates":[[[34.634,48.68],[34.533,48.68],[34.533,48.552],[34.457,48.552],[34.584,48.464],[34.711,48.464],[34.8,48.426],[34.912,48.42],[35.003,48.362],[35.126,48.398],[35.206,48.476],[35.169,48.547],[35.104,48.591],[35.028,48.552],[34.882,48.557],[34.749,48.54],[34.677,48.595],[34.634,48.68]]]}},
{"type":"Feature","properties":{"minzoom":5},"geometry":{"type":"Polygon","coordinates":[[[38.063,48.616],[37.982,48.664],[37.924,48.591],[38.006,48.564],[38.063,48.616]]]}},
{"type":"Feature","properties":{"minzoom":5},"geometry":{"type":"Polygon","coordinates":[[[39.321,48.502],[39.402,48.547],[39.46,48.616],[39.309,48.645],[39.156,48.616],[39.203,48.524],[39.321,48.502]]]}},
{"type":"Feature","properties":{"minzoom":4},"geometry":{"type":"Polygon","coordinates":[[[35.981,48.54],[35.892,48.565],[35.869,48.606],[35.816,48.616],[35.866,48.502],[35.981,48.54]]]}},
{"type":"Feature","properties":{"minzoom":5},"geometry":{"type":"Polygon","coordinates":[[[37.771,48.527],[37.696,48.581],[37.606,48.591],[37.673,48.499],[37.771,48.527]]]}},
{"type":"Feature","properties":{"minzoom":4},"geometry":{"type":"Polygon","coordinates":[[[32.171,48.514],[32.262,48.469],[32.336,48.527],[32.245,48.573],[32.171,48.514]]]}},
{"type":"Feature","properties":{"minzoom":5},"geometry":{"type":"Polygon","coordinates":[[[40.184,48.337],[40.24,48.288],[40.324,48.298],[40.286,48.451],[40.253,48.437],[40.261,48.4],[40.184,48.337]]]}},
{"type":"Feature","properties":{"minzoom":5},"geometry":{"type":"Polygon","coordinates":[[[38.368,48.159],[38.346,48.194],[38.305,48.21],[38.279,48.311],[38.038,48.426],[37.936,48.4],[37.874,48.435],[37.797,48.426],[37.822,48.337],[37.924,48.362],[37.975,48.273],[38.063,48.26],[38.115,48.204],[38.203,48.184],[38.292,48.121],[38.345,48.125],[38.368,48.159]]]}},
{"type":"Feature","properties":{"minzoom":4},"geometry":{"type":"Polygon","coordinates":[[[37.257,48.362],[37.225,48.362],[37.136,48.286],[37.186,48.259],[37.301,48.273],[37.289,48.362],[37.257,48.362]]]}},
{"type":"Feature","properties":{"minzoom":5},"geometry":{"type":"Polygon","coordinates":[[[38.978,48.121],[38.94,48.235],[38.8,48.197],[38.869,48.111],[38.978,48.121]]]}},
{"type":"Feature","properties":{"minzoom":4},"geometry":{"type":"Polygon","coordinates":[[[33.517,47.816],[33.542,47.93],[33.593,47.994],[33.555,48.013],[33.542,48.057],[33.618,48.197],[33.565,48.22],[33.491,48.222],[33.453,48.121],[33.364,48.133],[33.339,48.006],[33.276,47.981],[33.225,47.879],[33.263,47.816],[33.517,47.816]]]}},
{"type":"Feature","properties":{"minzoom":4},"geometry":{"type":"Polygon","coordinates":[[[37.962,47.892],[38,47.968],[38.063,48.019],[38.19,48.019],[38.262,47.998],[38.305,48.045],[38.114,48.146],[38.025,48.172],[37.962,48.159],[37.886,48.197],[37.695,48.222],[37.657,48.21],[37.68,48.112],[37.644,48.032],[37.467,48.032],[37.467,47.956],[37.712,47.91],[37.962,47.892]]]}},
{"type":"Feature","properties":{"minzoom":5},"geometry":{"type":"Polygon","coordinates":[[[38.559,48.019],[38.66,47.981],[38.711,48.045],[38.744,48.014],[38.8,48.006],[38.746,48.115],[38.571,48.133],[38.559,48.095],[38.521,48.083],[38.459,48.106],[38.394,48.095],[38.448,48.029],[38.559,48.019]]]}},
{"type":"Feature","properties":{"minzoom":5},"geometry":{"type":"Polygon","coordinates":[[[30.926,48.108],[30.852,48.115],[30.799,48.07],[30.872,48.02],[30.939,48.083],[30.926,48.108]]]}},
{"type":"Feature","properties":{"minzoom":5},"geometry":{"type":"Polygon","coordinates":[[[35.106,47.842],[35.13,47.84],[35.179,47.757],[35.219,47.74],[35.308,47.879],[35.181,47.968],[35.13,47.93],[35.079,47.943],[34.977,47.854],[34.999,47.818],[35.086,47.797],[35.106,47.842]]]}},
{"type":"Feature","properties":{"minzoom":5},"geometry":{"type":"Polygon","coordinates":[[[40.057,47.854],[40.121,47.854],[40.108,47.968],[40.015,47.947],[39.994,47.854],[40.057,47.854]]]}},
{"type":"Feature","properties":{"minzoom":5},"geometry":{"type":"Polygon","coordinates":[[[31.184,47.805],[31.294,47.867],[31.205,47.895],[31.117,47.892],[31.184,47.805]]]}},
{"type":"Feature","properties":{"minzoom":5},"geometry":{"type":"Polygon","coordinates":[[[39.989,47.798],[39.956,47.854],[39.829,47.854],[39.874,47.749],[40.019,47.74],[39.989,47.798]]]}},
{"type":"Feature","properties":{"minzoom":5},"geometry":{"type":"Polygon","coordinates":[[[40.362,47.778],[40.121,47.829],[40.126,47.716],[40.21,47.651],[40.316,47.685],[40.362,47.778]]]}},
{"type":"Feature","properties":{"minzoom":5},"geometry":{"type":"Polygon","coordinates":[[[33.288,47.689],[33.205,47.747],[33.123,47.676],[33.208,47.638],[33.288,47.689]]]}},
{"type":"Feature","properties":{"minzoom":5},"geometry":{"type":"Polygon","coordinates":[[[34.025,47.676],[34.038,47.638],[34.096,47.625],[34.152,47.638],[34.228,47.702],[34.122,47.746],[34.025,47.676]]]}},
{"type":"Feature","properties":{"minzoom":5},"geometry":{"type":"Polygon","coordinates":[[[42.28,47.575],[42.229,47.574],[42.178,47.549],[42.131,47.603],[42.115,47.689],[42.064,47.676],[42.102,47.6],[42.081,47.563],[42.089,47.511],[42.214,47.477],[42.28,47.575]]]}},
{"type":"Feature","properties":{"minzoom":5},"geometry":{"type":"Polygon","coordinates":[[[31.371,47.6],[31.3,47.655],[31.231,47.625],[31.297,47.554],[31.371,47.6]]]}},
{"type":"Feature","properties":{"minzoom":5},"geometry":{"type":"Polygon","coordinates":[[[34.38,47.558],[34.463,47.582],[34.456,47.597],[34.416,47.631],[34.363,47.638],[34.314,47.621],[34.308,47.571],[34.38,47.558]]]}},
{"type":"Feature","properties":{"minzoom":5},"geometry":{"type":"Polygon","coordinates":[[[40.15,47.476],[40.108,47.575],[40.048,47.565],[40.007,47.537],[40.007,47.397],[40.122,47.377],[40.222,47.41],[40.15,47.476]]]}},
{"type":"Feature","properties":{"minzoom":4},"geometry":{"type":"Polygon","coordinates":[[[39.826,47.177],[39.88,47.219],[39.915,47.178],[39.968,47.181],[39.892,47.321],[39.741,47.355],[39.587,47.321],[39.526,47.344],[39.46,47.333],[39.48,47.27],[39.562,47.168],[39.678,47.117],[39.803,47.105],[39.826,47.177]]]}},
{"type":"Feature","properties":{"minzoom":5},"geometry":{"type":"Polygon","coordinates":[[[39.024,47.272],[38.888,47.326],[38.825,47.321],[38.778,47.236],[38.766,47.156],[38.928,47.176],[39.024,47.272]]]}},
{"type":"Feature","properties":{"minzoom":5},"geometry":{"type":"Polygon","coordinates":[[[37.718,47.088],[37.708,47.194],[37.492,47.257],[37.446,47.087],[37.49,47.033],[37.543,47.075],[37.718,47.088]]]}},
{"type":"Feature","properties":{"minzoom":4},"geometry":{"type":"Polygon","coordinates":[[[27.662,47.143],[27.611,47.244],[27.539,47.241],[27.484,47.219],[27.556,47.122],[27.662,47.143]]]}},
{"type":"Feature","properties":{"minzoom":4},"geometry":{"type":"Polygon","coordinates":[[[51.856,47.079],[51.921,47.058],[51.995,47.079],[51.983,47.181],[51.897,47.153],[51.856,47.079]]]}},
{"type":"Feature","properties":{"minzoom":3.7},"geometry":{"type":"Polygon","coordinates":[[[28.881,46.965],[28.958,46.927],[28.932,47.092],[28.805,47.117],[28.716,47.054],[28.779,46.989],[28.881,46.965]]]}},
{"type":"Feature","properties":{"minzoom":5},"geometry":{"type":"Polygon","coordinates":[[[31.94,46.982],[31.964,46.855],[31.953,46.765],[32.012,46.799],[32.082,46.876],[32.094,46.94],[32.138,46.973],[32.158,47.028],[32.051,47.053],[31.929,47.028],[31.929,47.098],[31.904,47.111],[31.861,47.103],[31.94,46.982]]]}},
{"type":"Feature","properties":{"minzoom":5},"geometry":{"type":"Polygon","coordinates":[[[35.435,46.838],[35.415,46.914],[35.346,46.94],[35.291,46.906],[35.269,46.838],[35.349,46.808],[35.435,46.838]]]}},
{"type":"Feature","properties":{"minzoom":5},"geometry":{"type":"Polygon","coordinates":[[[29.673,46.899],[29.656,46.914],[29.529,46.889],[29.453,46.914],[29.402,46.863],[29.433,46.811],[29.491,46.787],[29.567,46.825],[29.588,46.796],[29.631,46.787],[29.655,46.742],[29.707,46.724],[29.694,46.889],[29.673,46.899]]]}},
{"type":"Feature","properties":{"minzoom":5},"geometry":{"type":"Polygon","coordinates":[[[48.096,46.902],[48.053,46.837],[47.969,46.838],[47.995,46.711],[48.058,46.684],[48.122,46.686],[48.16,46.775],[48.139,46.849],[48.096,46.902]]]}},
{"type":"Feature","properties":{"minzoom":5},"geometry":{"type":"Polygon","coordinates":[[[36.795,46.714],[36.863,46.769],[36.817,46.822],[36.753,46.837],[36.683,46.79],[36.67,46.764],[36.795,46.714]]]}},
{"type":"Feature","properties":{"minzoom":5},"geometry":{"type":"Polygon","coordinates":[[[32.57,46.608],[32.613,46.594],[32.672,46.625],[32.735,46.615],[32.768,46.635],[32.704,46.749],[32.563,46.741],[32.505,46.645],[32.57,46.608]]]}},
{"type":"Feature","properties":{"minzoom":4},"geometry":{"type":"Polygon","coordinates":[[[30.722,46.366],[30.796,46.552],[30.919,46.578],[30.836,46.647],[30.774,46.673],[30.736,46.622],[30.675,46.594],[30.609,46.597],[30.596,46.533],[30.532,46.482],[30.593,46.467],[30.634,46.432],[30.558,46.33],[30.666,46.288],[30.722,46.366]]]}},
{"type":"Feature","properties":{"minzoom":4},"geometry":{"type":"Polygon","coordinates":[[[39.562,46.546],[39.652,46.536],[39.714,46.584],[39.618,46.621],[39.562,46.546]]]}},
{"type":"Feature","properties":{"minzoom":4},"geometry":{"type":"Polygon","coordinates":[[[48.02,46.508],[47.919,46.444],[47.91,46.345],[47.906,46.241],[48.008,46.216],[48.081,46.282],[48.173,46.33],[48.147,46.457],[48.02,46.508]]]}},
{"type":"Feature","properties":{"minzoom":5},"geometry":{"type":"Polygon","coordinates":[[[53.456,46.127],[53.546,46.118],[53.596,46.178],[53.526,46.248],[53.405,46.228],[53.392,46.292],[53.267,46.258],[53.227,46.14],[53.317,46.162],[53.38,46.152],[53.316,46.063],[53.364,46.067],[53.456,46.127]]]}},
{"type":"Feature","properties":{"minzoom":5},"geometry":{"type":"Polygon","coordinates":[[[39.029,46.063],[39.041,46.101],[39.003,46.171],[38.914,46.19],[38.894,46.115],[38.927,46.051],[39.029,46.063]]]}},
{"type":"Feature","properties":{"minzoom":5},"geometry":{"type":"Polygon","coordinates":[[[53.215,45.911],[53.255,45.875],[53.316,45.86],[53.371,45.888],[53.405,45.936],[53.293,45.983],[53.215,45.911]]]}},
{"type":"Feature","properties":{"minzoom":5},"geometry":{"type":"Polygon","coordinates":[[[40.187,45.844],[40.197,45.898],[40.096,45.913],[40.032,45.86],[40.087,45.826],[40.159,45.809],[40.187,45.844]]]}},
{"type":"Feature","properties":{"minzoom":5},"geometry":{"type":"Polygon","coordinates":[[[28.079,45.483],[28.03,45.517],[27.96,45.486],[27.916,45.428],[28.005,45.387],[28.107,45.428],[28.079,45.483]]]}},
{"type":"Feature","properties":{"minzoom":5},"geometry":{"type":"Polygon","coordinates":[[[40.547,45.41],[40.603,45.403],[40.67,45.355],[40.743,45.39],[40.704,45.448],[40.575,45.493],[40.515,45.479],[40.507,45.459],[40.547,45.41]]]}},
{"type":"Feature","properties":{"minzoom":5},"geometry":{"type":"Polygon","coordinates":[[[51.84,45.396],[51.843,45.352],[51.982,45.333],[52.051,45.348],[52.073,45.389],[51.84,45.396]]]}},
{"type":"Feature","properties":{"minzoom":5},"geometry":{"type":"Polygon","coordinates":[[[27.891,45.339],[27.903,45.212],[27.987,45.23],[28.043,45.276],[27.994,45.358],[27.891,45.339]]]}},
{"type":"Feature","properties":{"minzoom":4},"geometry":{"type":"Polygon","coordinates":[[[38.864,45.035],[38.985,44.982],[39.13,44.984],[39.168,45.085],[39.054,45.111],[39.025,45.158],[38.952,45.187],[38.894,45.125],[38.864,45.035]]]}},
{"type":"Feature","properties":{"minzoom":4},"geometry":{"type":"Polygon","coordinates":[[[42.018,45.01],[42.077,45.098],[41.961,45.151],[41.861,45.047],[41.899,44.984],[42.018,45.01]]]}},
{"type":"Feature","properties":{"minzoom":5},"geometry":{"type":"Polygon","coordinates":[[[34.012,45.073],[33.995,45.001],[34.025,44.92],[34.134,44.917],[34.19,44.997],[34.111,45.045],[34.012,45.073]]]}},
{"type":"Feature","properties":{"minzoom":5},"geometry":{"type":"Polygon","coordinates":[[[41.2,44.971],[41.121,45.067],[41.035,44.984],[41.113,44.957],[41.2,44.971]]]}},
{"type":"Feature","properties":{"minzoom":5},"geometry":{"type":"Polygon","coordinates":[[[46.547,44.933],[46.452,44.992],[46.369,44.908],[46.468,44.896],[46.547,44.933]]]}},
{"type":"Feature","properties":{"minzoom":5},"geometry":{"type":"Polygon","coordinates":[[[44.187,44.827],[44.121,44.895],[44.071,44.894],[44.045,44.87],[44.116,44.782],[44.223,44.73],[44.187,44.827]]]}},
{"type":"Feature","properties":{"minzoom":5},"geometry":{"type":"Polygon","coordinates":[[[37.855,44.696],[37.853,44.732],[37.812,44.771],[37.763,44.802],[37.682,44.819],[37.664,44.777],[37.731,44.668],[37.855,44.696]]]}},
{"type":"Feature","properties":{"minzoom":5},"geometry":{"type":"Polygon","coordinates":[[[41.867,44.628],[41.962,44.59],[42.013,44.666],[41.916,44.721],[41.797,44.692],[41.867,44.628]]]}},
{"type":"Feature","properties":{"minzoom":3.7},"geometry":{"type":"Polygon","coordinates":[[[33.491,44.619],[33.451,44.554],[33.585,44.475],[33.629,44.524],[33.657,44.641],[33.539,44.704],[33.491,44.619]]]}},
{"type":"Feature","properties":{"minzoom":5},"geometry":{"type":"Polygon","coordinates":[[[40.016,44.639],[40.019,44.59],[40.1,44.556],[40.197,44.539],[40.222,44.641],[40.146,44.685],[40.032,44.692],[40.016,44.639]]]}},
{"type":"Feature","properties":{"minzoom":5},"geometry":{"type":"Polygon","coordinates":[[[42.102,44.209],[42.053,44.303],[41.975,44.209],[42.037,44.185],[42.102,44.209]]]}},
{"type":"Feature","properties":{"minzoom":5},"geometry":{"type":"Polygon","coordinates":[[[27.205,44.107],[27.256,44.093],[27.307,44.107],[27.294,44.171],[27.383,44.184],[27.345,44.285],[27.242,44.261],[27.268,44.184],[27.205,44.107]]]}},
{"type":"Feature","properties":{"minzoom":5},"geometry":{"type":"Polygon","coordinates":[[[43.02,44.232],[43.016,44.196],[42.953,44.196],[42.899,44.13],[42.813,44.095],[42.801,44.006],[42.889,44.013],[42.953,44.044],[43.058,43.995],[43.169,44.031],[43.118,44.146],[43.182,44.209],[43.182,44.247],[43.115,44.27],[43.029,44.273],[43.02,44.232]]]}},
{"type":"Feature","properties":{"minzoom":4},"geometry":{"type":"Polygon","coordinates":[[[28.634,44.244],[28.564,44.26],[28.554,44.197],[28.582,44.145],[28.652,44.138],[28.634,44.244]]]}},
{"type":"Feature","properties":{"minzoom":5},"geometry":{"type":"Polygon","coordinates":[[[43.524,44.209],[43.41,44.199],[43.359,44.095],[43.477,44.096],[43.537,44.184],[43.524,44.209]]]}},
{"type":"Feature","properties":{"minzoom":5},"geometry":{"type":"Polygon","coordinates":[[[42.772,43.914],[42.775,43.968],[42.721,43.992],[42.661,43.981],[42.665,43.905],[42.75,43.879],[42.772,43.914]]]}},
{"type":"Feature","properties":{"minzoom":5},"geometry":{"type":"Polygon","coordinates":[[[44.706,43.765],[44.617,43.79],[44.553,43.739],[44.5,43.735],[44.477,43.701],[44.617,43.694],[44.706,43.765]]]}},
{"type":"Feature","properties":{"minzoom":5},"geometry":{"type":"Polygon","coordinates":[[[51.237,43.578],[51.284,43.6],[51.297,43.701],[51.24,43.734],[51.183,43.701],[51.103,43.699],[51.14,43.649],[51.237,43.578]]]}},
{"type":"Feature","properties":{"minzoom":6},"geometry":{"type":"Polygon","coordinates":[[[44.007,43.574],[44.096,43.561],[44.121,43.676],[44.026,43.678],[44.007,43.574]]]}},
{"type":"Feature","properties":{"minzoom":4},"geometry":{"type":"Polygon","coordinates":[[[43.588,43.447],[43.735,43.491],[43.753,43.523],[43.705,43.545],[43.639,43.549],[43.623,43.597],[43.575,43.612],[43.499,43.511],[43.588,43.447]]]}},
{"type":"Feature","properties":{"minzoom":5},"geometry":{"type":"Polygon","coordinates":[[[27.979,43.231],[28.043,43.278],[27.931,43.297],[27.827,43.295],[27.776,43.193],[27.927,43.178],[27.979,43.231]]]}},
{"type":"Feature","properties":{"minzoom":5},"geometry":{"type":"Polygon","coordinates":[[[46.763,43.231],[46.84,43.166],[46.941,43.206],[46.863,43.271],[46.763,43.231]]]}},
{"type":"Feature","properties":{"minzoom":5},"geometry":{"type":"Polygon","coordinates":[[[47.529,42.967],[47.463,43.035],[47.471,43.064],[47.388,43.054],[47.284,43.092],[47.258,43.053],[47.347,42.965],[47.55,42.888],[47.593,42.826],[47.647,42.814],[47.676,42.827],[47.688,42.837],[47.635,42.903],[47.529,42.967]]]}},
{"type":"Feature","properties":{"minzoom":5},"geometry":{"type":"Polygon","coordinates":[[[47.068,42.863],[47.091,42.784],[47.157,42.749],[47.181,42.794],[47.182,42.863],[47.124,42.876],[47.068,42.863]]]}},
{"type":"Feature","properties":{"minzoom":5},"geometry":{"type":"Polygon","coordinates":[[[27.383,42.52],[27.434,42.457],[27.489,42.496],[27.51,42.571],[27.363,42.613],[27.268,42.545],[27.316,42.523],[27.383,42.52]]]}},
{"type":"Feature","properties":{"minzoom":4},"geometry":{"type":"Polygon","coordinates":[[[42.647,42.238],[42.737,42.241],[42.737,42.317],[42.675,42.328],[42.61,42.317],[42.647,42.238]]]}},
{"type":"Feature","properties":{"minzoom":5},"geometry":{"type":"Polygon","coordinates":[[[48.262,42.135],[48.211,42.139],[48.122,42.215],[48.033,42.215],[48.046,42.177],[48.102,42.151],[48.135,42.101],[48.283,42.026],[48.336,42.029],[48.262,42.135]]]}},
{"type":"Feature","properties":{"minzoom":3.7},"geometry":{"type":"Polygon","coordinates":[[[44.871,41.644],[44.934,41.606],[44.983,41.534],[45.061,41.491],[44.972,41.707],[44.894,41.75],[44.858,41.834],[44.744,41.86],[44.71,41.791],[44.706,41.695],[44.871,41.644]]]}},
{"type":"Feature","properties":{"minzoom":5},"geometry":{"type":"Polygon","coordinates":[[[32.031,41.441],[32.069,41.301],[32.12,41.301],[32.158,41.479],[32.081,41.517],[32.031,41.441]]]}},
{"type":"Feature","properties":{"minzoom":4},"geometry":{"type":"Polygon","coordinates":[[[36.278,41.336],[36.17,41.446],[36.144,41.415],[36.153,41.377],[36.235,41.288],[36.429,41.208],[36.472,41.206],[36.498,41.226],[36.493,41.264],[36.405,41.275],[36.278,41.336]]]}},
{"type":"Feature","properties":{"minzoom":5},"geometry":{"type":"Polygon","coordinates":[[[31.942,41.364],[31.913,41.283],[31.917,41.199],[32.006,41.252],[31.98,41.364],[31.942,41.364]]]}},
{"type":"Feature","properties":{"minzoom":5},"geometry":{"type":"Polygon","coordinates":[[[32.624,41.294],[32.577,41.187],[32.689,41.184],[32.729,41.313],[32.624,41.294]]]}},
{"type":"Feature","properties":{"minzoom":4},"geometry":{"type":"Polygon","coordinates":[[[29.067,41.102],[29.045,41.008],[29.082,40.963],[29.26,40.847],[29.365,40.809],[29.849,40.76],[29.845,40.738],[29.68,40.724],[29.829,40.692],[30.012,40.717],[30.089,40.702],[30.139,40.742],[30.117,40.778],[29.999,40.844],[29.872,40.818],[29.788,40.844],[29.694,40.831],[29.631,40.869],[29.528,40.874],[29.427,40.907],[29.402,40.958],[29.351,40.983],[29.3,41.072],[29.186,41.098],[29.104,41.185],[29.067,41.102]]]}},
{"type":"Feature","properties":{"minzoom":3.6},"geometry":{"type":"Polygon","coordinates":[[[28.956,41.008],[29.032,41.14],[29.057,41.23],[29.015,41.237],[29.003,41.19],[28.966,41.163],[28.843,41.187],[28.742,41.123],[28.665,41.148],[28.59,41.09],[28.488,41.06],[28.376,41.1],[28.319,41.067],[28.78,40.974],[28.956,41.008]]]}},
{"type":"Feature","properties":{"minzoom":5},"geometry":{"type":"Polygon","coordinates":[[[39.51,41.064],[39.548,40.988],[39.613,40.932],[39.727,40.971],[39.767,40.959],[39.791,40.988],[39.513,41.078],[39.51,41.064]]]}},
{"type":"Feature","properties":{"minzoom":5},"geometry":{"type":"Polygon","coordinates":[[[31.163,40.924],[31.027,40.888],[30.99,40.844],[31.027,40.818],[31.091,40.818],[31.218,40.767],[31.332,40.767],[31.244,40.894],[31.163,40.924]]]}},
{"type":"Feature","properties":{"minzoom":5},"geometry":{"type":"Polygon","coordinates":[[[30.333,40.708],[30.405,40.691],[30.482,40.831],[30.366,40.853],[30.291,40.755],[30.333,40.708]]]}},
{"type":"Feature","properties":{"minzoom":5},"geometry":{"type":"Polygon","coordinates":[[[31.549,40.718],[31.599,40.691],[31.66,40.719],[31.701,40.767],[31.612,40.806],[31.523,40.767],[31.549,40.718]]]}},
{"type":"Feature","properties":{"minzoom":5},"geometry":{"type":"Polygon","coordinates":[[[46.28,40.666],[46.372,40.645],[46.433,40.704],[46.343,40.751],[46.28,40.666]]]}},
{"type":"Feature","properties":{"minzoom":5},"geometry":{"type":"Polygon","coordinates":[[[36.87,40.64],[36.892,40.581],[36.959,40.564],[36.996,40.597],[37.009,40.653],[36.939,40.662],[36.87,40.64]]]}},
{"type":"Feature","properties":{"minzoom":3.7},"geometry":{"type":"Polygon","coordinates":[[[49.792,40.288],[49.919,40.316],[50.065,40.321],[50.103,40.425],[50.214,40.484],[49.991,40.577],[49.776,40.584],[49.669,40.641],[49.544,40.64],[49.671,40.501],[49.735,40.374],[49.608,40.323],[49.589,40.212],[49.792,40.288]]]}},
{"type":"Feature","properties":{"minzoom":5},"geometry":{"type":"Polygon","coordinates":[[[29.331,40.506],[29.288,40.539],[29.224,40.475],[29.11,40.488],[29.11,40.412],[29.326,40.45],[29.331,40.506]]]}},
{"type":"Feature","properties":{"minzoom":5},"geometry":{"type":"Polygon","coordinates":[[[36.616,40.323],[36.616,40.399],[36.559,40.413],[36.489,40.412],[36.451,40.336],[36.535,40.307],[36.616,40.323]]]}},
{"type":"Feature","properties":{"minzoom":4},"geometry":{"type":"Polygon","coordinates":[[[29.212,40.272],[29.148,40.285],[29.085,40.348],[28.97,40.336],[28.894,40.374],[28.932,40.209],[29.011,40.18],[29.097,40.158],[29.196,40.186],[29.262,40.247],[29.212,40.272]]]}},
{"type":"Feature","properties":{"minzoom":3.7},"geometry":{"type":"Polygon","coordinates":[[[44.566,40.107],[44.642,40.285],[44.613,40.313],[44.566,40.323],[44.325,40.158],[44.477,40.082],[44.566,40.107]]]}},
{"type":"Feature","properties":{"minzoom":3.7},"geometry":{"type":"Polygon","coordinates":[[[32.818,39.904],[32.938,39.958],[32.958,40.082],[33.007,40.096],[33.034,40.132],[33.034,40.171],[32.971,40.183],[32.914,40.119],[32.818,40.094],[32.768,40.031],[32.691,40.018],[32.769,39.975],[32.818,39.904]]]}},
{"type":"Feature","properties":{"minzoom":4},"geometry":{"type":"Polygon","coordinates":[[[53.028,39.985],[53.031,40.017],[53.063,40.019],[53.075,40.043],[53.041,40.067],[52.986,40.069],[52.968,40.096],[52.91,40.107],[52.884,40.056],[52.901,40.019],[52.973,39.949],[52.987,39.988],[53.028,39.985]]]}},
{"type":"Feature","properties":{"minzoom":5},"geometry":{"type":"Polygon","coordinates":[[[48.389,40.094],[48.325,39.955],[48.35,39.929],[48.49,39.967],[48.528,40.056],[48.389,40.094]]]}},
{"type":"Feature","properties":{"minzoom":5},"geometry":{"type":"Polygon","coordinates":[[[48.846,40.005],[48.863,39.921],[48.922,39.878],[48.963,39.92],[48.973,39.993],[48.846,40.005]]]}},
{"type":"Feature","properties":{"minzoom":5},"geometry":{"type":"Polygon","coordinates":[[[39.483,39.83],[39.41,39.764],[39.52,39.73],[39.587,39.815],[39.483,39.83]]]}},
{"type":"Feature","properties":{"minzoom":5},"geometry":{"type":"Polygon","coordinates":[[[48.919,39.615],[48.909,39.561],[48.987,39.566],[49.024,39.637],[48.986,39.67],[48.922,39.675],[48.919,39.615]]]}},
{"type":"Feature","properties":{"minzoom":4},"geometry":{"type":"Polygon","coordinates":[[[47.049,38.456],[47.131,38.469],[47.089,38.549],[46.992,38.494],[47.049,38.456]]]}},
{"type":"Feature","properties":{"minzoom":5},"geometry":{"type":"Polygon","coordinates":[[[48.211,38.316],[48.236,38.202],[48.353,38.212],[48.414,38.278],[48.389,38.342],[48.287,38.341],[48.211,38.316]]]}},
{"type":"Feature","properties":{"minzoom":3.7},"geometry":{"type":"Polygon","coordinates":[[[58.223,37.981],[58.269,37.986],[58.286,37.908],[58.345,37.872],[58.549,37.923],[58.44,38.049],[58.383,38.075],[58.341,38.054],[58.282,38.05],[58.241,38.092],[58.218,38.151],[58.155,38.151],[58.152,38.062],[58.18,37.973],[58.223,37.981]]]}},
{"type":"Feature","properties":{"minzoom":5},"geometry":{"type":"Polygon","coordinates":[[[53.825,37.916],[53.913,37.891],[53.964,37.897],[53.977,37.999],[53.89,38.008],[53.824,37.996],[53.825,37.916]]]}},
{"type":"Feature","properties":{"minzoom":5},"geometry":{"type":"Polygon","coordinates":[[[48.939,37.867],[48.864,37.851],[48.846,37.821],[48.907,37.734],[48.982,37.752],[49.012,37.782],[48.968,37.875],[48.939,37.867]]]}},
{"type":"Feature","properties":{"minzoom":5},"geometry":{"type":"Polygon","coordinates":[[[49.118,37.64],[49.087,37.568],[49.125,37.491],[49.074,37.389],[49.214,37.351],[49.201,37.262],[49.303,37.205],[49.43,37.173],[49.405,37.364],[49.459,37.359],[49.493,37.402],[49.429,37.411],[49.379,37.377],[49.32,37.399],[49.252,37.377],[49.151,37.503],[49.228,37.578],[49.118,37.64]]]}},
{"type":"Feature","properties":{"minzoom":5},"geometry":{"type":"Polygon","coordinates":[[[47.842,37.402],[47.746,37.503],[47.639,37.427],[47.733,37.392],[47.842,37.402]]]}},
{"type":"Feature","properties":{"minzoom":5},"geometry":{"type":"Polygon","coordinates":[[[49.43,36.868],[49.351,36.837],[49.278,36.83],[49.341,36.754],[49.443,36.716],[49.467,36.781],[49.468,36.868],[49.511,36.889],[49.532,36.932],[49.471,36.926],[49.43,36.868]]]}},
{"type":"Feature","properties":{"minzoom":5},"geometry":{"type":"Polygon","coordinates":[[[54.52,36.852],[54.51,36.919],[54.421,36.927],[54.358,36.881],[54.41,36.81],[54.51,36.818],[54.52,36.852]]]}},
{"type":"Feature","properties":{"minzoom":5},"geometry":{"type":"Polygon","coordinates":[[[48.503,36.78],[48.465,36.78],[48.35,36.716],[48.464,36.648],[48.604,36.665],[48.567,36.736],[48.503,36.78]]]}},
{"type":"Feature","properties":{"minzoom":5},"geometry":{"type":"Polygon","coordinates":[[[52.503,36.679],[52.575,36.681],[52.63,36.653],[52.622,36.563],[52.681,36.513],[52.731,36.539],[52.757,36.589],[52.681,36.724],[52.503,36.679]]]}},
{"type":"Feature","properties":{"minzoom":5},"geometry":{"type":"Polygon","coordinates":[[[49.43,36.703],[49.468,36.615],[49.536,36.623],[49.57,36.665],[49.511,36.711],[49.43,36.703]]]}},
{"type":"Feature","properties":{"minzoom":5},"geometry":{"type":"Polygon","coordinates":[[[53.137,36.62],[53.113,36.665],[53.012,36.633],[52.961,36.551],[52.88,36.552],[52.795,36.526],[52.799,36.472],[52.821,36.437],[52.92,36.471],[52.999,36.526],[53.08,36.525],[53.151,36.564],[53.137,36.62]]]}},
{"type":"Feature","properties":{"minzoom":5},"geometry":{"type":"Polygon","coordinates":[[[52.355,36.561],[52.3,36.475],[52.383,36.453],[52.44,36.513],[52.355,36.561]]]}},
{"type":"Feature","properties":{"minzoom":3.6},"geometry":{"type":"Polygon","coordinates":[[[51.678,35.687],[51.729,35.738],[51.906,35.687],[51.952,35.724],[51.97,35.789],[51.703,35.802],[51.691,35.878],[51.438,35.874],[51.183,35.84],[51.09,35.918],[50.941,35.941],[50.865,35.992],[50.789,35.98],[50.713,36.068],[50.624,36.068],[50.598,36.119],[50.446,36.145],[50.37,36.221],[50.315,36.236],[50.281,36.272],[50.141,36.297],[50.099,36.344],[50.04,36.373],[49.913,36.334],[49.849,36.233],[49.963,36.221],[50.014,36.132],[50.103,36.157],[50.119,36.192],[50.154,36.208],[50.214,36.198],[50.243,36.157],[50.522,36.005],[50.535,35.941],[50.618,35.929],[50.7,35.941],[50.802,35.878],[50.763,35.789],[50.7,35.738],[50.725,35.662],[50.852,35.662],[50.912,35.581],[51.017,35.573],[50.967,35.497],[51.068,35.433],[51.259,35.497],[51.31,35.446],[51.329,35.456],[51.36,35.446],[51.525,35.522],[51.487,35.472],[51.586,35.345],[51.754,35.319],[51.681,35.388],[51.64,35.459],[51.716,35.433],[51.797,35.492],[51.843,35.586],[51.83,35.611],[51.64,35.637],[51.678,35.687]]]}},
{"type":"Feature","properties":{"minzoom":5},"geometry":{"type":"Polygon","coordinates":[[[49.119,36.335],[49.1,36.36],[49.062,36.36],[49.041,36.318],[49.062,36.272],[49.125,36.284],[49.163,36.132],[49.265,36.132],[49.353,36.081],[49.443,36.094],[49.297,36.209],[49.125,36.297],[49.119,36.335]]]}},
{"type":"Feature","properties":{"minzoom":5},"geometry":{"type":"Polygon","coordinates":[[[57.672,36.297],[57.583,36.246],[57.646,36.179],[57.748,36.183],[57.731,36.261],[57.672,36.297]]]}},
{"type":"Feature","properties":{"minzoom":5},"geometry":{"type":"Polygon","coordinates":[[[49.709,36.043],[49.76,36.082],[49.773,36.157],[49.697,36.157],[49.634,36.099],[49.595,36.018],[49.657,36.01],[49.709,36.043]]]}},
{"type":"Feature","properties":{"minzoom":3.6},"geometry":{"type":"Polygon","coordinates":[[[50.738,35.408],[50.708,35.432],[50.662,35.421],[50.615,35.446],[50.56,35.433],[50.56,35.395],[50.611,35.357],[50.689,35.369],[50.738,35.408]]]}},
{"type":"Feature","properties":{"minzoom":5},"geometry":{"type":"Polygon","coordinates":[[[47.014,35.257],[47.119,35.345],[47,35.394],[46.903,35.332],[47.014,35.257]]]}},
{"type":"Feature","properties":{"minzoom":5},"geometry":{"type":"Polygon","coordinates":[[[50.477,35.116],[50.446,35.205],[50.382,35.205],[50.268,35.04],[50.344,34.99],[50.446,35.014],[50.477,35.116]]]}},
{"type":"Feature","properties":{"minzoom":4},"geometry":{"type":"Polygon","coordinates":[[[48.592,34.925],[48.452,34.9],[48.426,34.949],[48.389,34.913],[48.439,34.862],[48.489,34.755],[48.63,34.811],[48.592,34.925]]]}},
{"type":"Feature","properties":{"minzoom":5},"geometry":{"type":"Polygon","coordinates":[[[50.7,34.57],[50.941,34.582],[50.98,34.639],[50.992,34.722],[50.967,34.76],[50.853,34.767],[50.763,34.722],[50.738,34.633],[50.703,34.617],[50.7,34.57]]]}},
{"type":"Feature","properties":{"minzoom":5},"geometry":{"type":"Polygon","coordinates":[[[47.03,34.417],[46.992,34.316],[47.12,34.287],[47.22,34.367],[47.14,34.407],[47.03,34.417]]]}},
{"type":"Feature","properties":{"minzoom":5},"geometry":{"type":"Polygon","coordinates":[[[48.922,34.341],[48.822,34.375],[48.744,34.328],[48.837,34.276],[48.922,34.341]]]}},
{"type":"Feature","properties":{"minzoom":5},"geometry":{"type":"Polygon","coordinates":[[[49.455,34.049],[49.443,34.113],[49.382,34.097],[49.366,34.036],[49.481,33.96],[49.557,33.986],[49.595,34.062],[49.798,34.075],[49.786,34.163],[49.633,34.163],[49.563,34.088],[49.455,34.049]]]}},
{"type":"Feature","properties":{"minzoom":5},"geometry":{"type":"Polygon","coordinates":[[[51.576,34.1],[51.49,34.141],[51.386,34.163],[51.336,34.111],[51.271,34.075],[51.337,33.974],[51.462,33.96],[51.529,33.924],[51.602,33.922],[51.551,33.998],[51.576,34.1]]]}},
{"type":"Feature","properties":{"minzoom":5},"geometry":{"type":"Polygon","coordinates":[[[58.235,34.032],[58.295,34.1],[58.177,34.09],[58.142,33.998],[58.235,34.032]]]}},
{"type":"Feature","properties":{"minzoom":5},"geometry":{"type":"Polygon","coordinates":[[[50.751,33.973],[50.763,34.024],[50.672,34.079],[50.624,33.973],[50.687,33.958],[50.751,33.973]]]}},
{"type":"Feature","properties":{"minzoom":5},"geometry":{"type":"Polygon","coordinates":[[[48.719,33.928],[48.719,33.884],[48.779,33.859],[48.846,33.871],[48.816,33.944],[48.731,33.96],[48.719,33.928]]]}},
{"type":"Feature","properties":{"minzoom":5},"geometry":{"type":"Polygon","coordinates":[[[50.624,33.935],[50.516,33.964],[50.395,33.947],[50.395,33.909],[50.526,33.88],[50.624,33.935]]]}},
{"type":"Feature","properties":{"minzoom":5},"geometry":{"type":"Polygon","coordinates":[[[50.205,33.452],[50.309,33.431],[50.357,33.503],[50.255,33.525],[50.205,33.452]]]}},
{"type":"Feature","properties":{"minzoom":5},"geometry":{"type":"Polygon","coordinates":[[[53.076,32.841],[53.151,32.855],[53.087,32.941],[53.011,32.868],[53.076,32.841]]]}},
{"type":"Feature","properties":{"minzoom":3.6},"geometry":{"type":"Polygon","coordinates":[[[51.704,32.448],[51.767,32.449],[51.79,32.565],[51.843,32.677],[51.767,32.716],[51.754,32.741],[51.614,32.754],[51.589,32.792],[51.576,32.906],[51.442,32.875],[51.398,32.754],[51.348,32.734],[51.284,32.728],[51.183,32.779],[51.122,32.757],[51.081,32.716],[51.151,32.696],[51.221,32.703],[51.284,32.614],[51.398,32.599],[51.437,32.538],[51.348,32.563],[51.322,32.519],[51.271,32.5],[51.236,32.528],[51.183,32.538],[51.132,32.373],[51.322,32.309],[51.391,32.221],[51.513,32.246],[51.487,32.322],[51.602,32.271],[51.64,32.373],[51.608,32.409],[51.627,32.462],[51.704,32.448]]]}},
{"type":"Feature","properties":{"minzoom":5},"geometry":{"type":"Polygon","coordinates":[[[48.566,32.639],[48.672,32.639],[48.731,32.716],[48.617,32.725],[48.566,32.639]]]}},
{"type":"Feature","properties":{"minzoom":5},"geometry":{"type":"Polygon","coordinates":[[[47.309,32.55],[47.234,32.584],[47.144,32.601],[47.127,32.535],[47.144,32.462],[47.254,32.478],[47.309,32.55]]]}},
{"type":"Feature","properties":{"minzoom":5},"geometry":{"type":"Polygon","coordinates":[[[48.49,32.423],[48.408,32.497],[48.3,32.512],[48.35,32.36],[48.439,32.358],[48.49,32.423]]]}},
{"type":"Feature","properties":{"minzoom":5},"geometry":{"type":"Polygon","coordinates":[[[47.693,32.318],[47.766,32.322],[47.792,32.423],[47.653,32.423],[47.627,32.309],[47.693,32.318]]]}},
{"type":"Feature","properties":{"minzoom":5},"geometry":{"type":"Polygon","coordinates":[[[51.043,32.284],[50.975,32.356],[50.89,32.411],[50.763,32.411],[50.763,32.36],[50.827,32.297],[50.943,32.269],[51.043,32.284]]]}},
{"type":"Feature","properties":{"minzoom":5},"geometry":{"type":"Polygon","coordinates":[[[54.012,32.382],[53.951,32.36],[53.964,32.233],[54.019,32.229],[54.078,32.246],[54.078,32.373],[54.012,32.382]]]}},
{"type":"Feature","properties":{"minzoom":5},"geometry":{"type":"Polygon","coordinates":[[[48.935,32.284],[49.004,32.269],[49.074,32.284],[49.074,32.36],[48.975,32.366],[48.935,32.284]]]}},
{"type":"Feature","properties":{"minzoom":5},"geometry":{"type":"Polygon","coordinates":[[[49.366,31.852],[49.418,31.949],[49.405,32.093],[49.214,32.055],[49.176,32.157],[49.074,32.162],[48.998,32.119],[49.061,32.029],[49.189,32.03],[49.189,31.928],[49.366,31.852]]]}},
{"type":"Feature","properties":{"minzoom":4},"geometry":{"type":"Polygon","coordinates":[[[54.248,32.05],[54.18,32.042],[54.319,31.852],[54.409,31.839],[54.459,31.852],[54.414,31.966],[54.281,31.992],[54.248,32.05]]]}},
{"type":"Feature","properties":{"minzoom":5},"geometry":{"type":"Polygon","coordinates":[[[47.08,31.846],[47.08,31.827],[47.168,31.808],[47.233,31.865],[47.16,31.923],[47.08,31.865],[47.08,31.846]]]}},
{"type":"Feature","properties":{"minzoom":5},"geometry":{"type":"Polygon","coordinates":[[[49.1,31.788],[49.173,31.738],[49.239,31.788],[49.163,31.835],[49.1,31.788]]]}},
{"type":"Feature","properties":{"minzoom":5},"geometry":{"type":"Polygon","coordinates":[[[49.62,31.446],[49.611,31.486],[49.519,31.585],[49.416,31.574],[49.379,31.496],[49.501,31.443],[49.62,31.446]]]}},
{"type":"Feature","properties":{"minzoom":4},"geometry":{"type":"Polygon","coordinates":[[[49.024,31.166],[49.054,31.206],[49.1,31.23],[49.176,31.217],[49.283,31.282],[49.354,31.382],[49.265,31.407],[49.201,31.344],[49.087,31.369],[49.045,31.328],[48.985,31.306],[48.955,31.345],[48.909,31.369],[48.82,31.357],[48.833,31.458],[48.65,31.486],[48.518,31.341],[48.428,31.271],[48.414,31.204],[48.833,31.242],[48.909,31.166],[49.024,31.166]]]}},
{"type":"Feature","properties":{"minzoom":4},"geometry":{"type":"Polygon","coordinates":[[[49.973,30.969],[49.976,31.027],[49.885,31.064],[49.786,31.065],[49.76,30.963],[49.701,31.018],[49.659,31.09],[49.593,31.101],[49.544,31.128],[49.468,31.09],[49.349,31.167],[49.239,31.141],[49.341,31.039],[49.455,31.065],[49.455,30.976],[49.521,30.948],[49.557,30.9],[49.633,30.861],[49.811,30.861],[49.862,30.912],[49.951,30.938],[49.973,30.969]]]}},
{"type":"Feature","properties":{"minzoom":5},"geometry":{"type":"Polygon","coordinates":[[[48.881,31.011],[48.846,31.014],[48.793,30.978],[48.757,30.925],[48.915,30.886],[48.96,31.001],[48.897,30.988],[48.881,31.011]]]}},
{"type":"Feature","properties":{"minzoom":5},"geometry":{"type":"Polygon","coordinates":[[[55.282,30.84],[55.361,30.811],[55.386,30.861],[55.302,30.929],[55.221,30.887],[55.282,30.84]]]}},
{"type":"Feature","properties":{"minzoom":5},"geometry":{"type":"Polygon","coordinates":[[[56.508,30.874],[56.466,30.811],[56.631,30.76],[56.643,30.834],[56.618,30.9],[56.508,30.874]]]}},
{"type":"Feature","properties":{"minzoom":5},"geometry":{"type":"Polygon","coordinates":[[[49.812,30.758],[49.773,30.709],[49.808,30.655],[49.862,30.62],[49.911,30.686],[49.887,30.772],[49.812,30.758]]]}},
{"type":"Feature","properties":{"minzoom":4},"geometry":{"type":"Polygon","coordinates":[[[47.944,30.455],[47.931,30.557],[47.842,30.615],[47.728,30.62],[47.693,30.553],[47.677,30.468],[47.627,30.414],[47.614,30.353],[47.712,30.312],[47.817,30.328],[47.804,30.442],[47.944,30.455]]]}},
{"type":"Feature","properties":{"minzoom":5},"geometry":{"type":"Polygon","coordinates":[[[49.213,30.477],[49.238,30.49],[49.252,30.582],[49.142,30.614],[49.024,30.607],[48.986,30.556],[49.015,30.507],[49.13,30.509],[49.213,30.477]]]}},
{"type":"Feature","properties":{"minzoom":5},"geometry":{"type":"Polygon","coordinates":[[[55.856,30.416],[55.92,30.417],[55.971,30.361],[56.072,30.353],[56.11,30.442],[56.009,30.557],[55.97,30.557],[55.818,30.442],[55.856,30.416]]]}},
{"type":"Feature","properties":{"minzoom":5},"geometry":{"type":"Polygon","coordinates":[[[48.155,30.498],[48.135,30.455],[48.164,30.376],[48.211,30.315],[48.317,30.291],[48.389,30.341],[48.264,30.489],[48.198,30.518],[48.155,30.498]]]}},
{"type":"Feature","properties":{"minzoom":5},"geometry":{"type":"Polygon","coordinates":[[[50.827,30.277],[50.89,30.379],[50.869,30.415],[50.827,30.43],[50.798,30.386],[50.725,30.404],[50.7,30.303],[50.751,30.278],[50.827,30.277]]]}},
{"type":"Feature","properties":{"minzoom":5},"geometry":{"type":"Polygon","coordinates":[[[57.177,30.315],[57.126,30.383],[57.063,30.43],[56.986,30.379],[56.91,30.392],[56.918,30.305],[56.961,30.226],[57.126,30.188],[57.177,30.315]]]}},
{"type":"Feature","properties":{"minzoom":3.7},"geometry":{"type":"Polygon","coordinates":[[[52.44,29.591],[52.575,29.535],[52.643,29.642],[52.58,29.642],[52.535,29.699],[52.465,29.731],[52.422,29.73],[52.402,29.706],[52.434,29.662],[52.44,29.591]]]}},
{"type":"Feature","properties":{"minzoom":5},"geometry":{"type":"Polygon","coordinates":[[[55.624,29.589],[55.577,29.579],[55.608,29.451],[55.716,29.401],[55.732,29.497],[55.678,29.579],[55.624,29.589]]]}},
{"type":"Feature","properties":{"minzoom":3.6},"geometry":{"type":"Polygon","coordinates":[[[48.086,29.275],[48.051,29.355],[47.998,29.386],[47.935,29.367],[47.845,29.366],[47.723,29.397],[47.674,29.385],[47.648,29.358],[47.652,29.325],[47.779,29.287],[47.881,29.198],[47.944,29.083],[48.109,29.045],[48.133,28.995],[48.174,29.006],[48.086,29.275]]]}},
{"type":"Feature","properties":{"minzoom":5},"geometry":{"type":"Polygon","coordinates":[[[58.383,29.058],[58.444,29.018],[58.51,29.033],[58.493,29.091],[58.402,29.159],[58.345,29.185],[58.288,29.166],[58.269,29.109],[58.317,29.074],[58.383,29.058]]]}},
{"type":"Feature","properties":{"minzoom":6},"geometry":{"type":"Polygon","coordinates":[[[50.867,28.87],[50.938,28.83],[50.929,28.969],[50.873,28.988],[50.843,28.928],[50.867,28.87]]]}},
{"type":"Feature","properties":{"minzoom":5},"geometry":{"type":"Polygon","coordinates":[[[58.04,28.797],[58.079,28.74],[58.13,28.778],[58.142,28.855],[58.002,28.855],[58.04,28.797]]]}},
{"type":"Feature","properties":{"minzoom":5},"geometry":{"type":"Polygon","coordinates":[[[57.812,28.728],[57.751,28.751],[57.685,28.728],[57.736,28.634],[57.812,28.728]]]}},
{"type":"Feature","properties":{"minzoom":5},"geometry":{"type":"Polygon","coordinates":[[[57.215,27.369],[57.24,27.509],[57.139,27.483],[57.149,27.398],[57.215,27.369]]]}},
{"type":"Feature","properties":{"minzoom":4},"geometry":{"type":"Polygon","coordinates":[[[56.356,27.2],[56.402,27.191],[56.402,27.318],[56.438,27.346],[56.453,27.394],[56.403,27.405],[56.364,27.382],[56.351,27.28],[56.329,27.24],[56.301,27.217],[56.209,27.201],[56.191,27.164],[56.356,27.2]]]}},
{"type":"Feature","properties":{"minzoom":5},"geometry":{"type":"Polygon","coordinates":[[[57.012,27.14],[57.074,27.109],[57.139,27.128],[57.076,27.233],[57.012,27.14]]]}},
{"type":"Feature","properties":{"minzoom":4},"geometry":{"type":"Polygon","coordinates":[[[56.134,27.148],[56.129,27.189],[56.059,27.191],[56.021,27.128],[55.965,27.135],[55.92,27.115],[55.94,27.086],[55.987,27.065],[56.134,27.148]]]}},
{"type":"Feature","properties":{"minzoom":5},"geometry":{"type":"Polygon","coordinates":[[[49.538,27.152],[49.511,27.158],[49.493,27.102],[49.557,27.001],[49.718,26.904],[49.759,26.897],[49.811,26.911],[49.716,26.956],[49.538,27.152]]]}},
{"type":"Feature","properties":{"minzoom":5},"geometry":{"type":"Polygon","coordinates":[[[50.185,26.405],[50.027,26.527],[50.008,26.677],[49.963,26.683],[49.957,26.515],[50.014,26.378],[50.167,26.366],[50.09,26.327],[50.113,26.274],[50.193,26.234],[50.214,26.308],[50.185,26.405]]]}},
{"type":"Feature","properties":{"minzoom":4},"geometry":{"type":"Polygon","coordinates":[[[50.528,26.088],[50.612,26.084],[50.61,26.124],[50.558,26.198],[50.586,26.241],[50.47,26.229],[50.452,26.191],[50.488,26.062],[50.528,26.088]]]}},
{"type":"Feature","properties":{"minzoom":5},"geometry":{"type":"Polygon","coordinates":[[[55.941,25.794],[55.87,25.744],[55.959,25.745],[56.017,25.772],[56.061,25.817],[56.088,25.907],[56.049,25.976],[55.941,25.794]]]}},
{"type":"Feature","properties":{"minzoom":5},"geometry":{"type":"Polygon","coordinates":[[[49.611,25.343],[49.659,25.362],[49.735,25.362],[49.735,25.426],[49.582,25.489],[49.532,25.413],[49.546,25.364],[49.582,25.337],[49.611,25.343]]]}},
{"type":"Feature","properties":{"minzoom":4},"geometry":{"type":"Polygon","coordinates":[[[55.322,25.3],[55.304,25.237],[55.244,25.18],[55.335,25.183],[55.386,25.21],[55.386,25.286],[55.501,25.4],[55.494,25.423],[55.474,25.442],[55.322,25.3]]]}},
{"type":"Feature","properties":{"minzoom":4},"geometry":{"type":"Polygon","coordinates":[[[51.53,25.363],[51.411,25.312],[51.411,25.197],[51.481,25.221],[51.558,25.168],[51.598,25.163],[51.53,25.363]]]}},
{"type":"Feature","properties":{"minzoom":3.6},"geometry":{"type":"Polygon","coordinates":[[[46.649,24.55],[46.679,24.529],[46.725,24.524],[46.788,24.651],[46.853,24.682],[46.89,24.74],[46.708,24.804],[46.623,24.638],[46.559,24.613],[46.522,24.562],[46.649,24.55]]]}},
{"type":"Feature","properties":{"minzoom":5},"geometry":{"type":"Polygon","coordinates":[[[56.641,24.47],[56.614,24.513],[56.59,24.487],[56.614,24.431],[56.708,24.359],[56.861,24.171],[56.887,24.184],[56.774,24.335],[56.641,24.47]]]}},
{"type":"Feature","properties":{"minzoom":5},"geometry":{"type":"Polygon","coordinates":[[[55.872,24.203],[55.882,24.219],[55.793,24.308],[55.755,24.308],[55.689,24.253],[55.64,24.181],[55.869,24.181],[55.872,24.203]]]}},
{"type":"Feature","properties":{"minzoom":5},"geometry":{"type":"Polygon","coordinates":[[[57.278,23.905],[57.291,23.851],[57.444,23.813],[57.545,23.724],[57.636,23.721],[57.722,23.738],[57.701,23.785],[57.278,23.905]]]}},
{"type":"Feature","properties":{"minzoom":3.7},"geometry":{"type":"Polygon","coordinates":[[[57.996,23.734],[57.977,23.686],[58.018,23.657],[58.079,23.648],[58.155,23.584],[58.277,23.616],[58.278,23.645],[58.12,23.717],[57.996,23.734]]]}},
{"type":"Feature","properties":{"minzoom":3.7},"geometry":{"type":"Polygon","coordinates":[[[58.5,23.646],[58.393,23.618],[58.322,23.625],[58.338,23.584],[58.422,23.495],[58.477,23.502],[58.498,23.47],[58.629,23.559],[58.649,23.597],[58.578,23.643],[58.5,23.646]]]}},
{"type":"Feature","properties":{"minzoom":3.6},"geometry":{"type":"Polygon","coordinates":[[[30.157,59.904],[30.123,59.874],[30.055,59.886],[30.062,59.703],[30.092,59.695],[30.126,59.69],[30.139,59.779],[30.24,59.817],[30.293,59.794],[30.367,59.792],[30.405,59.703],[30.469,59.817],[30.545,59.805],[30.555,59.74],[30.634,59.716],[30.663,59.772],[30.672,59.817],[30.605,59.792],[30.545,59.817],[30.545,59.944],[30.342,60.135],[30.253,60.11],[30.253,60.046],[30.126,60.041],[30.089,59.991],[30.173,59.957],[30.157,59.904]]]}},
{"type":"Feature","properties":{"minzoom":5},"geometry":{"type":"Polygon","coordinates":[[[38.102,54.864],[38.114,54.814],[38.232,54.814],[38.292,54.877],[38.102,54.877],[38.09,54.91],[38.051,54.915],[38.102,54.864]]]}},
{"type":"Feature","properties":{"minzoom":4},"geometry":{"type":"Polygon","coordinates":[[[45.415,43.404],[45.506,43.422],[45.48,43.485],[45.37,43.481],[45.328,43.409],[45.415,43.404]]]}},
{"type":"Feature","properties":{"minzoom":4},"geometry":{"type":"Polygon","coordinates":[[[45.645,43.257],[45.63,43.234],[45.595,43.231],[45.602,43.189],[45.582,43.168],[45.536,43.179],[45.493,43.168],[45.524,43.108],[45.595,43.117],[45.64,43.166],[45.722,43.18],[45.728,43.143],[45.76,43.117],[45.779,43.143],[45.76,43.18],[45.799,43.224],[45.81,43.295],[45.76,43.396],[45.912,43.485],[45.912,43.371],[45.856,43.351],[45.823,43.307],[45.856,43.264],[45.925,43.257],[45.925,43.307],[45.95,43.333],[46.057,43.325],[46.141,43.371],[46.052,43.46],[45.861,43.549],[45.807,43.476],[45.696,43.46],[45.696,43.523],[45.634,43.601],[45.556,43.574],[45.645,43.472],[45.506,43.422],[45.645,43.257]]]}},
{"type":"Feature","properties":{"minzoom":4},"geometry":{"type":"Polygon","coordinates":[[[50.304,37.201],[50.217,37.186],[50.166,37.236],[50.09,37.237],[49.925,37.364],[49.962,37.448],[49.668,37.484],[49.613,37.416],[49.506,37.377],[49.455,37.211],[49.468,37.186],[49.608,37.161],[49.684,37.122],[49.747,37.173],[49.723,37.235],[49.747,37.288],[49.803,37.229],[49.836,37.148],[50.078,37.186],[50.143,37.163],[50.179,37.11],[50.268,37.135],[50.322,37.074],[50.356,37.062],[50.409,37.1],[50.338,37.149],[50.304,37.201]]]}},
{"type":"Feature","properties":{"minzoom":5},"geometry":{"type":"Polygon","coordinates":[[[37.843,59.155],[37.987,59.177],[38.027,59.128],[38.051,59.144],[37.949,59.246],[37.811,59.244],[37.721,59.195],[37.657,59.246],[37.619,59.17],[37.645,59.155],[37.843,59.155]]]}},
{"type":"Feature","properties":{"minzoom":3.6},"geometry":{"type":"Polygon","coordinates":[[[37.34,55.608],[37.352,55.576],[37.441,55.601],[37.508,55.56],[37.555,55.499],[37.528,55.464],[37.479,55.449],[37.505,55.347],[37.594,55.392],[37.594,55.499],[37.696,55.52],[37.809,55.499],[37.835,55.601],[38,55.537],[38.013,55.639],[38.1,55.561],[38.254,55.55],[38.165,55.588],[38.165,55.652],[38.051,55.69],[38.063,55.766],[37.987,55.779],[38.05,55.876],[38.152,55.842],[38.124,55.839],[38.114,55.817],[38.127,55.753],[38.207,55.8],[38.254,55.88],[38.076,55.969],[37.987,55.957],[37.784,56.046],[37.759,55.982],[37.708,55.995],[37.717,55.942],[37.682,55.918],[37.682,55.992],[37.619,56.02],[37.594,55.931],[37.557,55.956],[37.568,56.007],[37.458,56.055],[37.365,56.058],[37.409,55.998],[37.365,55.918],[37.352,56.02],[37.251,56.007],[37.215,56.073],[37.136,56.096],[37.111,55.982],[37.162,55.95],[37.238,55.944],[37.301,55.842],[37.273,55.737],[37.2,55.677],[37.124,55.715],[37.111,55.626],[37.195,55.583],[37.289,55.576],[37.34,55.652],[37.34,55.608]],[[37.815,55.887],[37.898,55.918],[37.962,55.893],[37.936,55.792],[37.855,55.831],[37.746,55.842],[37.815,55.887]]]}},
{"type":"Feature","properties":{"minzoom":4},"geometry":{"type":"Polygon","coordinates":[[[44.761,43.023],[44.807,43.092],[44.68,43.155],[44.769,43.193],[44.883,43.206],[44.934,43.346],[44.797,43.321],[44.655,43.269],[44.519,43.279],[44.439,43.231],[44.474,43.178],[44.528,43.142],[44.54,43.028],[44.693,42.977],[44.761,43.023]]]}},
{"type":"Feature","properties":{"minzoom":4},"geometry":{"type":"Polygon","coordinates":[[[88.325,69.263],[88.242,69.351],[88.16,69.276],[88.325,69.263]]]}},
{"type":"Feature","properties":{"minzoom":5},"geometry":{"type":"Polygon","coordinates":[[[60.017,66.063],[60.127,66.019],[60.258,66.012],[60.165,66.088],[60.017,66.063]]]}},
{"type":"Feature","properties":{"minzoom":3.7},"geometry":{"type":"Polygon","coordinates":[[[74.76,63.639],[74.8,63.662],[74.8,63.751],[74.851,63.815],[74.813,63.834],[74.762,63.84],[74.736,63.738],[74.694,63.737],[74.673,63.713],[74.698,63.637],[74.76,63.639]]]}},
{"type":"Feature","properties":{"minzoom":5},"geometry":{"type":"Polygon","coordinates":[[[72.146,61.77],[72.209,61.795],[72.146,61.872],[72.133,62.024],[72.095,62.024],[72.106,61.853],[72.146,61.77]]]}},
{"type":"Feature","properties":{"minzoom":5},"geometry":{"type":"Polygon","coordinates":[[[75.257,61.732],[75.275,61.654],[75.346,61.63],[75.359,61.694],[75.422,61.732],[75.343,61.752],[75.257,61.732]]]}},
{"type":"Feature","properties":{"minzoom":6},"geometry":{"type":"Polygon","coordinates":[[[66.494,61.275],[66.367,61.503],[66.24,61.516],[66.227,61.452],[66.316,61.414],[66.367,61.287],[66.437,61.265],[66.494,61.275]]]}},
{"type":"Feature","properties":{"minzoom":3.7},"geometry":{"type":"Polygon","coordinates":[[[73.314,61.249],[73.441,61.211],[73.557,61.235],[73.632,61.3],[73.565,61.343],[73.479,61.338],[73.378,61.364],[73.221,61.31],[73.187,61.275],[73.236,61.248],[73.314,61.249]]]}},
{"type":"Feature","properties":{"minzoom":5},"geometry":{"type":"Polygon","coordinates":[[[75.105,61.325],[75.041,61.275],[74.986,61.263],[74.965,61.211],[75.079,61.249],[75.202,61.238],[75.27,61.313],[75.105,61.325]]]}},
{"type":"Feature","properties":{"minzoom":5},"geometry":{"type":"Polygon","coordinates":[[[76.438,61.173],[76.4,61.071],[76.483,61.055],[76.54,61.122],[76.629,61.11],[76.845,61.313],[76.603,61.313],[76.553,61.251],[76.464,61.249],[76.502,61.148],[76.438,61.173]]]}},
{"type":"Feature","properties":{"minzoom":5},"geometry":{"type":"Polygon","coordinates":[[[76.146,61.275],[76.062,61.307],[76.006,61.237],[75.961,61.245],[75.918,61.224],[76.044,61.021],[76.108,61.008],[76.172,61.097],[76.108,61.173],[76.146,61.275]]]}},
{"type":"Feature","properties":{"minzoom":5},"geometry":{"type":"Polygon","coordinates":[[[64.233,61.173],[64.233,61.224],[64.068,61.237],[64.014,61.17],[63.916,61.148],[63.853,61.11],[63.802,61.11],[63.827,61.021],[63.98,61.011],[64.107,61.059],[64.081,61.16],[64.233,61.173]]]}},
{"type":"Feature","properties":{"minzoom":5},"geometry":{"type":"Polygon","coordinates":[[[72.654,61.173],[72.579,61.152],[72.552,61.084],[72.62,61.063],[72.679,61.084],[72.654,61.173]]]}},
{"type":"Feature","properties":{"minzoom":5},"geometry":{"type":"Polygon","coordinates":[[[76.87,61.097],[76.768,61.046],[76.743,60.983],[76.438,61.008],[76.464,60.906],[76.561,60.911],[76.641,60.894],[76.959,60.944],[76.997,61.148],[76.899,61.171],[76.87,61.097]]]}},
{"type":"Feature","properties":{"minzoom":5},"geometry":{"type":"Polygon","coordinates":[[[70.825,60.944],[70.902,60.944],[70.939,60.983],[70.858,61.025],[70.65,60.986],[70.571,60.944],[70.695,60.909],[70.825,60.944]]]}},
{"type":"Feature","properties":{"minzoom":5},"geometry":{"type":"Polygon","coordinates":[[[63.941,60.868],[64.005,60.906],[64.145,60.904],[64.246,60.97],[64.16,61.004],[64.043,61.008],[63.954,60.944],[63.883,60.933],[63.865,60.868],[63.905,60.854],[63.941,60.868]]]}},
{"type":"Feature","properties":{"minzoom":5},"geometry":{"type":"Polygon","coordinates":[[[72.949,60.719],[72.869,60.83],[72.743,60.856],[72.701,60.896],[72.615,60.919],[72.611,60.803],[72.666,60.716],[72.565,60.627],[72.616,60.589],[72.692,60.602],[72.73,60.69],[72.831,60.664],[72.958,60.665],[72.949,60.719]]]}},
{"type":"Feature","properties":{"minzoom":5},"geometry":{"type":"Polygon","coordinates":[[[77.2,60.868],[77.127,60.896],[77.035,60.906],[77.108,60.818],[77.2,60.868]]]}},
{"type":"Feature","properties":{"minzoom":5},"geometry":{"type":"Polygon","coordinates":[[[77.518,60.716],[77.657,60.69],[77.698,60.726],[77.708,60.792],[77.556,60.805],[77.478,60.838],[77.416,60.792],[77.518,60.716]]]}},
{"type":"Feature","properties":{"minzoom":5},"geometry":{"type":"Polygon","coordinates":[[[64.284,60.551],[64.284,60.627],[64.189,60.635],[64.107,60.602],[64.167,60.544],[64.284,60.551]]]}},
{"type":"Feature","properties":{"minzoom":5},"geometry":{"type":"Polygon","coordinates":[[[72.069,60.614],[71.969,60.639],[71.892,60.602],[71.892,60.576],[72,60.561],[72.069,60.614]]]}},
{"type":"Feature","properties":{"minzoom":3.7},"geometry":{"type":"Polygon","coordinates":[[[74.203,60.563],[74.114,60.6],[74.051,60.525],[74.138,60.504],[74.203,60.563]]]}},
{"type":"Feature","properties":{"minzoom":5},"geometry":{"type":"Polygon","coordinates":[[[64.691,60.386],[64.614,60.475],[64.497,60.472],[64.449,60.398],[64.555,60.357],[64.665,60.348],[64.709,60.326],[64.754,60.335],[64.691,60.386]]]}},
{"type":"Feature","properties":{"minzoom":5},"geometry":{"type":"Polygon","coordinates":[[[64.614,60.119],[64.57,60.113],[64.551,60.081],[64.709,60.064],[64.856,60.119],[64.81,60.194],[64.716,60.221],[64.614,60.119]]]}},
{"type":"Feature","properties":{"minzoom":6},"geometry":{"type":"Polygon","coordinates":[[[60.164,59.745],[60.22,59.738],[60.263,59.703],[60.322,59.713],[60.271,59.852],[60.183,59.82],[60.119,59.763],[60.164,59.745]]]}},
{"type":"Feature","properties":{"minzoom":6},"geometry":{"type":"Polygon","coordinates":[[[60.006,59.816],[59.979,59.827],[59.903,59.801],[59.967,59.732],[60.081,59.751],[60.006,59.816]]]}},
{"type":"Feature","properties":{"minzoom":6},"geometry":{"type":"Polygon","coordinates":[[[60.766,59.611],[60.71,59.68],[60.627,59.649],[60.53,59.638],[60.474,59.586],[60.621,59.582],[60.766,59.611]]]}},
{"type":"Feature","properties":{"minzoom":5},"geometry":{"type":"Polygon","coordinates":[[[75.765,59.332],[75.689,59.304],[75.676,59.243],[75.74,59.243],[75.805,59.191],[75.879,59.23],[75.833,59.263],[75.765,59.255],[75.765,59.332]]]}},
{"type":"Feature","properties":{"minzoom":4},"geometry":{"type":"Polygon","coordinates":[[[59.585,58.747],[59.541,58.785],[59.471,58.798],[59.408,58.697],[59.519,58.673],[59.585,58.747]]]}},
{"type":"Feature","properties":{"minzoom":4},"geometry":{"type":"Polygon","coordinates":[[[59.903,58.62],[59.824,58.721],[59.763,58.633],[59.827,58.606],[59.903,58.62]]]}},
{"type":"Feature","properties":{"minzoom":3.7},"geometry":{"type":"Polygon","coordinates":[[[82.928,58.303],[82.864,58.417],[82.797,58.409],[82.775,58.354],[82.928,58.303]]]}},
{"type":"Feature","properties":{"minzoom":4},"geometry":{"type":"Polygon","coordinates":[[[59.763,58.385],[59.713,58.328],[59.7,58.252],[59.819,58.278],[59.865,58.379],[59.824,58.402],[59.763,58.404],[59.763,58.385]]]}},
{"type":"Feature","properties":{"minzoom":5},"geometry":{"type":"Polygon","coordinates":[[[68.421,58.338],[68.298,58.354],[68.272,58.309],[68.209,58.303],[68.247,58.176],[68.463,58.201],[68.513,58.29],[68.421,58.338]]]}},
{"type":"Feature","properties":{"minzoom":4},"geometry":{"type":"Polygon","coordinates":[[[65.32,58.016],[65.351,58.087],[65.265,58.153],[65.199,58.163],[65.237,58.023],[65.32,58.016]]]}},
{"type":"Feature","properties":{"minzoom":4},"geometry":{"type":"Polygon","coordinates":[[[59.932,57.856],[59.992,57.795],[60.081,57.795],[60.055,57.871],[60.137,57.897],[60.195,57.947],[59.992,58.023],[59.911,57.97],[59.852,57.896],[59.932,57.856]]]}},
{"type":"Feature","properties":{"minzoom":5},"geometry":{"type":"Polygon","coordinates":[[[61.605,57.858],[61.709,57.823],[61.782,57.896],[61.686,57.928],[61.605,57.858]]]}},
{"type":"Feature","properties":{"minzoom":5},"geometry":{"type":"Polygon","coordinates":[[[61.401,57.452],[61.313,57.388],[61.359,57.352],[61.439,57.35],[61.478,57.439],[61.401,57.452]]]}},
{"type":"Feature","properties":{"minzoom":5},"geometry":{"type":"Polygon","coordinates":[[[61.782,57.414],[61.826,57.343],[61.909,57.312],[61.935,57.439],[61.852,57.448],[61.782,57.414]]]}},
{"type":"Feature","properties":{"minzoom":5},"geometry":{"type":"Polygon","coordinates":[[[60.106,57.223],[60.169,57.35],[60.067,57.315],[60.106,57.223]]]}},
{"type":"Feature","properties":{"minzoom":4},"geometry":{"type":"Polygon","coordinates":[[[65.476,57.101],[65.516,57.084],[65.554,57.096],[65.672,57.057],[65.796,57.084],[65.77,57.166],[65.694,57.198],[65.681,57.274],[65.567,57.211],[65.491,57.261],[65.288,57.223],[65.313,57.134],[65.44,57.122],[65.476,57.101]]]}},
{"type":"Feature","properties":{"minzoom":5},"geometry":{"type":"Polygon","coordinates":[[[63.765,57.07],[63.738,57.147],[63.671,57.073],[63.738,56.995],[63.765,57.07]]]}},
{"type":"Feature","properties":{"minzoom":5},"geometry":{"type":"Polygon","coordinates":[[[61.427,56.969],[61.534,56.983],[61.579,57.058],[61.46,57.071],[61.427,56.969]]]}},
{"type":"Feature","properties":{"minzoom":3.7},"geometry":{"type":"Polygon","coordinates":[[[60.398,57.02],[60.512,56.766],[60.487,56.703],[60.541,56.712],[60.576,56.741],[60.625,56.734],[60.678,56.753],[60.742,56.732],[60.817,56.753],[60.843,56.69],[60.981,56.698],[61.046,56.779],[61,56.791],[60.957,56.779],[60.881,56.817],[60.788,56.803],[60.728,56.817],[60.754,56.868],[60.868,56.842],[60.893,56.893],[60.819,56.936],[60.716,56.931],[60.716,56.995],[60.614,57.042],[60.44,57.04],[60.398,57.02]]]}},
{"type":"Feature","properties":{"minzoom":5},"geometry":{"type":"Polygon","coordinates":[[[62.163,56.969],[62.002,57],[61.948,56.804],[62.049,56.766],[62.125,56.804],[62.113,56.893],[62.163,56.969]]]}},
{"type":"Feature","properties":{"minzoom":5},"geometry":{"type":"Polygon","coordinates":[[[59.897,56.93],[59.852,56.855],[59.903,56.779],[59.995,56.814],[60.03,56.906],[59.966,56.982],[59.897,56.93]]]}},
{"type":"Feature","properties":{"minzoom":3.7},"geometry":{"type":"Polygon","coordinates":[[[61.262,56.83],[61.313,56.728],[61.414,56.741],[61.325,56.817],[61.338,56.868],[61.262,56.83]]]}},
{"type":"Feature","properties":{"minzoom":3.7},"geometry":{"type":"Polygon","coordinates":[[[85.044,56.447],[85.1,56.512],[85.071,56.623],[85.036,56.639],[84.973,56.576],[84.909,56.639],[84.744,56.665],[84.769,56.576],[84.884,56.55],[84.947,56.423],[85.044,56.447]]]}},
{"type":"Feature","properties":{"minzoom":6},"geometry":{"type":"Polygon","coordinates":[[[90.511,56.456],[90.497,56.512],[90.459,56.519],[90.421,56.499],[90.44,56.402],[90.51,56.385],[90.511,56.456]]]}},
{"type":"Feature","properties":{"minzoom":5},"geometry":{"type":"Polygon","coordinates":[[[61.833,56.499],[61.82,56.449],[61.853,56.411],[61.938,56.357],[61.986,56.36],[61.973,56.436],[61.833,56.499]]]}},
{"type":"Feature","properties":{"minzoom":6},"geometry":{"type":"Polygon","coordinates":[[[90.46,56.219],[90.548,56.258],[90.548,56.347],[90.51,56.347],[90.466,56.283],[90.383,56.258],[90.46,56.219]]]}},
{"type":"Feature","properties":{"minzoom":3.7},"geometry":{"type":"Polygon","coordinates":[[[101.538,56.192],[101.419,56.169],[101.432,56.106],[101.635,56.08],[101.673,56.157],[101.66,56.182],[101.538,56.192]]]}},
{"type":"Feature","properties":{"minzoom":5},"geometry":{"type":"Polygon","coordinates":[[[85.95,56.106],[85.989,56.042],[86.103,56.068],[86.034,56.137],[85.95,56.106]]]}},
{"type":"Feature","properties":{"minzoom":3.7},"geometry":{"type":"Polygon","coordinates":[[[92.778,55.964],[92.847,55.941],[93.008,55.963],[93.151,56.004],[93.108,56.101],[92.986,56.118],[92.91,56.08],[92.798,56.072],[92.707,56.042],[92.72,56.004],[92.778,55.964]]]}},
{"type":"Feature","properties":{"minzoom":6},"geometry":{"type":"Polygon","coordinates":[[[90.256,56.042],[90.434,55.991],[90.459,56.068],[90.334,56.082],[90.256,56.042]]]}},
{"type":"Feature","properties":{"minzoom":5},"geometry":{"type":"Polygon","coordinates":[[[86.039,55.559],[86.052,55.509],[86.179,55.509],[86.217,55.585],[86.275,55.616],[86.306,55.674],[86.258,55.676],[86.217,55.649],[86.127,55.666],[86.039,55.623],[86.039,55.559]]]}},
{"type":"Feature","properties":{"minzoom":6},"geometry":{"type":"Polygon","coordinates":[[[65.381,55.496],[65.313,55.522],[65.211,55.496],[65.262,55.471],[65.211,55.407],[65.364,55.407],[65.44,55.483],[65.381,55.496]]]}},
{"type":"Feature","properties":{"minzoom":4},"geometry":{"type":"Polygon","coordinates":[[[85.95,55.35],[85.989,55.293],[86.147,55.3],[86.23,55.382],[86.094,55.418],[85.938,55.433],[85.95,55.35]]]}},
{"type":"Feature","properties":{"minzoom":4},"geometry":{"type":"Polygon","coordinates":[[[61.573,55.198],[61.541,55.217],[61.554,55.306],[61.452,55.344],[61.399,55.302],[61.325,55.28],[61.279,55.219],[61.211,55.179],[61.301,55.153],[61.313,55.077],[61.401,55.039],[61.452,55.09],[61.554,55.109],[61.605,55.179],[61.573,55.198]]]}},
{"type":"Feature","properties":{"minzoom":3.7},"geometry":{"type":"Polygon","coordinates":[[[82.915,54.925],[82.991,54.925],[83.017,54.848],[83.068,54.81],[83.042,54.747],[83.093,54.733],[83.144,54.747],[83.157,54.836],[83.131,54.899],[83.182,54.963],[83.093,55.077],[83.012,55.11],[82.991,55.204],[82.953,55.204],[82.927,55.155],[82.877,55.128],[82.875,55.085],[82.794,55.052],[82.763,55.014],[82.839,54.925],[82.915,54.925]]]}},
{"type":"Feature","properties":{"minzoom":4},"geometry":{"type":"Polygon","coordinates":[[[73.136,55.09],[73.182,55.065],[73.187,55.001],[73.255,54.968],[73.289,54.899],[73.412,54.891],[73.517,54.925],[73.517,55.014],[73.445,55.043],[73.352,55.052],[73.292,55.093],[73.2,55.102],[73.225,55.191],[73.156,55.166],[73.136,55.09]]]}},
{"type":"Feature","properties":{"minzoom":6},"geometry":{"type":"Polygon","coordinates":[[[69.225,54.874],[69.138,54.923],[69.085,54.848],[69.166,54.824],[69.225,54.874]]]}},
{"type":"Feature","properties":{"minzoom":4},"geometry":{"type":"Polygon","coordinates":[[[86.223,54.728],[86.154,54.76],[86.116,54.658],[86.176,54.633],[86.243,54.645],[86.223,54.728]]]}},
{"type":"Feature","properties":{"minzoom":5},"geometry":{"type":"Polygon","coordinates":[[[86.188,54.343],[86.103,54.366],[86.106,54.275],[86.217,54.264],[86.188,54.343]]]}},
{"type":"Feature","properties":{"minzoom":5},"geometry":{"type":"Polygon","coordinates":[[[86.585,54.036],[86.535,54.061],[86.611,53.871],[86.704,53.834],[86.814,53.845],[86.814,53.909],[86.717,54.034],[86.585,54.036]]]}},
{"type":"Feature","properties":{"minzoom":4},"geometry":{"type":"Polygon","coordinates":[[[87.372,53.851],[87.335,53.883],[87.348,53.972],[87.132,53.909],[87.093,53.82],[87.035,53.809],[87.017,53.756],[87.109,53.707],[87.22,53.693],[87.398,53.807],[87.372,53.851]]]}},
{"type":"Feature","properties":{"minzoom":4},"geometry":{"type":"Polygon","coordinates":[[[91.517,53.738],[91.399,53.782],[91.399,53.858],[91.315,53.867],[91.259,53.82],[91.309,53.774],[91.323,53.693],[91.488,53.68],[91.564,53.655],[91.517,53.738]]]}},
{"type":"Feature","properties":{"minzoom":5},"geometry":{"type":"Polygon","coordinates":[[[87.932,53.744],[87.805,53.629],[87.995,53.617],[88.086,53.653],[88.135,53.731],[87.932,53.744]]]}},
{"type":"Feature","properties":{"minzoom":4},"geometry":{"type":"Polygon","coordinates":[[[58.983,53.337],[59.039,53.35],[59.079,53.326],[59.141,53.324],[59.192,53.413],[59.153,53.476],[59.09,53.515],[58.988,53.502],[58.912,53.426],[58.925,53.35],[58.983,53.337]]]}},
{"type":"Feature","properties":{"minzoom":3.7},"geometry":{"type":"Polygon","coordinates":[[[83.777,53.292],[83.855,53.401],[83.815,53.424],[83.689,53.447],[83.614,53.426],[83.614,53.312],[83.777,53.292]]]}},
{"type":"Feature","properties":{"minzoom":6},"geometry":{"type":"Polygon","coordinates":[[[63.062,53.004],[63.09,52.956],[63.181,52.961],[63.218,53.02],[63.052,53.07],[63.062,53.004]]]}},
{"type":"Feature","properties":{"minzoom":6},"geometry":{"type":"Polygon","coordinates":[[[103.591,52.829],[103.527,52.829],[103.585,52.747],[103.68,52.702],[103.688,52.772],[103.654,52.829],[103.591,52.829]]]}},
{"type":"Feature","properties":{"minzoom":4},"geometry":{"type":"Polygon","coordinates":[[[103.972,52.639],[103.883,52.639],[103.858,52.55],[103.819,52.531],[103.807,52.486],[103.898,52.438],[104.023,52.423],[104.028,52.514],[103.972,52.575],[103.972,52.639]]]}},
{"type":"Feature","properties":{"minzoom":3.7},"geometry":{"type":"Polygon","coordinates":[[[85.161,52.569],[85.087,52.486],[85.144,52.475],[85.244,52.513],[85.277,52.55],[85.161,52.569]]]}},
{"type":"Feature","properties":{"minzoom":4},"geometry":{"type":"Polygon","coordinates":[[[76.984,52.372],[76.908,52.347],[76.857,52.41],[76.841,52.388],[76.832,52.359],[76.908,52.232],[77.06,52.245],[76.984,52.372]]]}},
{"type":"Feature","properties":{"minzoom":3.7},"geometry":{"type":"Polygon","coordinates":[[[104.157,52.317],[104.175,52.245],[104.311,52.208],[104.404,52.283],[104.301,52.365],[104.137,52.385],[104.157,52.317]]]}},
{"type":"Feature","properties":{"minzoom":3.7},"geometry":{"type":"Polygon","coordinates":[[[113.535,52.169],[113.408,52.08],[113.326,52.073],[113.268,52.042],[113.299,51.99],[113.37,51.978],[113.421,52.016],[113.598,51.978],[113.56,52.067],[113.572,52.128],[113.535,52.169]]]}},
{"type":"Feature","properties":{"minzoom":4},"geometry":{"type":"Polygon","coordinates":[[[107.96,51.845],[108.103,51.898],[108.125,51.927],[107.996,51.923],[107.896,51.889],[107.77,51.896],[107.655,51.864],[107.588,51.905],[107.502,51.927],[107.502,51.826],[107.604,51.75],[107.758,51.798],[107.934,51.826],[107.96,51.845]]]}},
{"type":"Feature","properties":{"minzoom":4},"geometry":{"type":"Polygon","coordinates":[[[94.364,51.731],[94.333,51.673],[94.574,51.686],[94.514,51.741],[94.421,51.762],[94.364,51.731]]]}},
{"type":"Feature","properties":{"minzoom":4},"geometry":{"type":"Polygon","coordinates":[[[71.358,51.191],[71.396,51.14],[71.481,51.151],[71.523,51.204],[71.428,51.227],[71.358,51.191]]]}},
{"type":"Feature","properties":{"minzoom":4},"geometry":{"type":"Polygon","coordinates":[[[80.274,50.365],[80.337,50.48],[80.243,50.519],[80.159,50.492],[80.179,50.391],[80.274,50.365]]]}},
{"type":"Feature","properties":{"minzoom":6},"geometry":{"type":"Polygon","coordinates":[[[73.009,50.073],[72.963,50.118],[72.895,50.111],[72.983,50.021],[73.085,50.086],[73.009,50.073]]]}},
{"type":"Feature","properties":{"minzoom":4},"geometry":{"type":"Polygon","coordinates":[[[82.687,49.934],[82.674,49.997],[82.602,50.023],[82.522,50.01],[82.584,49.936],[82.687,49.934]]]}},
{"type":"Feature","properties":{"minzoom":3.7},"geometry":{"type":"Polygon","coordinates":[[[73.2,49.997],[73.136,49.934],[73.046,49.91],[72.997,49.845],[73.022,49.768],[73.092,49.756],[73.162,49.768],[73.218,49.88],[73.238,49.997],[73.2,49.997]]]}},
{"type":"Feature","properties":{"minzoom":4},"geometry":{"type":"Polygon","coordinates":[[[107.007,47.914],[106.917,47.952],[106.817,47.914],[106.906,47.867],[107.007,47.914]]]}},
{"type":"Feature","properties":{"minzoom":6},"geometry":{"type":"Polygon","coordinates":[[[74.902,46.835],[75.003,46.822],[75.028,46.936],[74.941,46.924],[74.902,46.835]]]}},
{"type":"Feature","properties":{"minzoom":6},"geometry":{"type":"Polygon","coordinates":[[[85.2,45.667],[85.252,45.679],[85.252,45.73],[85.138,45.717],[85.099,45.747],[85.049,45.743],[85.138,45.666],[85.2,45.667]]]}},
{"type":"Feature","properties":{"minzoom":5},"geometry":{"type":"Polygon","coordinates":[[[86.743,45.43],[86.839,45.45],[86.874,45.421],[86.928,45.412],[86.954,45.489],[86.819,45.533],[86.687,45.501],[86.743,45.43]]]}},
{"type":"Feature","properties":{"minzoom":6},"geometry":{"type":"Polygon","coordinates":[[[83.574,45.389],[83.538,45.349],[83.636,45.314],[83.715,45.374],[83.672,45.42],[83.601,45.438],[83.574,45.389]]]}},
{"type":"Feature","properties":{"minzoom":4},"geometry":{"type":"Polygon","coordinates":[[[75.346,51.813],[75.27,51.762],[75.255,51.773],[75.283,51.686],[75.409,51.623],[75.506,51.641],[75.549,51.724],[75.479,51.739],[75.409,51.724],[75.392,51.783],[75.346,51.813]]]}},
{"type":"Feature","properties":{"minzoom":3.7},"geometry":{"type":"Polygon","coordinates":[[[87.738,43.978],[87.687,44.029],[87.607,44.007],[87.548,43.965],[87.45,43.942],[87.408,43.864],[87.497,43.851],[87.531,43.765],[87.624,43.737],[87.7,43.813],[87.675,43.915],[87.716,43.936],[87.738,43.978]]]}},
{"type":"Feature","properties":{"minzoom":5},"geometry":{"type":"Polygon","coordinates":[[[81.361,43.916],[81.388,43.978],[81.363,44.004],[81.325,44.016],[81.248,43.965],[81.265,43.906],[81.312,43.876],[81.361,43.916]]]}},
{"type":"Feature","properties":{"minzoom":3.7},"geometry":{"type":"Polygon","coordinates":[[[76.778,43.241],[76.892,43.167],[77.032,43.229],[77.046,43.353],[77.032,43.457],[76.99,43.449],[76.968,43.419],[76.893,43.419],[76.841,43.394],[76.854,43.318],[76.807,43.288],[76.778,43.241]]]}},
{"type":"Feature","properties":{"minzoom":4},"geometry":{"type":"Polygon","coordinates":[[[90.062,43.14],[90.117,43.096],[90.202,43.102],[90.354,43],[90.418,43.059],[90.507,43.064],[90.485,43.014],[90.494,42.962],[90.71,43],[90.688,43.08],[90.481,43.178],[90.265,43.165],[90.153,43.192],[90.062,43.14]]]}},
{"type":"Feature","properties":{"minzoom":3.7},"geometry":{"type":"Polygon","coordinates":[[[87.573,43.064],[87.48,43.076],[87.42,43.026],[87.515,42.989],[87.573,43.064]]]}},
{"type":"Feature","properties":{"minzoom":4},"geometry":{"type":"Polygon","coordinates":[[[71.349,42.851],[71.482,42.848],[71.416,42.962],[71.279,42.949],[71.349,42.851]]]}},
{"type":"Feature","properties":{"minzoom":3.7},"geometry":{"type":"Polygon","coordinates":[[[74.702,42.925],[74.632,42.962],[74.579,42.958],[74.496,42.914],[74.467,42.873],[74.568,42.797],[74.669,42.816],[74.746,42.86],[74.702,42.925]]]}},
{"type":"Feature","properties":{"minzoom":4},"geometry":{"type":"Polygon","coordinates":[[[93.402,42.911],[93.504,42.81],[93.555,42.822],[93.511,42.916],[93.402,42.911]]]}},
{"type":"Feature","properties":{"minzoom":4},"geometry":{"type":"Polygon","coordinates":[[[59.531,42.34],[59.624,42.365],[59.658,42.48],[59.633,42.518],[59.544,42.505],[59.582,42.416],[59.531,42.34]]]}},
{"type":"Feature","properties":{"minzoom":4},"geometry":{"type":"Polygon","coordinates":[[[69.514,42.365],[69.546,42.29],[69.615,42.251],[69.699,42.256],[69.755,42.289],[69.686,42.315],[69.653,42.378],[69.514,42.365]]]}},
{"type":"Feature","properties":{"minzoom":5},"geometry":{"type":"Polygon","coordinates":[[[86.557,41.982],[86.659,41.984],[86.573,42.078],[86.455,42.035],[86.557,41.982]]]}},
{"type":"Feature","properties":{"minzoom":5},"geometry":{"type":"Polygon","coordinates":[[[59.874,41.895],[59.96,41.817],[60.039,41.895],[59.957,41.91],[59.874,41.895]]]}},
{"type":"Feature","properties":{"minzoom":5},"geometry":{"type":"Polygon","coordinates":[[[86.111,41.729],[86.189,41.705],[86.227,41.845],[86.123,41.849],[86.062,41.781],[86.111,41.729]]]}},
{"type":"Feature","properties":{"minzoom":5},"geometry":{"type":"Polygon","coordinates":[[[82.963,41.75],[82.925,41.743],[82.952,41.668],[83.014,41.629],[83.081,41.662],[83.115,41.73],[83.059,41.743],[83.001,41.73],[82.963,41.75]]]}},
{"type":"Feature","properties":{"minzoom":5},"geometry":{"type":"Polygon","coordinates":[[[60.636,41.621],[60.535,41.59],[60.591,41.525],[60.687,41.527],[60.636,41.621]]]}},
{"type":"Feature","properties":{"minzoom":3.6},"geometry":{"type":"Polygon","coordinates":[[[69.735,41.585],[69.615,41.565],[69.592,41.523],[69.539,41.527],[69.45,41.451],[69.348,41.476],[69.158,41.489],[69.095,41.365],[69.082,41.222],[69.022,41.174],[68.993,41.095],[69.085,41.115],[69.171,41.171],[69.234,41.159],[69.425,41.235],[69.488,41.311],[69.552,41.324],[69.552,41.387],[69.742,41.54],[69.812,41.559],[69.856,41.603],[69.735,41.585]]]}},
{"type":"Feature","properties":{"minzoom":5},"geometry":{"type":"Polygon","coordinates":[[[64.586,41.438],[64.627,41.474],[64.637,41.54],[64.549,41.575],[64.446,41.565],[64.501,41.487],[64.586,41.438]]]}},
{"type":"Feature","properties":{"minzoom":5},"geometry":{"type":"Polygon","coordinates":[[[71.444,41.248],[71.485,41.206],[71.545,41.184],[71.622,41.311],[71.513,41.315],[71.444,41.248]]]}},
{"type":"Feature","properties":{"minzoom":4},"geometry":{"type":"Polygon","coordinates":[[[71.52,41.044],[71.481,41.049],[71.457,41.019],[71.517,40.984],[71.558,40.93],[71.457,40.943],[71.449,40.881],[71.482,40.828],[71.685,40.879],[71.78,40.988],[71.927,41.044],[71.876,41.133],[71.814,41.131],[71.774,41.108],[71.685,41.121],[71.634,41.083],[71.52,41.044]]]}},
{"type":"Feature","properties":{"minzoom":5},"geometry":{"type":"Polygon","coordinates":[[[69.323,40.905],[69.366,40.893],[69.412,40.905],[69.387,41.095],[69.336,41.108],[69.317,41.052],[69.348,40.994],[69.323,40.905]]]}},
{"type":"Feature","properties":{"minzoom":5},"geometry":{"type":"Polygon","coordinates":[[[70.169,41.068],[70.123,41.057],[70.088,41.079],[70.034,41.083],[70.014,41.03],[70.034,40.968],[70.155,40.994],[70.225,41.07],[70.169,41.068]]]}},
{"type":"Feature","properties":{"minzoom":5},"geometry":{"type":"Polygon","coordinates":[[[72.917,40.689],[73.019,40.79],[72.993,40.892],[73.029,40.92],[73.044,40.968],[72.953,40.995],[72.892,40.905],[72.904,40.828],[72.856,40.794],[72.79,40.778],[72.783,40.822],[72.803,40.867],[72.735,40.82],[72.714,40.727],[72.765,40.663],[72.663,40.613],[72.726,40.549],[72.765,40.46],[72.866,40.473],[72.866,40.625],[72.803,40.676],[72.917,40.689]]]}},
{"type":"Feature","properties":{"minzoom":4},"geometry":{"type":"Polygon","coordinates":[[[72.036,40.678],[72.155,40.663],[72.201,40.633],[72.269,40.625],[72.46,40.752],[72.447,40.879],[72.352,40.905],[72.282,40.955],[72.193,40.917],[72.206,40.841],[72.155,40.803],[72.193,40.752],[72.099,40.779],[71.99,40.765],[72.036,40.678]]]}},
{"type":"Feature","properties":{"minzoom":5},"geometry":{"type":"Polygon","coordinates":[[[69.653,40.803],[69.691,40.917],[69.488,40.93],[69.529,40.825],[69.653,40.803]]]}},
{"type":"Feature","properties":{"minzoom":4},"geometry":{"type":"Polygon","coordinates":[[[71.355,40.346],[71.334,40.414],[71.228,40.587],[71.228,40.663],[71.186,40.672],[71.165,40.701],[71.063,40.727],[70.999,40.689],[70.926,40.728],[70.822,40.727],[70.822,40.605],[70.784,40.524],[70.86,40.46],[70.823,40.427],[70.758,40.422],[70.72,40.333],[70.898,40.333],[70.968,40.396],[71.063,40.435],[71.063,40.32],[71.152,40.397],[71.101,40.511],[71.17,40.487],[71.228,40.422],[71.253,40.333],[71.355,40.346]]]}},
{"type":"Feature","properties":{"minzoom":5},"geometry":{"type":"Polygon","coordinates":[[[68.716,40.475],[68.815,40.46],[68.84,40.536],[68.766,40.583],[68.675,40.549],[68.716,40.475]]]}},
{"type":"Feature","properties":{"minzoom":4},"geometry":{"type":"Polygon","coordinates":[[[71.939,40.524],[71.787,40.575],[71.634,40.536],[71.662,40.431],[71.723,40.359],[71.952,40.295],[72.008,40.248],[72.079,40.244],[72.031,40.344],[71.914,40.346],[71.939,40.524]]]}},
{"type":"Feature","properties":{"minzoom":4},"geometry":{"type":"Polygon","coordinates":[[[71.532,40.376],[71.571,40.473],[71.485,40.454],[71.431,40.371],[71.532,40.376]]]}},
{"type":"Feature","properties":{"minzoom":5},"geometry":{"type":"Polygon","coordinates":[[[70.428,40.379],[70.364,40.308],[70.442,40.272],[70.504,40.333],[70.428,40.379]]]}},
{"type":"Feature","properties":{"minzoom":5},"geometry":{"type":"Polygon","coordinates":[[[69.856,40.206],[69.789,40.316],[69.666,40.371],[69.58,40.349],[69.526,40.295],[69.704,40.181],[69.856,40.206]]]}},
{"type":"Feature","properties":{"minzoom":5},"geometry":{"type":"Polygon","coordinates":[[[68.904,40.206],[68.874,40.29],[68.802,40.333],[68.777,40.219],[68.833,40.195],[68.904,40.206]]]}},
{"type":"Feature","properties":{"minzoom":5},"geometry":{"type":"Polygon","coordinates":[[[69.539,40.219],[69.412,40.206],[69.336,40.282],[69.234,40.295],[69.12,40.244],[69.172,40.195],[69.272,40.193],[69.374,40.13],[69.477,40.147],[69.539,40.219]]]}},
{"type":"Feature","properties":{"minzoom":5},"geometry":{"type":"Polygon","coordinates":[[[65.419,40.149],[65.373,40.206],[65.284,40.173],[65.284,40.079],[65.355,40.065],[65.424,40.079],[65.419,40.149]]]}},
{"type":"Feature","properties":{"minzoom":5},"geometry":{"type":"Polygon","coordinates":[[[67.85,40.206],[67.782,40.198],[67.761,40.143],[67.818,40.09],[67.901,40.092],[67.85,40.206]]]}},
{"type":"Feature","properties":{"minzoom":5},"geometry":{"type":"Polygon","coordinates":[[[70.572,40.109],[70.593,40.092],[70.695,40.117],[70.771,40.181],[70.745,40.206],[70.611,40.182],[70.555,40.13],[70.572,40.109]]]}},
{"type":"Feature","properties":{"minzoom":5},"geometry":{"type":"Polygon","coordinates":[[[66.224,40.028],[66.186,39.94],[66.25,39.876],[66.377,39.914],[66.319,39.99],[66.224,40.028]]]}},
{"type":"Feature","properties":{"minzoom":4},"geometry":{"type":"Polygon","coordinates":[[[64.435,39.734],[64.497,39.736],[64.573,39.711],[64.637,39.762],[64.559,39.798],[64.497,39.851],[64.404,39.858],[64.319,39.838],[64.338,39.777],[64.383,39.736],[64.435,39.734]]]}},
{"type":"Feature","properties":{"minzoom":3.7},"geometry":{"type":"Polygon","coordinates":[[[67.164,39.736],[66.999,39.774],[66.977,39.816],[66.935,39.838],[66.861,39.804],[66.808,39.749],[66.764,39.743],[66.745,39.711],[66.786,39.663],[66.859,39.647],[66.955,39.578],[67.088,39.546],[67.162,39.468],[67.253,39.406],[67.38,39.546],[67.302,39.589],[67.253,39.66],[67.177,39.647],[67.164,39.736]]]}},
{"type":"Feature","properties":{"minzoom":5},"geometry":{"type":"Polygon","coordinates":[[[68.167,39.457],[68.235,39.484],[68.282,39.533],[68.066,39.546],[68.098,39.483],[68.167,39.457]]]}},
{"type":"Feature","properties":{"minzoom":3.7},"geometry":{"type":"Polygon","coordinates":[[[76.054,39.406],[76.054,39.488],[76.029,39.546],[75.95,39.529],[75.914,39.47],[75.974,39.428],[76.054,39.406]]]}},
{"type":"Feature","properties":{"minzoom":5},"geometry":{"type":"Polygon","coordinates":[[[64.56,39.165],[64.586,39.241],[64.499,39.286],[64.434,39.203],[64.485,39.172],[64.56,39.165]]]}},
{"type":"Feature","properties":{"minzoom":5},"geometry":{"type":"Polygon","coordinates":[[[65.373,39.19],[65.278,39.266],[65.132,39.292],[65.208,39.165],[65.303,39.153],[65.373,39.19]]]}},
{"type":"Feature","properties":{"minzoom":4},"geometry":{"type":"Polygon","coordinates":[[[63.481,39.114],[63.514,39.045],[63.57,39],[63.633,39.038],[63.672,39.101],[63.58,39.197],[63.481,39.114]]]}},
{"type":"Feature","properties":{"minzoom":5},"geometry":{"type":"Polygon","coordinates":[[[64.37,39.063],[64.345,39.178],[64.255,39.192],[64.167,39.178],[64.167,39.139],[64.257,39.075],[64.37,39.063]]]}},
{"type":"Feature","properties":{"minzoom":5},"geometry":{"type":"Polygon","coordinates":[[[64.611,39.114],[64.523,39.123],[64.472,39.038],[64.564,39.026],[64.611,39.114]]]}},
{"type":"Feature","properties":{"minzoom":5},"geometry":{"type":"Polygon","coordinates":[[[64.675,38.822],[64.751,38.809],[64.726,38.885],[64.745,38.921],[64.738,38.962],[64.691,38.958],[64.675,38.923],[64.599,38.936],[64.625,38.867],[64.675,38.822]]]}},
{"type":"Feature","properties":{"minzoom":3.7},"geometry":{"type":"Polygon","coordinates":[[[68.719,38.594],[68.701,38.517],[68.74,38.48],[68.802,38.466],[68.833,38.572],[68.764,38.644],[68.719,38.594]]]}},
{"type":"Feature","properties":{"minzoom":3.7},"geometry":{"type":"Polygon","coordinates":[[[68.002,38.263],[67.935,38.348],[67.863,38.276],[67.928,38.25],[68.002,38.263]]]}},
{"type":"Feature","properties":{"minzoom":4},"geometry":{"type":"Polygon","coordinates":[[[61.855,37.514],[61.957,37.603],[61.982,37.704],[61.792,37.692],[61.767,37.615],[61.855,37.514]]]}},
{"type":"Feature","properties":{"minzoom":5},"geometry":{"type":"Polygon","coordinates":[[[65.166,37.486],[65.183,37.425],[65.284,37.425],[65.245,37.515],[65.157,37.526],[65.166,37.486]]]}},
{"type":"Feature","properties":{"minzoom":5},"geometry":{"type":"Polygon","coordinates":[[[67.228,37.171],[67.316,37.184],[67.393,37.323],[67.254,37.306],[67.189,37.196],[67.228,37.171]]]}},
{"type":"Feature","properties":{"minzoom":5},"geometry":{"type":"Polygon","coordinates":[[[60.458,37.234],[60.559,37.194],[60.624,37.273],[60.524,37.286],[60.458,37.234]]]}},
{"type":"Feature","properties":{"minzoom":5},"geometry":{"type":"Polygon","coordinates":[[[61.982,36.333],[62.003,36.392],[61.995,36.46],[61.877,36.453],[61.805,36.371],[61.873,36.332],[61.982,36.333]]]}},
{"type":"Feature","properties":{"minzoom":5},"geometry":{"type":"Polygon","coordinates":[[[59.188,36.358],[59.122,36.432],[58.985,36.434],[58.998,36.383],[59.094,36.358],[59.188,36.358]]]}},
{"type":"Feature","properties":{"minzoom":5},"geometry":{"type":"Polygon","coordinates":[[[58.884,36.269],[58.82,36.32],[58.731,36.345],[58.708,36.258],[58.744,36.18],[58.852,36.201],[58.884,36.269]]]}},
{"type":"Feature","properties":{"minzoom":5},"geometry":{"type":"Polygon","coordinates":[[[59.176,36.13],[59.239,36.091],[59.239,36.155],[59.146,36.198],[59.049,36.206],[59.049,36.168],[59.176,36.13]]]}},
{"type":"Feature","properties":{"minzoom":5},"geometry":{"type":"Polygon","coordinates":[[[59.157,35.288],[59.227,35.24],[59.263,35.268],[59.277,35.317],[59.243,35.371],[59.163,35.38],[59.157,35.288]]]}},
{"type":"Feature","properties":{"minzoom":5},"geometry":{"type":"Polygon","coordinates":[[[58.527,35.297],[58.465,35.329],[58.429,35.314],[58.401,35.291],[58.401,35.228],[58.478,35.202],[58.553,35.228],[58.527,35.297]]]}},
{"type":"Feature","properties":{"minzoom":3.6},"geometry":{"type":"Polygon","coordinates":[[[60.671,35.243],[60.687,35.304],[60.585,35.302],[60.624,35.215],[60.671,35.243]]]}},
{"type":"Feature","properties":{"minzoom":5},"geometry":{"type":"Polygon","coordinates":[[[58.604,34.364],[58.682,34.338],[58.769,34.351],[58.782,34.39],[58.687,34.443],[58.604,34.364]]]}},
{"type":"Feature","properties":{"minzoom":3.6},"geometry":{"type":"Polygon","coordinates":[[[72.219,33.869],[72.282,33.844],[72.295,33.767],[72.368,33.746],[72.447,33.767],[72.447,33.843],[72.536,33.869],[72.727,34.059],[72.712,34.103],[72.727,34.148],[72.625,34.136],[72.562,34.021],[72.511,34.021],[72.485,33.996],[72.536,33.958],[72.358,33.882],[72.255,33.95],[72.193,34.059],[72.114,34.069],[72.079,34.123],[72.122,34.15],[72.142,34.199],[72.088,34.268],[71.99,34.263],[71.99,34.11],[71.875,34.08],[71.774,34.123],[71.794,34.191],[71.761,34.237],[71.673,34.174],[71.605,34.176],[71.558,34.199],[71.572,34.244],[71.558,34.288],[71.526,34.292],[71.482,34.275],[71.469,34.161],[71.519,34.16],[71.545,34.136],[71.342,34.034],[71.385,33.936],[71.469,33.882],[71.534,33.908],[71.609,33.894],[71.662,33.956],[71.749,33.983],[71.736,33.92],[71.85,33.92],[71.927,33.97],[72.104,33.983],[72.219,33.92],[72.219,33.869]]]}},
{"type":"Feature","properties":{"minzoom":5},"geometry":{"type":"Polygon","coordinates":[[[72.852,33.731],[72.892,33.767],[72.844,33.796],[72.815,33.843],[72.676,33.882],[72.687,33.783],[72.79,33.716],[72.852,33.731]]]}},
{"type":"Feature","properties":{"minzoom":5},"geometry":{"type":"Polygon","coordinates":[[[73.108,33.526],[73.167,33.646],[73.133,33.793],[72.992,33.756],[72.943,33.628],[73.002,33.554],[73.108,33.526]]]}},
{"type":"Feature","properties":{"minzoom":5},"geometry":{"type":"Polygon","coordinates":[[[71.52,33.628],[71.421,33.651],[71.419,33.551],[71.492,33.567],[71.52,33.628]]]}},
{"type":"Feature","properties":{"minzoom":5},"geometry":{"type":"Polygon","coordinates":[[[73.654,33.005],[73.578,32.853],[73.667,32.85],[73.743,32.891],[73.819,32.891],[73.806,33.005],[73.776,33.026],[73.768,33.069],[73.692,33.133],[73.59,33.17],[73.616,33.056],[73.672,33.064],[73.705,33.043],[73.654,33.005]]]}},
{"type":"Feature","properties":{"minzoom":5},"geometry":{"type":"Polygon","coordinates":[[[72.993,33.043],[73.019,33.107],[72.925,33.153],[72.854,33.069],[72.993,33.043]]]}},
{"type":"Feature","properties":{"minzoom":5},"geometry":{"type":"Polygon","coordinates":[[[73.146,32.98],[73.209,33.031],[73.238,33.034],[73.247,33.056],[73.128,33.086],[73.031,33.005],[73.077,32.981],[73.146,32.98]]]}},
{"type":"Feature","properties":{"minzoom":5},"geometry":{"type":"Polygon","coordinates":[[[70.695,33.018],[70.625,33.064],[70.53,33.043],[70.605,32.969],[70.695,33.018]]]}},
{"type":"Feature","properties":{"minzoom":5},"geometry":{"type":"Polygon","coordinates":[[[59.163,32.84],[59.257,32.848],[59.303,32.904],[59.224,32.954],[59.138,32.916],[59.163,32.84]]]}},
{"type":"Feature","properties":{"minzoom":4},"geometry":{"type":"Polygon","coordinates":[[[74.922,32.708],[74.924,32.777],[74.854,32.811],[74.784,32.789],[74.808,32.693],[74.898,32.662],[74.922,32.708]]]}},
{"type":"Feature","properties":{"minzoom":5},"geometry":{"type":"Polygon","coordinates":[[[71.547,32.647],[71.457,32.599],[71.525,32.558],[71.622,32.573],[71.547,32.647]]]}},
{"type":"Feature","properties":{"minzoom":5},"geometry":{"type":"Polygon","coordinates":[[[74.53,32.462],[74.594,32.485],[74.594,32.561],[74.501,32.58],[74.467,32.485],[74.53,32.462]]]}},
{"type":"Feature","properties":{"minzoom":5},"geometry":{"type":"Polygon","coordinates":[[[71.545,32.51],[71.461,32.495],[71.419,32.408],[71.506,32.406],[71.545,32.51]]]}},
{"type":"Feature","properties":{"minzoom":5},"geometry":{"type":"Polygon","coordinates":[[[72.46,32.307],[72.345,32.365],[72.219,32.294],[72.346,32.268],[72.46,32.307]]]}},
{"type":"Feature","properties":{"minzoom":4},"geometry":{"type":"Polygon","coordinates":[[[74.141,32.108],[74.2,32.078],[74.235,32.132],[74.251,32.205],[74.168,32.273],[74.073,32.243],[74.096,32.209],[74.098,32.154],[74.141,32.108]]]}},
{"type":"Feature","properties":{"minzoom":5},"geometry":{"type":"Polygon","coordinates":[[[72.709,32.155],[72.6,32.193],[72.602,32.073],[72.714,32.002],[72.76,32.039],[72.777,32.104],[72.709,32.155]]]}},
{"type":"Feature","properties":{"minzoom":5},"geometry":{"type":"Polygon","coordinates":[[[70.959,31.839],[70.961,31.9],[70.875,31.907],[70.847,31.824],[70.882,31.802],[70.936,31.799],[70.959,31.839]]]}},
{"type":"Feature","properties":{"minzoom":3.6},"geometry":{"type":"Polygon","coordinates":[[[74.431,31.428],[74.467,31.532],[74.53,31.608],[74.441,31.697],[74.369,31.701],[74.327,31.735],[74.321,31.823],[74.238,31.862],[74.238,31.723],[74.136,31.672],[74.2,31.57],[74.098,31.418],[74.136,31.38],[74.276,31.392],[74.365,31.354],[74.431,31.428]]]}},
{"type":"Feature","properties":{"minzoom":5},"geometry":{"type":"Polygon","coordinates":[[[73.057,31.71],[72.997,31.803],[72.879,31.786],[72.94,31.706],[73.057,31.71]]]}},
{"type":"Feature","properties":{"minzoom":5},"geometry":{"type":"Polygon","coordinates":[[[74.015,31.774],[73.933,31.723],[74.019,31.677],[74.098,31.71],[74.015,31.774]]]}},
{"type":"Feature","properties":{"minzoom":3.7},"geometry":{"type":"Polygon","coordinates":[[[74.949,31.659],[74.869,31.701],[74.771,31.659],[74.867,31.586],[74.949,31.659]]]}},
{"type":"Feature","properties":{"minzoom":4},"geometry":{"type":"Polygon","coordinates":[[[73.317,31.485],[73.311,31.545],[73.26,31.583],[73.273,31.659],[73.198,31.632],[73.158,31.57],[73.222,31.532],[73.148,31.525],[73.07,31.545],[72.987,31.482],[72.943,31.38],[73.076,31.344],[73.222,31.367],[73.252,31.424],[73.324,31.418],[73.317,31.485]]]}},
{"type":"Feature","properties":{"minzoom":4},"geometry":{"type":"Polygon","coordinates":[[[75.622,31.405],[75.505,31.38],[75.521,31.278],[75.604,31.272],[75.673,31.303],[75.622,31.405]]]}},
{"type":"Feature","properties":{"minzoom":3.6},"geometry":{"type":"Polygon","coordinates":[[[74.064,31.28],[74.085,31.291],[74.073,31.348],[74.022,31.367],[73.997,31.265],[73.87,31.253],[73.868,31.2],[73.908,31.164],[74.035,31.278],[74.064,31.28]]]}},
{"type":"Feature","properties":{"minzoom":5},"geometry":{"type":"Polygon","coordinates":[[[72.257,31.265],[72.396,31.227],[72.428,31.278],[72.422,31.342],[72.31,31.347],[72.257,31.265]]]}},
{"type":"Feature","properties":{"minzoom":3.6},"geometry":{"type":"Polygon","coordinates":[[[74.166,31.321],[74.124,31.24],[74.217,31.24],[74.263,31.316],[74.166,31.321]]]}},
{"type":"Feature","properties":{"minzoom":5},"geometry":{"type":"Polygon","coordinates":[[[72.777,31.17],[72.777,31.202],[72.686,31.213],[72.638,31.151],[72.65,31.126],[72.72,31.126],[72.777,31.138],[72.777,31.17]]]}},
{"type":"Feature","properties":{"minzoom":5},"geometry":{"type":"Polygon","coordinates":[[[61.424,31.024],[61.509,31.011],[61.576,31.075],[61.492,31.101],[61.424,31.024]]]}},
{"type":"Feature","properties":{"minzoom":4},"geometry":{"type":"Polygon","coordinates":[[[75.957,30.927],[75.914,30.973],[75.787,31.024],[75.782,30.952],[75.749,30.884],[75.859,30.852],[75.978,30.859],[75.957,30.927]]]}},
{"type":"Feature","properties":{"minzoom":5},"geometry":{"type":"Polygon","coordinates":[[[70.555,30.846],[70.468,30.887],[70.415,30.808],[70.501,30.796],[70.555,30.846]]]}},
{"type":"Feature","properties":{"minzoom":5},"geometry":{"type":"Polygon","coordinates":[[[73.527,30.872],[73.435,30.883],[73.387,30.821],[73.475,30.788],[73.527,30.872]]]}},
{"type":"Feature","properties":{"minzoom":4},"geometry":{"type":"Polygon","coordinates":[[[76.841,30.63],[76.823,30.549],[76.841,30.491],[76.875,30.574],[76.854,30.656],[76.907,30.704],[76.93,30.783],[76.868,30.766],[76.829,30.808],[76.728,30.801],[76.651,30.77],[76.723,30.677],[76.841,30.63]]]}},
{"type":"Feature","properties":{"minzoom":5},"geometry":{"type":"Polygon","coordinates":[[[73.171,30.668],[73.105,30.739],[73.031,30.681],[73.094,30.635],[73.171,30.668]]]}},
{"type":"Feature","properties":{"minzoom":5},"geometry":{"type":"Polygon","coordinates":[[[76.918,30.326],[76.918,30.402],[76.808,30.437],[76.714,30.402],[76.797,30.33],[76.918,30.326]]]}},
{"type":"Feature","properties":{"minzoom":5},"geometry":{"type":"Polygon","coordinates":[[[78.122,30.351],[78.111,30.402],[78.014,30.391],[77.946,30.351],[78.01,30.293],[78.111,30.3],[78.122,30.351]]]}},
{"type":"Feature","properties":{"minzoom":3.7},"geometry":{"type":"Polygon","coordinates":[[[71.349,30.237],[71.33,30.148],[71.368,30.11],[71.519,30.143],[71.596,30.249],[71.504,30.284],[71.393,30.3],[71.349,30.237]]]}},
{"type":"Feature","properties":{"minzoom":5},"geometry":{"type":"Polygon","coordinates":[[[71.234,30.211],[71.14,30.166],[71.088,30.097],[71.228,30.033],[71.267,30.112],[71.253,30.211],[71.234,30.211]]]}},
{"type":"Feature","properties":{"minzoom":4},"geometry":{"type":"Polygon","coordinates":[[[77.607,29.941],[77.616,29.97],[77.539,30.032],[77.464,29.97],[77.518,29.935],[77.591,29.919],[77.607,29.941]]]}},
{"type":"Feature","properties":{"minzoom":5},"geometry":{"type":"Polygon","coordinates":[[[78.213,30.008],[78.109,29.985],[78.048,29.919],[78.154,29.911],[78.213,30.008]]]}},
{"type":"Feature","properties":{"minzoom":5},"geometry":{"type":"Polygon","coordinates":[[[60.763,29.519],[60.763,29.5],[60.868,29.45],[60.979,29.5],[60.885,29.607],[60.763,29.538],[60.763,29.519]]]}},
{"type":"Feature","properties":{"minzoom":5},"geometry":{"type":"Polygon","coordinates":[[[77.698,29.536],[77.629,29.513],[77.687,29.435],[77.756,29.5],[77.698,29.536]]]}},
{"type":"Feature","properties":{"minzoom":5},"geometry":{"type":"Polygon","coordinates":[[[71.647,29.348],[71.72,29.363],[71.761,29.411],[71.695,29.472],[71.609,29.437],[71.647,29.348]]]}},
{"type":"Feature","properties":{"minzoom":5},"geometry":{"type":"Polygon","coordinates":[[[75.66,29.183],[75.716,29.112],[75.838,29.106],[75.775,29.2],[75.66,29.183]]]}},
{"type":"Feature","properties":{"minzoom":4},"geometry":{"type":"Polygon","coordinates":[[[77.794,28.992],[77.794,29.03],[77.752,29.071],[77.692,29.094],[77.628,29.057],[77.616,28.967],[77.704,28.937],[77.794,28.954],[77.794,28.992]]]}},
{"type":"Feature","properties":{"minzoom":5},"geometry":{"type":"Polygon","coordinates":[[[76.664,28.941],[76.555,28.948],[76.549,28.852],[76.636,28.868],[76.664,28.941]]]}},
{"type":"Feature","properties":{"minzoom":3.6},"geometry":{"type":"Polygon","coordinates":[[[77.239,28.335],[77.349,28.306],[77.426,28.497],[77.526,28.504],[77.565,28.573],[77.518,28.576],[77.502,28.611],[77.54,28.649],[77.56,28.599],[77.603,28.573],[77.647,28.593],[77.667,28.636],[77.627,28.66],[77.565,28.662],[77.515,28.763],[77.589,28.796],[77.629,28.865],[77.607,28.881],[77.578,28.89],[77.536,28.838],[77.464,28.814],[77.458,28.776],[77.426,28.751],[77.248,28.802],[77.222,28.878],[77.119,28.908],[77.032,28.878],[77.045,28.802],[76.867,28.7],[76.908,28.663],[76.905,28.611],[76.945,28.587],[76.968,28.548],[76.93,28.446],[77.038,28.405],[77.184,28.421],[77.239,28.335]]]}},
{"type":"Feature","properties":{"minzoom":5},"geometry":{"type":"Polygon","coordinates":[[[70.237,28.408],[70.339,28.395],[70.364,28.459],[70.288,28.502],[70.225,28.433],[70.237,28.408]]]}},
{"type":"Feature","properties":{"minzoom":5},"geometry":{"type":"Polygon","coordinates":[[[79.482,28.368],[79.458,28.433],[79.353,28.379],[79.458,28.306],[79.482,28.368]]]}},
{"type":"Feature","properties":{"minzoom":5},"geometry":{"type":"Polygon","coordinates":[[[70.034,28.294],[70.122,28.28],[70.174,28.332],[70.093,28.374],[70.034,28.294]]]}},
{"type":"Feature","properties":{"minzoom":5},"geometry":{"type":"Polygon","coordinates":[[[61.297,28.268],[61.284,28.294],[61.197,28.293],[61.157,28.217],[61.242,28.2],[61.297,28.268]]]}},
{"type":"Feature","properties":{"minzoom":5},"geometry":{"type":"Polygon","coordinates":[[[69.298,28.141],[69.26,28.027],[69.298,27.976],[69.39,28.031],[69.412,28.128],[69.298,28.141]]]}},
{"type":"Feature","properties":{"minzoom":5},"geometry":{"type":"Polygon","coordinates":[[[69.742,28.065],[69.712,28.111],[69.64,28.116],[69.571,28.084],[69.526,28.027],[69.642,28.022],[69.742,28.065]]]}},
{"type":"Feature","properties":{"minzoom":4},"geometry":{"type":"Polygon","coordinates":[[[78.124,28.033],[78.099,28.04],[78.037,27.962],[77.997,27.862],[78.084,27.85],[78.15,27.887],[78.15,28.027],[78.124,28.033]]]}},
{"type":"Feature","properties":{"minzoom":5},"geometry":{"type":"Polygon","coordinates":[[[68.971,27.699],[68.98,27.748],[68.87,27.791],[68.739,27.786],[68.733,27.696],[68.752,27.62],[68.706,27.597],[68.675,27.557],[68.675,27.519],[68.819,27.555],[68.967,27.646],[68.971,27.699]]]}},
{"type":"Feature","properties":{"minzoom":5},"geometry":{"type":"Polygon","coordinates":[[[74.467,27.684],[74.508,27.693],[74.53,27.722],[74.492,27.773],[74.44,27.761],[74.366,27.702],[74.352,27.646],[74.416,27.643],[74.467,27.684]]]}},
{"type":"Feature","properties":{"minzoom":5},"geometry":{"type":"Polygon","coordinates":[[[76.697,27.552],[76.664,27.57],[76.638,27.633],[76.558,27.624],[76.537,27.557],[76.588,27.525],[76.651,27.532],[76.677,27.507],[76.714,27.519],[76.697,27.552]]]}},
{"type":"Feature","properties":{"minzoom":5},"geometry":{"type":"Polygon","coordinates":[[[77.74,27.496],[77.743,27.608],[77.68,27.633],[77.591,27.493],[77.667,27.43],[77.64,27.412],[77.629,27.379],[77.701,27.368],[77.769,27.392],[77.74,27.496]]]}},
{"type":"Feature","properties":{"minzoom":5},"geometry":{"type":"Polygon","coordinates":[[[62.328,27.44],[62.275,27.417],[62.33,27.335],[62.427,27.354],[62.402,27.443],[62.328,27.44]]]}},
{"type":"Feature","properties":{"minzoom":4},"geometry":{"type":"Polygon","coordinates":[[[78.048,27.125],[78.096,27.179],[78.111,27.265],[77.999,27.285],[77.883,27.265],[77.928,27.158],[78.048,27.125]]]}},
{"type":"Feature","properties":{"minzoom":3.7},"geometry":{"type":"Polygon","coordinates":[[[75.8,27.049],[75.698,26.998],[75.731,26.831],[75.851,26.782],[75.902,26.947],[75.861,27.008],[75.8,27.049]]]}},
{"type":"Feature","properties":{"minzoom":4},"geometry":{"type":"Polygon","coordinates":[[[81.007,26.82],[81.055,26.849],[81.07,26.909],[80.931,26.953],[80.817,26.871],[80.844,26.803],[80.905,26.77],[81.007,26.82]]]}},
{"type":"Feature","properties":{"minzoom":5},"geometry":{"type":"Polygon","coordinates":[[[83.42,26.77],[83.339,26.824],[83.318,26.719],[83.388,26.725],[83.42,26.77]]]}},
{"type":"Feature","properties":{"minzoom":5},"geometry":{"type":"Polygon","coordinates":[[[88.474,26.75],[88.424,26.808],[88.385,26.757],[88.373,26.681],[88.449,26.668],[88.474,26.75]]]}},
{"type":"Feature","properties":{"minzoom":5},"geometry":{"type":"Polygon","coordinates":[[[68.028,26.528],[68.028,26.617],[68.058,26.657],[68.066,26.719],[67.998,26.723],[67.939,26.693],[67.964,26.63],[67.929,26.574],[67.939,26.503],[67.993,26.506],[68.028,26.528]]]}},
{"type":"Feature","properties":{"minzoom":3.7},"geometry":{"type":"Polygon","coordinates":[[[79.511,26.686],[79.432,26.681],[79.47,26.605],[79.557,26.614],[79.597,26.668],[79.511,26.686]]]}},
{"type":"Feature","properties":{"minzoom":5},"geometry":{"type":"Polygon","coordinates":[[[90.588,26.517],[90.595,26.579],[90.565,26.6],[90.519,26.605],[90.456,26.516],[90.495,26.485],[90.557,26.478],[90.588,26.517]]]}},
{"type":"Feature","properties":{"minzoom":3.7},"geometry":{"type":"Polygon","coordinates":[[[80.423,26.401],[80.396,26.501],[80.334,26.566],[80.234,26.54],[80.194,26.452],[80.302,26.391],[80.423,26.401]]]}},
{"type":"Feature","properties":{"minzoom":5},"geometry":{"type":"Polygon","coordinates":[[[74.597,26.531],[74.568,26.439],[74.652,26.398],[74.733,26.427],[74.695,26.528],[74.597,26.531]]]}},
{"type":"Feature","properties":{"minzoom":4},"geometry":{"type":"Polygon","coordinates":[[[73.12,26.312],[73.094,26.368],[73.044,26.401],[72.966,26.359],[72.917,26.287],[73.025,26.226],[73.12,26.312]]]}},
{"type":"Feature","properties":{"minzoom":5},"geometry":{"type":"Polygon","coordinates":[[[68.332,26.312],[68.409,26.217],[68.498,26.3],[68.421,26.327],[68.332,26.312]]]}},
{"type":"Feature","properties":{"minzoom":4},"geometry":{"type":"Polygon","coordinates":[[[78.111,26.16],[78.234,26.177],[78.289,26.262],[78.264,26.312],[78.086,26.249],[78.111,26.16]]]}},
{"type":"Feature","properties":{"minzoom":4},"geometry":{"type":"Polygon","coordinates":[[[91.777,26.249],[91.688,26.223],[91.724,26.139],[91.815,26.109],[91.802,26.236],[91.777,26.249]]]}},
{"type":"Feature","properties":{"minzoom":5},"geometry":{"type":"Polygon","coordinates":[[[68.995,25.802],[69.018,25.868],[68.916,25.881],[68.917,25.792],[68.995,25.802]]]}},
{"type":"Feature","properties":{"minzoom":3.7},"geometry":{"type":"Polygon","coordinates":[[[85.046,25.563],[85.274,25.563],[85.228,25.624],[85.223,25.703],[85.173,25.728],[85.089,25.678],[84.982,25.652],[85.046,25.563]]]}},
{"type":"Feature","properties":{"minzoom":5},"geometry":{"type":"Polygon","coordinates":[[[69.107,25.563],[69.019,25.609],[68.929,25.563],[69.016,25.487],[69.107,25.563]]]}},
{"type":"Feature","properties":{"minzoom":3.7},"geometry":{"type":"Polygon","coordinates":[[[68.586,25.106],[68.614,25.045],[68.675,25.017],[68.739,25.169],[68.696,25.228],[68.675,25.309],[68.631,25.322],[68.612,25.36],[68.629,25.412],[68.663,25.449],[68.726,25.398],[68.701,25.322],[68.828,25.335],[68.809,25.398],[68.752,25.423],[68.78,25.471],[68.79,25.538],[68.625,25.563],[68.555,25.499],[68.447,25.474],[68.388,25.518],[68.294,25.525],[68.269,25.347],[68.37,25.335],[68.51,25.271],[68.477,25.171],[68.498,25.068],[68.452,24.997],[68.447,24.915],[68.561,24.966],[68.536,25.08],[68.586,25.106]]]}},
{"type":"Feature","properties":{"minzoom":4},"geometry":{"type":"Polygon","coordinates":[[[81.718,25.461],[81.806,25.397],[81.921,25.36],[81.935,25.435],[81.921,25.512],[81.806,25.528],[81.718,25.461]]]}},
{"type":"Feature","properties":{"minzoom":3.7},"geometry":{"type":"Polygon","coordinates":[[[83.038,25.397],[82.963,25.423],[82.93,25.36],[82.925,25.271],[82.967,25.25],[83.026,25.246],[83.077,25.322],[83.095,25.289],[83.141,25.284],[83.128,25.329],[83.077,25.335],[83.038,25.397]]]}},
{"type":"Feature","properties":{"minzoom":4},"geometry":{"type":"Polygon","coordinates":[[[75.762,25.208],[75.762,25.131],[75.813,25.107],[75.889,25.106],[75.902,25.246],[75.762,25.208]]]}},
{"type":"Feature","properties":{"minzoom":3.6},"geometry":{"type":"Polygon","coordinates":[[[67.163,24.761],[67.216,24.794],[67.258,24.795],[67.386,24.765],[67.431,24.826],[67.372,24.869],[67.291,24.89],[67.277,24.927],[67.24,24.941],[67.151,24.915],[67.128,24.975],[67.075,25.004],[67.037,25.004],[66.934,24.918],[66.905,24.826],[67.101,24.792],[67.163,24.761]]]}},
{"type":"Feature","properties":{"minzoom":3.7},"geometry":{"type":"Polygon","coordinates":[[[68.866,24.877],[68.866,24.928],[68.71,24.94],[68.675,24.877],[68.866,24.877]]]}},
{"type":"Feature","properties":{"minzoom":5},"geometry":{"type":"Polygon","coordinates":[[[68.358,24.928],[68.282,24.903],[68.307,24.814],[68.383,24.852],[68.427,24.829],[68.472,24.852],[68.428,24.903],[68.358,24.928]]]}},
{"type":"Feature","properties":{"minzoom":5},"geometry":{"type":"Polygon","coordinates":[[[67.99,24.814],[67.895,24.822],[67.837,24.763],[67.931,24.729],[67.99,24.814]]]}},
{"type":"Feature","properties":{"minzoom":5},"geometry":{"type":"Polygon","coordinates":[[[73.705,24.534],[73.756,24.566],[73.768,24.636],[73.7,24.658],[73.628,24.636],[73.646,24.565],[73.705,24.534]]]}},
{"type":"Feature","properties":{"minzoom":5},"geometry":{"type":"Polygon","coordinates":[[[80.778,24.534],[80.874,24.547],[80.918,24.611],[80.813,24.646],[80.778,24.534]]]}},
{"type":"Feature","properties":{"minzoom":5},"geometry":{"type":"Polygon","coordinates":[[[82.81,24.204],[82.642,24.178],[82.582,24.141],[82.621,24.085],[82.709,24.077],[82.774,24.127],[82.81,24.204]]]}},
{"type":"Feature","properties":{"minzoom":3.6},"geometry":{"type":"Polygon","coordinates":[[[90.405,23.671],[90.441,23.599],[90.519,23.569],[90.517,23.755],[90.456,23.938],[90.408,23.966],[90.342,23.976],[90.316,23.849],[90.283,23.837],[90.278,23.798],[90.325,23.717],[90.405,23.671]]]}},
{"type":"Feature","properties":{"minzoom":3.7},"geometry":{"type":"Polygon","coordinates":[[[87.363,23.582],[87.332,23.633],[87.281,23.633],[87.255,23.658],[87.255,23.722],[87.303,23.725],[87.319,23.76],[87.268,23.775],[87.23,23.734],[87.179,23.747],[87.165,23.71],[87.128,23.696],[87.04,23.734],[86.9,23.734],[86.862,23.81],[86.92,23.829],[86.938,23.887],[86.861,23.868],[86.811,23.823],[86.773,23.836],[86.735,23.823],[86.763,23.737],[86.811,23.671],[87.014,23.645],[87.128,23.595],[87.193,23.525],[87.281,23.48],[87.37,23.506],[87.363,23.582]]]}},
{"type":"Feature","properties":{"minzoom":4},"geometry":{"type":"Polygon","coordinates":[[[86.544,23.645],[86.53,23.727],[86.481,23.772],[86.455,23.836],[86.29,23.849],[86.191,23.802],[86.074,23.772],[85.985,23.81],[85.833,23.836],[85.828,23.786],[85.846,23.734],[85.973,23.76],[86.057,23.679],[86.163,23.62],[86.201,23.709],[86.265,23.772],[86.395,23.656],[86.544,23.645]]]}},
{"type":"Feature","properties":{"minzoom":5},"geometry":{"type":"Polygon","coordinates":[[[72.422,23.366],[72.446,23.263],[72.523,23.214],[72.533,23.273],[72.511,23.328],[72.556,23.353],[72.574,23.404],[72.527,23.426],[72.473,23.417],[72.435,23.48],[72.457,23.564],[72.422,23.645],[72.346,23.645],[72.32,23.556],[72.244,23.556],[72.283,23.426],[72.422,23.366]]]}},
{"type":"Feature","properties":{"minzoom":3.7},"geometry":{"type":"Polygon","coordinates":[[[77.502,23.188],[77.476,23.321],[77.311,23.315],[77.362,23.201],[77.502,23.188]]]}},
{"type":"Feature","properties":{"minzoom":5},"geometry":{"type":"Polygon","coordinates":[[[72.686,23.217],[72.727,23.277],[72.664,23.313],[72.587,23.29],[72.589,23.229],[72.612,23.188],[72.686,23.217]]]}},
{"type":"Feature","properties":{"minzoom":4},"geometry":{"type":"Polygon","coordinates":[[[79.923,23.227],[79.864,23.163],[79.961,23.144],[80.016,23.226],[79.923,23.227]]]}},
{"type":"Feature","properties":{"minzoom":5},"geometry":{"type":"Polygon","coordinates":[[[70.251,22.971],[70.268,22.965],[70.282,23.059],[70.226,23.112],[70.07,23.167],[69.996,23.163],[69.996,23.112],[70.036,23.068],[70.143,23.009],[70.17,22.96],[70.251,22.971]]]}},
{"type":"Feature","properties":{"minzoom":3.6},"geometry":{"type":"Polygon","coordinates":[[[72.701,22.934],[72.728,23.03],[72.714,23.137],[72.543,23.161],[72.46,23.01],[72.562,22.939],[72.701,22.934]]]}},
{"type":"Feature","properties":{"minzoom":3.6},"geometry":{"type":"Polygon","coordinates":[[[88.487,22.96],[88.525,22.972],[88.513,23.125],[88.475,23.137],[88.427,23.049],[88.335,23.036],[88.36,22.921],[88.284,22.629],[88.245,22.612],[88.221,22.579],[88.221,22.515],[88.293,22.466],[88.386,22.439],[88.448,22.524],[88.462,22.629],[88.497,22.67],[88.513,22.731],[88.487,22.769],[88.398,22.769],[88.487,22.96]]]}},
{"type":"Feature","properties":{"minzoom":3.7},"geometry":{"type":"Polygon","coordinates":[[[86.087,22.807],[86.168,22.752],[86.278,22.756],[86.278,22.82],[86.171,22.856],[86.087,22.807]]]}},
{"type":"Feature","properties":{"minzoom":4},"geometry":{"type":"Polygon","coordinates":[[[75.813,22.54],[75.864,22.655],[75.952,22.68],[75.945,22.762],[75.914,22.82],[75.797,22.766],[75.775,22.617],[75.741,22.605],[75.724,22.579],[75.737,22.54],[75.813,22.54]]]}},
{"type":"Feature","properties":{"minzoom":5},"geometry":{"type":"Polygon","coordinates":[[[69.936,22.512],[70.065,22.439],[70.121,22.468],[70.061,22.552],[70.006,22.548],[69.936,22.512]]]}},
{"type":"Feature","properties":{"minzoom":4},"geometry":{"type":"Polygon","coordinates":[[[73.095,22.325],[73.138,22.26],[73.222,22.236],[73.264,22.289],[73.285,22.363],[73.154,22.461],[73.095,22.477],[73.047,22.449],[73.031,22.388],[73.095,22.325]]]}},
{"type":"Feature","properties":{"minzoom":5},"geometry":{"type":"Polygon","coordinates":[[[82.654,22.43],[82.645,22.375],[82.603,22.36],[82.582,22.325],[82.722,22.312],[82.743,22.404],[82.671,22.477],[82.654,22.43]]]}},
{"type":"Feature","properties":{"minzoom":5},"geometry":{"type":"Polygon","coordinates":[[[87.294,22.312],[87.349,22.346],[87.37,22.413],[87.265,22.406],[87.294,22.312]]]}},
{"type":"Feature","properties":{"minzoom":3.7},"geometry":{"type":"Polygon","coordinates":[[[91.845,22.343],[91.883,22.369],[91.884,22.396],[91.863,22.411],[91.798,22.424],[91.745,22.388],[91.797,22.297],[91.845,22.343]]]}},
{"type":"Feature","properties":{"minzoom":4},"geometry":{"type":"Polygon","coordinates":[[[70.898,22.363],[70.776,22.385],[70.695,22.312],[70.818,22.245],[70.898,22.363]]]}},
{"type":"Feature","properties":{"minzoom":5},"geometry":{"type":"Polygon","coordinates":[[[84.779,22.274],[84.8,22.212],[84.855,22.185],[84.915,22.214],[84.931,22.286],[84.851,22.3],[84.779,22.274]]]}},
{"type":"Feature","properties":{"minzoom":5},"geometry":{"type":"Polygon","coordinates":[[[72.618,21.962],[72.7,21.972],[72.644,21.938],[72.593,21.878],[72.543,21.697],[72.733,21.691],[72.75,21.726],[72.741,21.757],[72.663,21.766],[72.739,21.867],[72.787,21.889],[72.815,21.931],[72.752,22.007],[72.774,22.036],[72.765,22.071],[72.727,22.071],[72.689,22.013],[72.625,21.982],[72.531,22.027],[72.522,21.976],[72.618,21.962]]]}},
{"type":"Feature","properties":{"minzoom":5},"geometry":{"type":"Polygon","coordinates":[[[73.046,21.728],[73.044,21.778],[73.005,21.792],[72.966,21.779],[72.937,21.699],[73.046,21.728]]]}},
{"type":"Feature","properties":{"minzoom":5},"geometry":{"type":"Polygon","coordinates":[[[72.816,21.622],[72.841,21.525],[72.943,21.563],[73.02,21.559],[73.095,21.588],[73.082,21.664],[73.046,21.713],[72.816,21.622]]]}},
{"type":"Feature","properties":{"minzoom":5},"geometry":{"type":"Polygon","coordinates":[[[73.019,21.461],[73.019,21.512],[72.952,21.505],[72.892,21.461],[72.786,21.453],[72.739,21.385],[72.93,21.372],[72.917,21.448],[73.019,21.461]]]}},
{"type":"Feature","properties":{"minzoom":3.6},"geometry":{"type":"Polygon","coordinates":[[[72.752,21.129],[72.814,21.117],[72.825,21.081],[72.877,21.066],[72.904,21.029],[72.882,20.981],[72.892,20.928],[72.959,20.949],[72.968,21.029],[73.074,21.05],[73.146,21.105],[73.184,21.075],[73.235,21.08],[73.133,21.283],[73.062,21.304],[72.798,21.301],[72.737,21.247],[72.677,21.221],[72.692,21.178],[72.752,21.129]]]}},
{"type":"Feature","properties":{"minzoom":3.7},"geometry":{"type":"Polygon","coordinates":[[[79.178,21.118],[79.178,21.207],[79.215,21.221],[79.229,21.258],[79.153,21.258],[79.134,21.296],[79.089,21.309],[79.054,21.255],[79,21.22],[79,21.105],[79.095,21.092],[79.178,21.118]]]}},
{"type":"Feature","properties":{"minzoom":5},"geometry":{"type":"Polygon","coordinates":[[[81.426,21.169],[81.426,21.232],[81.328,21.238],[81.274,21.169],[81.35,21.156],[81.426,21.169]]]}},
{"type":"Feature","properties":{"minzoom":5},"geometry":{"type":"Polygon","coordinates":[[[71.502,20.931],[71.491,20.985],[71.319,20.925],[71.328,20.845],[71.502,20.931]]]}},
{"type":"Feature","properties":{"minzoom":5},"geometry":{"type":"Polygon","coordinates":[[[74.835,20.915],[74.761,20.973],[74.708,20.89],[74.733,20.864],[74.799,20.874],[74.835,20.915]]]}},
{"type":"Feature","properties":{"minzoom":5},"geometry":{"type":"Polygon","coordinates":[[[70.658,20.803],[70.733,20.788],[70.758,20.902],[70.644,20.877],[70.658,20.803]]]}},
{"type":"Feature","properties":{"minzoom":5},"geometry":{"type":"Polygon","coordinates":[[[71.045,20.746],[71.043,20.781],[71.078,20.832],[71.076,20.864],[71.025,20.878],[70.974,20.864],[70.987,20.788],[70.962,20.728],[71.045,20.746]]]}},
{"type":"Feature","properties":{"minzoom":4},"geometry":{"type":"Polygon","coordinates":[[[85.96,20.458],[85.935,20.534],[85.84,20.526],[85.795,20.47],[85.879,20.438],[85.96,20.458]]]}},
{"type":"Feature","properties":{"minzoom":5},"geometry":{"type":"Polygon","coordinates":[[[72.839,20.389],[72.968,20.356],[72.969,20.394],[72.944,20.435],[72.855,20.489],[72.821,20.393],[72.839,20.389]]]}},
{"type":"Feature","properties":{"minzoom":5},"geometry":{"type":"Polygon","coordinates":[[[79.267,19.823],[79.356,19.835],[79.318,19.924],[79.343,20.039],[79.29,20.083],[79.216,20.077],[79.204,20.039],[79.235,20],[79.242,19.937],[79.28,19.873],[79.267,19.823]]]}},
{"type":"Feature","properties":{"minzoom":4},"geometry":{"type":"Polygon","coordinates":[[[73.73,19.937],[73.837,19.95],[73.895,20.013],[73.79,20.048],[73.679,20.039],[73.694,19.978],[73.73,19.937]]]}},
{"type":"Feature","properties":{"minzoom":4},"geometry":{"type":"Polygon","coordinates":[[[75.317,19.962],[75.226,19.908],[75.178,19.81],[75.246,19.803],[75.305,19.835],[75.392,19.85],[75.444,19.899],[75.389,19.939],[75.317,19.962]]]}},
{"type":"Feature","properties":{"minzoom":3.6},"geometry":{"type":"Polygon","coordinates":[[[72.764,19.413],[72.788,19.363],[72.987,19.277],[72.812,19.299],[72.795,19.252],[72.803,19.079],[72.835,18.976],[72.901,19.014],[72.972,19.153],[73.002,19.01],[73.12,18.972],[73.158,19.048],[73.133,19.111],[73.1,19.123],[73.082,19.15],[73.156,19.184],[73.26,19.188],[73.185,19.303],[73.044,19.353],[72.979,19.316],[72.93,19.327],[72.889,19.358],[72.853,19.459],[72.814,19.486],[72.781,19.49],[72.756,19.451],[72.764,19.413]]]}},
{"type":"Feature","properties":{"minzoom":5},"geometry":{"type":"Polygon","coordinates":[[[74.731,19.076],[74.771,19.099],[74.741,19.176],[74.657,19.2],[74.67,19.073],[74.731,19.076]]]}},
{"type":"Feature","properties":{"minzoom":5},"geometry":{"type":"Polygon","coordinates":[[[79.537,18.81],[79.496,18.845],[79.507,18.943],[79.496,19.048],[79.458,19.048],[79.407,18.73],[79.585,18.642],[79.585,18.781],[79.537,18.81]]]}},
{"type":"Feature","properties":{"minzoom":3.7},"geometry":{"type":"Polygon","coordinates":[[[73.755,18.489],[73.891,18.458],[73.984,18.553],[73.946,18.603],[73.882,18.629],[73.87,18.68],[73.793,18.73],[73.768,18.73],[73.743,18.642],[73.755,18.489]]]}},
{"type":"Feature","properties":{"minzoom":3.7},"geometry":{"type":"Polygon","coordinates":[[[83.368,17.767],[83.204,17.778],[83.115,17.702],[83.134,17.627],[83.174,17.593],[83.368,17.767]]]}},
{"type":"Feature","properties":{"minzoom":4},"geometry":{"type":"Polygon","coordinates":[[[75.978,17.676],[75.895,17.739],[75.838,17.651],[75.919,17.625],[75.978,17.676]]]}},
{"type":"Feature","properties":{"minzoom":3.6},"geometry":{"type":"Polygon","coordinates":[[[78.327,17.448],[78.391,17.308],[78.442,17.283],[78.521,17.293],[78.581,17.321],[78.632,17.486],[78.569,17.524],[78.556,17.549],[78.492,17.549],[78.442,17.575],[78.32,17.587],[78.226,17.575],[78.226,17.499],[78.285,17.482],[78.327,17.448]]]}},
{"type":"Feature","properties":{"minzoom":5},"geometry":{"type":"Polygon","coordinates":[[[74.646,16.897],[74.555,16.94],[74.53,16.838],[74.606,16.825],[74.622,16.791],[74.67,16.787],[74.646,16.897]]]}},
{"type":"Feature","properties":{"minzoom":5},"geometry":{"type":"Polygon","coordinates":[[[74.517,16.698],[74.594,16.597],[74.632,16.711],[74.517,16.787],[74.486,16.749],[74.416,16.749],[74.416,16.698],[74.465,16.686],[74.517,16.698]]]}},
{"type":"Feature","properties":{"minzoom":4},"geometry":{"type":"Polygon","coordinates":[[[74.263,16.686],[74.31,16.702],[74.34,16.737],[74.241,16.768],[74.174,16.698],[74.215,16.675],[74.263,16.686]]]}},
{"type":"Feature","properties":{"minzoom":5},"geometry":{"type":"Polygon","coordinates":[[[78.852,14.45],[78.899,14.527],[78.805,14.528],[78.759,14.451],[78.852,14.45]]]}},
{"type":"Feature","properties":{"minzoom":5},"geometry":{"type":"Polygon","coordinates":[[[79.978,14.413],[80.018,14.43],[80.042,14.463],[79.963,14.504],[79.915,14.4],[79.952,14.393],[79.978,14.413]]]}},
{"type":"Feature","properties":{"minzoom":5},"geometry":{"type":"Polygon","coordinates":[[[75.762,13.879],[75.671,13.863],[75.66,13.739],[75.735,13.786],[75.762,13.879]]]}},
{"type":"Feature","properties":{"minzoom":3.6},"geometry":{"type":"Polygon","coordinates":[[[80.309,13.294],[80.131,13.181],[80.073,13.181],[80.042,13.155],[80.071,13.12],[80.055,13.054],[80.131,13.028],[80.08,12.952],[80.161,12.924],[80.267,12.916],[80.33,13.288],[80.309,13.294]]]}},
{"type":"Feature","properties":{"minzoom":3.6},"geometry":{"type":"Polygon","coordinates":[[[77.73,13.079],[77.642,13.066],[77.624,13.106],[77.591,13.13],[77.545,13.093],[77.476,13.079],[77.495,12.952],[77.553,12.863],[77.692,12.825],[77.667,12.927],[77.745,12.986],[77.73,13.079]]]}},
{"type":"Feature","properties":{"minzoom":4},"geometry":{"type":"Polygon","coordinates":[[[76.575,12.38],[76.579,12.309],[76.638,12.266],[76.694,12.293],[76.714,12.355],[76.575,12.38]]]}},
{"type":"Feature","properties":{"minzoom":5},"geometry":{"type":"Polygon","coordinates":[[[79.407,11.618],[79.42,11.504],[79.522,11.537],[79.521,11.644],[79.407,11.618]]]}},
{"type":"Feature","properties":{"minzoom":5},"geometry":{"type":"Polygon","coordinates":[[[77.381,11.085],[77.413,11.136],[77.374,11.174],[77.311,11.187],[77.288,11.131],[77.311,11.072],[77.381,11.085]]]}},
{"type":"Feature","properties":{"minzoom":3.7},"geometry":{"type":"Polygon","coordinates":[[[76.905,11.085],[76.905,10.992],[76.981,10.945],[77.035,10.975],[77.057,11.034],[76.997,11.09],[76.905,11.085]]]}},
{"type":"Feature","properties":{"minzoom":3.6},"geometry":{"type":"Polygon","coordinates":[[[59.569,36.206],[59.695,36.214],[59.773,36.295],[59.716,36.384],[59.595,36.409],[59.544,36.466],[59.48,36.51],[59.441,36.515],[59.379,36.51],[59.328,36.447],[59.29,36.46],[59.252,36.434],[59.29,36.307],[59.454,36.281],[59.569,36.206]]]}},
{"type":"Feature","properties":{"minzoom":5},"geometry":{"type":"Polygon","coordinates":[[[114.888,25.911],[114.875,25.835],[114.959,25.814],[115.015,25.873],[114.989,25.911],[114.888,25.911]]]}},
{"type":"Feature","properties":{"minzoom":5},"geometry":{"type":"Polygon","coordinates":[[[119.414,25.643],[119.46,25.619],[119.465,25.71],[119.434,25.784],[119.282,25.746],[119.312,25.694],[119.384,25.683],[119.414,25.643]]]}},
{"type":"Feature","properties":{"minzoom":5},"geometry":{"type":"Polygon","coordinates":[[[119.18,25.45],[119.253,25.466],[119.256,25.518],[119.121,25.536],[118.997,25.493],[118.964,25.429],[119.026,25.395],[119.104,25.378],[119.18,25.45]]]}},
{"type":"Feature","properties":{"minzoom":3.7},"geometry":{"type":"Polygon","coordinates":[[[110.328,25.213],[110.367,25.276],[110.342,25.335],[110.29,25.365],[110.265,25.365],[110.192,25.318],[110.138,25.251],[110.328,25.213]]]}},
{"type":"Feature","properties":{"minzoom":3.6},"geometry":{"type":"Polygon","coordinates":[[[120.789,24.581],[120.806,24.553],[120.788,24.508],[120.793,24.464],[120.856,24.528],[120.869,24.641],[120.946,24.667],[120.946,24.724],[120.971,24.756],[121.098,24.743],[121.085,24.857],[121.162,24.883],[121.187,24.807],[121.276,24.838],[121.339,24.895],[121.479,24.946],[121.543,24.934],[121.657,25.035],[121.824,25.117],[121.731,25.155],[121.706,25.127],[121.619,25.086],[121.504,25.162],[121.478,25.261],[121.45,25.249],[121.4,25.196],[121.425,25.129],[121.389,25.102],[121.339,25.086],[121.297,25.135],[121.041,25.033],[120.902,24.813],[120.749,24.632],[120.789,24.581]]]}},
{"type":"Feature","properties":{"minzoom":3.6},"geometry":{"type":"Polygon","coordinates":[[[102.834,25.085],[102.81,25.175],[102.687,25.158],[102.594,25.111],[102.61,24.982],[102.747,24.946],[102.772,24.89],[102.823,24.857],[102.874,24.933],[102.899,25.035],[102.834,25.085]]]}},
{"type":"Feature","properties":{"minzoom":4},"geometry":{"type":"Polygon","coordinates":[[[118.56,24.58],[118.657,24.621],[118.719,24.746],[118.692,24.782],[118.64,24.809],[118.637,24.836],[118.663,24.841],[118.654,24.867],[118.713,24.933],[118.723,24.972],[118.698,25.01],[118.583,24.984],[118.457,24.997],[118.38,25.035],[118.355,24.984],[118.482,24.921],[118.458,24.881],[118.418,24.857],[118.322,24.579],[118.412,24.601],[118.56,24.58]]]}},
{"type":"Feature","properties":{"minzoom":5},"geometry":{"type":"Polygon","coordinates":[[[102.541,24.969],[102.454,24.984],[102.434,24.929],[102.454,24.87],[102.537,24.87],[102.582,24.908],[102.541,24.969]]]}},
{"type":"Feature","properties":{"minzoom":4},"geometry":{"type":"Polygon","coordinates":[[[113.577,24.864],[113.516,24.832],[113.535,24.74],[113.592,24.654],[113.669,24.692],[113.65,24.761],[113.656,24.832],[113.577,24.864]]]}},
{"type":"Feature","properties":{"minzoom":5},"geometry":{"type":"Polygon","coordinates":[[[121.759,24.818],[121.733,24.807],[121.67,24.68],[121.827,24.619],[121.813,24.746],[121.823,24.83],[121.759,24.818]]]}},
{"type":"Feature","properties":{"minzoom":5},"geometry":{"type":"Polygon","coordinates":[[[118.014,24.56],[118.087,24.627],[118.15,24.626],[118.146,24.645],[118.215,24.743],[118.19,24.794],[118.105,24.746],[118.063,24.654],[118.001,24.646],[117.961,24.616],[117.965,24.478],[118.006,24.482],[118.014,24.56]]]}},
{"type":"Feature","properties":{"minzoom":4},"geometry":{"type":"Polygon","coordinates":[[[118.09,24.446],[118.15,24.436],[118.183,24.496],[118.171,24.519],[118.104,24.552],[118.077,24.501],[118.09,24.446]]]}},
{"type":"Feature","properties":{"minzoom":5},"geometry":{"type":"Polygon","coordinates":[[[117.606,24.546],[117.606,24.502],[117.704,24.461],[117.822,24.438],[117.769,24.542],[117.618,24.578],[117.606,24.546]]]}},
{"type":"Feature","properties":{"minzoom":5},"geometry":{"type":"Polygon","coordinates":[[[102.62,24.387],[102.539,24.413],[102.467,24.349],[102.557,24.312],[102.62,24.387]]]}},
{"type":"Feature","properties":{"minzoom":5},"geometry":{"type":"Polygon","coordinates":[[[109.363,24.413],[109.3,24.26],[109.368,24.234],[109.465,24.248],[109.516,24.337],[109.452,24.401],[109.363,24.413]]]}},
{"type":"Feature","properties":{"minzoom":5},"geometry":{"type":"Polygon","coordinates":[[[113.084,23.727],[113.043,23.751],[112.996,23.74],[112.983,23.702],[113.043,23.609],[113.148,23.562],[113.103,23.631],[113.084,23.727]]]}},
{"type":"Feature","properties":{"minzoom":5},"geometry":{"type":"Polygon","coordinates":[[[116.699,23.278],[116.682,23.327],[116.629,23.354],[116.712,23.36],[116.818,23.423],[116.844,23.6],[116.691,23.549],[116.666,23.6],[116.704,23.676],[116.617,23.713],[116.552,23.651],[116.64,23.549],[116.615,23.46],[116.571,23.447],[116.552,23.41],[116.597,23.332],[116.582,23.232],[116.59,23.219],[116.669,23.228],[116.699,23.278]]]}},
{"type":"Feature","properties":{"minzoom":5},"geometry":{"type":"Polygon","coordinates":[[[116.4,23.516],[116.488,23.511],[116.488,23.6],[116.386,23.624],[116.285,23.613],[116.295,23.54],[116.323,23.486],[116.4,23.516]]]}},
{"type":"Feature","properties":{"minzoom":5},"geometry":{"type":"Polygon","coordinates":[[[116.319,23.232],[116.386,23.194],[116.513,23.219],[116.478,23.292],[116.412,23.333],[116.272,23.308],[116.319,23.232]]]}},
{"type":"Feature","properties":{"minzoom":3.7},"geometry":{"type":"Polygon","coordinates":[[[108.22,22.8],[108.265,22.756],[108.335,22.736],[108.383,22.777],[108.411,22.838],[108.3,22.907],[108.22,22.8]]]}},
{"type":"Feature","properties":{"minzoom":5},"geometry":{"type":"Polygon","coordinates":[[[112.729,22.343],[112.754,22.419],[112.798,22.432],[112.818,22.47],[112.8,22.497],[112.767,22.508],[112.653,22.355],[112.729,22.343]]]}},
{"type":"Feature","properties":{"minzoom":4},"geometry":{"type":"Polygon","coordinates":[[[96.059,21.885],[96.13,21.873],[96.154,21.932],[96.155,22.013],[96.075,22.046],[96.003,22.013],[96.003,21.911],[96.059,21.885]]]}},
{"type":"Feature","properties":{"minzoom":5},"geometry":{"type":"Polygon","coordinates":[[[111.061,21.511],[111.086,21.494],[111.01,21.635],[111.002,21.682],[110.9,21.759],[110.852,21.73],[110.824,21.682],[110.919,21.569],[111.009,21.481],[111.017,21.512],[111.061,21.511]]]}},
{"type":"Feature","properties":{"minzoom":4},"geometry":{"type":"Polygon","coordinates":[[[110.397,21.248],[110.405,21.3],[110.349,21.327],[110.309,21.324],[110.293,21.293],[110.368,21.166],[110.397,21.248]]]}},
{"type":"Feature","properties":{"minzoom":4},"geometry":{"type":"Polygon","coordinates":[[[110.477,21.221],[110.504,21.286],[110.494,21.301],[110.442,21.297],[110.458,21.231],[110.477,21.221]]]}},
{"type":"Feature","properties":{"minzoom":3.7},"geometry":{"type":"Polygon","coordinates":[[[105.757,21.098],[105.756,21.009],[105.782,20.946],[105.892,20.969],[105.934,21.06],[105.852,21.113],[105.757,21.098]]]}},
{"type":"Feature","properties":{"minzoom":5},"geometry":{"type":"Polygon","coordinates":[[[110.213,20.008],[110.232,19.985],[110.299,19.959],[110.468,19.955],[110.418,20.055],[110.394,20.059],[110.392,19.976],[110.344,20.039],[110.205,20.056],[110.213,20.008]]]}},
{"type":"Feature","properties":{"minzoom":4},"geometry":{"type":"Polygon","coordinates":[[[98.937,18.698],[99.076,18.749],[99.055,18.86],[98.987,18.926],[98.962,18.926],[98.962,18.825],[98.937,18.698]]]}},
{"type":"Feature","properties":{"minzoom":3.7},"geometry":{"type":"Polygon","coordinates":[[[96.22,16.781],[96.251,16.752],[96.302,16.769],[96.318,16.794],[96.257,16.844],[96.206,16.933],[96.066,16.945],[96.054,16.856],[96.112,16.782],[96.193,16.723],[96.203,16.729],[96.189,16.768],[96.22,16.781]]]}},
{"type":"Feature","properties":{"minzoom":5},"geometry":{"type":"Polygon","coordinates":[[[120.628,15.104],[120.639,15.188],[120.603,15.256],[120.546,15.237],[120.514,15.193],[120.557,15.134],[120.628,15.104]]]}},
{"type":"Feature","properties":{"minzoom":5},"geometry":{"type":"Polygon","coordinates":[[[101.388,15.104],[101.374,15.166],[101.324,15.193],[101.313,15.166],[101.286,15.155],[101.108,15.243],[101.096,15.167],[101.174,15.157],[101.21,15.104],[101.388,15.104]]]}},
{"type":"Feature","properties":{"minzoom":5},"geometry":{"type":"Polygon","coordinates":[[[101.197,14.85],[101.261,14.95],[101.21,15.053],[101.174,15.025],[101.108,15.028],[101.045,14.875],[101.121,14.888],[101.197,14.85]]]}},
{"type":"Feature","properties":{"minzoom":5},"geometry":{"type":"Polygon","coordinates":[[[102.042,14.983],[101.959,14.901],[102.188,14.888],[102.213,14.913],[102.194,15.002],[102.137,15.053],[102.042,14.983]]]}},
{"type":"Feature","properties":{"minzoom":5},"geometry":{"type":"Polygon","coordinates":[[[100.74,14.774],[100.672,14.867],[100.613,14.786],[100.675,14.763],[100.74,14.774]]]}},
{"type":"Feature","properties":{"minzoom":5},"geometry":{"type":"Polygon","coordinates":[[[100.853,14.381],[100.829,14.329],[100.886,14.333],[100.931,14.38],[100.963,14.506],[101.032,14.596],[101.119,14.597],[101.146,14.659],[101.019,14.685],[100.943,14.659],[100.931,14.748],[100.765,14.774],[100.768,14.7],[100.791,14.647],[100.905,14.659],[100.911,14.592],[100.88,14.532],[100.892,14.418],[100.853,14.381]]]}},
{"type":"Feature","properties":{"minzoom":5},"geometry":{"type":"Polygon","coordinates":[[[99.927,14.52],[99.864,14.545],[99.838,14.418],[99.851,14.354],[99.775,14.367],[99.787,14.322],[99.838,14.316],[99.865,14.273],[99.914,14.253],[99.917,14.36],[99.889,14.469],[99.927,14.52]]]}},
{"type":"Feature","properties":{"minzoom":5},"geometry":{"type":"Polygon","coordinates":[[[100.596,14.433],[100.549,14.443],[100.524,14.354],[100.589,14.316],[100.664,14.316],[100.638,14.418],[100.596,14.433]]]}},
{"type":"Feature","properties":{"minzoom":4},"geometry":{"type":"Polygon","coordinates":[[[100.898,12.654],[100.954,12.621],[101.09,12.674],[101.372,12.63],[101.356,12.692],[101.248,12.767],[101.261,12.843],[101.196,12.862],[101.121,12.843],[101.134,12.932],[101.07,12.932],[101.07,12.818],[101.099,12.815],[101.108,12.792],[101.077,12.767],[101.019,12.767],[100.986,12.718],[100.931,12.691],[100.919,12.778],[100.886,12.787],[100.863,12.715],[100.898,12.654]]]}},
{"type":"Feature","properties":{"minzoom":3.6},"geometry":{"type":"Polygon","coordinates":[[[106.582,10.9],[106.577,10.855],[106.595,10.811],[106.584,10.746],[106.62,10.697],[106.696,10.748],[106.739,10.736],[106.785,10.748],[106.811,10.824],[106.887,10.881],[106.925,10.976],[106.866,11],[106.785,11.002],[106.747,10.938],[106.707,10.987],[106.646,11.014],[106.671,10.913],[106.582,10.9]]]}},
{"type":"Feature","properties":{"minzoom":5},"geometry":{"type":"Polygon","coordinates":[[[100.434,5.253],[100.481,5.268],[100.486,5.414],[100.378,5.473],[100.434,5.253]]]}},
{"type":"Feature","properties":{"minzoom":5},"geometry":{"type":"Polygon","coordinates":[[[101.17,4.637],[101.121,4.702],[101.057,4.646],[101.032,4.55],[101.146,4.55],[101.17,4.637]]]}},
{"type":"Feature","properties":{"minzoom":5},"geometry":{"type":"Polygon","coordinates":[[[98.683,3.521],[98.69,3.559],[98.67,3.598],[98.746,3.61],[98.721,3.674],[98.606,3.623],[98.623,3.55],[98.683,3.521]]]}},
{"type":"Feature","properties":{"minzoom":3.6},"geometry":{"type":"Polygon","coordinates":[[[101.351,3.003],[101.43,3.007],[101.502,3.051],[101.575,2.998],[101.667,3.013],[101.756,2.937],[101.79,2.966],[101.845,2.975],[101.807,3.178],[101.743,3.267],[101.566,3.267],[101.502,3.153],[101.496,3.102],[101.464,3.077],[101.34,3.087],[101.351,3.003]]]}},
{"type":"Feature","properties":{"minzoom":5},"geometry":{"type":"Polygon","coordinates":[[[102.328,2.155],[102.289,2.302],[102.169,2.297],[102.121,2.268],[102.328,2.155]]]}},
{"type":"Feature","properties":{"minzoom":5},"geometry":{"type":"Polygon","coordinates":[[[103.915,1.447],[103.956,1.451],[103.965,1.469],[103.953,1.502],[103.867,1.484],[103.84,1.5],[103.818,1.547],[103.759,1.554],[103.712,1.528],[103.714,1.454],[103.817,1.477],[103.915,1.447]]]}},
{"type":"Feature","properties":{"minzoom":3.7},"geometry":{"type":"Polygon","coordinates":[[[103.65,1.326],[103.82,1.265],[103.97,1.331],[103.996,1.365],[103.818,1.447],[103.705,1.423],[103.65,1.326]]]}},
{"type":"Feature","properties":{"minzoom":3.6},"geometry":{"type":"Polygon","coordinates":[[[106.672,-6.079],[106.523,-6.172],[106.506,-6.232],[106.646,-6.27],[106.709,-6.359],[106.861,-6.423],[106.938,-6.334],[107.052,-6.308],[107.107,-6.336],[107.166,-6.334],[107.179,-6.308],[107.065,-6.169],[107.001,-6.143],[106.96,-6.051],[106.878,-6.092],[106.825,-6.098],[106.672,-6.038],[106.672,-6.079]]]}},
{"type":"Feature","properties":{"minzoom":3.7},"geometry":{"type":"Polygon","coordinates":[[[107.623,-6.994],[107.685,-6.967],[107.712,-6.905],[107.626,-6.862],[107.522,-6.867],[107.549,-6.955],[107.623,-6.994]]]}},
{"type":"Feature","properties":{"minzoom":3.7},"geometry":{"type":"Polygon","coordinates":[[[112.653,-7.259],[112.665,-7.325],[112.653,-7.35],[112.703,-7.401],[112.703,-7.464],[112.745,-7.436],[112.788,-7.374],[112.794,-7.305],[112.752,-7.265],[112.651,-7.222],[112.653,-7.259]]]}},
{"type":"Feature","properties":{"minzoom":4},"geometry":{"type":"Polygon","coordinates":[[[130.941,-12.455],[130.953,-12.5],[131.004,-12.506],[130.985,-12.455],[130.941,-12.43],[130.931,-12.388],[130.902,-12.361],[130.874,-12.367],[130.883,-12.456],[130.941,-12.455]]]}},
{"type":"Feature","properties":{"minzoom":3.6},"geometry":{"type":"Polygon","coordinates":[[[120.553,22.525],[120.581,22.636],[120.577,22.711],[120.603,22.768],[120.59,22.838],[120.488,22.825],[120.452,22.754],[120.4,22.698],[120.4,22.787],[120.336,22.927],[120.374,23.105],[120.349,23.181],[120.378,23.222],[120.387,23.283],[120.501,23.46],[120.501,23.625],[120.641,23.74],[120.701,23.744],[120.717,23.791],[120.628,23.829],[120.628,23.88],[120.641,23.918],[120.685,23.877],[120.73,23.867],[120.727,24.008],[120.768,24.108],[120.755,24.222],[120.815,24.242],[120.857,24.286],[120.692,24.4],[120.698,24.466],[120.685,24.483],[120.64,24.491],[120.132,23.653],[120.13,23.619],[120.209,23.524],[120.176,23.429],[120.184,23.321],[120.093,23.231],[120.072,23.15],[120.083,23.094],[120.15,22.975],[120.233,22.718],[120.326,22.542],[120.316,22.548],[120.388,22.485],[120.48,22.442],[120.529,22.4],[120.527,22.508],[120.553,22.525]]]}},
{"type":"Feature","properties":{"minzoom":5},"geometry":{"type":"Polygon","coordinates":[[[113.521,22.852],[113.465,22.905],[113.404,22.903],[113.426,22.859],[113.486,22.828],[113.564,22.758],[113.555,22.804],[113.521,22.852]]]}},
{"type":"Feature","properties":{"minzoom":3.6},"geometry":{"type":"Polygon","coordinates":[[[113.499,22.202],[113.548,22.223],[113.589,22.35],[113.551,22.404],[113.553,22.594],[113.45,22.726],[113.432,22.789],[113.345,22.865],[113.331,22.912],[113.442,22.941],[113.46,22.996],[113.445,23.055],[113.52,23.102],[113.62,23.127],[113.592,23.077],[113.586,23.02],[113.62,22.861],[113.661,22.802],[113.754,22.734],[113.828,22.607],[113.931,22.531],[114.015,22.512],[114.007,22.484],[113.896,22.428],[113.903,22.396],[113.937,22.365],[114.033,22.376],[114.268,22.296],[114.288,22.325],[114.24,22.419],[114.164,22.419],[114.202,22.571],[114.257,22.605],[114.291,22.66],[114.418,22.66],[114.442,22.732],[114.507,22.762],[114.507,22.813],[114.494,22.851],[114.429,22.853],[114.367,22.825],[114.329,22.863],[114.282,22.809],[114.215,22.775],[114.215,22.863],[114.167,22.879],[114.151,22.927],[114.23,22.959],[114.342,22.965],[114.494,23.079],[114.474,23.187],[114.392,23.232],[114.34,23.186],[114.278,23.168],[114.332,23.146],[114.354,23.092],[114.227,23.029],[114.164,23.029],[114.123,23.091],[114.062,23.13],[113.935,23.156],[113.796,23.219],[113.616,23.198],[113.427,23.219],[113.389,23.308],[113.468,23.388],[113.529,23.486],[113.313,23.435],[113.288,23.511],[113.135,23.498],[113.126,23.425],[113.059,23.41],[113.084,23.308],[112.983,23.219],[112.913,23.249],[112.805,23.244],[112.818,23.164],[112.881,23.105],[112.894,22.978],[112.818,22.927],[112.78,22.838],[112.856,22.857],[112.957,22.851],[112.907,22.762],[112.99,22.746],[113.072,22.787],[113.095,22.747],[113.097,22.686],[113.008,22.648],[112.945,22.521],[112.973,22.466],[113.021,22.432],[113.186,22.571],[113.3,22.381],[113.336,22.36],[113.351,22.317],[113.401,22.317],[113.427,22.292],[113.411,22.177],[113.499,22.202]]]}},
{"type":"Feature","properties":{"minzoom":5},"geometry":{"type":"Polygon","coordinates":[[[114.207,22.195],[114.232,22.211],[114.247,22.264],[114.187,22.297],[114.134,22.292],[114.207,22.195]]]}},
{"type":"Feature","properties":{"minzoom":3.6},"geometry":{"type":"Polygon","coordinates":[[[120.854,14.391],[120.92,14.354],[120.908,14.302],[120.92,14.253],[121.035,14.278],[121.098,14.189],[121.187,14.202],[121.14,14.314],[121.073,14.405],[121.074,14.467],[121.098,14.507],[121.157,14.511],[121.2,14.532],[121.162,14.748],[121.098,14.748],[121.088,14.793],[121.063,14.804],[120.987,14.789],[120.952,14.797],[120.933,14.781],[120.907,14.691],[120.941,14.645],[120.952,14.558],[120.922,14.493],[120.84,14.422],[120.854,14.391]]]}},
{"type":"Feature","properties":{"minzoom":3.6},"geometry":{"type":"Polygon","coordinates":[[[100.656,13.521],[100.7,13.511],[100.769,13.543],[100.854,13.542],[100.936,13.484],[100.928,13.451],[100.963,13.432],[100.926,13.303],[100.946,13.187],[100.904,13.035],[100.898,12.856],[100.942,12.844],[100.94,12.878],[100.994,12.945],[100.972,13.032],[101.032,13.084],[101.091,12.991],[101.197,12.945],[101.248,13.11],[101.177,13.127],[101.108,13.097],[100.994,13.224],[101.057,13.286],[101.146,13.3],[101.148,13.389],[101.184,13.465],[101.066,13.498],[101.057,13.643],[100.969,13.605],[100.874,13.618],[100.803,13.656],[100.842,13.808],[100.767,13.879],[100.727,13.986],[100.774,14.002],[100.803,14.037],[100.762,14.071],[100.702,14.088],[100.626,14.24],[100.588,14.253],[100.511,14.151],[100.556,14.171],[100.588,14.151],[100.572,14.097],[100.524,14.075],[100.513,13.984],[100.473,13.923],[100.418,13.977],[100.334,13.973],[100.41,13.834],[100.369,13.811],[100.308,13.808],[100.257,13.758],[100.105,13.872],[100.02,13.875],[99.965,13.91],[99.927,13.885],[99.906,13.914],[99.864,13.923],[99.711,14.037],[99.669,14.015],[99.648,13.973],[99.703,13.921],[99.787,13.897],[99.86,13.817],[99.953,13.758],[100.046,13.785],[100.168,13.783],[100.27,13.618],[100.232,13.529],[100.319,13.528],[100.384,13.58],[100.486,13.618],[100.532,13.58],[100.553,13.528],[100.603,13.568],[100.656,13.521]]]}},
{"type":"Feature","properties":{"minzoom":3.7},"geometry":{"type":"Polygon","coordinates":[[[129.818,62.066],[129.704,62.142],[129.615,61.99],[129.737,61.979],[129.818,62.066]]]}},
{"type":"Feature","properties":{"minzoom":6},"geometry":{"type":"Polygon","coordinates":[[[124.675,56.707],[124.586,56.745],[124.548,56.656],[124.751,56.618],[124.751,56.707],[124.675,56.707]]]}},
{"type":"Feature","properties":{"minzoom":5},"geometry":{"type":"Polygon","coordinates":[[[137.048,50.513],[137.147,50.559],[137.172,50.611],[137.048,50.608],[136.943,50.585],[136.981,50.509],[137.048,50.513]]]}},
{"type":"Feature","properties":{"minzoom":4},"geometry":{"type":"Polygon","coordinates":[[[127.441,50.29],[127.431,50.281],[127.524,50.209],[127.609,50.293],[127.533,50.315],[127.443,50.306],[127.441,50.29]]]}},
{"type":"Feature","properties":{"minzoom":5},"geometry":{"type":"Polygon","coordinates":[[[118.274,50.052],[118.274,50.141],[118.221,50.164],[118.16,50.154],[118.091,50.199],[117.995,50.217],[117.982,50.077],[118.131,50.038],[118.274,50.052]]]}},
{"type":"Feature","properties":{"minzoom":4},"geometry":{"type":"Polygon","coordinates":[[[119.691,49.215],[119.696,49.176],[119.773,49.163],[119.849,49.265],[119.696,49.265],[119.691,49.215]]]}},
{"type":"Feature","properties":{"minzoom":4},"geometry":{"type":"Polygon","coordinates":[[[135.025,48.35],[135.108,48.354],[135.19,48.388],[135.178,48.477],[135.063,48.553],[135.038,48.553],[135.025,48.477],[135.089,48.414],[135.025,48.35]]]}},
{"type":"Feature","properties":{"minzoom":5},"geometry":{"type":"Polygon","coordinates":[[[128.828,47.779],[128.764,47.728],[128.841,47.689],[128.942,47.702],[128.955,47.791],[128.828,47.779]]]}},
{"type":"Feature","properties":{"minzoom":5},"geometry":{"type":"Polygon","coordinates":[[[130.39,47.436],[130.297,47.408],[130.225,47.36],[130.225,47.22],[130.359,47.291],[130.39,47.436]]]}},
{"type":"Feature","properties":{"minzoom":3.7},"geometry":{"type":"Polygon","coordinates":[[[124.065,47.347],[124.014,47.389],[123.938,47.385],[123.9,47.271],[123.998,47.279],[124.065,47.347]]]}},
{"type":"Feature","properties":{"minzoom":4},"geometry":{"type":"Polygon","coordinates":[[[130.491,46.839],[130.441,46.847],[130.39,46.826],[130.317,46.865],[130.25,46.826],[130.376,46.744],[130.491,46.839]]]}},
{"type":"Feature","properties":{"minzoom":5},"geometry":{"type":"Polygon","coordinates":[[[131.203,46.725],[131.126,46.737],[131.088,46.559],[131.152,46.521],[131.217,46.601],[131.203,46.725]]]}},
{"type":"Feature","properties":{"minzoom":4},"geometry":{"type":"Polygon","coordinates":[[[125.05,46.51],[125.132,46.42],[125.248,46.38],[125.373,46.382],[125.246,46.521],[125.17,46.521],[125.195,46.648],[125.156,46.671],[125.107,46.661],[125.072,46.703],[125.018,46.725],[124.954,46.661],[124.878,46.674],[124.83,46.633],[124.802,46.572],[124.84,46.496],[124.789,46.458],[124.825,46.398],[124.903,46.382],[124.898,46.478],[124.929,46.559],[125.05,46.51]]]}},
{"type":"Feature","properties":{"minzoom":3.7},"geometry":{"type":"Polygon","coordinates":[[[126.846,45.696],[126.745,45.848],[126.567,45.823],[126.491,45.696],[126.618,45.569],[126.694,45.569],[126.735,45.668],[126.846,45.696]]]}},
{"type":"Feature","properties":{"minzoom":5},"geometry":{"type":"Polygon","coordinates":[[[131.088,45.797],[130.961,45.832],[130.822,45.823],[130.822,45.759],[130.982,45.723],[131.088,45.797]]]}},
{"type":"Feature","properties":{"minzoom":4},"geometry":{"type":"Polygon","coordinates":[[[130.847,45.188],[130.885,45.15],[130.976,45.179],[131.025,45.251],[131.122,45.231],[131.203,45.251],[131.152,45.366],[131.093,45.396],[131.025,45.416],[130.885,45.34],[130.809,45.387],[130.758,45.328],[130.859,45.314],[130.923,45.264],[130.847,45.188]]]}},
{"type":"Feature","properties":{"minzoom":4},"geometry":{"type":"Polygon","coordinates":[[[124.788,45.101],[124.865,45.061],[124.891,45.162],[124.856,45.185],[124.802,45.188],[124.788,45.101]]]}},
{"type":"Feature","properties":{"minzoom":5},"geometry":{"type":"Polygon","coordinates":[[[129.581,44.645],[129.564,44.515],[129.667,44.539],[129.729,44.604],[129.679,44.756],[129.581,44.645]]]}},
{"type":"Feature","properties":{"minzoom":4},"geometry":{"type":"Polygon","coordinates":[[[126.656,43.829],[126.695,43.834],[126.707,43.867],[126.613,43.947],[126.478,43.981],[126.491,43.791],[126.539,43.769],[126.605,43.765],[126.656,43.829]]]}},
{"type":"Feature","properties":{"minzoom":3.7},"geometry":{"type":"Polygon","coordinates":[[[125.437,43.892],[125.296,43.962],[125.195,43.829],[125.343,43.804],[125.437,43.892]]]}},
{"type":"Feature","properties":{"minzoom":5},"geometry":{"type":"Polygon","coordinates":[[[142.461,43.749],[142.455,43.816],[142.34,43.854],[142.324,43.748],[142.417,43.702],[142.461,43.749]]]}},
{"type":"Feature","properties":{"minzoom":5},"geometry":{"type":"Polygon","coordinates":[[[142.086,43.486],[142.112,43.613],[141.985,43.562],[141.985,43.461],[142.086,43.486]]]}},
{"type":"Feature","properties":{"minzoom":3.7},"geometry":{"type":"Polygon","coordinates":[[[131.867,43.095],[131.947,43.095],[132.049,43.131],[131.948,43.218],[131.898,43.171],[131.867,43.095]]]}},
{"type":"Feature","properties":{"minzoom":3.7},"geometry":{"type":"Polygon","coordinates":[[[141.252,43.172],[141.255,43.158],[141.185,43.143],[141.299,43.016],[141.286,42.94],[141.362,42.933],[141.426,42.965],[141.474,42.943],[141.528,42.965],[141.547,43.054],[141.591,43.118],[141.525,43.116],[141.464,43.08],[141.451,43.181],[141.375,43.189],[141.317,43.221],[141.247,43.186],[141.252,43.172]]]}},
{"type":"Feature","properties":{"minzoom":5},"geometry":{"type":"Polygon","coordinates":[[[143.128,42.889],[143.17,42.855],[143.242,42.851],[143.28,42.915],[143.204,42.991],[143.145,42.936],[143.039,42.927],[143.065,42.89],[143.128,42.889]]]}},
{"type":"Feature","properties":{"minzoom":5},"geometry":{"type":"Polygon","coordinates":[[[141.627,42.753],[141.68,42.724],[141.681,42.841],[141.579,42.915],[141.571,42.858],[141.627,42.753]]]}},
{"type":"Feature","properties":{"minzoom":5},"geometry":{"type":"Polygon","coordinates":[[[141.718,42.61],[141.731,42.711],[141.68,42.705],[141.655,42.673],[141.54,42.654],[141.464,42.597],[141.718,42.61]]]}},
{"type":"Feature","properties":{"minzoom":6},"geometry":{"type":"Polygon","coordinates":[[[141.124,42.432],[141.02,42.394],[140.934,42.412],[140.906,42.397],[140.986,42.342],[141.144,42.419],[141.124,42.432]]]}},
{"type":"Feature","properties":{"minzoom":4},"geometry":{"type":"Polygon","coordinates":[[[118.856,42.256],[118.795,42.153],[118.854,42.182],[118.896,42.229],[118.925,42.207],[118.972,42.203],[119.027,42.245],[119.036,42.33],[118.922,42.356],[118.856,42.256]]]}},
{"type":"Feature","properties":{"minzoom":5},"geometry":{"type":"Polygon","coordinates":[[[119.198,42.073],[119.176,42.026],[119.226,41.962],[119.298,41.998],[119.341,42.064],[119.226,42.114],[119.198,42.073]]]}},
{"type":"Feature","properties":{"minzoom":5},"geometry":{"type":"Polygon","coordinates":[[[121.627,42.038],[121.601,41.937],[121.69,41.937],[121.777,41.996],[121.83,42.089],[121.627,42.038]]]}},
{"type":"Feature","properties":{"minzoom":5},"geometry":{"type":"Polygon","coordinates":[[[126.588,42.068],[126.58,42.038],[126.458,41.997],[126.351,41.937],[126.377,41.886],[126.58,41.949],[126.626,42.019],[126.631,42.102],[126.592,42.102],[126.588,42.068]]]}},
{"type":"Feature","properties":{"minzoom":5},"geometry":{"type":"Polygon","coordinates":[[[124.093,41.807],[124.116,41.822],[124.117,41.893],[124.103,41.949],[124.065,41.962],[124.014,41.924],[123.811,41.937],[123.76,41.924],[123.659,41.797],[124.078,41.784],[124.093,41.807]]]}},
{"type":"Feature","properties":{"minzoom":3.6},"geometry":{"type":"Polygon","coordinates":[[[123.557,41.772],[123.593,41.799],[123.608,41.848],[123.409,41.909],[123.227,41.822],[123.316,41.619],[123.506,41.708],[123.557,41.772]]]}},
{"type":"Feature","properties":{"minzoom":5},"geometry":{"type":"Polygon","coordinates":[[[126.288,41.822],[126.233,41.837],[126.186,41.784],[126.008,41.835],[125.903,41.763],[125.881,41.721],[125.907,41.683],[126.084,41.746],[126.142,41.715],[126.224,41.708],[126.224,41.772],[126.288,41.822]]]}},
{"type":"Feature","properties":{"minzoom":5},"geometry":{"type":"Polygon","coordinates":[[[123.735,41.187],[123.905,41.301],[123.938,41.352],[123.697,41.391],[123.608,41.225],[123.735,41.187]]]}},
{"type":"Feature","properties":{"minzoom":6},"geometry":{"type":"Polygon","coordinates":[[[119.366,41.2],[119.45,41.224],[119.48,41.302],[119.383,41.304],[119.366,41.2]]]}},
{"type":"Feature","properties":{"minzoom":5},"geometry":{"type":"Polygon","coordinates":[[[122.097,41.238],[121.984,41.257],[121.881,41.225],[121.97,41.124],[122.071,41.086],[122.173,41.137],[122.097,41.238]]]}},
{"type":"Feature","properties":{"minzoom":5},"geometry":{"type":"Polygon","coordinates":[[[121.117,41.168],[121.043,41.187],[121.052,41.103],[121.119,41.048],[121.188,41.074],[121.233,41.124],[121.195,41.175],[121.117,41.168]]]}},
{"type":"Feature","properties":{"minzoom":6},"geometry":{"type":"Polygon","coordinates":[[[113.194,41.01],[113.118,41.086],[113.042,41.01],[113.121,40.988],[113.194,41.01]]]}},
{"type":"Feature","properties":{"minzoom":5},"geometry":{"type":"Polygon","coordinates":[[[117.677,40.933],[117.785,40.918],[117.855,40.971],[117.747,41.011],[117.677,40.933]]]}},
{"type":"Feature","properties":{"minzoom":4},"geometry":{"type":"Polygon","coordinates":[[[111.81,40.895],[111.734,40.933],[111.581,40.908],[111.467,40.794],[111.645,40.717],[111.71,40.723],[111.772,40.705],[111.81,40.895]]]}},
{"type":"Feature","properties":{"minzoom":5},"geometry":{"type":"Polygon","coordinates":[[[114.794,40.844],[114.833,40.756],[114.934,40.73],[114.972,40.756],[114.906,40.893],[114.794,40.844]]]}},
{"type":"Feature","properties":{"minzoom":6},"geometry":{"type":"Polygon","coordinates":[[[140.708,40.78],[140.778,40.743],[140.831,40.788],[140.842,40.844],[140.749,40.83],[140.664,40.844],[140.708,40.78]]]}},
{"type":"Feature","properties":{"minzoom":6},"geometry":{"type":"Polygon","coordinates":[[[107.479,40.743],[107.454,40.819],[107.37,40.807],[107.327,40.756],[107.397,40.728],[107.479,40.743]]]}},
{"type":"Feature","properties":{"minzoom":4},"geometry":{"type":"Polygon","coordinates":[[[120.987,40.736],[120.877,40.794],[120.828,40.777],[120.801,40.733],[120.817,40.675],[120.849,40.652],[120.922,40.683],[120.987,40.736]]]}},
{"type":"Feature","properties":{"minzoom":4},"geometry":{"type":"Polygon","coordinates":[[[111.086,40.692],[111.183,40.702],[111.225,40.768],[111.098,40.775],[111.086,40.692]]]}},
{"type":"Feature","properties":{"minzoom":3.6},"geometry":{"type":"Polygon","coordinates":[[[110.298,40.59],[110.153,40.635],[110.006,40.654],[109.93,40.768],[109.745,40.745],[109.689,40.578],[110.044,40.527],[110.187,40.535],[110.298,40.59]]]}},
{"type":"Feature","properties":{"minzoom":4},"geometry":{"type":"Polygon","coordinates":[[[122.707,40.699],[122.719,40.667],[122.82,40.693],[122.897,40.743],[122.797,40.765],[122.706,40.743],[122.707,40.699]]]}},
{"type":"Feature","properties":{"minzoom":5},"geometry":{"type":"Polygon","coordinates":[[[122.249,40.616],[122.374,40.646],[122.401,40.679],[122.273,40.745],[122.16,40.679],[122.19,40.633],[122.249,40.616]]]}},
{"type":"Feature","properties":{"minzoom":5},"geometry":{"type":"Polygon","coordinates":[[[110.464,40.578],[110.552,40.54],[110.629,40.629],[110.476,40.641],[110.425,40.705],[110.235,40.717],[110.26,40.641],[110.336,40.667],[110.362,40.552],[110.464,40.578]]]}},
{"type":"Feature","properties":{"minzoom":5},"geometry":{"type":"Polygon","coordinates":[[[141.261,40.578],[141.286,40.667],[141.222,40.699],[141.159,40.705],[141.167,40.614],[141.261,40.578]]]}},
{"type":"Feature","properties":{"minzoom":5},"geometry":{"type":"Polygon","coordinates":[[[141.424,40.713],[141.356,40.702],[141.324,40.641],[141.401,40.54],[141.388,40.451],[141.563,40.442],[141.657,40.461],[141.542,40.531],[141.463,40.611],[141.424,40.713]]]}},
{"type":"Feature","properties":{"minzoom":5},"geometry":{"type":"Polygon","coordinates":[[[115.162,40.641],[114.937,40.701],[114.909,40.654],[115.048,40.54],[115.129,40.567],[115.162,40.641]]]}},
{"type":"Feature","properties":{"minzoom":5},"geometry":{"type":"Polygon","coordinates":[[[122.542,40.589],[122.617,40.603],[122.544,40.678],[122.465,40.603],[122.542,40.589]]]}},
{"type":"Feature","properties":{"minzoom":5},"geometry":{"type":"Polygon","coordinates":[[[140.45,40.56],[140.524,40.552],[140.537,40.654],[140.385,40.679],[140.364,40.624],[140.372,40.565],[140.45,40.56]]]}},
{"type":"Feature","properties":{"minzoom":5},"geometry":{"type":"Polygon","coordinates":[[[117.766,40.578],[117.614,40.59],[117.588,40.514],[117.692,40.515],[117.766,40.578]]]}},
{"type":"Feature","properties":{"minzoom":3.6},"geometry":{"type":"Polygon","coordinates":[[[116.039,40.565],[115.972,40.558],[115.924,40.502],[115.965,40.434],[115.95,40.362],[115.988,40.324],[116.05,40.338],[116.077,40.387],[116.031,40.423],[116.013,40.489],[116.039,40.565]]]}},
{"type":"Feature","properties":{"minzoom":5},"geometry":{"type":"Polygon","coordinates":[[[115.188,40.527],[115.226,40.438],[115.314,40.452],[115.34,40.527],[115.264,40.552],[115.188,40.527]]]}},
{"type":"Feature","properties":{"minzoom":5},"geometry":{"type":"Polygon","coordinates":[[[116.887,40.461],[116.826,40.476],[116.8,40.404],[116.814,40.336],[116.896,40.356],[116.928,40.425],[116.887,40.461]]]}},
{"type":"Feature","properties":{"minzoom":5},"geometry":{"type":"Polygon","coordinates":[[[116.623,40.26],[116.703,40.331],[116.686,40.438],[116.6,40.404],[116.572,40.311],[116.623,40.26]]]}},
{"type":"Feature","properties":{"minzoom":3.6},"geometry":{"type":"Polygon","coordinates":[[[115.888,39.678],[115.95,39.625],[116.055,39.673],[116.179,39.701],[116.2,39.749],[116.242,39.778],[116.344,39.676],[116.458,39.752],[116.585,39.727],[116.623,39.828],[116.775,39.854],[116.74,39.959],[116.648,40.006],[116.728,40.101],[116.775,40.197],[116.648,40.248],[116.496,40.108],[116.407,40.171],[116.344,40.146],[116.331,40.286],[116.198,40.3],[116.102,40.248],[116.163,40.188],[116.204,40.108],[116.135,40.024],[116.039,39.968],[116.051,39.879],[116.087,39.838],[116.102,39.778],[116.001,39.816],[115.925,39.809],[115.874,39.778],[115.888,39.678]]]}},
{"type":"Feature","properties":{"minzoom":4},"geometry":{"type":"Polygon","coordinates":[[[112.847,40.099],[112.8,40.006],[112.82,39.937],[112.851,39.879],[112.915,39.879],[112.864,39.828],[112.838,39.765],[112.953,39.752],[113.029,39.803],[113.086,39.791],[113.143,39.803],[113.156,39.828],[113.092,39.93],[113.29,39.986],[113.397,40.133],[113.308,40.235],[113.181,40.184],[113.167,40.233],[113.13,40.26],[113.045,40.193],[112.915,40.171],[112.847,40.099]]]}},
{"type":"Feature","properties":{"minzoom":5},"geometry":{"type":"Polygon","coordinates":[[[117.055,40.121],[117.139,40.105],[117.194,40.171],[117.101,40.198],[117.055,40.121]]]}},
{"type":"Feature","properties":{"minzoom":4},"geometry":{"type":"Polygon","coordinates":[[[124.332,40.032],[124.421,40.082],[124.472,40.184],[124.341,40.154],[124.332,40.032]]]}},
{"type":"Feature","properties":{"minzoom":5},"geometry":{"type":"Polygon","coordinates":[[[117.405,40.094],[117.36,40.082],[117.365,40.024],[117.437,39.963],[117.499,39.955],[117.461,40.095],[117.405,40.094]]]}},
{"type":"Feature","properties":{"minzoom":5},"geometry":{"type":"Polygon","coordinates":[[[119.818,39.977],[119.771,40.054],[119.722,40.07],[119.684,39.994],[119.544,39.994],[119.531,39.905],[119.427,39.815],[119.453,39.799],[119.591,39.903],[119.818,39.977]]]}},
{"type":"Feature","properties":{"minzoom":5},"geometry":{"type":"Polygon","coordinates":[[[114.413,39.879],[114.425,39.938],[114.477,39.981],[114.358,39.994],[114.274,39.943],[114.413,39.879]]]}},
{"type":"Feature","properties":{"minzoom":5},"geometry":{"type":"Polygon","coordinates":[[[111.365,39.943],[111.213,39.879],[111.239,39.817],[111.302,39.79],[111.336,39.749],[111.403,39.74],[111.441,39.841],[111.376,39.83],[111.327,39.854],[111.365,39.943]]]}},
{"type":"Feature","properties":{"minzoom":5},"geometry":{"type":"Polygon","coordinates":[[[141.096,39.676],[141.133,39.624],[141.21,39.613],[141.185,39.854],[141.129,39.88],[141.096,39.93],[141.109,39.79],[141.02,39.689],[141.096,39.676]]]}},
{"type":"Feature","properties":{"minzoom":3.6},"geometry":{"type":"Polygon","coordinates":[[[109.949,39.845],[110.019,39.765],[110.064,39.818],[110.044,39.892],[109.949,39.845]]]}},
{"type":"Feature","properties":{"minzoom":4},"geometry":{"type":"Polygon","coordinates":[[[118.045,39.6],[118.075,39.521],[118.16,39.498],[118.206,39.541],[118.274,39.562],[118.312,39.67],[118.401,39.727],[118.426,39.625],[118.462,39.647],[118.528,39.752],[118.428,39.809],[118.325,39.752],[118.21,39.778],[118.223,39.854],[118.142,39.886],[118.084,39.828],[118.147,39.727],[118.045,39.6]]]}},
{"type":"Feature","properties":{"minzoom":4},"geometry":{"type":"Polygon","coordinates":[[[98.233,39.79],[98.297,39.764],[98.36,39.79],[98.36,39.854],[98.279,39.867],[98.233,39.79]]]}},
{"type":"Feature","properties":{"minzoom":5},"geometry":{"type":"Polygon","coordinates":[[[140.154,39.642],[140.232,39.625],[140.173,39.744],[140.093,39.841],[140.016,39.867],[140.067,39.651],[140.154,39.642]]]}},
{"type":"Feature","properties":{"minzoom":4},"geometry":{"type":"Polygon","coordinates":[[[112.546,39.676],[112.559,39.651],[112.641,39.643],[112.686,39.701],[112.603,39.749],[112.546,39.676]]]}},
{"type":"Feature","properties":{"minzoom":6},"geometry":{"type":"Polygon","coordinates":[[[106.875,39.645],[106.895,39.714],[106.78,39.74],[106.755,39.638],[106.819,39.613],[106.875,39.645]]]}},
{"type":"Feature","properties":{"minzoom":4},"geometry":{"type":"Polygon","coordinates":[[[112.495,39.549],[112.419,39.549],[112.369,39.638],[112.348,39.614],[112.305,39.613],[112.241,39.524],[112.314,39.444],[112.356,39.333],[112.445,39.282],[112.552,39.334],[112.635,39.409],[112.559,39.435],[112.495,39.549]]]}},
{"type":"Feature","properties":{"minzoom":5},"geometry":{"type":"Polygon","coordinates":[[[116.79,39.521],[116.814,39.625],[116.745,39.624],[116.686,39.587],[116.598,39.6],[116.675,39.474],[116.737,39.447],[116.79,39.521]]]}},
{"type":"Feature","properties":{"minzoom":3.6},"geometry":{"type":"Polygon","coordinates":[[[117.577,38.751],[117.535,38.834],[117.537,38.901],[117.585,38.936],[117.684,38.965],[117.811,39.153],[117.736,39.17],[117.588,39.117],[117.536,39.122],[117.499,39.143],[117.512,39.206],[117.41,39.219],[117.423,39.295],[117.245,39.447],[117.283,39.308],[117.182,39.282],[117.126,39.354],[117.093,39.447],[117.038,39.439],[117.017,39.397],[117.08,39.244],[117.051,39.21],[117.004,39.193],[116.902,39.066],[117.093,38.952],[117.146,38.972],[117.194,38.965],[117.156,38.876],[117.271,38.889],[117.309,38.8],[117.395,38.791],[117.449,38.749],[117.36,38.685],[117.321,38.571],[117.436,38.635],[117.556,38.648],[117.577,38.751]]]}},
{"type":"Feature","properties":{"minzoom":5},"geometry":{"type":"Polygon","coordinates":[[[141.109,39.422],[141.096,39.244],[141.174,39.272],[141.185,39.397],[141.109,39.422]]]}},
{"type":"Feature","properties":{"minzoom":5},"geometry":{"type":"Polygon","coordinates":[[[117.791,39.181],[117.853,39.24],[117.893,39.32],[117.818,39.367],[117.728,39.333],[117.747,39.244],[117.791,39.181]]]}},
{"type":"Feature","properties":{"minzoom":5},"geometry":{"type":"Polygon","coordinates":[[[110.218,39.26],[110.311,39.295],[110.251,39.352],[110.159,39.346],[110.218,39.26]]]}},
{"type":"Feature","properties":{"minzoom":6},"geometry":{"type":"Polygon","coordinates":[[[118.464,39.232],[118.481,39.178],[118.528,39.155],[118.593,39.179],[118.63,39.232],[118.503,39.257],[118.515,39.32],[118.455,39.332],[118.401,39.308],[118.464,39.232]]]}},
{"type":"Feature","properties":{"minzoom":5},"geometry":{"type":"Polygon","coordinates":[[[118.187,39.161],[118.255,39.247],[118.249,39.295],[118.173,39.288],[118.099,39.209],[118.148,39.195],[118.187,39.161]]]}},
{"type":"Feature","properties":{"minzoom":5},"geometry":{"type":"Polygon","coordinates":[[[110.768,39.206],[110.724,39.23],[110.667,39.219],[110.679,39.155],[110.639,39.107],[110.629,39.028],[110.59,39.002],[110.603,38.952],[110.678,39.011],[110.73,39.092],[110.717,39.155],[110.76,39.164],[110.768,39.206]]]}},
{"type":"Feature","properties":{"minzoom":5},"geometry":{"type":"Polygon","coordinates":[[[110.997,39.066],[111.116,39.008],[111.2,39.117],[111.071,39.127],[110.997,39.066]]]}},
{"type":"Feature","properties":{"minzoom":3.7},"geometry":{"type":"Polygon","coordinates":[[[125.709,39.086],[125.665,39.003],[125.754,38.952],[125.843,39.041],[125.805,39.117],[125.709,39.086]]]}},
{"type":"Feature","properties":{"minzoom":5},"geometry":{"type":"Polygon","coordinates":[[[106.514,38.939],[106.438,39.079],[106.292,39.05],[106.285,38.939],[106.374,38.965],[106.433,38.941],[106.514,38.939]]]}},
{"type":"Feature","properties":{"minzoom":5},"geometry":{"type":"Polygon","coordinates":[[[115.708,39.067],[115.62,39.016],[115.746,38.985],[115.836,39.079],[115.708,39.067]]]}},
{"type":"Feature","properties":{"minzoom":4},"geometry":{"type":"Polygon","coordinates":[[[139.826,38.685],[139.864,38.685],[139.864,38.748],[139.826,38.8],[139.889,38.927],[139.868,38.956],[139.83,38.964],[139.772,38.829],[139.788,38.685],[139.826,38.685]]]}},
{"type":"Feature","properties":{"minzoom":5},"geometry":{"type":"Polygon","coordinates":[[[112.432,38.851],[112.481,38.878],[112.495,38.939],[112.381,38.939],[112.343,38.8],[112.401,38.811],[112.432,38.851]]]}},
{"type":"Feature","properties":{"minzoom":5},"geometry":{"type":"Polygon","coordinates":[[[115.569,38.927],[115.46,38.949],[115.378,38.901],[115.404,38.774],[115.505,38.736],[115.574,38.81],[115.569,38.927]]]}},
{"type":"Feature","properties":{"minzoom":3.6},"geometry":{"type":"Polygon","coordinates":[[[117.156,38.812],[117.123,38.88],[117.042,38.901],[117.02,38.866],[117.017,38.812],[117.156,38.812]]]}},
{"type":"Feature","properties":{"minzoom":5},"geometry":{"type":"Polygon","coordinates":[[[116.09,38.635],[116.173,38.681],[116.191,38.762],[116.108,38.784],[116.039,38.736],[116.09,38.635]]]}},
{"type":"Feature","properties":{"minzoom":4},"geometry":{"type":"Polygon","coordinates":[[[141.088,38.357],[141.121,38.406],[141.045,38.419],[140.956,38.495],[140.987,38.534],[140.994,38.597],[140.934,38.619],[140.905,38.673],[140.867,38.673],[140.842,38.584],[140.906,38.577],[140.944,38.52],[140.903,38.497],[140.842,38.495],[140.829,38.393],[140.766,38.355],[140.702,38.241],[140.784,38.206],[140.791,38.127],[140.715,38.165],[140.643,38.091],[140.588,38],[140.613,37.974],[140.715,38.012],[140.74,37.949],[140.864,37.972],[140.928,37.967],[140.929,38.053],[140.962,38.149],[141.094,38.326],[141.088,38.357]]]}},
{"type":"Feature","properties":{"minzoom":3.7},"geometry":{"type":"Polygon","coordinates":[[[106.336,38.419],[106.387,38.584],[106.247,38.546],[106.151,38.555],[106.057,38.533],[106.082,38.45],[106.145,38.406],[106.336,38.419]]]}},
{"type":"Feature","properties":{"minzoom":5},"geometry":{"type":"Polygon","coordinates":[[[141.404,38.413],[141.413,38.444],[141.312,38.508],[141.174,38.477],[141.155,38.418],[141.186,38.361],[141.254,38.381],[141.368,38.38],[141.397,38.387],[141.404,38.413]]]}},
{"type":"Feature","properties":{"minzoom":5},"geometry":{"type":"Polygon","coordinates":[[[140.27,38.304],[140.283,38.266],[140.26,38.198],[140.27,38.127],[140.377,38.185],[140.435,38.292],[140.426,38.46],[140.41,38.47],[140.319,38.415],[140.194,38.406],[140.218,38.341],[140.27,38.304]]]}},
{"type":"Feature","properties":{"minzoom":5},"geometry":{"type":"Polygon","coordinates":[[[116.928,38.381],[116.788,38.368],[116.795,38.295],[116.852,38.241],[116.953,38.279],[116.928,38.381]]]}},
{"type":"Feature","properties":{"minzoom":5},"geometry":{"type":"Polygon","coordinates":[[[128.567,38.272],[128.468,38.251],[128.447,38.19],[128.586,38.139],[128.632,38.053],[128.662,38.122],[128.567,38.272]]]}},
{"type":"Feature","properties":{"minzoom":3.6},"geometry":{"type":"Polygon","coordinates":[[[126.623,37.79],[126.621,37.755],[126.578,37.745],[126.563,37.717],[126.58,37.654],[126.657,37.551],[126.65,37.447],[126.791,37.295],[126.746,37.194],[126.784,37.119],[126.986,37.123],[127.037,37.009],[126.999,36.933],[127.079,36.918],[127.126,36.869],[126.961,36.844],[126.986,36.755],[127.113,36.755],[127.164,36.679],[127.329,36.768],[127.268,36.817],[127.253,36.882],[127.182,36.938],[127.215,37.009],[127.278,36.958],[127.367,37.034],[127.28,37.041],[127.215,37.098],[127.243,37.152],[127.291,37.187],[127.333,37.165],[127.354,37.123],[127.422,37.099],[127.481,37.098],[127.431,37.212],[127.485,37.216],[127.52,37.238],[127.453,37.355],[127.367,37.454],[127.393,37.492],[127.453,37.47],[127.532,37.466],[127.497,37.552],[127.405,37.581],[127.456,37.784],[127.367,37.72],[127.278,37.758],[127.298,37.81],[127.291,37.86],[127.369,37.934],[127.405,38.05],[127.361,38.107],[127.354,38.203],[127.281,38.174],[127.227,38.127],[127.215,38.038],[127.139,37.962],[127.139,38.152],[127.075,38.139],[127.062,38.063],[127.029,38.052],[127.012,38.025],[127.024,37.987],[126.955,37.929],[126.846,37.911],[126.77,37.949],[126.735,37.897],[126.724,37.837],[126.681,37.822],[126.588,37.878],[126.531,37.891],[126.499,37.827],[126.623,37.79]]]}},
{"type":"Feature","properties":{"minzoom":4},"geometry":{"type":"Polygon","coordinates":[[[114.194,38.117],[114.159,38.076],[114.032,38.101],[114.049,38.049],[114.108,38.038],[114.159,38],[114.261,38.038],[114.35,38.038],[114.464,37.962],[114.566,37.949],[114.616,37.987],[114.68,37.949],[114.724,37.995],[114.731,38.05],[114.629,38.076],[114.603,38.145],[114.553,38.19],[114.476,38.134],[114.362,38.114],[114.35,38.152],[114.223,38.165],[114.194,38.117]]]}},
{"type":"Feature","properties":{"minzoom":4},"geometry":{"type":"Polygon","coordinates":[[[113.582,37.723],[113.715,37.746],[113.702,37.885],[113.626,38.038],[113.511,38.05],[113.473,38.139],[113.422,38.133],[113.384,38.114],[113.473,37.962],[113.422,37.926],[113.359,37.923],[113.407,37.857],[113.499,37.835],[113.582,37.723]]]}},
{"type":"Feature","properties":{"minzoom":3.6},"geometry":{"type":"Polygon","coordinates":[[[112.699,38.089],[112.593,38.092],[112.445,38.05],[112.407,37.949],[112.349,37.918],[112.33,37.847],[112.407,37.746],[112.357,37.723],[112.292,37.733],[112,37.555],[111.987,37.466],[111.924,37.39],[112.025,37.376],[112.14,37.403],[112.178,37.492],[112.249,37.51],[112.292,37.555],[112.546,37.568],[112.576,37.646],[112.635,37.695],[112.763,37.647],[112.838,37.758],[112.737,37.796],[112.717,37.849],[112.724,37.898],[112.648,38.012],[112.683,38.04],[112.699,38.089]]]}},
{"type":"Feature","properties":{"minzoom":5},"geometry":{"type":"Polygon","coordinates":[[[106.046,37.884],[106.095,37.949],[106.031,37.953],[105.98,37.987],[105.98,38.05],[105.906,38.042],[105.866,38],[105.917,37.948],[105.942,37.873],[106.046,37.884]]]}},
{"type":"Feature","properties":{"minzoom":5},"geometry":{"type":"Polygon","coordinates":[[[112.013,37.822],[112.086,37.831],[112.318,37.923],[112.285,37.962],[112.21,37.998],[112.165,38.05],[112.018,38.033],[111.949,37.936],[112.013,37.822]]]}},
{"type":"Feature","properties":{"minzoom":5},"geometry":{"type":"Polygon","coordinates":[[[118.795,37.987],[118.744,37.835],[118.806,37.81],[118.871,37.835],[118.922,38.012],[118.856,38.015],[118.795,37.987]]]}},
{"type":"Feature","properties":{"minzoom":5},"geometry":{"type":"Polygon","coordinates":[[[127.609,37.885],[127.676,37.858],[127.723,37.809],[127.812,37.847],[127.742,37.965],[127.609,37.885]]]}},
{"type":"Feature","properties":{"minzoom":5},"geometry":{"type":"Polygon","coordinates":[[[118.591,37.847],[118.604,37.873],[118.534,37.94],[118.452,37.885],[118.508,37.853],[118.591,37.847]]]}},
{"type":"Feature","properties":{"minzoom":5},"geometry":{"type":"Polygon","coordinates":[[[128.815,37.933],[128.777,37.873],[128.84,37.708],[128.946,37.718],[128.982,37.741],[128.815,37.933]]]}},
{"type":"Feature","properties":{"minzoom":4},"geometry":{"type":"Polygon","coordinates":[[[140.143,37.085],[140.222,37.077],[140.27,37.047],[140.404,37.016],[140.435,37.073],[140.382,37.114],[140.347,37.174],[140.359,37.225],[140.425,37.274],[140.461,37.352],[140.435,37.466],[140.461,37.542],[140.512,37.593],[140.524,37.72],[140.575,37.796],[140.627,37.82],[140.651,37.873],[140.544,37.878],[140.41,37.835],[140.359,37.733],[140.423,37.657],[140.373,37.592],[140.347,37.504],[140.27,37.479],[140.283,37.389],[140.321,37.327],[140.311,37.246],[140.258,37.2],[140.118,37.161],[140.143,37.085]]]}},
{"type":"Feature","properties":{"minzoom":6},"geometry":{"type":"Polygon","coordinates":[[[140.919,37.903],[140.88,37.898],[140.874,37.807],[140.911,37.763],[140.98,37.766],[140.94,37.903],[140.919,37.903]]]}},
{"type":"Feature","properties":{"minzoom":5},"geometry":{"type":"Polygon","coordinates":[[[115.731,37.698],[115.747,37.708],[115.716,37.785],[115.62,37.796],[115.607,37.746],[115.65,37.7],[115.721,37.682],[115.731,37.698]]]}},
{"type":"Feature","properties":{"minzoom":5},"geometry":{"type":"Polygon","coordinates":[[[120.285,37.692],[120.257,37.679],[120.312,37.623],[120.298,37.611],[120.331,37.593],[120.458,37.644],[120.459,37.594],[120.484,37.568],[120.561,37.611],[120.611,37.682],[120.454,37.73],[120.285,37.692]]]}},
{"type":"Feature","properties":{"minzoom":6},"geometry":{"type":"Polygon","coordinates":[[[140.972,37.71],[140.923,37.681],[140.905,37.644],[140.94,37.608],[141.016,37.612],[140.998,37.714],[140.972,37.71]]]}},
{"type":"Feature","properties":{"minzoom":5},"geometry":{"type":"Polygon","coordinates":[[[129.051,37.678],[129.014,37.637],[129.024,37.589],[129.069,37.555],[129.056,37.466],[129.149,37.42],[129.22,37.438],[129.051,37.678]]]}},
{"type":"Feature","properties":{"minzoom":4},"geometry":{"type":"Polygon","coordinates":[[[121.247,37.597],[121.208,37.568],[121.243,37.479],[121.347,37.479],[121.416,37.45],[121.487,37.454],[121.461,37.539],[121.388,37.579],[121.247,37.597]]]}},
{"type":"Feature","properties":{"minzoom":5},"geometry":{"type":"Polygon","coordinates":[[[128.305,37.481],[128.32,37.517],[128.369,37.55],[128.383,37.619],[128.282,37.631],[128.22,37.559],[128.18,37.466],[128.282,37.454],[128.305,37.481]]]}},
{"type":"Feature","properties":{"minzoom":4},"geometry":{"type":"Polygon","coordinates":[[[118.312,37.428],[118.433,37.378],[118.591,37.39],[118.656,37.366],[118.744,37.365],[118.772,37.412],[118.82,37.441],[118.744,37.53],[118.744,37.581],[118.659,37.591],[118.591,37.619],[118.388,37.593],[118.426,37.542],[118.312,37.428]]]}},
{"type":"Feature","properties":{"minzoom":5},"geometry":{"type":"Polygon","coordinates":[[[111.106,37.41],[111.137,37.39],[111.201,37.427],[111.238,37.492],[111.286,37.514],[111.314,37.555],[111.251,37.593],[111.131,37.567],[111.048,37.504],[111.106,37.41]]]}},
{"type":"Feature","properties":{"minzoom":5},"geometry":{"type":"Polygon","coordinates":[[[122.11,37.522],[122.045,37.521],[122.101,37.447],[122.156,37.408],[122.219,37.434],[122.169,37.456],[122.11,37.522]]]}},
{"type":"Feature","properties":{"minzoom":5},"geometry":{"type":"Polygon","coordinates":[[[141.007,37.553],[140.969,37.517],[140.944,37.377],[141.014,37.243],[141.036,37.467],[141.025,37.549],[141.007,37.553]]]}},
{"type":"Feature","properties":{"minzoom":5},"geometry":{"type":"Polygon","coordinates":[[[128.032,37.442],[128.002,37.53],[127.939,37.53],[127.837,37.365],[127.788,37.35],[127.761,37.314],[127.848,37.285],[127.964,37.288],[128.04,37.352],[128.032,37.442]]]}},
{"type":"Feature","properties":{"minzoom":5},"geometry":{"type":"Polygon","coordinates":[[[112.47,37.352],[112.534,37.39],[112.597,37.377],[112.686,37.517],[112.534,37.466],[112.508,37.428],[112.364,37.42],[112.292,37.339],[112.376,37.335],[112.47,37.352]]]}},
{"type":"Feature","properties":{"minzoom":5},"geometry":{"type":"Polygon","coordinates":[[[116.318,37.377],[116.369,37.422],[116.373,37.515],[116.242,37.479],[116.262,37.41],[116.318,37.377]]]}},
{"type":"Feature","properties":{"minzoom":5},"geometry":{"type":"Polygon","coordinates":[[[110.971,37.352],[110.961,37.443],[110.908,37.492],[110.847,37.464],[110.832,37.39],[110.971,37.352]]]}},
{"type":"Feature","properties":{"minzoom":5},"geometry":{"type":"Polygon","coordinates":[[[117.956,37.339],[118.06,37.344],[118.109,37.403],[118.013,37.445],[117.956,37.339]]]}},
{"type":"Feature","properties":{"minzoom":4},"geometry":{"type":"Polygon","coordinates":[[[138.605,37.441],[138.543,37.339],[138.603,37.328],[138.657,37.352],[138.605,37.441]]]}},
{"type":"Feature","properties":{"minzoom":4},"geometry":{"type":"Polygon","coordinates":[[[112.245,37.116],[112.254,37.25],[112.14,37.263],[112.102,37.174],[112.01,37.171],[111.937,37.149],[111.884,37.185],[111.848,37.238],[111.873,37.339],[111.795,37.344],[111.721,37.314],[111.683,37.25],[111.594,37.238],[111.537,37.113],[111.53,36.996],[111.721,37.085],[111.772,37.022],[111.708,36.882],[111.746,36.819],[111.821,36.827],[111.873,36.857],[111.848,36.958],[112.004,37.006],[112.165,37.022],[112.245,37.116]]]}},
{"type":"Feature","properties":{"minzoom":5},"geometry":{"type":"Polygon","coordinates":[[[128.121,37.178],[128.091,37.136],[128.131,37.113],[128.193,37.111],[128.274,37.005],[128.396,36.971],[128.307,37.136],[128.396,37.187],[128.472,37.15],[128.523,37.212],[128.462,37.231],[128.396,37.225],[128.37,37.276],[128.257,37.237],[128.167,37.174],[128.121,37.178]]]}},
{"type":"Feature","properties":{"minzoom":5},"geometry":{"type":"Polygon","coordinates":[[[129.082,37.263],[128.986,37.247],[128.942,37.149],[128.986,37.098],[129.069,37.085],[129.056,37.187],[129.082,37.263]]]}},
{"type":"Feature","properties":{"minzoom":5},"geometry":{"type":"Polygon","coordinates":[[[119.828,37.18],[119.963,37.136],[120,37.169],[120.014,37.225],[119.882,37.249],[119.796,37.182],[119.828,37.18]]]}},
{"type":"Feature","properties":{"minzoom":5},"geometry":{"type":"Polygon","coordinates":[[[114.549,37.101],[114.527,37.136],[114.427,37.11],[114.375,37.034],[114.489,36.971],[114.566,37.06],[114.549,37.101]]]}},
{"type":"Feature","properties":{"minzoom":4},"geometry":{"type":"Polygon","coordinates":[[[136.881,37.031],[136.892,36.971],[136.973,36.992],[136.997,37.02],[136.944,37.075],[136.905,37.085],[136.881,37.031]]]}},
{"type":"Feature","properties":{"minzoom":5},"geometry":{"type":"Polygon","coordinates":[[[127.507,37.073],[127.437,37.053],[127.393,37.009],[127.411,36.92],[127.456,36.857],[127.443,36.933],[127.505,36.988],[127.507,37.073]]]}},
{"type":"Feature","properties":{"minzoom":5},"geometry":{"type":"Polygon","coordinates":[[[127.875,37.06],[127.85,36.958],[127.878,36.935],[127.913,36.92],[128.007,36.969],[128.015,37.073],[127.946,37.054],[127.875,37.06]]]}},
{"type":"Feature","properties":{"minzoom":6},"geometry":{"type":"Polygon","coordinates":[[[120.712,36.907],[120.749,36.934],[120.763,36.984],[120.698,37.019],[120.636,36.971],[120.661,36.926],[120.712,36.907]]]}},
{"type":"Feature","properties":{"minzoom":3.6},"geometry":{"type":"Polygon","coordinates":[[[118.043,36.937],[118.134,36.92],[118.16,37.009],[117.995,36.996],[118.043,36.937]]]}},
{"type":"Feature","properties":{"minzoom":4},"geometry":{"type":"Polygon","coordinates":[[[136.968,36.895],[136.933,36.845],[136.943,36.768],[136.841,36.666],[136.867,36.526],[136.964,36.529],[137.045,36.577],[137.235,36.539],[137.291,36.579],[137.362,36.59],[137.426,36.768],[137.527,36.844],[137.565,36.966],[137.514,36.952],[137.376,36.798],[137.298,36.754],[137.124,36.774],[137.045,36.806],[136.968,36.895]]]}},
{"type":"Feature","properties":{"minzoom":5},"geometry":{"type":"Polygon","coordinates":[[[128.672,36.803],[128.688,36.857],[128.756,36.884],[128.79,36.946],[128.652,36.905],[128.586,36.793],[128.637,36.768],[128.672,36.803]]]}},
{"type":"Feature","properties":{"minzoom":5},"geometry":{"type":"Polygon","coordinates":[[[118.748,36.935],[118.68,36.857],[118.759,36.835],[118.833,36.869],[118.748,36.935]]]}},
{"type":"Feature","properties":{"minzoom":4},"geometry":{"type":"Polygon","coordinates":[[[114.439,36.819],[114.466,36.764],[114.515,36.73],[114.566,36.882],[114.482,36.885],[114.439,36.819]]]}},
{"type":"Feature","properties":{"minzoom":3.6},"geometry":{"type":"Polygon","coordinates":[[[117.922,36.669],[117.906,36.603],[117.823,36.592],[117.779,36.514],[117.837,36.452],[117.931,36.425],[118.134,36.73],[118.274,36.704],[118.368,36.769],[118.414,36.882],[118.134,36.857],[118.058,36.895],[117.986,36.827],[117.956,36.717],[117.922,36.669]]]}},
{"type":"Feature","properties":{"minzoom":4},"geometry":{"type":"Polygon","coordinates":[[[114.489,36.514],[114.578,36.615],[114.559,36.685],[114.502,36.717],[114.413,36.709],[114.337,36.742],[114.274,36.704],[114.197,36.768],[114.224,36.806],[114.223,36.844],[114.15,36.879],[114.083,36.831],[114.121,36.768],[114.09,36.653],[114.121,36.565],[114.248,36.653],[114.299,36.577],[114.382,36.584],[114.426,36.526],[114.404,36.483],[114.413,36.438],[114.47,36.457],[114.489,36.514]]]}},
{"type":"Feature","properties":{"minzoom":5},"geometry":{"type":"Polygon","coordinates":[[[126.351,36.806],[126.28,36.814],[126.224,36.793],[126.247,36.733],[126.313,36.717],[126.377,36.78],[126.465,36.742],[126.506,36.784],[126.529,36.844],[126.436,36.854],[126.351,36.806]]]}},
{"type":"Feature","properties":{"minzoom":4},"geometry":{"type":"Polygon","coordinates":[[[111.784,36.628],[111.752,36.683],[111.746,36.742],[111.67,36.742],[111.619,36.787],[111.556,36.806],[111.429,36.78],[111.457,36.682],[111.505,36.603],[111.632,36.539],[111.645,36.336],[111.581,36.285],[111.63,36.239],[111.708,36.222],[111.721,36.311],[111.835,36.285],[111.806,36.339],[111.759,36.374],[111.734,36.438],[111.773,36.518],[111.784,36.628]]]}},
{"type":"Feature","properties":{"minzoom":5},"geometry":{"type":"Polygon","coordinates":[[[119.087,36.577],[119.188,36.552],[119.214,36.704],[119.243,36.739],[119.252,36.793],[119.143,36.789],[119.036,36.755],[119.087,36.577]]]}},
{"type":"Feature","properties":{"minzoom":5},"geometry":{"type":"Polygon","coordinates":[[[104.789,36.789],[104.71,36.704],[104.793,36.689],[104.875,36.704],[104.789,36.789]]]}},
{"type":"Feature","properties":{"minzoom":3.6},"geometry":{"type":"Polygon","coordinates":[[[116.849,36.706],[116.839,36.666],[116.88,36.599],[116.94,36.552],[116.991,36.539],[117.205,36.669],[117.245,36.755],[117.059,36.775],[116.864,36.742],[116.849,36.706]]]}},
{"type":"Feature","properties":{"minzoom":4},"geometry":{"type":"Polygon","coordinates":[[[136.326,36.258],[136.384,36.234],[136.496,36.345],[136.638,36.425],[136.676,36.488],[136.74,36.501],[136.778,36.666],[136.757,36.727],[136.714,36.768],[136.556,36.572],[136.295,36.311],[136.326,36.258]]]}},
{"type":"Feature","properties":{"minzoom":5},"geometry":{"type":"Polygon","coordinates":[[[118.579,36.704],[118.486,36.753],[118.426,36.679],[118.515,36.651],[118.579,36.704]]]}},
{"type":"Feature","properties":{"minzoom":5},"geometry":{"type":"Polygon","coordinates":[[[113.736,36.547],[113.816,36.59],[113.829,36.717],[113.753,36.73],[113.639,36.552],[113.736,36.547]]]}},
{"type":"Feature","properties":{"minzoom":3.7},"geometry":{"type":"Polygon","coordinates":[[[101.857,36.687],[101.68,36.705],[101.624,36.692],[101.7,36.615],[101.726,36.552],[101.847,36.544],[101.929,36.577],[101.857,36.687]]]}},
{"type":"Feature","properties":{"minzoom":4},"geometry":{"type":"Polygon","coordinates":[[[111.302,36.336],[111.403,36.361],[111.466,36.326],[111.543,36.323],[111.568,36.463],[111.503,36.471],[111.441,36.45],[111.429,36.539],[111.34,36.59],[111.318,36.638],[111.276,36.666],[111.213,36.628],[111.302,36.336]]]}},
{"type":"Feature","properties":{"minzoom":5},"geometry":{"type":"Polygon","coordinates":[[[128.694,36.53],[128.802,36.59],[128.586,36.615],[128.694,36.53]]]}},
{"type":"Feature","properties":{"minzoom":5},"geometry":{"type":"Polygon","coordinates":[[[104.253,36.577],[104.164,36.599],[104.114,36.526],[104.207,36.494],[104.253,36.577]]]}},
{"type":"Feature","properties":{"minzoom":5},"geometry":{"type":"Polygon","coordinates":[[[118.463,36.424],[118.515,36.399],[118.63,36.565],[118.575,36.576],[118.515,36.565],[118.49,36.488],[118.444,36.477],[118.414,36.45],[118.463,36.424]]]}},
{"type":"Feature","properties":{"minzoom":5},"geometry":{"type":"Polygon","coordinates":[[[112.114,36.565],[112.076,36.539],[112.143,36.384],[112.191,36.349],[112.216,36.361],[112.178,36.565],[112.114,36.565]]]}},
{"type":"Feature","properties":{"minzoom":5},"geometry":{"type":"Polygon","coordinates":[[[113.067,36.272],[113.047,36.186],[113.105,36.12],[113.181,36.152],[113.232,36.209],[113.219,36.234],[113.118,36.272],[113.166,36.359],[113.169,36.476],[113.118,36.565],[113.004,36.526],[113.022,36.44],[113.004,36.374],[113.067,36.272]]]}},
{"type":"Feature","properties":{"minzoom":5},"geometry":{"type":"Polygon","coordinates":[[[114.286,36.45],[114.245,36.524],[114.172,36.565],[114.121,36.514],[114.045,36.247],[114.108,36.253],[114.172,36.285],[114.248,36.26],[114.223,36.374],[114.266,36.4],[114.286,36.45]]]}},
{"type":"Feature","properties":{"minzoom":5},"geometry":{"type":"Polygon","coordinates":[[[102.958,36.438],[102.923,36.479],[102.907,36.539],[102.856,36.539],[102.831,36.412],[102.796,36.377],[102.78,36.323],[102.894,36.311],[102.958,36.438]]]}},
{"type":"Feature","properties":{"minzoom":4},"geometry":{"type":"Polygon","coordinates":[[[137.857,36.425],[137.819,36.209],[137.87,36.095],[137.997,36.069],[138.226,35.879],[138.289,35.866],[138.416,35.688],[138.442,35.536],[138.734,35.587],[138.776,35.652],[138.797,35.739],[138.67,35.764],[138.607,35.701],[138.527,35.767],[138.48,35.866],[138.529,35.918],[138.556,35.993],[138.289,35.942],[138.284,36.015],[138.315,36.069],[138.266,36.11],[138.213,36.145],[138.149,36.082],[138.035,36.12],[138.035,36.336],[137.946,36.399],[137.888,36.513],[137.845,36.539],[137.807,36.526],[137.857,36.425]]]}},
{"type":"Feature","properties":{"minzoom":3.6},"geometry":{"type":"Polygon","coordinates":[[[115.912,36.476],[115.979,36.412],[116.051,36.463],[115.99,36.521],[115.912,36.476]]]}},
{"type":"Feature","properties":{"minzoom":4},"geometry":{"type":"Polygon","coordinates":[[[94.817,36.387],[94.93,36.374],[95.008,36.425],[94.907,36.464],[94.817,36.438],[94.817,36.387]]]}},
{"type":"Feature","properties":{"minzoom":4},"geometry":{"type":"Polygon","coordinates":[[[120.27,36.226],[120.328,36.228],[120.343,36.189],[120.33,36.11],[120.348,36.079],[120.393,36.054],[120.519,36.109],[120.638,36.13],[120.522,36.336],[120.522,36.425],[120.394,36.422],[120.268,36.361],[120.248,36.411],[120.204,36.438],[119.925,36.323],[119.963,36.234],[120.101,36.222],[120.176,36.196],[120.27,36.226]]]}},
{"type":"Feature","properties":{"minzoom":5},"geometry":{"type":"Polygon","coordinates":[[[126.549,36.305],[126.613,36.306],[126.669,36.345],[126.681,36.412],[126.629,36.429],[126.567,36.412],[126.552,36.429],[126.549,36.305]]]}},
{"type":"Feature","properties":{"minzoom":5},"geometry":{"type":"Polygon","coordinates":[[[112.026,36.399],[111.915,36.339],[111.886,36.196],[111.981,36.273],[112.026,36.399]]]}},
{"type":"Feature","properties":{"minzoom":4},"geometry":{"type":"Polygon","coordinates":[[[128.51,36.298],[128.51,36.222],[128.396,36.196],[128.363,36.252],[128.307,36.285],[128.289,36.25],[128.294,36.196],[128.256,36.133],[128.345,35.993],[128.325,35.966],[128.332,35.93],[128.409,35.917],[128.409,35.841],[128.37,35.764],[128.409,35.663],[128.502,35.696],[128.548,35.777],[128.632,35.774],[128.701,35.79],[128.722,35.767],[128.751,35.764],[128.812,35.798],[128.879,35.803],[128.917,35.904],[128.989,35.914],[129.044,35.942],[129.031,36.018],[128.802,35.993],[128.774,35.957],[128.726,35.942],[128.713,36.006],[128.637,36.025],[128.586,36.069],[128.497,36.006],[128.459,36.057],[128.503,36.083],[128.574,36.082],[128.536,36.196],[128.609,36.25],[128.663,36.323],[128.73,36.332],[128.751,36.387],[128.672,36.393],[128.624,36.336],[128.556,36.328],[128.51,36.298]]]}},
{"type":"Feature","properties":{"minzoom":5},"geometry":{"type":"Polygon","coordinates":[[[113.346,36.349],[113.281,36.387],[113.194,36.374],[113.262,36.299],[113.346,36.349]]]}},
{"type":"Feature","properties":{"minzoom":3.6},"geometry":{"type":"Polygon","coordinates":[[[116.5,36.213],[116.509,36.184],[116.556,36.187],[116.572,36.222],[116.496,36.272],[116.471,36.336],[116.407,36.323],[116.407,36.272],[116.442,36.25],[116.496,36.247],[116.5,36.213]]]}},
{"type":"Feature","properties":{"minzoom":5},"geometry":{"type":"Polygon","coordinates":[[[107.682,36.222],[107.624,36.291],[107.542,36.247],[107.657,36.184],[107.685,36.136],[107.746,36.12],[107.782,36.147],[107.796,36.196],[107.751,36.22],[107.682,36.222]]]}},
{"type":"Feature","properties":{"minzoom":5},"geometry":{"type":"Polygon","coordinates":[[[117.702,36.26],[117.633,36.254],[117.588,36.196],[117.653,36.147],[117.741,36.12],[117.778,36.062],[117.842,36.031],[117.879,36.064],[117.893,36.12],[117.774,36.166],[117.702,36.26]]]}},
{"type":"Feature","properties":{"minzoom":4},"geometry":{"type":"Polygon","coordinates":[[[137.21,36.107],[137.288,36.098],[137.324,36.158],[137.26,36.196],[137.22,36.251],[137.146,36.272],[137.195,36.197],[137.21,36.107]]]}},
{"type":"Feature","properties":{"minzoom":4},"geometry":{"type":"Polygon","coordinates":[[[111.56,35.771],[111.619,35.777],[111.645,35.714],[111.708,35.663],[111.686,35.641],[111.683,35.599],[111.781,35.647],[111.797,35.777],[111.751,35.813],[111.683,35.828],[111.543,35.98],[111.614,36.055],[111.645,36.171],[111.568,36.171],[111.581,36.26],[111.483,36.256],[111.416,36.222],[111.392,36.138],[111.327,36.095],[111.302,36.006],[111.251,36.04],[111.187,36.031],[111.225,35.955],[111.213,35.853],[111.365,35.866],[111.441,35.841],[111.488,35.872],[111.543,35.866],[111.513,35.827],[111.518,35.777],[111.56,35.771]]]}},
{"type":"Feature","properties":{"minzoom":5},"geometry":{"type":"Polygon","coordinates":[[[117.207,36.158],[117.207,36.234],[117.119,36.259],[117.029,36.234],[117.086,36.137],[117.207,36.158]]]}},
{"type":"Feature","properties":{"minzoom":4},"geometry":{"type":"Polygon","coordinates":[[[136.132,36.122],[136.156,36.082],[136.11,35.961],[136.181,35.853],[136.27,35.917],[136.282,36.024],[136.359,36.095],[136.257,36.26],[136.202,36.251],[136.156,36.223],[136.105,36.158],[136.132,36.122]]]}},
{"type":"Feature","properties":{"minzoom":5},"geometry":{"type":"Polygon","coordinates":[[[127.596,36.107],[127.52,36.222],[127.435,36.199],[127.405,36.12],[127.496,36.082],[127.596,36.107]]]}},
{"type":"Feature","properties":{"minzoom":3.6},"geometry":{"type":"Polygon","coordinates":[[[103.605,36.044],[103.821,35.98],[103.922,36.001],[103.999,36.044],[103.901,36.129],[103.745,36.158],[103.682,36.196],[103.483,36.173],[103.453,36.145],[103.605,36.044]]]}},
{"type":"Feature","properties":{"minzoom":5},"geometry":{"type":"Polygon","coordinates":[[[114.4,36.044],[114.439,36.12],[114.339,36.158],[114.223,36.133],[114.146,36.196],[114.08,36.174],[114.058,36.107],[114.134,36.018],[114.147,35.911],[114.21,35.853],[114.248,35.891],[114.159,36.082],[114.268,36.08],[114.4,36.044]]]}},
{"type":"Feature","properties":{"minzoom":3.7},"geometry":{"type":"Polygon","coordinates":[[[101.916,36.158],[101.797,36.163],[101.789,36.082],[101.884,36.089],[101.916,36.158]]]}},
{"type":"Feature","properties":{"minzoom":5},"geometry":{"type":"Polygon","coordinates":[[[126.682,36.038],[126.693,36.014],[126.647,35.922],[126.704,35.903],[126.88,35.991],[126.935,36.095],[126.732,36.018],[126.732,36.107],[126.685,36.123],[126.595,36.107],[126.682,36.038]]]}},
{"type":"Feature","properties":{"minzoom":5},"geometry":{"type":"Polygon","coordinates":[[[120.219,35.935],[120.285,35.984],[120.265,36.007],[120.181,36.017],[120.124,36.085],[120.103,35.98],[119.989,35.917],[119.941,35.914],[119.925,35.879],[119.956,35.85],[120.043,35.834],[120.055,35.861],[120.219,35.935]]]}},
{"type":"Feature","properties":{"minzoom":5},"geometry":{"type":"Polygon","coordinates":[[[119.48,36.018],[119.398,36.062],[119.354,35.968],[119.436,35.958],[119.48,36.018]]]}},
{"type":"Feature","properties":{"minzoom":5},"geometry":{"type":"Polygon","coordinates":[[[117.669,35.832],[117.791,35.79],[117.818,35.879],[117.791,35.968],[117.71,35.975],[117.652,36.006],[117.602,35.967],[117.575,35.904],[117.669,35.832]]]}},
{"type":"Feature","properties":{"minzoom":5},"geometry":{"type":"Polygon","coordinates":[[[137.946,35.536],[137.997,35.803],[138.048,35.853],[138.038,35.939],[137.997,35.993],[137.895,35.853],[137.9,35.718],[137.87,35.587],[137.809,35.539],[137.769,35.472],[137.864,35.454],[137.946,35.536]]]}},
{"type":"Feature","properties":{"minzoom":5},"geometry":{"type":"Polygon","coordinates":[[[127.659,35.879],[127.763,35.87],[127.85,35.917],[127.747,35.969],[127.659,35.879]]]}},
{"type":"Feature","properties":{"minzoom":4},"geometry":{"type":"Polygon","coordinates":[[[110.464,35.447],[110.502,35.536],[110.641,35.612],[110.73,35.51],[110.806,35.726],[110.721,35.798],[110.603,35.815],[110.572,35.864],[110.527,35.866],[110.578,35.752],[110.527,35.739],[110.514,35.625],[110.39,35.521],[110.375,35.46],[110.414,35.442],[110.464,35.447]]]}},
{"type":"Feature","properties":{"minzoom":4},"geometry":{"type":"Polygon","coordinates":[[[112.711,35.383],[112.737,35.371],[112.94,35.46],[113.029,35.612],[112.991,35.726],[112.907,35.731],[112.876,35.79],[112.925,35.792],[112.953,35.815],[112.935,35.868],[112.876,35.879],[112.876,35.841],[112.775,35.752],[112.559,35.599],[112.508,35.612],[112.369,35.51],[112.443,35.451],[112.559,35.434],[112.724,35.485],[112.703,35.438],[112.711,35.383]]]}},
{"type":"Feature","properties":{"minzoom":5},"geometry":{"type":"Polygon","coordinates":[[[114.991,35.701],[115.023,35.676],[115.083,35.711],[115.124,35.764],[115.042,35.822],[114.909,35.79],[114.928,35.752],[114.972,35.739],[114.991,35.701]]]}},
{"type":"Feature","properties":{"minzoom":5},"geometry":{"type":"Polygon","coordinates":[[[128.256,35.803],[128.167,35.714],[128.193,35.65],[128.273,35.658],[128.332,35.688],[128.345,35.777],[128.31,35.799],[128.256,35.803]]]}},
{"type":"Feature","properties":{"minzoom":4},"geometry":{"type":"Polygon","coordinates":[[[110.984,35.706],[110.946,35.587],[111.03,35.617],[111.073,35.688],[110.984,35.706]]]}},
{"type":"Feature","properties":{"minzoom":4},"geometry":{"type":"Polygon","coordinates":[[[111.454,35.612],[111.496,35.627],[111.518,35.663],[111.442,35.695],[111.34,35.701],[111.302,35.625],[111.234,35.642],[111.175,35.637],[111.25,35.567],[111.378,35.549],[111.454,35.612]]]}},
{"type":"Feature","properties":{"minzoom":5},"geometry":{"type":"Polygon","coordinates":[[[126.923,35.587],[126.783,35.637],[126.779,35.579],[126.808,35.523],[126.894,35.527],[126.923,35.587]]]}},
{"type":"Feature","properties":{"minzoom":5},"geometry":{"type":"Polygon","coordinates":[[[116.877,35.587],[116.805,35.597],[116.775,35.536],[116.852,35.485],[116.826,35.383],[116.878,35.327],[116.953,35.295],[117.01,35.352],[117.029,35.447],[116.864,35.498],[116.877,35.587]]]}},
{"type":"Feature","properties":{"minzoom":5},"geometry":{"type":"Polygon","coordinates":[[[133.222,35.422],[133.374,35.383],[133.415,35.348],[133.476,35.333],[133.489,35.371],[133.457,35.441],[133.425,35.46],[133.344,35.466],[133.273,35.51],[133.267,35.557],[133.209,35.558],[133.222,35.422]]]}},
{"type":"Feature","properties":{"minzoom":5},"geometry":{"type":"Polygon","coordinates":[[[137.553,35.51],[137.434,35.547],[137.362,35.434],[137.472,35.428],[137.553,35.51]]]}},
{"type":"Feature","properties":{"minzoom":5},"geometry":{"type":"Polygon","coordinates":[[[113.967,35.335],[113.969,35.434],[113.905,35.511],[113.816,35.549],[113.784,35.524],[113.765,35.472],[113.804,35.383],[113.805,35.303],[113.829,35.244],[113.943,35.256],[113.967,35.335]]]}},
{"type":"Feature","properties":{"minzoom":5},"geometry":{"type":"Polygon","coordinates":[[[126.507,35.507],[126.558,35.438],[126.745,35.409],[126.77,35.472],[126.74,35.504],[126.745,35.549],[126.645,35.51],[126.591,35.545],[126.507,35.507]]]}},
{"type":"Feature","properties":{"minzoom":5},"geometry":{"type":"Polygon","coordinates":[[[133.171,35.422],[133.105,35.505],[133.006,35.523],[133.043,35.427],[133.171,35.422]]]}},
{"type":"Feature","properties":{"minzoom":5},"geometry":{"type":"Polygon","coordinates":[[[116.661,35.345],[116.671,35.423],[116.636,35.485],[116.496,35.447],[116.55,35.367],[116.661,35.345]]]}},
{"type":"Feature","properties":{"minzoom":4},"geometry":{"type":"Polygon","coordinates":[[[111.264,35.371],[111.302,35.409],[111.341,35.414],[111.352,35.447],[111.29,35.463],[111.238,35.409],[111.175,35.383],[111.188,35.346],[111.225,35.333],[111.264,35.371]]]}},
{"type":"Feature","properties":{"minzoom":5},"geometry":{"type":"Polygon","coordinates":[[[127.469,35.46],[127.364,35.472],[127.316,35.396],[127.42,35.386],[127.469,35.46]]]}},
{"type":"Feature","properties":{"minzoom":5},"geometry":{"type":"Polygon","coordinates":[[[119.584,35.448],[119.49,35.464],[119.417,35.447],[119.417,35.409],[119.534,35.368],[119.584,35.448]]]}},
{"type":"Feature","properties":{"minzoom":5},"geometry":{"type":"Polygon","coordinates":[[[132.79,35.333],[132.892,35.358],[132.894,35.303],[132.93,35.282],[132.908,35.417],[132.879,35.46],[132.676,35.383],[132.676,35.32],[132.79,35.333]]]}},
{"type":"Feature","properties":{"minzoom":5},"geometry":{"type":"Polygon","coordinates":[[[127.139,35.282],[127.234,35.292],[127.329,35.282],[127.296,35.338],[127.227,35.358],[127.202,35.434],[127.151,35.434],[127.113,35.422],[127.139,35.282]]]}},
{"type":"Feature","properties":{"minzoom":5},"geometry":{"type":"Polygon","coordinates":[[[135.292,35.295],[135.214,35.344],[135.101,35.345],[135.09,35.319],[135.089,35.282],[135.191,35.272],[135.292,35.295]]]}},
{"type":"Feature","properties":{"minzoom":5},"geometry":{"type":"Polygon","coordinates":[[[113.321,35.333],[113.169,35.32],[113.105,35.282],[113.042,35.142],[113.107,35.166],[113.143,35.218],[113.191,35.19],[113.257,35.18],[113.372,35.244],[113.357,35.299],[113.321,35.333]]]}},
{"type":"Feature","properties":{"minzoom":5},"geometry":{"type":"Polygon","coordinates":[[[115.416,35.282],[115.424,35.226],[115.455,35.193],[115.536,35.213],[115.556,35.295],[115.416,35.282]]]}},
{"type":"Feature","properties":{"minzoom":5},"geometry":{"type":"Polygon","coordinates":[[[128.095,34.934],[128.151,34.916],[128.091,35.028],[128.18,35.091],[128.218,35.231],[128.109,35.255],[128.002,35.231],[128.015,35.155],[127.951,35.168],[127.978,35.019],[128.036,35.022],[128.095,34.934]]]}},
{"type":"Feature","properties":{"minzoom":4},"geometry":{"type":"Polygon","coordinates":[[[118.198,35.168],[118.185,35.142],[118.223,35.066],[118.21,34.99],[118.261,34.901],[118.414,35.002],[118.439,35.117],[118.326,35.165],[118.198,35.168]]]}},
{"type":"Feature","properties":{"minzoom":5},"geometry":{"type":"Polygon","coordinates":[[[109.143,35.142],[109.079,35.155],[109.022,35.076],[109.003,34.99],[109.101,35.037],[109.143,35.142]]]}},
{"type":"Feature","properties":{"minzoom":5},"geometry":{"type":"Polygon","coordinates":[[[134.085,35.015],[134.115,34.982],[134.162,34.964],[134.187,35.091],[134.141,35.134],[134.098,35.142],[134.001,35.118],[133.933,35.066],[133.99,35.022],[134.085,35.015]]]}},
{"type":"Feature","properties":{"minzoom":5},"geometry":{"type":"Polygon","coordinates":[[[110.946,35.002],[110.997,34.977],[111.049,35.014],[111.073,35.079],[110.983,35.095],[110.946,35.002]]]}},
{"type":"Feature","properties":{"minzoom":4},"geometry":{"type":"Polygon","coordinates":[[[127.715,34.721],[127.742,34.783],[127.663,34.843],[127.639,34.89],[127.659,34.926],[127.715,34.955],[127.844,34.964],[127.833,35.019],[127.723,35.091],[127.724,35.045],[127.685,35.002],[127.481,35.053],[127.431,34.988],[127.431,34.901],[127.545,34.888],[127.585,34.788],[127.578,34.751],[127.632,34.69],[127.715,34.721]]]}},
{"type":"Feature","properties":{"minzoom":5},"geometry":{"type":"Polygon","coordinates":[[[112.305,34.99],[112.318,34.901],[112.415,34.891],[112.47,34.952],[112.402,35.001],[112.305,34.99]]]}},
{"type":"Feature","properties":{"minzoom":5},"geometry":{"type":"Polygon","coordinates":[[[116.966,34.901],[117.02,34.892],[117.055,34.863],[117.096,34.78],[117.182,34.799],[117.102,34.942],[117.042,34.977],[116.985,34.958],[116.966,34.901]]]}},
{"type":"Feature","properties":{"minzoom":5},"geometry":{"type":"Polygon","coordinates":[[[116.965,34.862],[116.953,34.914],[116.801,34.964],[116.796,34.893],[116.877,34.85],[116.915,34.698],[116.97,34.706],[116.991,34.748],[116.966,34.799],[116.965,34.862]]]}},
{"type":"Feature","properties":{"minzoom":5},"geometry":{"type":"Polygon","coordinates":[[[128.567,34.883],[128.63,34.852],[128.736,34.855],[128.727,34.958],[128.625,34.969],[128.548,34.906],[128.567,34.883]]]}},
{"type":"Feature","properties":{"minzoom":4},"geometry":{"type":"Polygon","coordinates":[[[117.514,34.899],[117.499,34.875],[117.526,34.794],[117.588,34.748],[117.63,34.815],[117.626,34.901],[117.584,34.922],[117.525,34.926],[117.514,34.899]]]}},
{"type":"Feature","properties":{"minzoom":5},"geometry":{"type":"Polygon","coordinates":[[[111.239,34.722],[111.289,34.736],[111.255,34.835],[111.175,34.888],[111.124,34.799],[111.048,34.761],[111.041,34.71],[111.048,34.672],[111.175,34.723],[111.239,34.722]]]}},
{"type":"Feature","properties":{"minzoom":3.6},"geometry":{"type":"Polygon","coordinates":[[[113.829,34.837],[113.74,34.888],[113.612,34.878],[113.524,34.812],[113.55,34.66],[113.741,34.682],[113.829,34.837]]]}},
{"type":"Feature","properties":{"minzoom":5},"geometry":{"type":"Polygon","coordinates":[[[114.464,34.748],[114.421,34.82],[114.362,34.875],[114.295,34.861],[114.261,34.812],[114.342,34.737],[114.464,34.748]]]}},
{"type":"Feature","properties":{"minzoom":4},"geometry":{"type":"Polygon","coordinates":[[[126.472,34.812],[126.491,34.837],[126.414,34.855],[126.421,34.823],[126.472,34.812]]]}},
{"type":"Feature","properties":{"minzoom":5},"geometry":{"type":"Polygon","coordinates":[[[111.937,34.698],[111.894,34.793],[111.772,34.837],[111.71,34.808],[111.695,34.761],[111.802,34.716],[111.937,34.698]]]}},
{"type":"Feature","properties":{"minzoom":5},"geometry":{"type":"Polygon","coordinates":[[[112.864,34.647],[112.968,34.676],[113.054,34.723],[113.149,34.681],[113.245,34.723],[113.174,34.76],[113.08,34.774],[113.051,34.808],[113.004,34.825],[112.929,34.791],[112.876,34.736],[112.805,34.768],[112.737,34.774],[112.747,34.72],[112.775,34.685],[112.864,34.647]]]}},
{"type":"Feature","properties":{"minzoom":4},"geometry":{"type":"Polygon","coordinates":[[[134.207,34.782],[134.225,34.825],[134.16,34.813],[134.124,34.774],[134.022,34.812],[133.959,34.736],[133.882,34.774],[133.793,34.723],[133.696,34.693],[133.641,34.621],[133.577,34.647],[133.527,34.596],[133.463,34.634],[133.352,34.601],[133.235,34.596],[133.222,34.507],[133.095,34.431],[132.981,34.431],[133.049,34.368],[133.158,34.393],[133.18,34.366],[133.168,34.318],[133.445,34.433],[133.678,34.486],[133.876,34.495],[133.968,34.527],[134.195,34.687],[134.207,34.782]]]}},
{"type":"Feature","properties":{"minzoom":5},"geometry":{"type":"Polygon","coordinates":[[[112.495,34.596],[112.537,34.656],[112.546,34.748],[112.483,34.774],[112.353,34.732],[112.305,34.698],[112.363,34.61],[112.495,34.596]]]}},
{"type":"Feature","properties":{"minzoom":5},"geometry":{"type":"Polygon","coordinates":[[[119.351,34.749],[119.307,34.749],[119.266,34.702],[119.15,34.685],[119.115,34.618],[119.112,34.545],[119.252,34.558],[119.272,34.62],[119.315,34.66],[119.398,34.685],[119.429,34.713],[119.351,34.749]]]}},
{"type":"Feature","properties":{"minzoom":5},"geometry":{"type":"Polygon","coordinates":[[[113.27,34.546],[113.232,34.52],[113.28,34.498],[113.346,34.494],[113.435,34.431],[113.445,34.52],[113.423,34.596],[113.334,34.545],[113.27,34.546]]]}},
{"type":"Feature","properties":{"minzoom":3.6},"geometry":{"type":"Polygon","coordinates":[[[132.612,34.329],[132.593,34.456],[132.549,34.558],[132.384,34.507],[132.274,34.317],[132.282,34.285],[132.313,34.325],[132.421,34.353],[132.534,34.287],[132.649,34.249],[132.612,34.329]]]}},
{"type":"Feature","properties":{"minzoom":5},"geometry":{"type":"Polygon","coordinates":[[[115.62,34.367],[115.695,34.394],[115.709,34.482],[115.607,34.468],[115.62,34.367]]]}},
{"type":"Feature","properties":{"minzoom":4},"geometry":{"type":"Polygon","coordinates":[[[117.398,34.38],[117.35,34.352],[117.283,34.342],[117.271,34.406],[117.143,34.4],[117.067,34.342],[117.099,34.234],[117.156,34.152],[117.271,34.177],[117.334,34.266],[117.423,34.291],[117.499,34.482],[117.419,34.476],[117.398,34.38]]]}},
{"type":"Feature","properties":{"minzoom":5},"geometry":{"type":"Polygon","coordinates":[[[132.752,34.38],[132.791,34.417],[132.803,34.482],[132.638,34.482],[132.671,34.407],[132.752,34.38]]]}},
{"type":"Feature","properties":{"minzoom":5},"geometry":{"type":"Polygon","coordinates":[[[107.168,34.432],[107.06,34.431],[107.061,34.362],[107.085,34.317],[107.39,34.342],[107.337,34.384],[107.25,34.393],[107.168,34.432]]]}},
{"type":"Feature","properties":{"minzoom":3.6},"geometry":{"type":"Polygon","coordinates":[[[108.893,34.389],[108.851,34.367],[108.706,34.404],[108.622,34.304],[108.965,34.139],[109.079,34.215],[109.168,34.329],[109.053,34.392],[108.914,34.431],[108.893,34.389]]]}},
{"type":"Feature","properties":{"minzoom":4},"geometry":{"type":"Polygon","coordinates":[[[133.659,34.039],[133.732,34.086],[133.781,34.152],[133.857,34.164],[133.946,34.24],[134.047,34.19],[134.149,34.24],[134.223,34.243],[134.276,34.266],[134.277,34.293],[134.076,34.358],[133.948,34.348],[133.826,34.307],[133.706,34.237],[133.603,34.244],[133.643,34.135],[133.621,34.063],[133.659,34.039]]]}},
{"type":"Feature","properties":{"minzoom":4},"geometry":{"type":"Polygon","coordinates":[[[134.378,34.126],[134.176,34.092],[134.136,34.05],[134.39,34.05],[134.594,33.948],[134.631,33.876],[134.678,33.861],[134.695,33.928],[134.635,34.044],[134.637,34.227],[134.571,34.221],[134.49,34.163],[134.378,34.126]]]}},
{"type":"Feature","properties":{"minzoom":5},"geometry":{"type":"Polygon","coordinates":[[[132.95,34.033],[133.019,33.986],[133.057,33.872],[133.12,33.859],[133.284,33.891],[133.353,33.945],[133.35,33.977],[133.134,33.927],[133.051,33.997],[132.99,34.088],[132.935,34.095],[132.908,34.074],[132.95,34.033]]]}},
{"type":"Feature","properties":{"minzoom":5},"geometry":{"type":"Polygon","coordinates":[[[131.99,33.961],[131.924,34.041],[131.825,34.088],[131.733,34.094],[131.709,34.082],[131.697,34.047],[131.763,34.045],[131.941,33.942],[131.99,33.961]]]}},
{"type":"Feature","properties":{"minzoom":5},"geometry":{"type":"Polygon","coordinates":[[[113.815,34.086],[113.765,33.999],[113.855,33.978],[113.905,34.05],[113.815,34.086]]]}},
{"type":"Feature","properties":{"minzoom":3.6},"geometry":{"type":"Polygon","coordinates":[[[130.145,33.5],[130.225,33.499],[130.288,33.517],[130.491,33.428],[130.361,33.348],[130.187,33.313],[130.072,33.326],[130.085,33.237],[129.945,33.224],[129.971,33.072],[130.147,33.066],[130.127,33.105],[130.238,33.178],[130.382,33.093],[130.44,32.951],[130.547,32.832],[130.564,32.728],[130.585,32.721],[130.644,32.628],[130.568,32.471],[130.594,32.462],[130.679,32.484],[130.738,32.556],[130.758,32.653],[130.834,32.678],[130.866,32.784],[130.949,32.869],[130.847,33.034],[130.695,33.072],[130.631,32.996],[130.555,32.996],[130.555,33.148],[130.663,33.18],[130.72,33.263],[130.631,33.275],[130.847,33.339],[130.707,33.466],[130.644,33.466],[130.577,33.57],[130.529,33.694],[130.58,33.732],[130.629,33.666],[130.644,33.567],[130.765,33.546],[130.872,33.593],[130.809,33.821],[130.936,33.758],[130.923,33.709],[130.936,33.656],[131.057,33.632],[131.076,33.662],[130.953,33.872],[130.84,33.918],[130.716,33.928],[130.484,33.835],[130.439,33.734],[130.365,33.634],[130.275,33.598],[130.168,33.598],[130.131,33.578],[130.118,33.56],[130.145,33.5]]]}},
{"type":"Feature","properties":{"minzoom":5},"geometry":{"type":"Polygon","coordinates":[[[131.057,34.06],[130.972,34.072],[130.911,34.051],[130.919,33.976],[131.052,34.017],[131.057,34.06]]]}},
{"type":"Feature","properties":{"minzoom":5},"geometry":{"type":"Polygon","coordinates":[[[116.852,33.859],[116.885,33.935],[116.89,34.012],[116.783,34.021],[116.737,33.91],[116.779,33.869],[116.852,33.859]]]}},
{"type":"Feature","properties":{"minzoom":5},"geometry":{"type":"Polygon","coordinates":[[[132.828,33.731],[132.904,33.809],[132.782,33.987],[132.672,33.741],[132.715,33.724],[132.828,33.731]]]}},
{"type":"Feature","properties":{"minzoom":5},"geometry":{"type":"Polygon","coordinates":[[[112.94,33.809],[112.956,33.88],[112.915,33.948],[112.826,33.948],[112.857,33.852],[112.94,33.809]]]}},
{"type":"Feature","properties":{"minzoom":5},"geometry":{"type":"Polygon","coordinates":[[[113.448,33.745],[113.338,33.815],[113.181,33.796],[113.293,33.689],[113.448,33.745]]]}},
{"type":"Feature","properties":{"minzoom":5},"geometry":{"type":"Polygon","coordinates":[[[135.449,33.671],[135.495,33.745],[135.313,33.803],[135.28,33.785],[135.347,33.722],[135.387,33.643],[135.449,33.671]]]}},
{"type":"Feature","properties":{"minzoom":4},"geometry":{"type":"Polygon","coordinates":[[[118.985,33.669],[118.947,33.644],[118.96,33.555],[119.074,33.542],[119.11,33.489],[119.176,33.466],[119.147,33.573],[119.023,33.667],[118.985,33.669]]]}},
{"type":"Feature","properties":{"minzoom":4},"geometry":{"type":"Polygon","coordinates":[[[133.743,33.644],[133.476,33.631],[133.362,33.517],[133.454,33.433],[133.632,33.511],[133.774,33.504],[133.743,33.644]]]}},
{"type":"Feature","properties":{"minzoom":5},"geometry":{"type":"Polygon","coordinates":[[[113.981,33.542],[114.079,33.531],[114.121,33.605],[114.02,33.624],[113.981,33.542]]]}},
{"type":"Feature","properties":{"minzoom":3.6},"geometry":{"type":"Polygon","coordinates":[[[131.123,33.617],[131.164,33.529],[131.33,33.504],[131.418,33.508],[131.481,33.562],[131.479,33.614],[131.366,33.571],[131.175,33.603],[131.126,33.632],[131.123,33.617]]]}},
{"type":"Feature","properties":{"minzoom":4},"geometry":{"type":"Polygon","coordinates":[[[126.442,33.464],[126.45,33.452],[126.566,33.446],[126.605,33.453],[126.604,33.493],[126.595,33.524],[126.445,33.487],[126.442,33.464]]]}},
{"type":"Feature","properties":{"minzoom":5},"geometry":{"type":"Polygon","coordinates":[[[129.952,33.393],[130.034,33.377],[130.076,33.398],[130.098,33.44],[130.052,33.46],[129.996,33.453],[129.964,33.495],[129.919,33.483],[129.879,33.464],[129.952,33.393]]]}},
{"type":"Feature","properties":{"minzoom":5},"geometry":{"type":"Polygon","coordinates":[[[120.226,33.361],[120.23,33.415],[120.077,33.466],[120.09,33.36],[120.204,33.326],[120.226,33.361]]]}},
{"type":"Feature","properties":{"minzoom":5},"geometry":{"type":"Polygon","coordinates":[[[129.833,33.261],[129.851,33.207],[129.894,33.174],[129.945,33.275],[129.851,33.35],[129.844,33.322],[129.807,33.332],[129.833,33.261]]]}},
{"type":"Feature","properties":{"minzoom":5},"geometry":{"type":"Polygon","coordinates":[[[129.907,33.059],[129.885,33.094],[129.844,33.11],[129.793,33.224],[129.691,33.275],[129.611,33.218],[129.857,33.047],[129.907,33.059]]]}},
{"type":"Feature","properties":{"minzoom":5},"geometry":{"type":"Polygon","coordinates":[[[131.52,33.174],[131.611,33.139],[131.711,33.154],[131.75,33.178],[131.791,33.253],[131.567,33.27],[131.535,33.237],[131.52,33.174]]]}},
{"type":"Feature","properties":{"minzoom":4},"geometry":{"type":"Polygon","coordinates":[[[112.61,32.97],[112.597,33.072],[112.504,33.069],[112.457,33.021],[112.513,32.948],[112.61,32.97]]]}},
{"type":"Feature","properties":{"minzoom":5},"geometry":{"type":"Polygon","coordinates":[[[117.449,32.958],[117.359,32.995],[117.258,32.958],[117.355,32.894],[117.449,32.958]]]}},
{"type":"Feature","properties":{"minzoom":5},"geometry":{"type":"Polygon","coordinates":[[[115.912,32.932],[115.822,32.969],[115.772,32.882],[115.861,32.861],[115.912,32.932]]]}},
{"type":"Feature","properties":{"minzoom":5},"geometry":{"type":"Polygon","coordinates":[[[130.295,32.809],[130.326,32.742],[130.272,32.676],[130.34,32.702],[130.361,32.756],[130.354,32.81],[130.326,32.853],[130.28,32.867],[130.224,32.848],[130.226,32.832],[130.295,32.809]]]}},
{"type":"Feature","properties":{"minzoom":5},"geometry":{"type":"Polygon","coordinates":[[[110.883,32.564],[110.806,32.708],[110.679,32.64],[110.759,32.58],[110.883,32.564]]]}},
{"type":"Feature","properties":{"minzoom":3.7},"geometry":{"type":"Polygon","coordinates":[[[116.991,32.59],[117.106,32.704],[117.005,32.705],[116.902,32.678],[116.776,32.688],[116.788,32.564],[116.991,32.59]]]}},
{"type":"Feature","properties":{"minzoom":5},"geometry":{"type":"Polygon","coordinates":[[[131.74,32.624],[131.684,32.629],[131.622,32.589],[131.629,32.52],[131.604,32.421],[131.627,32.407],[131.754,32.616],[131.74,32.624]]]}},
{"type":"Feature","properties":{"minzoom":5},"geometry":{"type":"Polygon","coordinates":[[[119.341,32.374],[119.468,32.297],[119.538,32.36],[119.633,32.399],[119.633,32.462],[119.544,32.501],[119.542,32.556],[119.506,32.577],[119.487,32.536],[119.506,32.488],[119.405,32.449],[119.341,32.374]]]}},
{"type":"Feature","properties":{"minzoom":5},"geometry":{"type":"Polygon","coordinates":[[[119.823,32.551],[119.883,32.453],[119.976,32.501],[119.916,32.564],[119.823,32.551]]]}},
{"type":"Feature","properties":{"minzoom":4},"geometry":{"type":"Polygon","coordinates":[[[131.566,32.281],[131.467,32.174],[131.38,32.145],[131.406,32.005],[131.333,32.028],[131.266,32.005],[131.315,31.927],[131.317,31.827],[131.474,31.787],[131.46,31.883],[131.587,32.273],[131.566,32.281]]]}},
{"type":"Feature","properties":{"minzoom":5},"geometry":{"type":"Polygon","coordinates":[[[119.61,32.161],[119.62,32.17],[119.554,32.237],[119.455,32.272],[119.404,32.272],[119.366,32.196],[119.379,32.17],[119.482,32.142],[119.607,32.145],[119.61,32.161]]]}},
{"type":"Feature","properties":{"minzoom":3.6},"geometry":{"type":"Polygon","coordinates":[[[130.707,32.208],[130.796,32.181],[130.872,32.221],[130.783,32.262],[130.707,32.208]]]}},
{"type":"Feature","properties":{"minzoom":5},"geometry":{"type":"Polygon","coordinates":[[[119.938,32.234],[119.905,32.17],[119.925,32.107],[120.035,32.136],[120.09,32.221],[119.938,32.234]]]}},
{"type":"Feature","properties":{"minzoom":5},"geometry":{"type":"Polygon","coordinates":[[[113.994,32.17],[114.063,32.082],[114.172,32.094],[114.111,32.187],[113.994,32.17]]]}},
{"type":"Feature","properties":{"minzoom":5},"geometry":{"type":"Polygon","coordinates":[[[112.178,31.967],[112.254,32.107],[112.138,32.14],[112.076,32.005],[112.178,31.967]]]}},
{"type":"Feature","properties":{"minzoom":5},"geometry":{"type":"Polygon","coordinates":[[[120.95,31.891],[120.966,32.056],[120.796,32.097],[120.754,32.046],[120.792,32.032],[120.95,31.891]]]}},
{"type":"Feature","properties":{"minzoom":5},"geometry":{"type":"Polygon","coordinates":[[[119.607,31.954],[119.633,32.005],[119.569,32.063],[119.506,32.005],[119.543,31.966],[119.607,31.954]]]}},
{"type":"Feature","properties":{"minzoom":5},"geometry":{"type":"Polygon","coordinates":[[[120.331,32.043],[120.242,32.056],[120.207,31.976],[120.336,32.029],[120.331,32.043]]]}},
{"type":"Feature","properties":{"minzoom":3.6},"geometry":{"type":"Polygon","coordinates":[[[120.622,31.999],[120.598,31.929],[120.556,31.93],[120.488,32.016],[120.348,31.952],[120.192,31.906],[120.099,31.924],[119.849,31.891],[119.798,31.929],[119.82,31.814],[119.887,31.713],[119.95,31.688],[120.039,31.7],[120.065,31.637],[120.141,31.65],[120.203,31.526],[120.219,31.532],[120.254,31.51],[120.26,31.461],[120.356,31.466],[120.446,31.51],[120.401,31.662],[120.268,31.726],[120.275,31.801],[120.306,31.853],[120.496,31.777],[120.56,31.675],[120.725,31.802],[120.687,31.916],[120.722,31.973],[120.622,31.999]]]}},
{"type":"Feature","properties":{"minzoom":4},"geometry":{"type":"Polygon","coordinates":[[[117.165,31.797],[117.169,31.713],[117.252,31.732],[117.309,31.777],[117.383,31.805],[117.423,31.866],[117.314,31.952],[117.169,31.904],[117.165,31.797]]]}},
{"type":"Feature","properties":{"minzoom":5},"geometry":{"type":"Polygon","coordinates":[[[130.317,31.711],[130.377,31.866],[130.311,31.87],[130.238,31.72],[130.283,31.67],[130.317,31.711]]]}},
{"type":"Feature","properties":{"minzoom":5},"geometry":{"type":"Polygon","coordinates":[[[130.999,31.751],[131.037,31.65],[131.134,31.693],[131.19,31.777],[131.143,31.825],[131.076,31.853],[130.999,31.751]]]}},
{"type":"Feature","properties":{"minzoom":5},"geometry":{"type":"Polygon","coordinates":[[[130.798,31.705],[130.808,31.749],[130.791,31.785],[130.72,31.827],[130.676,31.777],[130.593,31.764],[130.568,31.7],[130.479,31.688],[130.453,31.573],[130.498,31.47],[130.53,31.468],[130.556,31.563],[130.655,31.718],[130.776,31.706],[130.785,31.692],[130.798,31.705]]]}},
{"type":"Feature","properties":{"minzoom":5},"geometry":{"type":"Polygon","coordinates":[[[118.477,31.637],[118.545,31.64],[118.604,31.612],[118.642,31.688],[118.585,31.707],[118.566,31.764],[118.452,31.789],[118.35,31.751],[118.337,31.637],[118.439,31.7],[118.477,31.637]]]}},
{"type":"Feature","properties":{"minzoom":5},"geometry":{"type":"Polygon","coordinates":[[[120.91,31.763],[120.827,31.713],[120.742,31.725],[120.674,31.7],[120.694,31.631],[120.75,31.599],[120.852,31.612],[120.878,31.674],[120.973,31.741],[120.91,31.763]]]}},
{"type":"Feature","properties":{"minzoom":4},"geometry":{"type":"Polygon","coordinates":[[[104.685,31.446],[104.787,31.421],[104.812,31.51],[104.73,31.537],[104.685,31.446]]]}},
{"type":"Feature","properties":{"minzoom":5},"geometry":{"type":"Polygon","coordinates":[[[118.426,31.294],[118.452,31.357],[118.452,31.446],[118.363,31.472],[118.312,31.332],[118.358,31.302],[118.426,31.294]]]}},
{"type":"Feature","properties":{"minzoom":5},"geometry":{"type":"Polygon","coordinates":[[[119.874,31.434],[119.809,31.444],[119.76,31.408],[119.798,31.265],[119.9,31.243],[119.874,31.345],[119.874,31.434]]]}},
{"type":"Feature","properties":{"minzoom":5},"geometry":{"type":"Polygon","coordinates":[[[131.025,31.427],[130.839,31.422],[130.796,31.37],[131.053,31.344],[131.035,31.378],[131.062,31.422],[131.025,31.427]]]}},
{"type":"Feature","properties":{"minzoom":5},"geometry":{"type":"Polygon","coordinates":[[[112.127,31.053],[112.203,30.964],[112.257,30.999],[112.28,31.065],[112.199,31.113],[112.127,31.053]]]}},
{"type":"Feature","properties":{"minzoom":5},"geometry":{"type":"Polygon","coordinates":[[[119.95,30.888],[120.051,30.839],[120.166,30.837],[120.156,30.897],[120.128,30.938],[120.027,30.938],[119.949,31.033],[119.861,31.002],[119.916,30.955],[119.95,30.888]]]}},
{"type":"Feature","properties":{"minzoom":5},"geometry":{"type":"Polygon","coordinates":[[[117.906,30.913],[117.88,31.002],[117.791,31.002],[117.753,30.875],[117.906,30.913]]]}},
{"type":"Feature","properties":{"minzoom":5},"geometry":{"type":"Polygon","coordinates":[[[110.984,30.786],[111.075,30.81],[111.124,30.875],[111.022,30.892],[110.946,30.824],[110.984,30.786]]]}},
{"type":"Feature","properties":{"minzoom":4},"geometry":{"type":"Polygon","coordinates":[[[106.12,30.748],[106.167,30.809],[106.196,30.888],[106.031,30.837],[106.031,30.773],[106.12,30.748]]]}},
{"type":"Feature","properties":{"minzoom":5},"geometry":{"type":"Polygon","coordinates":[[[108.423,30.852],[108.33,30.824],[108.372,30.758],[108.457,30.735],[108.423,30.852]]]}},
{"type":"Feature","properties":{"minzoom":3.6},"geometry":{"type":"Polygon","coordinates":[[[103.948,30.799],[103.91,30.57],[104.101,30.532],[104.253,30.646],[104.177,30.85],[104.139,30.85],[104.068,30.789],[103.948,30.799]]]}},
{"type":"Feature","properties":{"minzoom":6},"geometry":{"type":"Polygon","coordinates":[[[120.827,30.799],[120.785,30.833],[120.712,30.837],[120.698,30.786],[120.712,30.735],[120.795,30.742],[120.827,30.799]]]}},
{"type":"Feature","properties":{"minzoom":5},"geometry":{"type":"Polygon","coordinates":[[[111.378,30.634],[111.389,30.737],[111.352,30.824],[111.268,30.801],[111.213,30.748],[111.27,30.665],[111.378,30.634]]]}},
{"type":"Feature","properties":{"minzoom":3.6},"geometry":{"type":"Polygon","coordinates":[[[114.362,30.469],[114.439,30.443],[114.477,30.557],[114.549,30.618],[114.591,30.71],[114.541,30.716],[114.489,30.697],[114.403,30.741],[114.267,30.718],[114.21,30.723],[114.108,30.697],[114.058,30.634],[114.019,30.615],[114.007,30.57],[114.096,30.57],[114.134,30.456],[114.195,30.446],[114.248,30.469],[114.302,30.457],[114.362,30.469]]]}},
{"type":"Feature","properties":{"minzoom":5},"geometry":{"type":"Polygon","coordinates":[[[117.061,30.481],[117.118,30.507],[117.08,30.592],[116.991,30.596],[116.978,30.547],[116.991,30.494],[117.061,30.481]]]}},
{"type":"Feature","properties":{"minzoom":5},"geometry":{"type":"Polygon","coordinates":[[[114.883,30.342],[114.947,30.456],[114.842,30.475],[114.883,30.342]]]}},
{"type":"Feature","properties":{"minzoom":5},"geometry":{"type":"Polygon","coordinates":[[[112.203,30.291],[112.33,30.265],[112.269,30.4],[112.127,30.367],[112.203,30.291]]]}},
{"type":"Feature","properties":{"minzoom":5},"geometry":{"type":"Polygon","coordinates":[[[115.175,30.227],[115.128,30.269],[115.061,30.291],[114.959,30.24],[114.885,30.251],[114.845,30.202],[114.921,30.176],[114.972,30.126],[115.175,30.227]]]}},
{"type":"Feature","properties":{"minzoom":5},"geometry":{"type":"Polygon","coordinates":[[[121.259,30.138],[121.313,30.154],[121.347,30.189],[121.221,30.237],[121.106,30.176],[121.144,30.156],[121.195,30.164],[121.259,30.138]]]}},
{"type":"Feature","properties":{"minzoom":5},"geometry":{"type":"Polygon","coordinates":[[[121.119,30.011],[121.184,30.009],[121.22,30.062],[121.132,30.11],[121.119,30.011]]]}},
{"type":"Feature","properties":{"minzoom":4},"geometry":{"type":"Polygon","coordinates":[[[121.678,29.979],[121.638,30.019],[121.5,29.961],[121.44,29.985],[121.373,29.973],[121.449,29.808],[121.57,29.799],[121.69,29.821],[121.741,29.91],[121.797,29.883],[121.861,29.89],[121.885,29.91],[121.812,29.952],[121.678,29.979]]]}},
{"type":"Feature","properties":{"minzoom":5},"geometry":{"type":"Polygon","coordinates":[[[116.045,29.688],[116.09,29.77],[116.019,29.797],[115.937,29.783],[115.924,29.714],[115.95,29.656],[116.045,29.688]]]}},
{"type":"Feature","properties":{"minzoom":5},"geometry":{"type":"Polygon","coordinates":[[[120.293,29.745],[120.281,29.77],[120.198,29.772],[120.166,29.694],[120.25,29.675],[120.293,29.745]]]}},
{"type":"Feature","properties":{"minzoom":3.7},"geometry":{"type":"Polygon","coordinates":[[[106.45,29.44],[106.59,29.484],[106.654,29.605],[106.556,29.647],[106.438,29.668],[106.401,29.59],[106.399,29.478],[106.45,29.44]]]}},
{"type":"Feature","properties":{"minzoom":3.6},"geometry":{"type":"Polygon","coordinates":[[[120.89,29.63],[120.839,29.644],[120.789,29.63],[120.852,29.503],[120.911,29.49],[120.966,29.503],[120.927,29.553],[120.865,29.58],[120.89,29.63]]]}},
{"type":"Feature","properties":{"minzoom":5},"geometry":{"type":"Polygon","coordinates":[[[113.334,29.592],[113.257,29.478],[113.302,29.455],[113.389,29.511],[113.423,29.554],[113.39,29.585],[113.334,29.592]]]}},
{"type":"Feature","properties":{"minzoom":4},"geometry":{"type":"Polygon","coordinates":[[[113.195,29.42],[113.143,29.491],[113.067,29.364],[113.103,29.329],[113.169,29.326],[113.195,29.42]]]}},
{"type":"Feature","properties":{"minzoom":5},"geometry":{"type":"Polygon","coordinates":[[[120.142,29.365],[120.103,29.376],[120.014,29.364],[120.028,29.301],[120.077,29.275],[120.154,29.3],[120.242,29.237],[120.293,29.275],[120.248,29.325],[120.166,29.338],[120.142,29.365]]]}},
{"type":"Feature","properties":{"minzoom":5},"geometry":{"type":"Polygon","coordinates":[[[119.722,29.084],[119.644,29.178],[119.569,29.097],[119.638,29.061],[119.722,29.084]]]}},
{"type":"Feature","properties":{"minzoom":5},"geometry":{"type":"Polygon","coordinates":[[[111.708,28.957],[111.746,28.996],[111.759,29.059],[111.705,29.106],[111.632,29.084],[111.651,29.001],[111.708,28.957]]]}},
{"type":"Feature","properties":{"minzoom":5},"geometry":{"type":"Polygon","coordinates":[[[118.845,29.008],[118.836,28.931],[118.884,28.881],[118.953,28.922],[118.96,28.995],[118.908,29.022],[118.845,29.008]]]}},
{"type":"Feature","properties":{"minzoom":3.7},"geometry":{"type":"Polygon","coordinates":[[[115.924,28.576],[115.977,28.613],[116.013,28.665],[115.901,28.776],[115.785,28.691],[115.841,28.62],[115.924,28.576]]]}},
{"type":"Feature","properties":{"minzoom":5},"geometry":{"type":"Polygon","coordinates":[[[121.519,28.714],[121.53,28.717],[121.476,28.75],[121.436,28.754],[121.396,28.686],[121.335,28.64],[121.259,28.716],[121.241,28.614],[121.335,28.551],[121.341,28.506],[121.373,28.487],[121.455,28.597],[121.492,28.609],[121.475,28.641],[121.519,28.714]]]}},
{"type":"Feature","properties":{"minzoom":3.7},"geometry":{"type":"Polygon","coordinates":[[[112.876,28.259],[112.908,28.144],[112.991,28.081],[113.092,28.144],[113.156,28.259],[113.021,28.309],[112.876,28.259]]]}},
{"type":"Feature","properties":{"minzoom":4},"geometry":{"type":"Polygon","coordinates":[[[120.764,27.977],[120.748,28.01],[120.892,28.004],[120.959,28.037],[121.023,28.137],[120.928,28.144],[120.849,28.091],[120.75,28.056],[120.616,28.086],[120.535,27.979],[120.639,27.935],[120.75,27.954],[120.833,27.902],[120.833,27.938],[120.764,27.977]]]}},
{"type":"Feature","properties":{"minzoom":5},"geometry":{"type":"Polygon","coordinates":[[[113.214,27.853],[113.207,27.929],[113.099,27.943],[113.029,27.89],[112.948,27.925],[112.851,27.916],[112.838,27.878],[112.936,27.79],[113.054,27.852],[113.169,27.802],[113.214,27.853]]]}},
{"type":"Feature","properties":{"minzoom":5},"geometry":{"type":"Polygon","coordinates":[[[120.784,27.842],[120.701,27.879],[120.662,27.878],[120.606,27.838],[120.585,27.763],[120.682,27.737],[120.784,27.842]]]}},
{"type":"Feature","properties":{"minzoom":5},"geometry":{"type":"Polygon","coordinates":[[[112.064,27.738],[112.013,27.816],[111.924,27.802],[111.97,27.717],[112.064,27.738]]]}},
{"type":"Feature","properties":{"minzoom":5},"geometry":{"type":"Polygon","coordinates":[[[120.628,27.611],[120.605,27.64],[120.598,27.725],[120.511,27.686],[120.471,27.598],[120.499,27.58],[120.592,27.57],[120.628,27.611]]]}},
{"type":"Feature","properties":{"minzoom":3.7},"geometry":{"type":"Polygon","coordinates":[[[113.905,27.624],[113.883,27.691],[113.804,27.7],[113.715,27.636],[113.81,27.615],[113.905,27.624]]]}},
{"type":"Feature","properties":{"minzoom":5},"geometry":{"type":"Polygon","coordinates":[[[95.287,27.326],[95.3,27.294],[95.439,27.382],[95.452,27.446],[95.479,27.457],[95.49,27.484],[95.383,27.448],[95.287,27.37],[95.287,27.326]]]}},
{"type":"Feature","properties":{"minzoom":4},"geometry":{"type":"Polygon","coordinates":[[[112.686,26.862],[112.663,26.934],[112.61,26.976],[112.56,26.956],[112.534,26.913],[112.593,26.855],[112.686,26.862]]]}},
{"type":"Feature","properties":{"minzoom":3.7},"geometry":{"type":"Polygon","coordinates":[[[106.654,26.52],[106.717,26.481],[106.753,26.502],[106.803,26.567],[106.806,26.62],[106.733,26.681],[106.628,26.709],[106.635,26.643],[106.615,26.582],[106.654,26.52]]]}},
{"type":"Feature","properties":{"minzoom":5},"geometry":{"type":"Polygon","coordinates":[[[101.675,26.633],[101.567,26.657],[101.497,26.582],[101.563,26.553],[101.65,26.544],[101.692,26.511],[101.751,26.493],[101.798,26.556],[101.802,26.633],[101.741,26.645],[101.675,26.633]]]}},
{"type":"Feature","properties":{"minzoom":4},"geometry":{"type":"Polygon","coordinates":[[[127.842,26.425],[127.803,26.408],[127.729,26.424],[127.727,26.308],[127.655,26.199],[127.653,26.095],[127.729,26.097],[127.804,26.153],[127.79,26.255],[127.849,26.319],[127.905,26.328],[127.869,26.381],[127.868,26.428],[127.842,26.425]]]}},
{"type":"Feature","properties":{"minzoom":3.7},"geometry":{"type":"Polygon","coordinates":[[[119.437,25.967],[119.494,25.94],[119.544,25.947],[119.503,26.009],[119.437,25.967]]]}},
{"type":"Feature","properties":{"minzoom":3.7},"geometry":{"type":"Polygon","coordinates":[[[119.313,26.063],[119.415,26.054],[119.383,26.136],[119.315,26.189],[119.18,26.114],[119.313,26.063]]]}},
{"type":"Feature","properties":{"minzoom":5},"geometry":{"type":"Polygon","coordinates":[[[119.619,26.004],[119.595,25.897],[119.647,25.914],[119.619,26.004]]]}},
{"type":"Feature","properties":{"minzoom":4},"geometry":{"type":"Polygon","coordinates":[[[123.214,41.162],[123.367,41.213],[123.278,41.302],[123.125,41.327],[123.1,41.225],[122.986,41.2],[122.897,41.137],[122.948,41.022],[123.096,41.016],[123.202,41.073],[123.138,41.111],[123.138,41.213],[123.214,41.162]]]}},
{"type":"Feature","properties":{"minzoom":5},"geometry":{"type":"Polygon","coordinates":[[[123.519,41.098],[123.474,41.187],[123.367,41.213],[123.41,41.107],[123.519,41.098]]]}},
{"type":"Feature","properties":{"minzoom":3.6},"geometry":{"type":"Polygon","coordinates":[[[128.643,35.12],[128.796,35.094],[128.98,35.102],[129.077,35.123],[129.214,35.182],[129.329,35.333],[129.419,35.498],[129.461,35.618],[129.386,35.688],[129.348,35.866],[129.298,35.955],[129.399,35.93],[129.481,35.969],[129.486,36.023],[129.458,36.006],[129.404,36.052],[129.396,36.175],[129.342,36.166],[129.29,36.077],[129.259,36.057],[129.158,36.044],[129.196,35.942],[129.181,35.919],[129.158,35.904],[129.082,35.93],[129.069,35.841],[129.14,35.81],[129.234,35.803],[129.282,35.742],[129.31,35.663],[129.226,35.61],[129.12,35.625],[129.056,35.51],[129.069,35.434],[128.965,35.373],[128.84,35.333],[128.891,35.472],[128.943,35.465],[128.98,35.498],[128.777,35.587],[128.677,35.528],[128.675,35.396],[128.605,35.381],[128.536,35.396],[128.561,35.599],[128.434,35.561],[128.472,35.447],[128.436,35.436],[128.396,35.447],[128.421,35.333],[128.37,35.358],[128.32,35.32],[128.256,35.358],[128.267,35.301],[128.307,35.244],[128.436,35.24],[128.51,35.18],[128.46,35.131],[128.472,35.078],[128.511,35.101],[128.643,35.12]],[[129.153,35.503],[129.171,35.536],[129.245,35.483],[129.259,35.371],[129.209,35.307],[129.191,35.353],[129.209,35.422],[129.145,35.46],[129.153,35.503]]]}},
{"type":"Feature","properties":{"minzoom":3.6},"geometry":{"type":"Polygon","coordinates":[[[129.209,35.422],[129.191,35.353],[129.209,35.307],[129.259,35.371],[129.245,35.483],[129.171,35.536],[129.145,35.46],[129.209,35.422]]]}},
{"type":"Feature","properties":{"minzoom":3.6},"geometry":{"type":"Polygon","coordinates":[[[129.209,35.422],[129.191,35.353],[129.209,35.307],[129.259,35.371],[129.245,35.483],[129.171,35.536],[129.145,35.46],[129.209,35.422]]]}},
{"type":"Feature","properties":{"minzoom":3.7},"geometry":{"type":"Polygon","coordinates":[[[130.097,32.81],[130.122,32.818],[130.136,32.907],[130.087,32.894],[130.034,32.907],[130.011,32.995],[129.945,33.034],[129.905,33.011],[129.992,32.852],[129.901,32.852],[129.818,32.912],[129.732,32.834],[129.824,32.715],[129.897,32.667],[129.951,32.722],[130.059,32.77],[130.097,32.81]]]}},
{"type":"Feature","properties":{"minzoom":4},"geometry":{"type":"Polygon","coordinates":[[[121.263,38.96],[121.107,38.921],[121.122,38.813],[121.164,38.732],[121.32,38.808],[121.517,38.831],[121.65,38.865],[121.67,38.892],[121.633,38.955],[121.677,39.003],[121.864,38.996],[121.906,39.025],[121.797,39.142],[121.644,39.184],[121.68,39.109],[121.263,38.96]]]}},
{"type":"Feature","properties":{"minzoom":4},"geometry":{"type":"Polygon","coordinates":[[[138.81,37.631],[138.848,37.568],[138.783,37.525],[138.734,37.466],[138.75,37.292],[138.899,37.25],[138.924,37.187],[138.877,37.126],[138.81,37.085],[138.784,37.187],[138.734,37.187],[138.717,37.143],[138.734,37.085],[138.662,37.035],[138.657,36.946],[138.734,36.958],[138.835,36.874],[138.937,36.946],[138.948,37.1],[139.013,37.263],[138.917,37.294],[138.861,37.365],[138.925,37.433],[139.026,37.466],[139.037,37.537],[139.013,37.593],[139.077,37.631],[139.115,37.695],[139.064,37.771],[139.178,37.695],[139.242,37.746],[139.191,37.847],[139.22,37.888],[139.267,37.911],[139.343,37.885],[139.369,37.923],[139.346,37.983],[139.305,38.025],[139.268,38.025],[138.877,37.835],[138.835,37.791],[138.81,37.631]]]}},
{"type":"Feature","properties":{"minzoom":4},"geometry":{"type":"Polygon","coordinates":[[[138.2,37.149],[138.213,37.034],[138.173,36.866],[138.188,36.704],[138.035,36.59],[138.073,36.539],[138.086,36.476],[138.135,36.448],[138.162,36.399],[138.137,36.361],[138.2,36.33],[138.238,36.272],[138.315,36.272],[138.429,36.196],[138.433,36.13],[138.404,36.069],[138.462,36.049],[138.518,36.082],[138.543,36.203],[138.594,36.298],[138.696,36.349],[138.62,36.411],[138.505,36.387],[138.391,36.412],[138.302,36.476],[138.243,36.468],[138.213,36.514],[138.268,36.573],[138.353,36.603],[138.454,36.755],[138.442,36.933],[138.251,36.882],[138.335,37.22],[138.2,37.149]]]}},
{"type":"Feature","properties":{"minzoom":4},"geometry":{"type":"Polygon","coordinates":[[[127.431,36.78],[127.456,36.692],[127.367,36.704],[127.295,36.674],[127.24,36.628],[127.316,36.526],[127.274,36.448],[127.253,36.349],[127.221,36.323],[127.215,36.272],[127.456,36.247],[127.532,36.285],[127.621,36.26],[127.634,36.349],[127.503,36.408],[127.469,36.565],[127.539,36.571],[127.583,36.603],[127.583,36.679],[127.52,36.755],[127.59,36.767],[127.621,36.819],[127.524,36.818],[127.431,36.78]]]}},
{"type":"Feature","properties":{"minzoom":3.6},"geometry":{"type":"Polygon","coordinates":[[[140.923,37.139],[140.867,37.131],[140.803,37.081],[140.791,36.996],[140.728,36.933],[140.631,36.598],[140.601,36.577],[140.55,36.603],[140.418,36.621],[140.334,36.577],[140.359,36.463],[140.321,36.425],[140.22,36.425],[140.169,36.387],[140.131,36.438],[140.141,36.537],[140.118,36.628],[140.181,36.654],[140.194,36.73],[140.093,36.717],[140.052,36.752],[140.029,36.806],[140.075,36.856],[140.143,36.857],[140.105,36.946],[140.156,37.073],[140.071,37.084],[139.991,37.123],[139.978,36.996],[139.902,36.946],[139.902,36.742],[139.88,36.708],[139.839,36.692],[139.788,36.78],[139.721,36.777],[139.674,36.755],[139.597,36.806],[139.521,36.742],[139.656,36.712],[139.712,36.603],[139.674,36.463],[139.566,36.444],[139.483,36.399],[139.292,36.476],[139.181,36.479],[139.115,36.526],[139.153,36.692],[139.06,36.71],[138.962,36.704],[138.98,36.641],[139.026,36.577],[138.911,36.565],[138.862,36.636],[138.797,36.59],[138.845,36.555],[138.899,36.552],[138.937,36.45],[138.866,36.388],[138.772,36.349],[138.782,36.264],[138.823,36.209],[138.99,36.198],[139.102,36.133],[139.056,36.071],[138.988,36.031],[139.02,35.975],[139.077,35.942],[139.146,35.987],[139.191,36.057],[139.272,35.921],[139.229,35.752],[139.236,35.655],[139.216,35.574],[139.257,35.526],[139.28,35.46],[139.051,35.345],[139.153,35.192],[139.249,35.278],[139.474,35.299],[139.564,35.243],[139.636,35.142],[139.675,35.149],[139.744,35.252],[139.7,35.274],[139.666,35.319],[139.65,35.409],[139.768,35.495],[139.786,35.612],[139.835,35.658],[139.987,35.668],[140.097,35.585],[140.086,35.54],[139.944,35.423],[139.906,35.345],[139.826,35.297],[139.851,35.232],[139.845,35.188],[140.004,35.307],[140.232,35.396],[140.232,35.295],[140.308,35.242],[140.34,35.172],[140.416,35.267],[140.413,35.395],[140.457,35.51],[140.639,35.661],[140.874,35.725],[140.76,35.846],[140.622,36.059],[140.574,36.231],[140.619,36.386],[140.627,36.503],[140.73,36.732],[140.792,36.847],[140.968,37.002],[141.003,37.125],[140.923,37.139]]]}},
{"type":"Feature","properties":{"minzoom":4},"geometry":{"type":"Polygon","coordinates":[[[127.177,35.752],[127.215,35.764],[127.291,35.904],[127.245,35.946],[127.266,36.018],[127.151,36.044],[127.149,36.129],[127.113,36.209],[126.961,36.196],[126.986,36.133],[127.1,36.145],[127.024,35.98],[126.965,35.97],[126.935,35.93],[127.05,35.841],[127.012,35.739],[127.177,35.752]]]}},
{"type":"Feature","properties":{"minzoom":4},"geometry":{"type":"Polygon","coordinates":[[[127.037,35.333],[126.974,35.371],[126.899,35.318],[126.872,35.244],[126.841,35.244],[126.821,35.256],[126.842,35.311],[126.834,35.371],[126.755,35.339],[126.758,35.256],[126.694,35.155],[126.758,35.079],[126.696,35.051],[126.669,34.99],[126.872,35.015],[126.923,35.066],[127.037,35.015],[127.034,35.08],[126.986,35.129],[127.027,35.223],[127.037,35.333]]]}},
{"type":"Feature","properties":{"minzoom":3.6},"geometry":{"type":"Polygon","coordinates":[[[135.207,34.026],[135.254,34.037],[135.241,34.126],[135.388,34.221],[135.584,34.266],[135.825,34.367],[135.889,34.507],[135.885,34.644],[135.914,34.748],[135.864,34.799],[135.889,34.863],[135.85,34.89],[135.864,34.939],[135.94,34.901],[135.994,34.942],[136.067,34.964],[136.139,34.928],[136.181,34.863],[136.079,34.787],[136.054,34.609],[136.12,34.591],[136.181,34.621],[136.181,34.723],[136.27,34.825],[136.244,34.952],[136.309,35.097],[136.321,35.295],[136.435,35.345],[136.409,35.408],[136.232,35.51],[136.206,35.51],[136.203,35.431],[136.268,35.347],[136.257,35.32],[136.214,35.264],[135.981,35.098],[135.889,35],[135.892,35.093],[135.944,35.167],[135.952,35.218],[135.877,35.16],[135.838,35.066],[135.733,35.066],[135.635,35.028],[135.591,35.079],[135.521,35.104],[135.516,35.025],[135.559,34.964],[135.635,34.964],[135.626,34.91],[135.571,34.901],[135.535,34.874],[135.482,34.863],[135.47,34.977],[135.377,34.955],[135.305,34.914],[135.226,34.958],[135.127,34.952],[135.114,34.85],[135,34.888],[135.013,35.015],[134.924,35.079],[134.886,34.977],[134.759,35.015],[134.682,34.939],[134.543,34.926],[134.492,34.863],[134.369,34.796],[134.346,34.765],[134.365,34.724],[134.584,34.771],[134.74,34.765],[134.93,34.662],[135.042,34.631],[135.198,34.653],[135.355,34.654],[135.416,34.617],[135.412,34.547],[135.309,34.417],[135.1,34.288],[135.135,34.183],[135.128,34.019],[135.207,34.026]],[[135.413,34.374],[135.571,34.393],[135.635,34.433],[135.698,34.444],[135.628,34.368],[135.533,34.317],[135.305,34.304],[135.413,34.374]]]}},
{"type":"Feature","properties":{"minzoom":3.6},"geometry":{"type":"Polygon","coordinates":[[[138.921,34.977],[138.962,34.952],[139.039,35.002],[139.026,35.129],[138.976,35.162],[138.95,35.218],[139.039,35.358],[138.937,35.396],[138.914,35.456],[138.873,35.498],[138.953,35.545],[139,35.625],[138.865,35.57],[138.772,35.472],[138.848,35.396],[138.85,35.258],[138.797,35.168],[138.657,35.269],[138.643,35.311],[138.607,35.333],[138.558,35.235],[138.594,35.117],[138.503,35.093],[138.429,35.053],[138.365,35.079],[138.289,34.939],[138.048,34.85],[137.819,34.914],[137.743,34.875],[137.565,34.863],[137.565,34.964],[137.438,34.925],[137.299,34.926],[137.248,35.028],[137.273,35.206],[137.184,35.256],[137.273,35.327],[137.337,35.422],[137.184,35.447],[137.063,35.523],[136.918,35.574],[136.716,35.547],[136.537,35.498],[136.514,35.4],[136.46,35.333],[136.549,35.269],[136.587,35.18],[136.551,35.207],[136.499,35.218],[136.475,35.162],[136.486,35.091],[136.46,34.939],[136.409,34.907],[136.384,34.85],[136.422,34.761],[136.333,34.634],[136.435,34.596],[136.46,34.52],[136.54,34.479],[136.6,34.418],[136.712,34.438],[136.799,34.488],[136.616,34.589],[136.533,34.678],[136.577,34.79],[136.69,34.984],[136.744,35.023],[136.852,35.06],[136.897,35.036],[136.853,34.979],[136.885,34.806],[136.871,34.733],[136.913,34.709],[136.944,34.722],[136.935,34.815],[136.963,34.835],[137.006,34.814],[137.032,34.766],[137.275,34.773],[137.295,34.728],[137.288,34.703],[137.077,34.621],[137.062,34.583],[137.543,34.664],[137.979,34.641],[138.189,34.596],[138.253,34.733],[138.349,34.848],[138.51,34.987],[138.577,35.086],[138.72,35.124],[138.821,35.096],[138.904,35.025],[138.858,35.003],[138.921,34.977]]]}},
{"type":"Feature","properties":{"minzoom":5},"geometry":{"type":"Polygon","coordinates":[[[131.622,34.101],[131.545,34.126],[131.558,34.178],[131.545,34.228],[131.368,34.139],[131.337,34.074],[131.279,34.037],[131.21,34.064],[131.139,34.063],[131.132,33.986],[131.233,33.948],[131.323,33.965],[131.408,34.004],[131.612,34.036],[131.622,34.101]]]}},
{"type":"Feature","properties":{"minzoom":3.6},"geometry":{"type":"Polygon","coordinates":[[[119.011,32.17],[118.896,32.247],[118.871,32.361],[118.706,32.285],[118.591,32.069],[118.68,32.018],[118.641,31.968],[118.579,31.942],[118.593,31.899],[118.617,31.866],[118.744,31.929],[118.808,31.901],[118.884,31.904],[118.926,31.963],[118.947,32.043],[118.993,32.092],[119.011,32.17]]]}},
{"type":"Feature","properties":{"minzoom":3.6},"geometry":{"type":"Polygon","coordinates":[[[121.527,30.841],[121.731,30.868],[121.835,31.06],[121.786,31.163],[121.661,31.32],[121.351,31.485],[121.261,31.574],[121.233,31.485],[121.081,31.523],[120.903,31.459],[120.865,31.345],[120.7,31.37],[120.649,31.421],[120.433,31.459],[120.455,31.355],[120.446,31.243],[120.509,31.218],[120.598,31.218],[120.614,31.145],[120.687,31.129],[120.699,31.19],[120.687,31.256],[120.732,31.28],[120.789,31.294],[120.825,31.261],[120.877,31.243],[120.992,31.307],[121.067,31.299],[121.106,31.256],[121.017,31.192],[121.017,30.938],[121.195,30.888],[121.236,30.942],[121.297,30.977],[121.344,30.96],[121.373,30.926],[121.335,30.888],[121.436,30.862],[121.398,30.823],[121.409,30.782],[121.527,30.841]]]}},
{"type":"Feature","properties":{"minzoom":3.6},"geometry":{"type":"Polygon","coordinates":[[[120.495,30.303],[120.352,30.247],[120.26,30.263],[120.195,30.241],[120.37,30.347],[120.371,30.399],[120.363,30.452],[120.331,30.494],[120.242,30.494],[120.192,30.532],[120.039,30.494],[120.023,30.406],[120.039,30.329],[119.912,30.291],[119.952,30.248],[120.014,30.227],[120.065,30.113],[120.117,30.124],[120.154,30.151],[120.395,30.113],[120.484,30.005],[120.636,29.961],[120.669,30.01],[120.66,30.136],[120.633,30.133],[120.495,30.303]]]}},
{"type":"Feature","properties":{"minzoom":4},"geometry":{"type":"Polygon","coordinates":[[[174.927,-41.305],[174.97,-41.255],[174.902,-41.178],[174.824,-41.193],[174.752,-41.234],[174.717,-41.326],[174.841,-41.291],[174.82,-41.263],[174.832,-41.231],[174.866,-41.223],[174.9,-41.243],[174.875,-41.278],[174.875,-41.366],[174.927,-41.305]]]}},
{"type":"Feature","properties":{"minzoom":4},"geometry":{"type":"Polygon","coordinates":[[[54.427,24.471],[54.398,24.506],[54.335,24.471],[54.358,24.443],[54.457,24.423],[54.465,24.443],[54.427,24.471]]]}}
]}
